{
    "instance_name": "N10_D5_G10000_corn_20",
    "n_customers": 10,
    "dimension": 5,
    "grid_size": 10000,
    "optimal_cost": 107017,
    "optimal_tour": [
        2,
        9,
        8,
        6,
        10,
        3,
        7,
        1,
        4,
        5
    ],
    "optimal_solver": "lkh",
    "instance_file_path": "c:\\TSP_ND_ML_Project\\instances\\N10_D5_G10000_corn_20.json",
    "concorde_length": 107017,
    "concorde_time_s": 0.5311369000119157,
    "concorde_tour": [
        1,
        7,
        3,
        10,
        6,
        8,
        9,
        2,
        5,
        4
    ],
    "lkh_length": 107017,
    "lkh_time_s": 0.08482480002567172,
    "lkh_tour": [
        2,
        9,
        8,
        6,
        10,
        3,
        7,
        1,
        4,
        5
    ],
    "lkh_gap_pct": 0.0
}