{
    "instance_name": "N10_D5_G10000_pow_14",
    "n_customers": 10,
    "dimension": 5,
    "grid_size": 10000,
    "optimal_cost": 110710,
    "optimal_tour": [
        7,
        1,
        4,
        9,
        8,
        10,
        3,
        5,
        6,
        2
    ],
    "optimal_solver": "lkh",
    "instance_file_path": "c:\\TSP_ND_ML_Project\\instances\\N10_D5_G10000_pow_14.json",
    "concorde_length": 110710,
    "concorde_time_s": 0.3665931000141427,
    "concorde_tour": [
        1,
        4,
        9,
        8,
        10,
        3,
        5,
        6,
        2,
        7
    ],
    "lkh_length": 110710,
    "lkh_time_s": 0.07282559998566285,
    "lkh_tour": [
        7,
        1,
        4,
        9,
        8,
        10,
        3,
        5,
        6,
        2
    ],
    "lkh_gap_pct": 0.0
}