{
    "instance_name": "N20_D3_G10000_norm_4",
    "n_customers": 20,
    "dimension": 3,
    "grid_size": 10000,
    "optimal_cost": 37665,
    "optimal_tour": [
        12,
        9,
        5,
        14,
        15,
        16,
        6,
        3,
        10,
        20,
        1,
        13,
        7,
        19,
        2,
        4,
        18,
        17,
        8,
        11
    ],
    "optimal_solver": "lkh",
    "instance_file_path": "c:\\TSP_ND_ML_Project\\instances\\N20_D3_G10000_norm_4.json",
    "concorde_length": 37665,
    "concorde_time_s": 2.2004910999676213,
    "concorde_tour": [
        1,
        13,
        7,
        19,
        2,
        4,
        18,
        17,
        8,
        11,
        12,
        9,
        5,
        14,
        15,
        16,
        6,
        3,
        10,
        20
    ],
    "lkh_length": 37665,
    "lkh_time_s": 0.10642939998069778,
    "lkh_tour": [
        12,
        9,
        5,
        14,
        15,
        16,
        6,
        3,
        10,
        20,
        1,
        13,
        7,
        19,
        2,
        4,
        18,
        17,
        8,
        11
    ],
    "lkh_gap_pct": 0.0
}