{
    "instance_name": "N20_D5_G10000_ring_19",
    "n_customers": 20,
    "dimension": 5,
    "grid_size": 10000,
    "optimal_cost": 84128,
    "optimal_tour": [
        15,
        9,
        1,
        7,
        16,
        5,
        14,
        19,
        20,
        8,
        4,
        13,
        18,
        10,
        6,
        11,
        12,
        3,
        17,
        2
    ],
    "optimal_solver": "lkh",
    "instance_file_path": "c:\\TSP_ND_ML_Project\\instances\\N20_D5_G10000_ring_19.json",
    "concorde_length": 84128,
    "concorde_time_s": 1.1053069999907166,
    "concorde_tour": [
        1,
        9,
        15,
        2,
        17,
        3,
        12,
        11,
        6,
        10,
        18,
        13,
        4,
        8,
        20,
        19,
        14,
        5,
        16,
        7
    ],
    "lkh_length": 84128,
    "lkh_time_s": 0.06431380001595244,
    "lkh_tour": [
        15,
        9,
        1,
        7,
        16,
        5,
        14,
        19,
        20,
        8,
        4,
        13,
        18,
        10,
        6,
        11,
        12,
        3,
        17,
        2
    ],
    "lkh_gap_pct": 0.0
}