{
    "instance_name": "N20_D3_G100_ring_15",
    "n_customers": 20,
    "dimension": 3,
    "grid_size": 100,
    "optimal_cost": 484,
    "optimal_tour": [
        3,
        7,
        15,
        20,
        5,
        2,
        18,
        1,
        12,
        6,
        8,
        10,
        14,
        17,
        13,
        4,
        9,
        19,
        11,
        16
    ],
    "optimal_solver": "lkh",
    "instance_file_path": "c:\\TSP_ND_ML_Project\\instances\\N20_D3_G100_ring_15.json",
    "concorde_length": 484,
    "concorde_time_s": 1.103469799971208,
    "concorde_tour": [
        1,
        18,
        5,
        2,
        3,
        16,
        11,
        19,
        7,
        15,
        20,
        9,
        4,
        13,
        17,
        14,
        10,
        8,
        6,
        12
    ],
    "lkh_length": 484,
    "lkh_time_s": 0.07699970004614443,
    "lkh_tour": [
        3,
        7,
        15,
        20,
        5,
        2,
        18,
        1,
        12,
        6,
        8,
        10,
        14,
        17,
        13,
        4,
        9,
        19,
        11,
        16
    ],
    "lkh_gap_pct": 0.0
}