{
    "instance_name": "N20_D4_G1000_ring_6",
    "n_customers": 20,
    "dimension": 4,
    "grid_size": 1000,
    "optimal_cost": 6199,
    "optimal_tour": [
        18,
        5,
        19,
        12,
        7,
        16,
        11,
        15,
        14,
        20,
        8,
        17,
        9,
        3,
        2,
        10,
        13,
        1,
        6,
        4
    ],
    "optimal_solver": "lkh",
    "instance_file_path": "c:\\TSP_ND_ML_Project\\instances\\N20_D4_G1000_ring_6.json",
    "concorde_length": 6199,
    "concorde_time_s": 0.7985109000001103,
    "concorde_tour": [
        1,
        13,
        10,
        2,
        3,
        9,
        17,
        8,
        20,
        14,
        15,
        11,
        16,
        7,
        12,
        19,
        5,
        18,
        4,
        6
    ],
    "lkh_length": 6199,
    "lkh_time_s": 0.10246120003284886,
    "lkh_tour": [
        18,
        5,
        19,
        12,
        7,
        16,
        11,
        15,
        14,
        20,
        8,
        17,
        9,
        3,
        2,
        10,
        13,
        1,
        6,
        4
    ],
    "lkh_gap_pct": 0.0
}