{
    "instance_name": "N20_D5_G100_pow_17",
    "n_customers": 20,
    "dimension": 5,
    "grid_size": 100,
    "optimal_cost": 1614,
    "optimal_tour": [
        10,
        18,
        6,
        7,
        5,
        14,
        17,
        8,
        2,
        15,
        19,
        11,
        20,
        1,
        4,
        13,
        9,
        12,
        3,
        16
    ],
    "optimal_solver": "lkh",
    "instance_file_path": "c:\\TSP_ND_ML_Project\\instances\\N20_D5_G100_pow_17.json",
    "concorde_length": 1614,
    "concorde_time_s": 1.0450969999656081,
    "concorde_tour": [
        1,
        4,
        13,
        9,
        3,
        12,
        16,
        8,
        17,
        2,
        15,
        11,
        19,
        5,
        7,
        14,
        10,
        18,
        6,
        20
    ],
    "lkh_length": 1614,
    "lkh_time_s": 0.08475859998725355,
    "lkh_tour": [
        10,
        18,
        6,
        7,
        5,
        14,
        17,
        8,
        2,
        15,
        19,
        11,
        20,
        1,
        4,
        13,
        9,
        12,
        3,
        16
    ],
    "lkh_gap_pct": 0.0
}