{
    "instance_name": "N20_D2_G100_ring_16",
    "n_customers": 20,
    "dimension": 2,
    "grid_size": 100,
    "optimal_cost": 233,
    "optimal_tour": [
        2,
        5,
        12,
        6,
        20,
        16,
        4,
        13,
        10,
        17,
        14,
        3,
        15,
        9,
        11,
        1,
        7,
        19,
        8,
        18
    ],
    "optimal_solver": "lkh",
    "instance_file_path": "c:\\TSP_ND_ML_Project\\instances\\N20_D2_G100_ring_16.json",
    "concorde_length": 233,
    "concorde_time_s": 0.6870188000029884,
    "concorde_tour": [
        1,
        11,
        9,
        15,
        3,
        14,
        17,
        10,
        13,
        4,
        16,
        20,
        6,
        12,
        5,
        2,
        18,
        8,
        19,
        7
    ],
    "lkh_length": 233,
    "lkh_time_s": 0.12760029998025857,
    "lkh_tour": [
        2,
        5,
        12,
        6,
        20,
        16,
        4,
        13,
        10,
        17,
        14,
        3,
        15,
        9,
        11,
        1,
        7,
        19,
        8,
        18
    ],
    "lkh_gap_pct": 0.0
}