{
    "instance_name": "N20_D4_G10000_tria_12",
    "n_customers": 20,
    "dimension": 4,
    "grid_size": 10000,
    "optimal_cost": 99500,
    "optimal_tour": [
        12,
        19,
        7,
        6,
        10,
        4,
        20,
        2,
        13,
        17,
        3,
        18,
        8,
        9,
        14,
        1,
        5,
        11,
        15,
        16
    ],
    "optimal_solver": "lkh",
    "instance_file_path": "c:\\TSP_ND_ML_Project\\instances\\N20_D4_G10000_tria_12.json",
    "concorde_length": 99500,
    "concorde_time_s": 1.1646294000092894,
    "concorde_tour": [
        1,
        14,
        9,
        8,
        18,
        3,
        17,
        13,
        2,
        20,
        4,
        10,
        6,
        7,
        19,
        12,
        16,
        15,
        11,
        5
    ],
    "lkh_length": 99500,
    "lkh_time_s": 0.07576919998973608,
    "lkh_tour": [
        12,
        19,
        7,
        6,
        10,
        4,
        20,
        2,
        13,
        17,
        3,
        18,
        8,
        9,
        14,
        1,
        5,
        11,
        15,
        16
    ],
    "lkh_gap_pct": 0.0
}