{
    "instance_name": "N20_D3_G100_grid_15",
    "n_customers": 20,
    "dimension": 3,
    "grid_size": 100,
    "optimal_cost": 705,
    "optimal_tour": [
        17,
        19,
        1,
        8,
        14,
        2,
        13,
        6,
        15,
        9,
        11,
        18,
        3,
        5,
        10,
        12,
        20,
        4,
        16,
        7
    ],
    "optimal_solver": "lkh",
    "instance_file_path": "c:\\TSP_ND_ML_Project\\instances\\N20_D3_G100_grid_15.json",
    "concorde_length": 705,
    "concorde_time_s": 0.6932974000228569,
    "concorde_tour": [
        1,
        19,
        17,
        7,
        16,
        4,
        20,
        12,
        10,
        5,
        3,
        18,
        11,
        9,
        15,
        6,
        13,
        2,
        14,
        8
    ],
    "lkh_length": 705,
    "lkh_time_s": 0.13380339997820556,
    "lkh_tour": [
        17,
        19,
        1,
        8,
        14,
        2,
        13,
        6,
        15,
        9,
        11,
        18,
        3,
        5,
        10,
        12,
        20,
        4,
        16,
        7
    ],
    "lkh_gap_pct": 0.0
}