{
    "instance_name": "N20_D4_G1000_rand_5",
    "n_customers": 20,
    "dimension": 4,
    "grid_size": 1000,
    "optimal_cost": 8898,
    "optimal_tour": [
        17,
        4,
        7,
        15,
        9,
        3,
        13,
        16,
        2,
        14,
        1,
        10,
        5,
        12,
        8,
        6,
        11,
        19,
        18,
        20
    ],
    "optimal_solver": "lkh",
    "instance_file_path": "c:\\TSP_ND_ML_Project\\instances\\N20_D4_G1000_rand_5.json",
    "concorde_length": 8898,
    "concorde_time_s": 0.6456083999946713,
    "concorde_tour": [
        1,
        10,
        5,
        12,
        8,
        6,
        11,
        19,
        18,
        20,
        17,
        4,
        7,
        15,
        9,
        3,
        13,
        16,
        2,
        14
    ],
    "lkh_length": 8898,
    "lkh_time_s": 0.06099040003027767,
    "lkh_tour": [
        17,
        4,
        7,
        15,
        9,
        3,
        13,
        16,
        2,
        14,
        1,
        10,
        5,
        12,
        8,
        6,
        11,
        19,
        18,
        20
    ],
    "lkh_gap_pct": 0.0
}