{
    "instance_name": "N20_D3_G10000_ring_1",
    "n_customers": 20,
    "dimension": 3,
    "grid_size": 10000,
    "optimal_cost": 35948,
    "optimal_tour": [
        2,
        5,
        10,
        7,
        1,
        4,
        19,
        8,
        16,
        3,
        14,
        18,
        9,
        15,
        12,
        17,
        11,
        13,
        20,
        6
    ],
    "optimal_solver": "lkh",
    "instance_file_path": "c:\\TSP_ND_ML_Project\\instances\\N20_D3_G10000_ring_1.json",
    "concorde_length": 35948,
    "concorde_time_s": 0.6127510999795049,
    "concorde_tour": [
        1,
        4,
        19,
        8,
        16,
        3,
        14,
        18,
        9,
        15,
        12,
        17,
        11,
        13,
        20,
        6,
        2,
        5,
        10,
        7
    ],
    "lkh_length": 35948,
    "lkh_time_s": 0.049880500009749085,
    "lkh_tour": [
        2,
        5,
        10,
        7,
        1,
        4,
        19,
        8,
        16,
        3,
        14,
        18,
        9,
        15,
        12,
        17,
        11,
        13,
        20,
        6
    ],
    "lkh_gap_pct": 0.0
}