{
    "instance_name": "N20_D4_G10000_ring_13",
    "n_customers": 20,
    "dimension": 4,
    "grid_size": 10000,
    "optimal_cost": 65010,
    "optimal_tour": [
        3,
        12,
        18,
        15,
        2,
        7,
        4,
        8,
        5,
        14,
        11,
        20,
        9,
        19,
        10,
        13,
        16,
        17,
        6,
        1
    ],
    "optimal_solver": "lkh",
    "instance_file_path": "c:\\TSP_ND_ML_Project\\instances\\N20_D4_G10000_ring_13.json",
    "concorde_length": 65010,
    "concorde_time_s": 0.7637398999650031,
    "concorde_tour": [
        1,
        6,
        17,
        16,
        13,
        10,
        19,
        9,
        20,
        11,
        14,
        5,
        8,
        4,
        7,
        2,
        15,
        18,
        12,
        3
    ],
    "lkh_length": 65010,
    "lkh_time_s": 0.0728615999687463,
    "lkh_tour": [
        3,
        12,
        18,
        15,
        2,
        7,
        4,
        8,
        5,
        14,
        11,
        20,
        9,
        19,
        10,
        13,
        16,
        17,
        6,
        1
    ],
    "lkh_gap_pct": 0.0
}