{
    "instance_name": "N20_D5_G1000_corn_13",
    "n_customers": 20,
    "dimension": 5,
    "grid_size": 1000,
    "optimal_cost": 15719,
    "optimal_tour": [
        2,
        17,
        10,
        7,
        6,
        14,
        16,
        20,
        13,
        9,
        19,
        15,
        8,
        3,
        18,
        4,
        11,
        12,
        1,
        5
    ],
    "optimal_solver": "lkh",
    "instance_file_path": "c:\\TSP_ND_ML_Project\\instances\\N20_D5_G1000_corn_13.json",
    "concorde_length": 15719,
    "concorde_time_s": 0.5711126000387594,
    "concorde_tour": [
        1,
        12,
        11,
        4,
        18,
        3,
        8,
        15,
        19,
        9,
        13,
        20,
        16,
        14,
        6,
        7,
        10,
        17,
        2,
        5
    ],
    "lkh_length": 15719,
    "lkh_time_s": 0.059544800024013966,
    "lkh_tour": [
        2,
        17,
        10,
        7,
        6,
        14,
        16,
        20,
        13,
        9,
        19,
        15,
        8,
        3,
        18,
        4,
        11,
        12,
        1,
        5
    ],
    "lkh_gap_pct": 0.0
}