{
    "instance_name": "N20_D2_G1000_clus_2",
    "n_customers": 20,
    "dimension": 2,
    "grid_size": 1000,
    "optimal_cost": 2438,
    "optimal_tour": [
        11,
        8,
        5,
        9,
        14,
        20,
        12,
        10,
        1,
        4,
        2,
        16,
        15,
        7,
        17,
        19,
        18,
        6,
        13,
        3
    ],
    "optimal_solver": "lkh",
    "instance_file_path": "c:\\TSP_ND_ML_Project\\instances\\N20_D2_G1000_clus_2.json",
    "concorde_length": 9605,
    "concorde_time_s": 1.1244133000145666,
    "concorde_tour": [
        1,
        20,
        12,
        13,
        11,
        2,
        5,
        19,
        17,
        16,
        10,
        18,
        7,
        8,
        6,
        9,
        4,
        3,
        14,
        15
    ],
    "lkh_length": 2438,
    "lkh_time_s": 0.051126700011081994,
    "lkh_tour": [
        11,
        8,
        5,
        9,
        14,
        20,
        12,
        10,
        1,
        4,
        2,
        16,
        15,
        7,
        17,
        19,
        18,
        6,
        13,
        3
    ],
    "lkh_gap_pct": -74.61738677771994
}