{
    "instance_name": "N20_D4_G1000_grid_12",
    "n_customers": 20,
    "dimension": 4,
    "grid_size": 1000,
    "optimal_cost": 9648,
    "optimal_tour": [
        5,
        18,
        2,
        6,
        16,
        13,
        17,
        10,
        4,
        14,
        19,
        20,
        8,
        12,
        11,
        1,
        3,
        7,
        15,
        9
    ],
    "optimal_solver": "lkh",
    "instance_file_path": "c:\\TSP_ND_ML_Project\\instances\\N20_D4_G1000_grid_12.json",
    "concorde_length": 9648,
    "concorde_time_s": 0.8543914000038058,
    "concorde_tour": [
        1,
        3,
        7,
        15,
        9,
        5,
        18,
        2,
        6,
        16,
        13,
        17,
        10,
        4,
        14,
        19,
        20,
        8,
        12,
        11
    ],
    "lkh_length": 9648,
    "lkh_time_s": 0.08675290003884584,
    "lkh_tour": [
        5,
        18,
        2,
        6,
        16,
        13,
        17,
        10,
        4,
        14,
        19,
        20,
        8,
        12,
        11,
        1,
        3,
        7,
        15,
        9
    ],
    "lkh_gap_pct": 0.0
}