{
    "instance_name": "N20_D4_G10000_clus_16",
    "n_customers": 20,
    "dimension": 4,
    "grid_size": 10000,
    "optimal_cost": 41257,
    "optimal_tour": [
        20,
        3,
        18,
        14,
        5,
        13,
        15,
        2,
        7,
        16,
        9,
        8,
        12,
        10,
        1,
        4,
        11,
        6,
        17,
        19
    ],
    "optimal_solver": "lkh",
    "instance_file_path": "c:\\TSP_ND_ML_Project\\instances\\N20_D4_G10000_clus_16.json",
    "concorde_length": 41257,
    "concorde_time_s": 0.8904795999987982,
    "concorde_tour": [
        1,
        4,
        11,
        6,
        17,
        19,
        20,
        3,
        18,
        14,
        5,
        13,
        15,
        2,
        7,
        16,
        9,
        8,
        12,
        10
    ],
    "lkh_length": 41257,
    "lkh_time_s": 0.05401900003198534,
    "lkh_tour": [
        20,
        3,
        18,
        14,
        5,
        13,
        15,
        2,
        7,
        16,
        9,
        8,
        12,
        10,
        1,
        4,
        11,
        6,
        17,
        19
    ],
    "lkh_gap_pct": 0.0
}