{
    "instance_name": "N20_D2_G10000_tria_3",
    "n_customers": 20,
    "dimension": 2,
    "grid_size": 10000,
    "optimal_cost": 37408,
    "optimal_tour": [
        20,
        15,
        14,
        9,
        2,
        6,
        16,
        13,
        1,
        3,
        18,
        5,
        12,
        17,
        19,
        7,
        10,
        11,
        8,
        4
    ],
    "optimal_solver": "lkh",
    "instance_file_path": "c:\\TSP_ND_ML_Project\\instances\\N20_D2_G10000_tria_3.json",
    "concorde_length": 37408,
    "concorde_time_s": 0.6324633999902289,
    "concorde_tour": [
        1,
        3,
        18,
        5,
        12,
        17,
        19,
        7,
        10,
        11,
        8,
        4,
        20,
        15,
        14,
        9,
        2,
        6,
        16,
        13
    ],
    "lkh_length": 37408,
    "lkh_time_s": 0.12387489998945966,
    "lkh_tour": [
        20,
        15,
        14,
        9,
        2,
        6,
        16,
        13,
        1,
        3,
        18,
        5,
        12,
        17,
        19,
        7,
        10,
        11,
        8,
        4
    ],
    "lkh_gap_pct": 0.0
}