{
    "instance_name": "N20_D3_G10000_tria_4",
    "n_customers": 20,
    "dimension": 3,
    "grid_size": 10000,
    "optimal_cost": 77074,
    "optimal_tour": [
        17,
        10,
        13,
        3,
        12,
        7,
        5,
        2,
        6,
        16,
        4,
        18,
        15,
        1,
        14,
        19,
        20,
        8,
        11,
        9
    ],
    "optimal_solver": "lkh",
    "instance_file_path": "c:\\TSP_ND_ML_Project\\instances\\N20_D3_G10000_tria_4.json",
    "concorde_length": 77074,
    "concorde_time_s": 0.8408061999944039,
    "concorde_tour": [
        1,
        15,
        18,
        4,
        16,
        6,
        2,
        5,
        7,
        12,
        3,
        13,
        10,
        17,
        9,
        11,
        8,
        20,
        19,
        14
    ],
    "lkh_length": 77074,
    "lkh_time_s": 0.06916759995510802,
    "lkh_tour": [
        17,
        10,
        13,
        3,
        12,
        7,
        5,
        2,
        6,
        16,
        4,
        18,
        15,
        1,
        14,
        19,
        20,
        8,
        11,
        9
    ],
    "lkh_gap_pct": 0.0
}