{
    "instance_name": "N20_D4_G100_clus_5",
    "n_customers": 20,
    "dimension": 4,
    "grid_size": 100,
    "optimal_cost": 331,
    "optimal_tour": [
        2,
        9,
        19,
        16,
        18,
        8,
        14,
        1,
        6,
        13,
        11,
        17,
        3,
        10,
        5,
        20,
        12,
        7,
        4,
        15
    ],
    "optimal_solver": "lkh",
    "instance_file_path": "c:\\TSP_ND_ML_Project\\instances\\N20_D4_G100_clus_5.json",
    "concorde_length": 331,
    "concorde_time_s": 0.6877513999934308,
    "concorde_tour": [
        1,
        6,
        13,
        11,
        10,
        3,
        17,
        5,
        20,
        12,
        7,
        4,
        15,
        2,
        9,
        19,
        16,
        18,
        8,
        14
    ],
    "lkh_length": 331,
    "lkh_time_s": 0.12301749998005107,
    "lkh_tour": [
        2,
        9,
        19,
        16,
        18,
        8,
        14,
        1,
        6,
        13,
        11,
        17,
        3,
        10,
        5,
        20,
        12,
        7,
        4,
        15
    ],
    "lkh_gap_pct": 0.0
}