{
    "instance_name": "N20_D2_G10000_norm_6",
    "n_customers": 20,
    "dimension": 2,
    "grid_size": 10000,
    "optimal_cost": 26535,
    "optimal_tour": [
        12,
        19,
        15,
        7,
        3,
        13,
        18,
        14,
        16,
        2,
        20,
        1,
        10,
        8,
        4,
        5,
        11,
        9,
        17,
        6
    ],
    "optimal_solver": "lkh",
    "instance_file_path": "c:\\TSP_ND_ML_Project\\instances\\N20_D2_G10000_norm_6.json",
    "concorde_length": 26535,
    "concorde_time_s": 0.7154244999983348,
    "concorde_tour": [
        1,
        10,
        8,
        4,
        5,
        11,
        9,
        17,
        6,
        12,
        19,
        15,
        7,
        3,
        13,
        18,
        14,
        16,
        2,
        20
    ],
    "lkh_length": 26535,
    "lkh_time_s": 0.09242899998207577,
    "lkh_tour": [
        12,
        19,
        15,
        7,
        3,
        13,
        18,
        14,
        16,
        2,
        20,
        1,
        10,
        8,
        4,
        5,
        11,
        9,
        17,
        6
    ],
    "lkh_gap_pct": 0.0
}