{
    "instance_name": "N20_D5_G1000_grid_9",
    "n_customers": 20,
    "dimension": 5,
    "grid_size": 1000,
    "optimal_cost": 10833,
    "optimal_tour": [
        18,
        17,
        2,
        9,
        1,
        8,
        20,
        6,
        16,
        13,
        15,
        3,
        10,
        12,
        4,
        11,
        19,
        7,
        5,
        14
    ],
    "optimal_solver": "lkh",
    "instance_file_path": "c:\\TSP_ND_ML_Project\\instances\\N20_D5_G1000_grid_9.json",
    "concorde_length": 10833,
    "concorde_time_s": 1.3713853000081144,
    "concorde_tour": [
        1,
        9,
        2,
        17,
        18,
        14,
        5,
        7,
        19,
        11,
        4,
        12,
        10,
        3,
        15,
        13,
        16,
        6,
        20,
        8
    ],
    "lkh_length": 10833,
    "lkh_time_s": 0.10167679999722168,
    "lkh_tour": [
        18,
        17,
        2,
        9,
        1,
        8,
        20,
        6,
        16,
        13,
        15,
        3,
        10,
        12,
        4,
        11,
        19,
        7,
        5,
        14
    ],
    "lkh_gap_pct": 0.0
}