{
    "instance_name": "N20_D3_G100_corn_13",
    "n_customers": 20,
    "dimension": 3,
    "grid_size": 100,
    "optimal_cost": 799,
    "optimal_tour": [
        10,
        5,
        8,
        13,
        19,
        6,
        2,
        16,
        1,
        3,
        20,
        9,
        11,
        14,
        12,
        17,
        15,
        18,
        4,
        7
    ],
    "optimal_solver": "lkh",
    "instance_file_path": "c:\\TSP_ND_ML_Project\\instances\\N20_D3_G100_corn_13.json",
    "concorde_length": 799,
    "concorde_time_s": 1.083709899976384,
    "concorde_tour": [
        1,
        3,
        20,
        15,
        18,
        4,
        8,
        7,
        5,
        10,
        13,
        2,
        6,
        19,
        17,
        12,
        14,
        11,
        9,
        16
    ],
    "lkh_length": 799,
    "lkh_time_s": 0.10173819999909028,
    "lkh_tour": [
        10,
        5,
        8,
        13,
        19,
        6,
        2,
        16,
        1,
        3,
        20,
        9,
        11,
        14,
        12,
        17,
        15,
        18,
        4,
        7
    ],
    "lkh_gap_pct": 0.0
}