{
    "instance_name": "N20_D4_G100_pow_6",
    "n_customers": 20,
    "dimension": 4,
    "grid_size": 100,
    "optimal_cost": 1282,
    "optimal_tour": [
        2,
        6,
        20,
        12,
        11,
        13,
        18,
        14,
        17,
        15,
        8,
        10,
        4,
        9,
        19,
        16,
        7,
        5,
        1,
        3
    ],
    "optimal_solver": "lkh",
    "instance_file_path": "c:\\TSP_ND_ML_Project\\instances\\N20_D4_G100_pow_6.json",
    "concorde_length": 1282,
    "concorde_time_s": 0.4668890999746509,
    "concorde_tour": [
        1,
        3,
        15,
        16,
        19,
        9,
        4,
        11,
        8,
        10,
        13,
        18,
        14,
        17,
        2,
        6,
        20,
        12,
        7,
        5
    ],
    "lkh_length": 1282,
    "lkh_time_s": 0.18347889999859035,
    "lkh_tour": [
        2,
        6,
        20,
        12,
        11,
        13,
        18,
        14,
        17,
        15,
        8,
        10,
        4,
        9,
        19,
        16,
        7,
        5,
        1,
        3
    ],
    "lkh_gap_pct": 0.0
}