{
    "instance_name": "N20_D5_G10000_clus_4",
    "n_customers": 20,
    "dimension": 5,
    "grid_size": 10000,
    "optimal_cost": 64352,
    "optimal_tour": [
        4,
        19,
        9,
        12,
        8,
        6,
        2,
        14,
        11,
        10,
        17,
        18,
        7,
        13,
        16,
        1,
        3,
        5,
        15,
        20
    ],
    "optimal_solver": "lkh",
    "instance_file_path": "c:\\TSP_ND_ML_Project\\instances\\N20_D5_G10000_clus_4.json",
    "concorde_length": 64352,
    "concorde_time_s": 0.6093880999833345,
    "concorde_tour": [
        1,
        5,
        15,
        20,
        4,
        19,
        9,
        12,
        8,
        6,
        2,
        14,
        11,
        10,
        17,
        18,
        7,
        13,
        16,
        3
    ],
    "lkh_length": 64352,
    "lkh_time_s": 0.10381439997581765,
    "lkh_tour": [
        4,
        19,
        9,
        12,
        8,
        6,
        2,
        14,
        11,
        10,
        17,
        18,
        7,
        13,
        16,
        1,
        3,
        5,
        15,
        20
    ],
    "lkh_gap_pct": 0.0
}