{
    "instance_name": "N20_D5_G100_ring_12",
    "n_customers": 20,
    "dimension": 5,
    "grid_size": 100,
    "optimal_cost": 842,
    "optimal_tour": [
        18,
        19,
        15,
        11,
        8,
        6,
        20,
        17,
        2,
        7,
        9,
        5,
        10,
        14,
        4,
        16,
        12,
        13,
        1,
        3
    ],
    "optimal_solver": "lkh",
    "instance_file_path": "c:\\TSP_ND_ML_Project\\instances\\N20_D5_G100_ring_12.json",
    "concorde_length": 842,
    "concorde_time_s": 0.9486892999848351,
    "concorde_tour": [
        1,
        13,
        12,
        16,
        4,
        14,
        10,
        5,
        9,
        7,
        2,
        17,
        20,
        6,
        8,
        11,
        15,
        19,
        18,
        3
    ],
    "lkh_length": 842,
    "lkh_time_s": 0.07179659995017573,
    "lkh_tour": [
        18,
        19,
        15,
        11,
        8,
        6,
        20,
        17,
        2,
        7,
        9,
        5,
        10,
        14,
        4,
        16,
        12,
        13,
        1,
        3
    ],
    "lkh_gap_pct": 0.0
}