{
    "instance_name": "N20_D5_G10000_pow_19",
    "n_customers": 20,
    "dimension": 5,
    "grid_size": 10000,
    "optimal_cost": 169747,
    "optimal_tour": [
        13,
        3,
        17,
        9,
        8,
        6,
        10,
        5,
        15,
        18,
        1,
        7,
        16,
        4,
        11,
        14,
        2,
        12,
        19,
        20
    ],
    "optimal_solver": "lkh",
    "instance_file_path": "c:\\TSP_ND_ML_Project\\instances\\N20_D5_G10000_pow_19.json",
    "concorde_length": 169747,
    "concorde_time_s": 0.7915255999541841,
    "concorde_tour": [
        1,
        3,
        17,
        9,
        12,
        2,
        14,
        11,
        4,
        7,
        16,
        20,
        13,
        19,
        10,
        6,
        8,
        5,
        18,
        15
    ],
    "lkh_length": 169747,
    "lkh_time_s": 0.4168470000149682,
    "lkh_tour": [
        13,
        3,
        17,
        9,
        8,
        6,
        10,
        5,
        15,
        18,
        1,
        7,
        16,
        4,
        11,
        14,
        2,
        12,
        19,
        20
    ],
    "lkh_gap_pct": 0.0
}