{
    "instance_name": "N20_D2_G100_ring_15",
    "n_customers": 20,
    "dimension": 2,
    "grid_size": 100,
    "optimal_cost": 260,
    "optimal_tour": [
        15,
        8,
        13,
        10,
        6,
        17,
        11,
        14,
        1,
        7,
        9,
        16,
        19,
        12,
        18,
        2,
        20,
        4,
        3,
        5
    ],
    "optimal_solver": "lkh",
    "instance_file_path": "c:\\TSP_ND_ML_Project\\instances\\N20_D2_G100_ring_15.json",
    "concorde_length": 260,
    "concorde_time_s": 0.7308128000004217,
    "concorde_tour": [
        1,
        14,
        11,
        17,
        6,
        10,
        13,
        8,
        15,
        5,
        2,
        18,
        20,
        4,
        3,
        12,
        19,
        16,
        9,
        7
    ],
    "lkh_length": 260,
    "lkh_time_s": 0.07319899997673929,
    "lkh_tour": [
        15,
        8,
        13,
        10,
        6,
        17,
        11,
        14,
        1,
        7,
        9,
        16,
        19,
        12,
        18,
        2,
        20,
        4,
        3,
        5
    ],
    "lkh_gap_pct": 0.0
}