{
    "instance_name": "N20_D2_G10000_grid_18",
    "n_customers": 20,
    "dimension": 2,
    "grid_size": 10000,
    "optimal_cost": 42187,
    "optimal_tour": [
        3,
        17,
        12,
        14,
        1,
        2,
        19,
        11,
        20,
        8,
        6,
        4,
        18,
        13,
        5,
        10,
        16,
        7,
        9,
        15
    ],
    "optimal_solver": "lkh",
    "instance_file_path": "c:\\TSP_ND_ML_Project\\instances\\N20_D2_G10000_grid_18.json",
    "concorde_length": 42187,
    "concorde_time_s": 0.43617589998757467,
    "concorde_tour": [
        1,
        14,
        12,
        17,
        3,
        15,
        9,
        7,
        16,
        10,
        5,
        13,
        18,
        4,
        6,
        8,
        20,
        11,
        19,
        2
    ],
    "lkh_length": 42187,
    "lkh_time_s": 0.11239689998910762,
    "lkh_tour": [
        3,
        17,
        12,
        14,
        1,
        2,
        19,
        11,
        20,
        8,
        6,
        4,
        18,
        13,
        5,
        10,
        16,
        7,
        9,
        15
    ],
    "lkh_gap_pct": 0.0
}