{
    "instance_name": "N20_D3_G1000_norm_5",
    "n_customers": 20,
    "dimension": 3,
    "grid_size": 1000,
    "optimal_cost": 4032,
    "optimal_tour": [
        11,
        12,
        18,
        9,
        6,
        16,
        4,
        15,
        13,
        1,
        2,
        10,
        5,
        8,
        19,
        17,
        3,
        7,
        20,
        14
    ],
    "optimal_solver": "lkh",
    "instance_file_path": "c:\\TSP_ND_ML_Project\\instances\\N20_D3_G1000_norm_5.json",
    "concorde_length": 4032,
    "concorde_time_s": 0.7801933999871835,
    "concorde_tour": [
        1,
        13,
        15,
        4,
        16,
        6,
        9,
        18,
        12,
        11,
        14,
        20,
        7,
        3,
        17,
        19,
        8,
        5,
        10,
        2
    ],
    "lkh_length": 4032,
    "lkh_time_s": 0.09029500000178814,
    "lkh_tour": [
        11,
        12,
        18,
        9,
        6,
        16,
        4,
        15,
        13,
        1,
        2,
        10,
        5,
        8,
        19,
        17,
        3,
        7,
        20,
        14
    ],
    "lkh_gap_pct": 0.0
}