{
    "instance_name": "N20_D4_G100_corr_11",
    "n_customers": 20,
    "dimension": 4,
    "grid_size": 100,
    "optimal_cost": 496,
    "optimal_tour": [
        15,
        19,
        12,
        8,
        9,
        18,
        11,
        14,
        1,
        5,
        10,
        6,
        4,
        20,
        3,
        13,
        7,
        16,
        2,
        17
    ],
    "optimal_solver": "lkh",
    "instance_file_path": "c:\\TSP_ND_ML_Project\\instances\\N20_D4_G100_corr_11.json",
    "concorde_length": 496,
    "concorde_time_s": 0.7506077000289224,
    "concorde_tour": [
        1,
        14,
        11,
        18,
        9,
        8,
        12,
        19,
        15,
        17,
        2,
        16,
        7,
        13,
        3,
        20,
        4,
        6,
        10,
        5
    ],
    "lkh_length": 496,
    "lkh_time_s": 0.1761113999527879,
    "lkh_tour": [
        15,
        19,
        12,
        8,
        9,
        18,
        11,
        14,
        1,
        5,
        10,
        6,
        4,
        20,
        3,
        13,
        7,
        16,
        2,
        17
    ],
    "lkh_gap_pct": 0.0
}