{
    "instance_name": "N20_D5_G1000_ring_1",
    "n_customers": 20,
    "dimension": 5,
    "grid_size": 1000,
    "optimal_cost": 8253,
    "optimal_tour": [
        4,
        13,
        18,
        15,
        9,
        12,
        6,
        14,
        20,
        16,
        19,
        17,
        2,
        11,
        1,
        3,
        10,
        5,
        7,
        8
    ],
    "optimal_solver": "lkh",
    "instance_file_path": "c:\\TSP_ND_ML_Project\\instances\\N20_D5_G1000_ring_1.json",
    "concorde_length": 8253,
    "concorde_time_s": 0.47197350003989413,
    "concorde_tour": [
        1,
        3,
        10,
        5,
        7,
        8,
        4,
        13,
        18,
        15,
        9,
        12,
        6,
        14,
        20,
        16,
        19,
        17,
        2,
        11
    ],
    "lkh_length": 8253,
    "lkh_time_s": 0.05546510004205629,
    "lkh_tour": [
        4,
        13,
        18,
        15,
        9,
        12,
        6,
        14,
        20,
        16,
        19,
        17,
        2,
        11,
        1,
        3,
        10,
        5,
        7,
        8
    ],
    "lkh_gap_pct": 0.0
}