{
    "instance_name": "N20_D2_G1000_clus_11",
    "n_customers": 20,
    "dimension": 2,
    "grid_size": 1000,
    "optimal_cost": 2117,
    "optimal_tour": [
        4,
        15,
        12,
        11,
        1,
        3,
        18,
        17,
        6,
        13,
        19,
        20,
        2,
        5,
        10,
        7,
        16,
        14,
        9,
        8
    ],
    "optimal_solver": "lkh",
    "instance_file_path": "c:\\TSP_ND_ML_Project\\instances\\N20_D2_G1000_clus_11.json",
    "concorde_length": 2117,
    "concorde_time_s": 0.742050200002268,
    "concorde_tour": [
        1,
        11,
        8,
        4,
        12,
        15,
        9,
        14,
        16,
        7,
        10,
        5,
        2,
        20,
        19,
        13,
        6,
        17,
        18,
        3
    ],
    "lkh_length": 2117,
    "lkh_time_s": 0.21672110000508837,
    "lkh_tour": [
        4,
        15,
        12,
        11,
        1,
        3,
        18,
        17,
        6,
        13,
        19,
        20,
        2,
        5,
        10,
        7,
        16,
        14,
        9,
        8
    ],
    "lkh_gap_pct": 0.0
}