{
    "instance_name": "N20_D4_G10000_tria_14",
    "n_customers": 20,
    "dimension": 4,
    "grid_size": 10000,
    "optimal_cost": 115790,
    "optimal_tour": [
        13,
        15,
        10,
        8,
        4,
        5,
        12,
        18,
        9,
        7,
        20,
        3,
        16,
        1,
        6,
        14,
        2,
        11,
        17,
        19
    ],
    "optimal_solver": "lkh",
    "instance_file_path": "c:\\TSP_ND_ML_Project\\instances\\N20_D4_G10000_tria_14.json",
    "concorde_length": 115790,
    "concorde_time_s": 0.9730431999778375,
    "concorde_tour": [
        1,
        6,
        14,
        2,
        11,
        17,
        19,
        13,
        15,
        10,
        8,
        4,
        5,
        12,
        18,
        9,
        7,
        20,
        3,
        16
    ],
    "lkh_length": 115790,
    "lkh_time_s": 0.05758250004146248,
    "lkh_tour": [
        13,
        15,
        10,
        8,
        4,
        5,
        12,
        18,
        9,
        7,
        20,
        3,
        16,
        1,
        6,
        14,
        2,
        11,
        17,
        19
    ],
    "lkh_gap_pct": 0.0
}