{
    "instance_name": "N20_D5_G100_grid_16",
    "n_customers": 20,
    "dimension": 5,
    "grid_size": 100,
    "optimal_cost": 1136,
    "optimal_tour": [
        1,
        12,
        9,
        17,
        19,
        7,
        16,
        8,
        14,
        11,
        2,
        3,
        18,
        5,
        6,
        4,
        20,
        10,
        15,
        13
    ],
    "optimal_solver": "lkh",
    "instance_file_path": "c:\\TSP_ND_ML_Project\\instances\\N20_D5_G100_grid_16.json",
    "concorde_length": 1136,
    "concorde_time_s": 0.45552439999300987,
    "concorde_tour": [
        1,
        12,
        9,
        17,
        19,
        7,
        16,
        8,
        14,
        11,
        2,
        3,
        18,
        5,
        6,
        4,
        20,
        10,
        15,
        13
    ],
    "lkh_length": 1136,
    "lkh_time_s": 0.10105390002718195,
    "lkh_tour": [
        1,
        12,
        9,
        17,
        19,
        7,
        16,
        8,
        14,
        11,
        2,
        3,
        18,
        5,
        6,
        4,
        20,
        10,
        15,
        13
    ],
    "lkh_gap_pct": 0.0
}