{
    "instance_name": "N20_D3_G100_corr_17",
    "n_customers": 20,
    "dimension": 3,
    "grid_size": 100,
    "optimal_cost": 412,
    "optimal_tour": [
        15,
        6,
        14,
        1,
        10,
        7,
        4,
        16,
        3,
        17,
        18,
        19,
        9,
        12,
        20,
        13,
        11,
        5,
        2,
        8
    ],
    "optimal_solver": "lkh",
    "instance_file_path": "c:\\TSP_ND_ML_Project\\instances\\N20_D3_G100_corr_17.json",
    "concorde_length": 412,
    "concorde_time_s": 1.0591210999991745,
    "concorde_tour": [
        1,
        14,
        6,
        15,
        8,
        2,
        5,
        11,
        13,
        20,
        12,
        9,
        19,
        18,
        17,
        3,
        16,
        4,
        7,
        10
    ],
    "lkh_length": 412,
    "lkh_time_s": 0.06451540003763512,
    "lkh_tour": [
        15,
        6,
        14,
        1,
        10,
        7,
        4,
        16,
        3,
        17,
        18,
        19,
        9,
        12,
        20,
        13,
        11,
        5,
        2,
        8
    ],
    "lkh_gap_pct": 0.0
}