{
    "instance_name": "N20_D2_G100_norm_3",
    "n_customers": 20,
    "dimension": 2,
    "grid_size": 100,
    "optimal_cost": 242,
    "optimal_tour": [
        3,
        18,
        5,
        2,
        20,
        6,
        10,
        14,
        16,
        4,
        19,
        7,
        11,
        8,
        17,
        1,
        15,
        13,
        9,
        12
    ],
    "optimal_solver": "lkh",
    "instance_file_path": "c:\\TSP_ND_ML_Project\\instances\\N20_D2_G100_norm_3.json",
    "concorde_length": 242,
    "concorde_time_s": 0.4894559999811463,
    "concorde_tour": [
        1,
        17,
        8,
        11,
        7,
        19,
        4,
        16,
        14,
        10,
        6,
        20,
        2,
        5,
        18,
        3,
        12,
        9,
        15,
        13
    ],
    "lkh_length": 242,
    "lkh_time_s": 0.14731859997846186,
    "lkh_tour": [
        3,
        18,
        5,
        2,
        20,
        6,
        10,
        14,
        16,
        4,
        19,
        7,
        11,
        8,
        17,
        1,
        15,
        13,
        9,
        12
    ],
    "lkh_gap_pct": 0.0
}