{
    "instance_name": "N20_D3_G100_corr_11",
    "n_customers": 20,
    "dimension": 3,
    "grid_size": 100,
    "optimal_cost": 407,
    "optimal_tour": [
        15,
        1,
        11,
        13,
        14,
        18,
        12,
        19,
        5,
        6,
        3,
        10,
        17,
        7,
        9,
        16,
        2,
        8,
        20,
        4
    ],
    "optimal_solver": "lkh",
    "instance_file_path": "c:\\TSP_ND_ML_Project\\instances\\N20_D3_G100_corr_11.json",
    "concorde_length": 407,
    "concorde_time_s": 0.7623072999995202,
    "concorde_tour": [
        1,
        11,
        13,
        7,
        17,
        10,
        3,
        6,
        5,
        19,
        12,
        18,
        14,
        9,
        16,
        2,
        8,
        20,
        4,
        15
    ],
    "lkh_length": 407,
    "lkh_time_s": 0.07477860001381487,
    "lkh_tour": [
        15,
        1,
        11,
        13,
        14,
        18,
        12,
        19,
        5,
        6,
        3,
        10,
        17,
        7,
        9,
        16,
        2,
        8,
        20,
        4
    ],
    "lkh_gap_pct": 0.0
}