{
    "instance_name": "N20_D5_G10000_tria_3",
    "n_customers": 20,
    "dimension": 5,
    "grid_size": 10000,
    "optimal_cost": 142319,
    "optimal_tour": [
        4,
        16,
        1,
        3,
        8,
        2,
        5,
        18,
        7,
        6,
        19,
        10,
        9,
        20,
        12,
        14,
        15,
        13,
        11,
        17
    ],
    "optimal_solver": "lkh",
    "instance_file_path": "c:\\TSP_ND_ML_Project\\instances\\N20_D5_G10000_tria_3.json",
    "concorde_length": 142319,
    "concorde_time_s": 0.38104770000791177,
    "concorde_tour": [
        1,
        3,
        8,
        2,
        5,
        18,
        7,
        6,
        19,
        10,
        9,
        20,
        12,
        14,
        15,
        13,
        11,
        17,
        4,
        16
    ],
    "lkh_length": 142319,
    "lkh_time_s": 0.10105509997811168,
    "lkh_tour": [
        4,
        16,
        1,
        3,
        8,
        2,
        5,
        18,
        7,
        6,
        19,
        10,
        9,
        20,
        12,
        14,
        15,
        13,
        11,
        17
    ],
    "lkh_gap_pct": 0.0
}