{
    "instance_name": "N20_D4_G10000_pow_4",
    "n_customers": 20,
    "dimension": 4,
    "grid_size": 10000,
    "optimal_cost": 122426,
    "optimal_tour": [
        9,
        12,
        5,
        13,
        7,
        8,
        19,
        18,
        15,
        14,
        1,
        3,
        17,
        2,
        4,
        6,
        10,
        11,
        20,
        16
    ],
    "optimal_solver": "lkh",
    "instance_file_path": "c:\\TSP_ND_ML_Project\\instances\\N20_D4_G10000_pow_4.json",
    "concorde_length": 122426,
    "concorde_time_s": 0.3803213000064716,
    "concorde_tour": [
        1,
        14,
        18,
        19,
        7,
        8,
        10,
        11,
        2,
        17,
        3,
        16,
        9,
        20,
        4,
        6,
        13,
        5,
        12,
        15
    ],
    "lkh_length": 122426,
    "lkh_time_s": 0.28238720004446805,
    "lkh_tour": [
        9,
        12,
        5,
        13,
        7,
        8,
        19,
        18,
        15,
        14,
        1,
        3,
        17,
        2,
        4,
        6,
        10,
        11,
        20,
        16
    ],
    "lkh_gap_pct": 0.0
}