{
    "instance_name": "N20_D3_G10000_pow_20",
    "n_customers": 20,
    "dimension": 3,
    "grid_size": 10000,
    "optimal_cost": 68284,
    "optimal_tour": [
        9,
        10,
        12,
        11,
        7,
        16,
        15,
        17,
        2,
        4,
        20,
        14,
        18,
        8,
        1,
        3,
        19,
        6,
        13,
        5
    ],
    "optimal_solver": "lkh",
    "instance_file_path": "c:\\TSP_ND_ML_Project\\instances\\N20_D3_G10000_pow_20.json",
    "concorde_length": 68284,
    "concorde_time_s": 0.8480823000427336,
    "concorde_tour": [
        1,
        13,
        6,
        10,
        9,
        12,
        5,
        11,
        7,
        20,
        16,
        4,
        17,
        2,
        15,
        18,
        14,
        8,
        3,
        19
    ],
    "lkh_length": 68284,
    "lkh_time_s": 0.44335319998208433,
    "lkh_tour": [
        9,
        10,
        12,
        11,
        7,
        16,
        15,
        17,
        2,
        4,
        20,
        14,
        18,
        8,
        1,
        3,
        19,
        6,
        13,
        5
    ],
    "lkh_gap_pct": 0.0
}