{
    "instance_name": "N20_D3_G1000_grid_19",
    "n_customers": 20,
    "dimension": 3,
    "grid_size": 1000,
    "optimal_cost": 6947,
    "optimal_tour": [
        15,
        8,
        13,
        14,
        9,
        16,
        6,
        11,
        20,
        3,
        18,
        10,
        1,
        4,
        2,
        5,
        12,
        7,
        17,
        19
    ],
    "optimal_solver": "lkh",
    "instance_file_path": "c:\\TSP_ND_ML_Project\\instances\\N20_D3_G1000_grid_19.json",
    "concorde_length": 6947,
    "concorde_time_s": 0.5928661999641918,
    "concorde_tour": [
        1,
        10,
        18,
        3,
        20,
        11,
        6,
        16,
        9,
        14,
        13,
        8,
        15,
        19,
        17,
        7,
        12,
        5,
        2,
        4
    ],
    "lkh_length": 6947,
    "lkh_time_s": 0.053326699999161065,
    "lkh_tour": [
        15,
        8,
        13,
        14,
        9,
        16,
        6,
        11,
        20,
        3,
        18,
        10,
        1,
        4,
        2,
        5,
        12,
        7,
        17,
        19
    ],
    "lkh_gap_pct": 0.0
}