{
    "instance_name": "N20_D3_G10000_clus_20",
    "n_customers": 20,
    "dimension": 3,
    "grid_size": 10000,
    "optimal_cost": 33848,
    "optimal_tour": [
        19,
        1,
        12,
        10,
        13,
        7,
        15,
        11,
        18,
        20,
        3,
        17,
        2,
        4,
        8,
        5,
        9,
        16,
        14,
        6
    ],
    "optimal_solver": "lkh",
    "instance_file_path": "c:\\TSP_ND_ML_Project\\instances\\N20_D3_G10000_clus_20.json",
    "concorde_length": 33848,
    "concorde_time_s": 0.8432999000069685,
    "concorde_tour": [
        1,
        12,
        10,
        13,
        7,
        15,
        11,
        18,
        20,
        3,
        17,
        2,
        4,
        8,
        5,
        9,
        16,
        14,
        6,
        19
    ],
    "lkh_length": 33848,
    "lkh_time_s": 0.07312670000828803,
    "lkh_tour": [
        19,
        1,
        12,
        10,
        13,
        7,
        15,
        11,
        18,
        20,
        3,
        17,
        2,
        4,
        8,
        5,
        9,
        16,
        14,
        6
    ],
    "lkh_gap_pct": 0.0
}