{
    "instance_name": "N20_D3_G1000_pow_9",
    "n_customers": 20,
    "dimension": 3,
    "grid_size": 1000,
    "optimal_cost": 7414,
    "optimal_tour": [
        5,
        7,
        12,
        2,
        4,
        10,
        16,
        1,
        8,
        11,
        17,
        9,
        18,
        19,
        6,
        14,
        13,
        20,
        15,
        3
    ],
    "optimal_solver": "lkh",
    "instance_file_path": "c:\\TSP_ND_ML_Project\\instances\\N20_D3_G1000_pow_9.json",
    "concorde_length": 7414,
    "concorde_time_s": 0.6584203999955207,
    "concorde_tour": [
        1,
        9,
        18,
        6,
        19,
        16,
        10,
        12,
        4,
        7,
        2,
        3,
        5,
        15,
        20,
        14,
        13,
        8,
        17,
        11
    ],
    "lkh_length": 7414,
    "lkh_time_s": 0.43602439999813214,
    "lkh_tour": [
        5,
        7,
        12,
        2,
        4,
        10,
        16,
        1,
        8,
        11,
        17,
        9,
        18,
        19,
        6,
        14,
        13,
        20,
        15,
        3
    ],
    "lkh_gap_pct": 0.0
}