{
    "instance_name": "N20_D5_G1000_tria_8",
    "n_customers": 20,
    "dimension": 5,
    "grid_size": 1000,
    "optimal_cost": 13871,
    "optimal_tour": [
        17,
        19,
        12,
        2,
        9,
        20,
        8,
        6,
        16,
        5,
        15,
        11,
        3,
        10,
        13,
        7,
        18,
        1,
        14,
        4
    ],
    "optimal_solver": "lkh",
    "instance_file_path": "c:\\TSP_ND_ML_Project\\instances\\N20_D5_G1000_tria_8.json",
    "concorde_length": 13871,
    "concorde_time_s": 0.6769572999910451,
    "concorde_tour": [
        1,
        18,
        7,
        13,
        10,
        3,
        11,
        15,
        5,
        16,
        6,
        8,
        20,
        9,
        2,
        12,
        19,
        17,
        4,
        14
    ],
    "lkh_length": 13871,
    "lkh_time_s": 0.04923409997718409,
    "lkh_tour": [
        17,
        19,
        12,
        2,
        9,
        20,
        8,
        6,
        16,
        5,
        15,
        11,
        3,
        10,
        13,
        7,
        18,
        1,
        14,
        4
    ],
    "lkh_gap_pct": 0.0
}