{
    "instance_name": "N20_D3_G10000_norm_9",
    "n_customers": 20,
    "dimension": 3,
    "grid_size": 10000,
    "optimal_cost": 43507,
    "optimal_tour": [
        3,
        7,
        5,
        20,
        2,
        9,
        8,
        16,
        12,
        10,
        19,
        13,
        1,
        4,
        17,
        6,
        11,
        18,
        15,
        14
    ],
    "optimal_solver": "lkh",
    "instance_file_path": "c:\\TSP_ND_ML_Project\\instances\\N20_D3_G10000_norm_9.json",
    "concorde_length": 43507,
    "concorde_time_s": 1.1503086000448093,
    "concorde_tour": [
        1,
        4,
        17,
        6,
        11,
        18,
        15,
        14,
        3,
        7,
        5,
        20,
        2,
        9,
        8,
        16,
        12,
        10,
        19,
        13
    ],
    "lkh_length": 43507,
    "lkh_time_s": 0.04449850000673905,
    "lkh_tour": [
        3,
        7,
        5,
        20,
        2,
        9,
        8,
        16,
        12,
        10,
        19,
        13,
        1,
        4,
        17,
        6,
        11,
        18,
        15,
        14
    ],
    "lkh_gap_pct": 0.0
}