{
    "instance_name": "N20_D4_G1000_corn_3",
    "n_customers": 20,
    "dimension": 4,
    "grid_size": 1000,
    "optimal_cost": 11847,
    "optimal_tour": [
        3,
        10,
        15,
        1,
        6,
        9,
        13,
        14,
        8,
        4,
        20,
        18,
        16,
        17,
        11,
        5,
        12,
        2,
        19,
        7
    ],
    "optimal_solver": "lkh",
    "instance_file_path": "c:\\TSP_ND_ML_Project\\instances\\N20_D4_G1000_corn_3.json",
    "concorde_length": 11847,
    "concorde_time_s": 0.8059560999972746,
    "concorde_tour": [
        1,
        6,
        9,
        13,
        14,
        8,
        4,
        20,
        18,
        16,
        17,
        11,
        5,
        12,
        2,
        19,
        7,
        3,
        10,
        15
    ],
    "lkh_length": 11847,
    "lkh_time_s": 0.05086170003050938,
    "lkh_tour": [
        3,
        10,
        15,
        1,
        6,
        9,
        13,
        14,
        8,
        4,
        20,
        18,
        16,
        17,
        11,
        5,
        12,
        2,
        19,
        7
    ],
    "lkh_gap_pct": 0.0
}