{
    "instance_name": "N20_D2_G1000_clus_9",
    "n_customers": 20,
    "dimension": 2,
    "grid_size": 1000,
    "optimal_cost": 1356,
    "optimal_tour": [
        8,
        20,
        10,
        14,
        16,
        6,
        17,
        5,
        12,
        18,
        19,
        4,
        15,
        1,
        3,
        2,
        11,
        13,
        9,
        7
    ],
    "optimal_solver": "lkh",
    "instance_file_path": "c:\\TSP_ND_ML_Project\\instances\\N20_D2_G1000_clus_9.json",
    "concorde_length": 1356,
    "concorde_time_s": 0.7475184999930207,
    "concorde_tour": [
        1,
        3,
        2,
        11,
        13,
        9,
        7,
        8,
        20,
        10,
        14,
        16,
        6,
        17,
        5,
        12,
        18,
        19,
        4,
        15
    ],
    "lkh_length": 1356,
    "lkh_time_s": 0.15293260000180453,
    "lkh_tour": [
        8,
        20,
        10,
        14,
        16,
        6,
        17,
        5,
        12,
        18,
        19,
        4,
        15,
        1,
        3,
        2,
        11,
        13,
        9,
        7
    ],
    "lkh_gap_pct": 0.0
}