{
    "instance_name": "N20_D5_G1000_clus_16",
    "n_customers": 20,
    "dimension": 5,
    "grid_size": 1000,
    "optimal_cost": 4777,
    "optimal_tour": [
        7,
        14,
        11,
        16,
        19,
        5,
        20,
        9,
        3,
        17,
        10,
        13,
        6,
        2,
        18,
        8,
        12,
        15,
        1,
        4
    ],
    "optimal_solver": "lkh",
    "instance_file_path": "c:\\TSP_ND_ML_Project\\instances\\N20_D5_G1000_clus_16.json",
    "concorde_length": 4777,
    "concorde_time_s": 0.8079368000035174,
    "concorde_tour": [
        1,
        15,
        12,
        8,
        18,
        2,
        6,
        13,
        10,
        17,
        3,
        9,
        20,
        5,
        19,
        16,
        11,
        14,
        7,
        4
    ],
    "lkh_length": 4777,
    "lkh_time_s": 0.07694230001652613,
    "lkh_tour": [
        7,
        14,
        11,
        16,
        19,
        5,
        20,
        9,
        3,
        17,
        10,
        13,
        6,
        2,
        18,
        8,
        12,
        15,
        1,
        4
    ],
    "lkh_gap_pct": 0.0
}