{
    "instance_name": "N20_D3_G100_rand_4",
    "n_customers": 20,
    "dimension": 3,
    "grid_size": 100,
    "optimal_cost": 718,
    "optimal_tour": [
        15,
        10,
        13,
        2,
        18,
        11,
        20,
        7,
        9,
        8,
        12,
        6,
        14,
        16,
        19,
        5,
        1,
        3,
        17,
        4
    ],
    "optimal_solver": "lkh",
    "instance_file_path": "c:\\TSP_ND_ML_Project\\instances\\N20_D3_G100_rand_4.json",
    "concorde_length": 718,
    "concorde_time_s": 1.1219172999844886,
    "concorde_tour": [
        1,
        5,
        19,
        16,
        14,
        6,
        12,
        8,
        9,
        7,
        20,
        11,
        18,
        2,
        13,
        10,
        15,
        4,
        17,
        3
    ],
    "lkh_length": 718,
    "lkh_time_s": 0.06663329998264089,
    "lkh_tour": [
        15,
        10,
        13,
        2,
        18,
        11,
        20,
        7,
        9,
        8,
        12,
        6,
        14,
        16,
        19,
        5,
        1,
        3,
        17,
        4
    ],
    "lkh_gap_pct": 0.0
}