{
    "instance_name": "N20_D4_G10000_corn_10",
    "n_customers": 20,
    "dimension": 4,
    "grid_size": 10000,
    "optimal_cost": 118931,
    "optimal_tour": [
        20,
        18,
        12,
        13,
        10,
        2,
        5,
        1,
        4,
        15,
        11,
        9,
        3,
        6,
        17,
        16,
        7,
        19,
        14,
        8
    ],
    "optimal_solver": "lkh",
    "instance_file_path": "c:\\TSP_ND_ML_Project\\instances\\N20_D4_G10000_corn_10.json",
    "concorde_length": 118931,
    "concorde_time_s": 1.2346128999488428,
    "concorde_tour": [
        1,
        5,
        2,
        10,
        13,
        12,
        18,
        20,
        8,
        14,
        19,
        7,
        16,
        17,
        6,
        3,
        9,
        11,
        15,
        4
    ],
    "lkh_length": 118931,
    "lkh_time_s": 0.08294430002570152,
    "lkh_tour": [
        20,
        18,
        12,
        13,
        10,
        2,
        5,
        1,
        4,
        15,
        11,
        9,
        3,
        6,
        17,
        16,
        7,
        19,
        14,
        8
    ],
    "lkh_gap_pct": 0.0
}