{
    "instance_name": "N20_D2_G10000_corn_16",
    "n_customers": 20,
    "dimension": 2,
    "grid_size": 10000,
    "optimal_cost": 40011,
    "optimal_tour": [
        16,
        7,
        8,
        18,
        9,
        20,
        6,
        13,
        11,
        2,
        5,
        14,
        17,
        19,
        12,
        4,
        10,
        15,
        1,
        3
    ],
    "optimal_solver": "lkh",
    "instance_file_path": "c:\\TSP_ND_ML_Project\\instances\\N20_D2_G10000_corn_16.json",
    "concorde_length": 40011,
    "concorde_time_s": 0.6466350000118837,
    "concorde_tour": [
        1,
        3,
        16,
        7,
        8,
        18,
        9,
        20,
        6,
        13,
        11,
        2,
        5,
        14,
        17,
        19,
        12,
        4,
        10,
        15
    ],
    "lkh_length": 40011,
    "lkh_time_s": 0.08286120000411756,
    "lkh_tour": [
        16,
        7,
        8,
        18,
        9,
        20,
        6,
        13,
        11,
        2,
        5,
        14,
        17,
        19,
        12,
        4,
        10,
        15,
        1,
        3
    ],
    "lkh_gap_pct": 0.0
}