{
    "instance_name": "N20_D2_G10000_ring_19",
    "n_customers": 20,
    "dimension": 2,
    "grid_size": 10000,
    "optimal_cost": 27625,
    "optimal_tour": [
        2,
        6,
        17,
        18,
        15,
        5,
        10,
        8,
        19,
        16,
        3,
        9,
        20,
        7,
        4,
        13,
        14,
        12,
        1,
        11
    ],
    "optimal_solver": "lkh",
    "instance_file_path": "c:\\TSP_ND_ML_Project\\instances\\N20_D2_G10000_ring_19.json",
    "concorde_length": 27625,
    "concorde_time_s": 0.6720362000050955,
    "concorde_tour": [
        1,
        12,
        14,
        13,
        4,
        7,
        20,
        9,
        3,
        16,
        19,
        8,
        10,
        5,
        15,
        18,
        17,
        6,
        2,
        11
    ],
    "lkh_length": 27625,
    "lkh_time_s": 0.14016570002422668,
    "lkh_tour": [
        2,
        6,
        17,
        18,
        15,
        5,
        10,
        8,
        19,
        16,
        3,
        9,
        20,
        7,
        4,
        13,
        14,
        12,
        1,
        11
    ],
    "lkh_gap_pct": 0.0
}