{
    "instance_name": "N20_D2_G1000_clus_1",
    "n_customers": 20,
    "dimension": 2,
    "grid_size": 1000,
    "optimal_cost": 2640,
    "optimal_tour": [
        12,
        5,
        3,
        4,
        14,
        9,
        17,
        6,
        11,
        2,
        7,
        19,
        8,
        16,
        10,
        20,
        13,
        15,
        18,
        1
    ],
    "optimal_solver": "lkh",
    "instance_file_path": "c:\\TSP_ND_ML_Project\\instances\\N20_D2_G1000_clus_1.json",
    "concorde_length": 2640,
    "concorde_time_s": 0.7509998999885283,
    "concorde_tour": [
        1,
        12,
        5,
        3,
        4,
        14,
        9,
        17,
        6,
        11,
        2,
        7,
        19,
        8,
        16,
        10,
        20,
        13,
        15,
        18
    ],
    "lkh_length": 2640,
    "lkh_time_s": 0.12621510002645664,
    "lkh_tour": [
        12,
        5,
        3,
        4,
        14,
        9,
        17,
        6,
        11,
        2,
        7,
        19,
        8,
        16,
        10,
        20,
        13,
        15,
        18,
        1
    ],
    "lkh_gap_pct": 0.0
}