{
    "instance_name": "N20_D5_G1000_pow_12",
    "n_customers": 20,
    "dimension": 5,
    "grid_size": 1000,
    "optimal_cost": 16146,
    "optimal_tour": [
        4,
        14,
        12,
        3,
        5,
        6,
        20,
        16,
        2,
        9,
        15,
        11,
        10,
        7,
        19,
        8,
        17,
        18,
        13,
        1
    ],
    "optimal_solver": "lkh",
    "instance_file_path": "c:\\TSP_ND_ML_Project\\instances\\N20_D5_G1000_pow_12.json",
    "concorde_length": 16146,
    "concorde_time_s": 0.8074215999804437,
    "concorde_tour": [
        1,
        4,
        14,
        9,
        2,
        16,
        5,
        20,
        6,
        3,
        12,
        11,
        15,
        10,
        7,
        19,
        8,
        17,
        18,
        13
    ],
    "lkh_length": 16146,
    "lkh_time_s": 0.13538659998448566,
    "lkh_tour": [
        4,
        14,
        12,
        3,
        5,
        6,
        20,
        16,
        2,
        9,
        15,
        11,
        10,
        7,
        19,
        8,
        17,
        18,
        13,
        1
    ],
    "lkh_gap_pct": 0.0
}