{
    "instance_name": "N20_D4_G10000_pow_12",
    "n_customers": 20,
    "dimension": 4,
    "grid_size": 10000,
    "optimal_cost": 120000,
    "optimal_tour": [
        5,
        10,
        3,
        13,
        1,
        11,
        17,
        12,
        15,
        4,
        20,
        19,
        16,
        6,
        8,
        2,
        14,
        18,
        7,
        9
    ],
    "optimal_solver": "lkh",
    "instance_file_path": "c:\\TSP_ND_ML_Project\\instances\\N20_D4_G10000_pow_12.json",
    "concorde_length": 120000,
    "concorde_time_s": 0.517204700037837,
    "concorde_tour": [
        1,
        11,
        12,
        15,
        17,
        4,
        20,
        10,
        5,
        7,
        9,
        2,
        18,
        8,
        14,
        16,
        6,
        19,
        3,
        13
    ],
    "lkh_length": 120000,
    "lkh_time_s": 0.08444310002960265,
    "lkh_tour": [
        5,
        10,
        3,
        13,
        1,
        11,
        17,
        12,
        15,
        4,
        20,
        19,
        16,
        6,
        8,
        2,
        14,
        18,
        7,
        9
    ],
    "lkh_gap_pct": 0.0
}