{
    "instance_name": "N20_D2_G100_tria_6",
    "n_customers": 20,
    "dimension": 2,
    "grid_size": 100,
    "optimal_cost": 452,
    "optimal_tour": [
        10,
        16,
        6,
        17,
        14,
        12,
        1,
        4,
        18,
        9,
        2,
        19,
        11,
        20,
        8,
        15,
        13,
        3,
        5,
        7
    ],
    "optimal_solver": "lkh",
    "instance_file_path": "c:\\TSP_ND_ML_Project\\instances\\N20_D2_G100_tria_6.json",
    "concorde_length": 452,
    "concorde_time_s": 0.5962868999922648,
    "concorde_tour": [
        1,
        12,
        14,
        17,
        6,
        16,
        10,
        7,
        5,
        3,
        13,
        15,
        8,
        20,
        11,
        19,
        2,
        9,
        18,
        4
    ],
    "lkh_length": 452,
    "lkh_time_s": 0.18157420001807623,
    "lkh_tour": [
        10,
        16,
        6,
        17,
        14,
        12,
        1,
        4,
        18,
        9,
        2,
        19,
        11,
        20,
        8,
        15,
        13,
        3,
        5,
        7
    ],
    "lkh_gap_pct": 0.0
}