{
    "instance_name": "N20_D5_G100_corn_2",
    "n_customers": 20,
    "dimension": 5,
    "grid_size": 100,
    "optimal_cost": 1283,
    "optimal_tour": [
        18,
        5,
        19,
        8,
        2,
        17,
        15,
        6,
        1,
        3,
        16,
        13,
        14,
        9,
        7,
        10,
        12,
        11,
        4,
        20
    ],
    "optimal_solver": "lkh",
    "instance_file_path": "c:\\TSP_ND_ML_Project\\instances\\N20_D5_G100_corn_2.json",
    "concorde_length": 1283,
    "concorde_time_s": 0.5882151999976486,
    "concorde_tour": [
        1,
        3,
        13,
        16,
        14,
        7,
        9,
        10,
        12,
        11,
        4,
        20,
        18,
        5,
        19,
        8,
        2,
        17,
        15,
        6
    ],
    "lkh_length": 1283,
    "lkh_time_s": 0.06186269997851923,
    "lkh_tour": [
        18,
        5,
        19,
        8,
        2,
        17,
        15,
        6,
        1,
        3,
        16,
        13,
        14,
        9,
        7,
        10,
        12,
        11,
        4,
        20
    ],
    "lkh_gap_pct": 0.0
}