{
    "instance_name": "N20_D5_G1000_tria_13",
    "n_customers": 20,
    "dimension": 5,
    "grid_size": 1000,
    "optimal_cost": 12480,
    "optimal_tour": [
        18,
        1,
        11,
        13,
        6,
        2,
        9,
        16,
        15,
        20,
        10,
        14,
        4,
        5,
        12,
        7,
        19,
        17,
        8,
        3
    ],
    "optimal_solver": "lkh",
    "instance_file_path": "c:\\TSP_ND_ML_Project\\instances\\N20_D5_G1000_tria_13.json",
    "concorde_length": 12480,
    "concorde_time_s": 0.654269699996803,
    "concorde_tour": [
        1,
        18,
        3,
        8,
        17,
        19,
        7,
        12,
        5,
        4,
        14,
        10,
        20,
        15,
        16,
        9,
        2,
        6,
        13,
        11
    ],
    "lkh_length": 12480,
    "lkh_time_s": 0.04635750001762062,
    "lkh_tour": [
        18,
        1,
        11,
        13,
        6,
        2,
        9,
        16,
        15,
        20,
        10,
        14,
        4,
        5,
        12,
        7,
        19,
        17,
        8,
        3
    ],
    "lkh_gap_pct": 0.0
}