{
    "instance_name": "N20_D4_G100_norm_19",
    "n_customers": 20,
    "dimension": 4,
    "grid_size": 100,
    "optimal_cost": 550,
    "optimal_tour": [
        16,
        6,
        15,
        13,
        19,
        14,
        2,
        20,
        11,
        17,
        12,
        18,
        10,
        8,
        3,
        4,
        7,
        1,
        5,
        9
    ],
    "optimal_solver": "lkh",
    "instance_file_path": "c:\\TSP_ND_ML_Project\\instances\\N20_D4_G100_norm_19.json",
    "concorde_length": 550,
    "concorde_time_s": 0.7236689000274055,
    "concorde_tour": [
        1,
        5,
        9,
        16,
        6,
        15,
        13,
        19,
        14,
        2,
        20,
        11,
        17,
        12,
        18,
        10,
        8,
        3,
        4,
        7
    ],
    "lkh_length": 550,
    "lkh_time_s": 0.07195509999291971,
    "lkh_tour": [
        16,
        6,
        15,
        13,
        19,
        14,
        2,
        20,
        11,
        17,
        12,
        18,
        10,
        8,
        3,
        4,
        7,
        1,
        5,
        9
    ],
    "lkh_gap_pct": 0.0
}