{
    "instance_name": "N20_D3_G10000_grid_14",
    "n_customers": 20,
    "dimension": 3,
    "grid_size": 10000,
    "optimal_cost": 70842,
    "optimal_tour": [
        14,
        8,
        20,
        9,
        5,
        3,
        17,
        12,
        4,
        6,
        15,
        2,
        16,
        13,
        19,
        1,
        11,
        10,
        18,
        7
    ],
    "optimal_solver": "lkh",
    "instance_file_path": "c:\\TSP_ND_ML_Project\\instances\\N20_D3_G10000_grid_14.json",
    "concorde_length": 70842,
    "concorde_time_s": 0.4593927999958396,
    "concorde_tour": [
        1,
        11,
        10,
        18,
        7,
        14,
        8,
        20,
        9,
        5,
        3,
        17,
        12,
        4,
        6,
        15,
        2,
        16,
        13,
        19
    ],
    "lkh_length": 70842,
    "lkh_time_s": 0.13087380002252758,
    "lkh_tour": [
        14,
        8,
        20,
        9,
        5,
        3,
        17,
        12,
        4,
        6,
        15,
        2,
        16,
        13,
        19,
        1,
        11,
        10,
        18,
        7
    ],
    "lkh_gap_pct": 0.0
}