{
    "instance_name": "N20_D3_G100_ring_11",
    "n_customers": 20,
    "dimension": 3,
    "grid_size": 100,
    "optimal_cost": 435,
    "optimal_tour": [
        8,
        14,
        19,
        6,
        11,
        17,
        15,
        10,
        13,
        5,
        9,
        3,
        4,
        18,
        12,
        7,
        20,
        16,
        1,
        2
    ],
    "optimal_solver": "lkh",
    "instance_file_path": "c:\\TSP_ND_ML_Project\\instances\\N20_D3_G100_ring_11.json",
    "concorde_length": 435,
    "concorde_time_s": 0.7764161999803036,
    "concorde_tour": [
        1,
        2,
        8,
        14,
        19,
        6,
        11,
        17,
        15,
        10,
        13,
        5,
        9,
        3,
        4,
        18,
        12,
        7,
        20,
        16
    ],
    "lkh_length": 435,
    "lkh_time_s": 0.10530599998310208,
    "lkh_tour": [
        8,
        14,
        19,
        6,
        11,
        17,
        15,
        10,
        13,
        5,
        9,
        3,
        4,
        18,
        12,
        7,
        20,
        16,
        1,
        2
    ],
    "lkh_gap_pct": 0.0
}