{
    "instance_name": "N20_D2_G10000_clus_14",
    "n_customers": 20,
    "dimension": 2,
    "grid_size": 10000,
    "optimal_cost": 23078,
    "optimal_tour": [
        18,
        2,
        13,
        7,
        4,
        10,
        8,
        9,
        19,
        1,
        12,
        5,
        3,
        6,
        16,
        15,
        11,
        14,
        17,
        20
    ],
    "optimal_solver": "lkh",
    "instance_file_path": "c:\\TSP_ND_ML_Project\\instances\\N20_D2_G10000_clus_14.json",
    "concorde_length": 23078,
    "concorde_time_s": 0.703255900007207,
    "concorde_tour": [
        1,
        12,
        5,
        3,
        6,
        16,
        15,
        11,
        14,
        17,
        20,
        18,
        2,
        13,
        7,
        4,
        10,
        8,
        9,
        19
    ],
    "lkh_length": 23078,
    "lkh_time_s": 0.36908029997721314,
    "lkh_tour": [
        18,
        2,
        13,
        7,
        4,
        10,
        8,
        9,
        19,
        1,
        12,
        5,
        3,
        6,
        16,
        15,
        11,
        14,
        17,
        20
    ],
    "lkh_gap_pct": 0.0
}