{
    "instance_name": "N20_D5_G10000_norm_4",
    "n_customers": 20,
    "dimension": 5,
    "grid_size": 10000,
    "optimal_cost": 57970,
    "optimal_tour": [
        16,
        6,
        14,
        10,
        1,
        7,
        17,
        19,
        12,
        8,
        18,
        5,
        11,
        2,
        15,
        3,
        9,
        4,
        20,
        13
    ],
    "optimal_solver": "lkh",
    "instance_file_path": "c:\\TSP_ND_ML_Project\\instances\\N20_D5_G10000_norm_4.json",
    "concorde_length": 57970,
    "concorde_time_s": 0.7486921999952756,
    "concorde_tour": [
        1,
        7,
        17,
        19,
        12,
        8,
        18,
        5,
        11,
        2,
        15,
        3,
        9,
        4,
        20,
        13,
        16,
        6,
        14,
        10
    ],
    "lkh_length": 57970,
    "lkh_time_s": 0.06540140003198758,
    "lkh_tour": [
        16,
        6,
        14,
        10,
        1,
        7,
        17,
        19,
        12,
        8,
        18,
        5,
        11,
        2,
        15,
        3,
        9,
        4,
        20,
        13
    ],
    "lkh_gap_pct": 0.0
}