{
    "instance_name": "N20_D2_G10000_rand_8",
    "n_customers": 20,
    "dimension": 2,
    "grid_size": 10000,
    "optimal_cost": 39856,
    "optimal_tour": [
        12,
        11,
        17,
        9,
        18,
        20,
        10,
        19,
        2,
        16,
        1,
        13,
        8,
        5,
        15,
        6,
        14,
        3,
        7,
        4
    ],
    "optimal_solver": "lkh",
    "instance_file_path": "c:\\TSP_ND_ML_Project\\instances\\N20_D2_G10000_rand_8.json",
    "concorde_length": 39856,
    "concorde_time_s": 0.8222286000091117,
    "concorde_tour": [
        1,
        16,
        2,
        19,
        10,
        20,
        18,
        9,
        17,
        11,
        12,
        4,
        7,
        3,
        14,
        6,
        15,
        5,
        8,
        13
    ],
    "lkh_length": 39856,
    "lkh_time_s": 0.10882749999291264,
    "lkh_tour": [
        12,
        11,
        17,
        9,
        18,
        20,
        10,
        19,
        2,
        16,
        1,
        13,
        8,
        5,
        15,
        6,
        14,
        3,
        7,
        4
    ],
    "lkh_gap_pct": 0.0
}