{
    "instance_name": "N20_D2_G10000_corr_6",
    "n_customers": 20,
    "dimension": 2,
    "grid_size": 10000,
    "optimal_cost": 28426,
    "optimal_tour": [
        17,
        19,
        20,
        8,
        2,
        15,
        13,
        9,
        4,
        11,
        10,
        7,
        14,
        16,
        5,
        1,
        3,
        18,
        12,
        6
    ],
    "optimal_solver": "lkh",
    "instance_file_path": "c:\\TSP_ND_ML_Project\\instances\\N20_D2_G10000_corr_6.json",
    "concorde_length": 28426,
    "concorde_time_s": 0.7199079999991227,
    "concorde_tour": [
        1,
        5,
        16,
        14,
        7,
        10,
        11,
        4,
        9,
        13,
        15,
        2,
        8,
        20,
        19,
        17,
        6,
        12,
        18,
        3
    ],
    "lkh_length": 28426,
    "lkh_time_s": 0.12052789999870583,
    "lkh_tour": [
        17,
        19,
        20,
        8,
        2,
        15,
        13,
        9,
        4,
        11,
        10,
        7,
        14,
        16,
        5,
        1,
        3,
        18,
        12,
        6
    ],
    "lkh_gap_pct": 0.0
}