{
    "instance_name": "N20_D2_G1000_corr_3",
    "n_customers": 20,
    "dimension": 2,
    "grid_size": 1000,
    "optimal_cost": 2757,
    "optimal_tour": [
        9,
        3,
        12,
        4,
        2,
        11,
        15,
        17,
        19,
        5,
        10,
        18,
        16,
        6,
        8,
        20,
        1,
        7,
        13,
        14
    ],
    "optimal_solver": "lkh",
    "instance_file_path": "c:\\TSP_ND_ML_Project\\instances\\N20_D2_G1000_corr_3.json",
    "concorde_length": 2757,
    "concorde_time_s": 0.9861344999808352,
    "concorde_tour": [
        1,
        20,
        8,
        6,
        16,
        18,
        10,
        5,
        19,
        17,
        15,
        11,
        2,
        4,
        12,
        3,
        9,
        14,
        13,
        7
    ],
    "lkh_length": 2757,
    "lkh_time_s": 0.3311972999945283,
    "lkh_tour": [
        9,
        3,
        12,
        4,
        2,
        11,
        15,
        17,
        19,
        5,
        10,
        18,
        16,
        6,
        8,
        20,
        1,
        7,
        13,
        14
    ],
    "lkh_gap_pct": 0.0
}