{
    "instance_name": "N20_D4_G100_rand_18",
    "n_customers": 20,
    "dimension": 4,
    "grid_size": 100,
    "optimal_cost": 842,
    "optimal_tour": [
        9,
        18,
        19,
        8,
        13,
        10,
        5,
        4,
        7,
        15,
        6,
        16,
        20,
        14,
        1,
        3,
        11,
        2,
        17,
        12
    ],
    "optimal_solver": "lkh",
    "instance_file_path": "c:\\TSP_ND_ML_Project\\instances\\N20_D4_G100_rand_18.json",
    "concorde_length": 842,
    "concorde_time_s": 0.6723390000406653,
    "concorde_tour": [
        1,
        14,
        20,
        16,
        6,
        15,
        7,
        4,
        5,
        10,
        13,
        8,
        19,
        18,
        9,
        12,
        17,
        2,
        11,
        3
    ],
    "lkh_length": 842,
    "lkh_time_s": 0.0760782000143081,
    "lkh_tour": [
        9,
        18,
        19,
        8,
        13,
        10,
        5,
        4,
        7,
        15,
        6,
        16,
        20,
        14,
        1,
        3,
        11,
        2,
        17,
        12
    ],
    "lkh_gap_pct": 0.0
}