{
    "instance_name": "N20_D3_G10000_tria_1",
    "n_customers": 20,
    "dimension": 3,
    "grid_size": 10000,
    "optimal_cost": 74081,
    "optimal_tour": [
        13,
        2,
        12,
        17,
        7,
        20,
        5,
        19,
        1,
        3,
        15,
        14,
        9,
        6,
        16,
        11,
        10,
        18,
        8,
        4
    ],
    "optimal_solver": "lkh",
    "instance_file_path": "c:\\TSP_ND_ML_Project\\instances\\N20_D3_G10000_tria_1.json",
    "concorde_length": 74081,
    "concorde_time_s": 0.36803180002607405,
    "concorde_tour": [
        1,
        3,
        15,
        14,
        9,
        6,
        16,
        11,
        10,
        18,
        8,
        4,
        13,
        2,
        12,
        17,
        7,
        20,
        5,
        19
    ],
    "lkh_length": 74081,
    "lkh_time_s": 0.09634080005344003,
    "lkh_tour": [
        13,
        2,
        12,
        17,
        7,
        20,
        5,
        19,
        1,
        3,
        15,
        14,
        9,
        6,
        16,
        11,
        10,
        18,
        8,
        4
    ],
    "lkh_gap_pct": 0.0
}