{
    "instance_name": "N20_D2_G10000_corn_4",
    "n_customers": 20,
    "dimension": 2,
    "grid_size": 10000,
    "optimal_cost": 39991,
    "optimal_tour": [
        12,
        17,
        2,
        10,
        3,
        6,
        11,
        8,
        20,
        19,
        4,
        16,
        18,
        1,
        14,
        5,
        7,
        13,
        9,
        15
    ],
    "optimal_solver": "lkh",
    "instance_file_path": "c:\\TSP_ND_ML_Project\\instances\\N20_D2_G10000_corn_4.json",
    "concorde_length": 39991,
    "concorde_time_s": 0.7508059999963734,
    "concorde_tour": [
        1,
        14,
        5,
        7,
        9,
        13,
        15,
        12,
        17,
        2,
        10,
        3,
        6,
        8,
        20,
        11,
        19,
        4,
        16,
        18
    ],
    "lkh_length": 39991,
    "lkh_time_s": 0.11783780000405386,
    "lkh_tour": [
        12,
        17,
        2,
        10,
        3,
        6,
        11,
        8,
        20,
        19,
        4,
        16,
        18,
        1,
        14,
        5,
        7,
        13,
        9,
        15
    ],
    "lkh_gap_pct": 0.0
}