{
    "instance_name": "N20_D4_G1000_rand_9",
    "n_customers": 20,
    "dimension": 4,
    "grid_size": 1000,
    "optimal_cost": 9756,
    "optimal_tour": [
        18,
        19,
        16,
        1,
        11,
        5,
        4,
        12,
        9,
        3,
        15,
        20,
        6,
        17,
        13,
        7,
        14,
        8,
        2,
        10
    ],
    "optimal_solver": "lkh",
    "instance_file_path": "c:\\TSP_ND_ML_Project\\instances\\N20_D4_G1000_rand_9.json",
    "concorde_length": 9756,
    "concorde_time_s": 0.6449766000150703,
    "concorde_tour": [
        1,
        16,
        19,
        18,
        10,
        2,
        8,
        14,
        7,
        13,
        17,
        6,
        20,
        15,
        3,
        9,
        12,
        4,
        5,
        11
    ],
    "lkh_length": 9756,
    "lkh_time_s": 0.08134670002618805,
    "lkh_tour": [
        18,
        19,
        16,
        1,
        11,
        5,
        4,
        12,
        9,
        3,
        15,
        20,
        6,
        17,
        13,
        7,
        14,
        8,
        2,
        10
    ],
    "lkh_gap_pct": 0.0
}