{
    "instance_name": "N20_D5_G1000_norm_14",
    "n_customers": 20,
    "dimension": 5,
    "grid_size": 1000,
    "optimal_cost": 6541,
    "optimal_tour": [
        4,
        11,
        9,
        12,
        3,
        19,
        13,
        16,
        5,
        10,
        18,
        7,
        14,
        1,
        8,
        6,
        15,
        20,
        17,
        2
    ],
    "optimal_solver": "lkh",
    "instance_file_path": "c:\\TSP_ND_ML_Project\\instances\\N20_D5_G1000_norm_14.json",
    "concorde_length": 6541,
    "concorde_time_s": 0.6980460000340827,
    "concorde_tour": [
        1,
        8,
        6,
        15,
        20,
        17,
        2,
        4,
        11,
        9,
        12,
        3,
        19,
        13,
        16,
        5,
        10,
        18,
        7,
        14
    ],
    "lkh_length": 6541,
    "lkh_time_s": 0.06409110000822693,
    "lkh_tour": [
        4,
        11,
        9,
        12,
        3,
        19,
        13,
        16,
        5,
        10,
        18,
        7,
        14,
        1,
        8,
        6,
        15,
        20,
        17,
        2
    ],
    "lkh_gap_pct": 0.0
}