{
    "instance_name": "N20_D4_G10000_norm_4",
    "n_customers": 20,
    "dimension": 4,
    "grid_size": 10000,
    "optimal_cost": 50693,
    "optimal_tour": [
        19,
        6,
        17,
        18,
        12,
        20,
        8,
        10,
        2,
        3,
        16,
        1,
        7,
        13,
        5,
        11,
        15,
        14,
        9,
        4
    ],
    "optimal_solver": "lkh",
    "instance_file_path": "c:\\TSP_ND_ML_Project\\instances\\N20_D4_G10000_norm_4.json",
    "concorde_length": 50693,
    "concorde_time_s": 1.0812439000001177,
    "concorde_tour": [
        1,
        7,
        13,
        5,
        11,
        15,
        14,
        9,
        4,
        19,
        6,
        17,
        18,
        12,
        20,
        8,
        10,
        2,
        3,
        16
    ],
    "lkh_length": 50693,
    "lkh_time_s": 0.06444240000564605,
    "lkh_tour": [
        19,
        6,
        17,
        18,
        12,
        20,
        8,
        10,
        2,
        3,
        16,
        1,
        7,
        13,
        5,
        11,
        15,
        14,
        9,
        4
    ],
    "lkh_gap_pct": 0.0
}