{
    "instance_name": "N20_D3_G1000_pow_19",
    "n_customers": 20,
    "dimension": 3,
    "grid_size": 1000,
    "optimal_cost": 7414,
    "optimal_tour": [
        6,
        19,
        3,
        20,
        10,
        16,
        11,
        15,
        18,
        17,
        12,
        8,
        9,
        4,
        2,
        7,
        13,
        14,
        1,
        5
    ],
    "optimal_solver": "lkh",
    "instance_file_path": "c:\\TSP_ND_ML_Project\\instances\\N20_D3_G1000_pow_19.json",
    "concorde_length": 7414,
    "concorde_time_s": 0.5474733999581076,
    "concorde_tour": [
        1,
        5,
        6,
        13,
        19,
        8,
        9,
        3,
        18,
        12,
        15,
        17,
        16,
        20,
        11,
        10,
        4,
        7,
        2,
        14
    ],
    "lkh_length": 7414,
    "lkh_time_s": 0.46483620000071824,
    "lkh_tour": [
        6,
        19,
        3,
        20,
        10,
        16,
        11,
        15,
        18,
        17,
        12,
        8,
        9,
        4,
        2,
        7,
        13,
        14,
        1,
        5
    ],
    "lkh_gap_pct": 0.0
}