{
    "instance_name": "N20_D5_G100_rand_20",
    "n_customers": 20,
    "dimension": 5,
    "grid_size": 100,
    "optimal_cost": 1042,
    "optimal_tour": [
        18,
        2,
        14,
        6,
        9,
        5,
        13,
        4,
        11,
        1,
        3,
        20,
        8,
        16,
        10,
        12,
        7,
        19,
        15,
        17
    ],
    "optimal_solver": "lkh",
    "instance_file_path": "c:\\TSP_ND_ML_Project\\instances\\N20_D5_G100_rand_20.json",
    "concorde_length": 1042,
    "concorde_time_s": 0.41513390000909567,
    "concorde_tour": [
        1,
        3,
        7,
        12,
        10,
        16,
        8,
        20,
        6,
        14,
        2,
        18,
        17,
        19,
        15,
        9,
        5,
        13,
        4,
        11
    ],
    "lkh_length": 1042,
    "lkh_time_s": 0.06894829997327179,
    "lkh_tour": [
        18,
        2,
        14,
        6,
        9,
        5,
        13,
        4,
        11,
        1,
        3,
        20,
        8,
        16,
        10,
        12,
        7,
        19,
        15,
        17
    ],
    "lkh_gap_pct": 0.0
}