{
    "instance_name": "N20_D3_G100_corn_12",
    "n_customers": 20,
    "dimension": 3,
    "grid_size": 100,
    "optimal_cost": 740,
    "optimal_tour": [
        19,
        3,
        5,
        20,
        1,
        2,
        17,
        9,
        4,
        7,
        11,
        10,
        6,
        8,
        15,
        12,
        14,
        16,
        18,
        13
    ],
    "optimal_solver": "lkh",
    "instance_file_path": "c:\\TSP_ND_ML_Project\\instances\\N20_D3_G100_corn_12.json",
    "concorde_length": 740,
    "concorde_time_s": 0.9783355999970809,
    "concorde_tour": [
        1,
        20,
        5,
        3,
        19,
        13,
        18,
        16,
        14,
        12,
        15,
        8,
        6,
        10,
        11,
        7,
        9,
        4,
        17,
        2
    ],
    "lkh_length": 740,
    "lkh_time_s": 0.05883410002570599,
    "lkh_tour": [
        19,
        3,
        5,
        20,
        1,
        2,
        17,
        9,
        4,
        7,
        11,
        10,
        6,
        8,
        15,
        12,
        14,
        16,
        18,
        13
    ],
    "lkh_gap_pct": 0.0
}