{
    "instance_name": "N20_D2_G10000_corr_2",
    "n_customers": 20,
    "dimension": 2,
    "grid_size": 10000,
    "optimal_cost": 29644,
    "optimal_tour": [
        14,
        16,
        7,
        9,
        6,
        15,
        17,
        3,
        1,
        2,
        12,
        20,
        18,
        13,
        8,
        10,
        4,
        19,
        11,
        5
    ],
    "optimal_solver": "lkh",
    "instance_file_path": "c:\\TSP_ND_ML_Project\\instances\\N20_D2_G10000_corr_2.json",
    "concorde_length": 29644,
    "concorde_time_s": 0.6109920000017155,
    "concorde_tour": [
        1,
        3,
        17,
        15,
        6,
        9,
        7,
        16,
        14,
        5,
        11,
        19,
        4,
        10,
        8,
        13,
        18,
        20,
        12,
        2
    ],
    "lkh_length": 29644,
    "lkh_time_s": 0.102349900000263,
    "lkh_tour": [
        14,
        16,
        7,
        9,
        6,
        15,
        17,
        3,
        1,
        2,
        12,
        20,
        18,
        13,
        8,
        10,
        4,
        19,
        11,
        5
    ],
    "lkh_gap_pct": 0.0
}