{
    "instance_name": "N20_D5_G1000_corn_7",
    "n_customers": 20,
    "dimension": 5,
    "grid_size": 1000,
    "optimal_cost": 16521,
    "optimal_tour": [
        18,
        6,
        5,
        7,
        19,
        16,
        1,
        9,
        13,
        4,
        15,
        11,
        2,
        20,
        3,
        10,
        12,
        17,
        14,
        8
    ],
    "optimal_solver": "lkh",
    "instance_file_path": "c:\\TSP_ND_ML_Project\\instances\\N20_D5_G1000_corn_7.json",
    "concorde_length": 16521,
    "concorde_time_s": 0.747441700019408,
    "concorde_tour": [
        1,
        16,
        19,
        7,
        5,
        6,
        18,
        8,
        14,
        17,
        12,
        10,
        3,
        20,
        2,
        11,
        15,
        4,
        13,
        9
    ],
    "lkh_length": 16521,
    "lkh_time_s": 0.06574380001984537,
    "lkh_tour": [
        18,
        6,
        5,
        7,
        19,
        16,
        1,
        9,
        13,
        4,
        15,
        11,
        2,
        20,
        3,
        10,
        12,
        17,
        14,
        8
    ],
    "lkh_gap_pct": 0.0
}