{
    "instance_name": "N20_D4_G10000_ring_10",
    "n_customers": 20,
    "dimension": 4,
    "grid_size": 10000,
    "optimal_cost": 70360,
    "optimal_tour": [
        18,
        3,
        19,
        7,
        12,
        14,
        1,
        10,
        5,
        8,
        2,
        13,
        4,
        15,
        11,
        16,
        9,
        6,
        17,
        20
    ],
    "optimal_solver": "lkh",
    "instance_file_path": "c:\\TSP_ND_ML_Project\\instances\\N20_D4_G10000_ring_10.json",
    "concorde_length": 70360,
    "concorde_time_s": 0.5933137999963947,
    "concorde_tour": [
        1,
        10,
        5,
        8,
        2,
        13,
        4,
        15,
        11,
        16,
        9,
        6,
        17,
        20,
        18,
        3,
        19,
        7,
        12,
        14
    ],
    "lkh_length": 70360,
    "lkh_time_s": 0.04621080000652,
    "lkh_tour": [
        18,
        3,
        19,
        7,
        12,
        14,
        1,
        10,
        5,
        8,
        2,
        13,
        4,
        15,
        11,
        16,
        9,
        6,
        17,
        20
    ],
    "lkh_gap_pct": 0.0
}