{
    "instance_name": "N20_D3_G10000_rand_18",
    "n_customers": 20,
    "dimension": 3,
    "grid_size": 10000,
    "optimal_cost": 64901,
    "optimal_tour": [
        15,
        5,
        4,
        2,
        13,
        6,
        9,
        14,
        7,
        10,
        8,
        12,
        3,
        17,
        16,
        19,
        11,
        18,
        20,
        1
    ],
    "optimal_solver": "lkh",
    "instance_file_path": "c:\\TSP_ND_ML_Project\\instances\\N20_D3_G10000_rand_18.json",
    "concorde_length": 64901,
    "concorde_time_s": 1.1607331999693997,
    "concorde_tour": [
        1,
        20,
        18,
        11,
        19,
        16,
        17,
        3,
        12,
        8,
        10,
        7,
        14,
        9,
        6,
        13,
        2,
        4,
        5,
        15
    ],
    "lkh_length": 64901,
    "lkh_time_s": 0.26408470002934337,
    "lkh_tour": [
        15,
        5,
        4,
        2,
        13,
        6,
        9,
        14,
        7,
        10,
        8,
        12,
        3,
        17,
        16,
        19,
        11,
        18,
        20,
        1
    ],
    "lkh_gap_pct": 0.0
}