{
    "instance_name": "N20_D3_G100_clus_5",
    "n_customers": 20,
    "dimension": 3,
    "grid_size": 100,
    "optimal_cost": 276,
    "optimal_tour": [
        4,
        18,
        17,
        19,
        5,
        16,
        11,
        7,
        12,
        15,
        20,
        14,
        10,
        6,
        3,
        9,
        1,
        8,
        2,
        13
    ],
    "optimal_solver": "lkh",
    "instance_file_path": "c:\\TSP_ND_ML_Project\\instances\\N20_D3_G100_clus_5.json",
    "concorde_length": 276,
    "concorde_time_s": 0.8292165999882855,
    "concorde_tour": [
        1,
        8,
        2,
        13,
        4,
        18,
        17,
        19,
        5,
        16,
        11,
        7,
        12,
        15,
        20,
        14,
        10,
        6,
        3,
        9
    ],
    "lkh_length": 276,
    "lkh_time_s": 0.08232410001801327,
    "lkh_tour": [
        4,
        18,
        17,
        19,
        5,
        16,
        11,
        7,
        12,
        15,
        20,
        14,
        10,
        6,
        3,
        9,
        1,
        8,
        2,
        13
    ],
    "lkh_gap_pct": 0.0
}