{
    "instance_name": "N20_D2_G10000_pow_4",
    "n_customers": 20,
    "dimension": 2,
    "grid_size": 10000,
    "optimal_cost": 40000,
    "optimal_tour": [
        6,
        8,
        18,
        1,
        10,
        17,
        14,
        19,
        16,
        20,
        4,
        15,
        13,
        3,
        5,
        2,
        7,
        9,
        11,
        12
    ],
    "optimal_solver": "lkh",
    "instance_file_path": "c:\\TSP_ND_ML_Project\\instances\\N20_D2_G10000_pow_4.json",
    "concorde_length": 40000,
    "concorde_time_s": 0.4984194000135176,
    "concorde_tour": [
        1,
        10,
        8,
        17,
        16,
        15,
        20,
        4,
        3,
        2,
        5,
        7,
        13,
        9,
        11,
        6,
        12,
        18,
        19,
        14
    ],
    "lkh_length": 40000,
    "lkh_time_s": 0.5857018000097014,
    "lkh_tour": [
        6,
        8,
        18,
        1,
        10,
        17,
        14,
        19,
        16,
        20,
        4,
        15,
        13,
        3,
        5,
        2,
        7,
        9,
        11,
        12
    ],
    "lkh_gap_pct": 0.0
}