{
    "instance_name": "N20_D2_G10000_grid_19",
    "n_customers": 20,
    "dimension": 2,
    "grid_size": 10000,
    "optimal_cost": 42162,
    "optimal_tour": [
        15,
        11,
        2,
        14,
        19,
        18,
        12,
        13,
        17,
        9,
        20,
        16,
        7,
        5,
        1,
        4,
        3,
        10,
        6,
        8
    ],
    "optimal_solver": "lkh",
    "instance_file_path": "c:\\TSP_ND_ML_Project\\instances\\N20_D2_G10000_grid_19.json",
    "concorde_length": 42162,
    "concorde_time_s": 0.6235353999945801,
    "concorde_tour": [
        1,
        4,
        3,
        10,
        6,
        8,
        15,
        11,
        2,
        14,
        19,
        18,
        12,
        13,
        17,
        9,
        20,
        16,
        7,
        5
    ],
    "lkh_length": 42162,
    "lkh_time_s": 0.15976219999720342,
    "lkh_tour": [
        15,
        11,
        2,
        14,
        19,
        18,
        12,
        13,
        17,
        9,
        20,
        16,
        7,
        5,
        1,
        4,
        3,
        10,
        6,
        8
    ],
    "lkh_gap_pct": 0.0
}