{
    "instance_name": "N20_D2_G10000_tria_17",
    "n_customers": 20,
    "dimension": 2,
    "grid_size": 10000,
    "optimal_cost": 41657,
    "optimal_tour": [
        16,
        4,
        13,
        9,
        18,
        1,
        8,
        12,
        20,
        15,
        5,
        2,
        19,
        11,
        14,
        7,
        17,
        3,
        10,
        6
    ],
    "optimal_solver": "lkh",
    "instance_file_path": "c:\\TSP_ND_ML_Project\\instances\\N20_D2_G10000_tria_17.json",
    "concorde_length": 41657,
    "concorde_time_s": 0.6859030000050552,
    "concorde_tour": [
        1,
        8,
        12,
        20,
        15,
        5,
        2,
        19,
        11,
        14,
        7,
        17,
        3,
        10,
        6,
        16,
        4,
        13,
        9,
        18
    ],
    "lkh_length": 41657,
    "lkh_time_s": 0.08467439998639748,
    "lkh_tour": [
        16,
        4,
        13,
        9,
        18,
        1,
        8,
        12,
        20,
        15,
        5,
        2,
        19,
        11,
        14,
        7,
        17,
        3,
        10,
        6
    ],
    "lkh_gap_pct": 0.0
}