{
    "instance_name": "N20_D5_G100_corr_2",
    "n_customers": 20,
    "dimension": 5,
    "grid_size": 100,
    "optimal_cost": 526,
    "optimal_tour": [
        17,
        10,
        14,
        15,
        20,
        12,
        5,
        8,
        16,
        19,
        1,
        9,
        4,
        6,
        7,
        11,
        18,
        13,
        3,
        2
    ],
    "optimal_solver": "lkh",
    "instance_file_path": "c:\\TSP_ND_ML_Project\\instances\\N20_D5_G100_corr_2.json",
    "concorde_length": 526,
    "concorde_time_s": 0.6333892000257038,
    "concorde_tour": [
        1,
        19,
        16,
        8,
        5,
        12,
        20,
        15,
        14,
        10,
        17,
        2,
        3,
        13,
        18,
        11,
        7,
        6,
        4,
        9
    ],
    "lkh_length": 526,
    "lkh_time_s": 0.1396202000323683,
    "lkh_tour": [
        17,
        10,
        14,
        15,
        20,
        12,
        5,
        8,
        16,
        19,
        1,
        9,
        4,
        6,
        7,
        11,
        18,
        13,
        3,
        2
    ],
    "lkh_gap_pct": 0.0
}