{
    "instance_name": "N20_D4_G100_corn_18",
    "n_customers": 20,
    "dimension": 4,
    "grid_size": 100,
    "optimal_cost": 1020,
    "optimal_tour": [
        19,
        1,
        13,
        5,
        3,
        6,
        10,
        7,
        15,
        2,
        17,
        20,
        9,
        18,
        16,
        4,
        12,
        8,
        14,
        11
    ],
    "optimal_solver": "lkh",
    "instance_file_path": "c:\\TSP_ND_ML_Project\\instances\\N20_D4_G100_corn_18.json",
    "concorde_length": 1020,
    "concorde_time_s": 0.8825855000177398,
    "concorde_tour": [
        1,
        19,
        14,
        8,
        12,
        4,
        16,
        18,
        9,
        20,
        17,
        2,
        15,
        7,
        10,
        6,
        3,
        5,
        13,
        11
    ],
    "lkh_length": 1020,
    "lkh_time_s": 0.07156710000708699,
    "lkh_tour": [
        19,
        1,
        13,
        5,
        3,
        6,
        10,
        7,
        15,
        2,
        17,
        20,
        9,
        18,
        16,
        4,
        12,
        8,
        14,
        11
    ],
    "lkh_gap_pct": 0.0
}