{
    "instance_name": "N20_D5_G1000_rand_6",
    "n_customers": 20,
    "dimension": 5,
    "grid_size": 1000,
    "optimal_cost": 9013,
    "optimal_tour": [
        16,
        8,
        2,
        7,
        13,
        15,
        11,
        5,
        3,
        14,
        18,
        20,
        10,
        6,
        12,
        17,
        4,
        9,
        19,
        1
    ],
    "optimal_solver": "lkh",
    "instance_file_path": "c:\\TSP_ND_ML_Project\\instances\\N20_D5_G1000_rand_6.json",
    "concorde_length": 9013,
    "concorde_time_s": 0.5112383000086993,
    "concorde_tour": [
        1,
        19,
        9,
        4,
        17,
        12,
        6,
        10,
        20,
        18,
        14,
        3,
        5,
        11,
        15,
        13,
        7,
        2,
        8,
        16
    ],
    "lkh_length": 9013,
    "lkh_time_s": 0.08202130004065111,
    "lkh_tour": [
        16,
        8,
        2,
        7,
        13,
        15,
        11,
        5,
        3,
        14,
        18,
        20,
        10,
        6,
        12,
        17,
        4,
        9,
        19,
        1
    ],
    "lkh_gap_pct": 0.0
}