{
    "instance_name": "N20_D3_G10000_corr_9",
    "n_customers": 20,
    "dimension": 3,
    "grid_size": 10000,
    "optimal_cost": 34162,
    "optimal_tour": [
        15,
        14,
        20,
        1,
        13,
        6,
        17,
        7,
        4,
        11,
        8,
        3,
        2,
        18,
        19,
        10,
        9,
        5,
        12,
        16
    ],
    "optimal_solver": "lkh",
    "instance_file_path": "c:\\TSP_ND_ML_Project\\instances\\N20_D3_G10000_corr_9.json",
    "concorde_length": 34162,
    "concorde_time_s": 2.5926713999942876,
    "concorde_tour": [
        1,
        20,
        14,
        15,
        16,
        12,
        5,
        9,
        10,
        19,
        18,
        2,
        3,
        8,
        11,
        4,
        7,
        17,
        6,
        13
    ],
    "lkh_length": 34162,
    "lkh_time_s": 0.058374599961098284,
    "lkh_tour": [
        15,
        14,
        20,
        1,
        13,
        6,
        17,
        7,
        4,
        11,
        8,
        3,
        2,
        18,
        19,
        10,
        9,
        5,
        12,
        16
    ],
    "lkh_gap_pct": 0.0
}