{
    "instance_name": "N20_D2_G100_grid_8",
    "n_customers": 20,
    "dimension": 2,
    "grid_size": 100,
    "optimal_cost": 453,
    "optimal_tour": [
        15,
        12,
        6,
        18,
        11,
        1,
        7,
        20,
        4,
        19,
        2,
        14,
        9,
        17,
        5,
        8,
        16,
        10,
        13,
        3
    ],
    "optimal_solver": "lkh",
    "instance_file_path": "c:\\TSP_ND_ML_Project\\instances\\N20_D2_G100_grid_8.json",
    "concorde_length": 453,
    "concorde_time_s": 0.719840200006729,
    "concorde_tour": [
        1,
        11,
        18,
        6,
        12,
        15,
        3,
        13,
        10,
        16,
        8,
        5,
        17,
        9,
        14,
        2,
        19,
        4,
        20,
        7
    ],
    "lkh_length": 453,
    "lkh_time_s": 0.11751479998929426,
    "lkh_tour": [
        15,
        12,
        6,
        18,
        11,
        1,
        7,
        20,
        4,
        19,
        2,
        14,
        9,
        17,
        5,
        8,
        16,
        10,
        13,
        3
    ],
    "lkh_gap_pct": 0.0
}