{
    "instance_name": "N20_D2_G100_pow_14",
    "n_customers": 20,
    "dimension": 2,
    "grid_size": 100,
    "optimal_cost": 400,
    "optimal_tour": [
        20,
        3,
        2,
        19,
        10,
        9,
        7,
        11,
        17,
        4,
        5,
        12,
        8,
        14,
        13,
        1,
        6,
        16,
        15,
        18
    ],
    "optimal_solver": "lkh",
    "instance_file_path": "c:\\TSP_ND_ML_Project\\instances\\N20_D2_G100_pow_14.json",
    "concorde_length": 400,
    "concorde_time_s": 1.4819298000074923,
    "concorde_tour": [
        1,
        3,
        18,
        2,
        20,
        12,
        19,
        11,
        10,
        17,
        9,
        4,
        5,
        7,
        8,
        14,
        13,
        15,
        16,
        6
    ],
    "lkh_length": 400,
    "lkh_time_s": 0.19460570000228472,
    "lkh_tour": [
        20,
        3,
        2,
        19,
        10,
        9,
        7,
        11,
        17,
        4,
        5,
        12,
        8,
        14,
        13,
        1,
        6,
        16,
        15,
        18
    ],
    "lkh_gap_pct": 0.0
}