{
    "instance_name": "N20_D5_G100_rand_9",
    "n_customers": 20,
    "dimension": 5,
    "grid_size": 100,
    "optimal_cost": 1146,
    "optimal_tour": [
        8,
        1,
        2,
        14,
        10,
        15,
        12,
        13,
        20,
        5,
        7,
        18,
        16,
        19,
        11,
        17,
        6,
        9,
        3,
        4
    ],
    "optimal_solver": "lkh",
    "instance_file_path": "c:\\TSP_ND_ML_Project\\instances\\N20_D5_G100_rand_9.json",
    "concorde_length": 1146,
    "concorde_time_s": 0.7966920000035316,
    "concorde_tour": [
        1,
        8,
        4,
        3,
        9,
        6,
        17,
        11,
        19,
        16,
        18,
        7,
        5,
        20,
        13,
        12,
        15,
        10,
        14,
        2
    ],
    "lkh_length": 1146,
    "lkh_time_s": 0.05543159996159375,
    "lkh_tour": [
        8,
        1,
        2,
        14,
        10,
        15,
        12,
        13,
        20,
        5,
        7,
        18,
        16,
        19,
        11,
        17,
        6,
        9,
        3,
        4
    ],
    "lkh_gap_pct": 0.0
}