{
    "instance_name": "N20_D2_G1000_rand_11",
    "n_customers": 20,
    "dimension": 2,
    "grid_size": 1000,
    "optimal_cost": 4415,
    "optimal_tour": [
        2,
        16,
        12,
        17,
        1,
        9,
        3,
        6,
        19,
        4,
        15,
        11,
        20,
        8,
        10,
        13,
        5,
        18,
        7,
        14
    ],
    "optimal_solver": "lkh",
    "instance_file_path": "c:\\TSP_ND_ML_Project\\instances\\N20_D2_G1000_rand_11.json",
    "concorde_length": 4415,
    "concorde_time_s": 0.8072972999943886,
    "concorde_tour": [
        1,
        17,
        12,
        16,
        2,
        14,
        7,
        18,
        5,
        13,
        10,
        8,
        20,
        11,
        15,
        4,
        19,
        6,
        3,
        9
    ],
    "lkh_length": 4415,
    "lkh_time_s": 0.08880900000804104,
    "lkh_tour": [
        2,
        16,
        12,
        17,
        1,
        9,
        3,
        6,
        19,
        4,
        15,
        11,
        20,
        8,
        10,
        13,
        5,
        18,
        7,
        14
    ],
    "lkh_gap_pct": 0.0
}