{
    "instance_name": "N20_D2_G10000_corr_1",
    "n_customers": 20,
    "dimension": 2,
    "grid_size": 10000,
    "optimal_cost": 25978,
    "optimal_tour": [
        7,
        18,
        8,
        4,
        3,
        1,
        2,
        17,
        10,
        13,
        15,
        11,
        19,
        16,
        20,
        14,
        6,
        5,
        9,
        12
    ],
    "optimal_solver": "lkh",
    "instance_file_path": "c:\\TSP_ND_ML_Project\\instances\\N20_D2_G10000_corr_1.json",
    "concorde_length": 25978,
    "concorde_time_s": 0.5548043999879155,
    "concorde_tour": [
        1,
        3,
        4,
        8,
        18,
        7,
        12,
        9,
        5,
        6,
        14,
        20,
        16,
        19,
        11,
        15,
        13,
        10,
        17,
        2
    ],
    "lkh_length": 25978,
    "lkh_time_s": 0.10927780001657084,
    "lkh_tour": [
        7,
        18,
        8,
        4,
        3,
        1,
        2,
        17,
        10,
        13,
        15,
        11,
        19,
        16,
        20,
        14,
        6,
        5,
        9,
        12
    ],
    "lkh_gap_pct": 0.0
}