{
    "instance_name": "N20_D5_G10000_pow_11",
    "n_customers": 20,
    "dimension": 5,
    "grid_size": 10000,
    "optimal_cost": 156568,
    "optimal_tour": [
        4,
        12,
        16,
        6,
        17,
        18,
        1,
        2,
        10,
        20,
        15,
        19,
        9,
        14,
        7,
        5,
        11,
        8,
        3,
        13
    ],
    "optimal_solver": "lkh",
    "instance_file_path": "c:\\TSP_ND_ML_Project\\instances\\N20_D5_G10000_pow_11.json",
    "concorde_length": 156568,
    "concorde_time_s": 0.5380399000132456,
    "concorde_tour": [
        1,
        6,
        16,
        17,
        12,
        4,
        8,
        3,
        13,
        20,
        15,
        19,
        9,
        14,
        7,
        5,
        11,
        10,
        2,
        18
    ],
    "lkh_length": 156568,
    "lkh_time_s": 0.26170279999496415,
    "lkh_tour": [
        4,
        12,
        16,
        6,
        17,
        18,
        1,
        2,
        10,
        20,
        15,
        19,
        9,
        14,
        7,
        5,
        11,
        8,
        3,
        13
    ],
    "lkh_gap_pct": 0.0
}