{
    "instance_name": "N20_D5_G10000_grid_12",
    "n_customers": 20,
    "dimension": 5,
    "grid_size": 10000,
    "optimal_cost": 119030,
    "optimal_tour": [
        2,
        9,
        7,
        20,
        11,
        18,
        15,
        1,
        12,
        16,
        8,
        10,
        3,
        5,
        13,
        4,
        6,
        19,
        14,
        17
    ],
    "optimal_solver": "lkh",
    "instance_file_path": "c:\\TSP_ND_ML_Project\\instances\\N20_D5_G10000_grid_12.json",
    "concorde_length": 119030,
    "concorde_time_s": 0.46985579997999594,
    "concorde_tour": [
        1,
        12,
        16,
        8,
        10,
        3,
        5,
        13,
        4,
        6,
        19,
        14,
        17,
        2,
        9,
        7,
        20,
        11,
        18,
        15
    ],
    "lkh_length": 119030,
    "lkh_time_s": 0.061552400002256036,
    "lkh_tour": [
        2,
        9,
        7,
        20,
        11,
        18,
        15,
        1,
        12,
        16,
        8,
        10,
        3,
        5,
        13,
        4,
        6,
        19,
        14,
        17
    ],
    "lkh_gap_pct": 0.0
}