{
    "instance_name": "N20_D3_G100_corr_9",
    "n_customers": 20,
    "dimension": 3,
    "grid_size": 100,
    "optimal_cost": 404,
    "optimal_tour": [
        3,
        15,
        14,
        7,
        4,
        18,
        13,
        11,
        2,
        5,
        8,
        19,
        12,
        20,
        17,
        1,
        9,
        16,
        6,
        10
    ],
    "optimal_solver": "lkh",
    "instance_file_path": "c:\\TSP_ND_ML_Project\\instances\\N20_D3_G100_corr_9.json",
    "concorde_length": 404,
    "concorde_time_s": 1.022713800019119,
    "concorde_tour": [
        1,
        9,
        16,
        6,
        10,
        3,
        15,
        14,
        7,
        4,
        17,
        20,
        18,
        13,
        11,
        2,
        5,
        8,
        19,
        12
    ],
    "lkh_length": 404,
    "lkh_time_s": 0.10199049999937415,
    "lkh_tour": [
        3,
        15,
        14,
        7,
        4,
        18,
        13,
        11,
        2,
        5,
        8,
        19,
        12,
        20,
        17,
        1,
        9,
        16,
        6,
        10
    ],
    "lkh_gap_pct": 0.0
}