{
    "instance_name": "N20_D5_G10000_tria_5",
    "n_customers": 20,
    "dimension": 5,
    "grid_size": 10000,
    "optimal_cost": 125662,
    "optimal_tour": [
        12,
        14,
        20,
        9,
        16,
        8,
        10,
        11,
        6,
        13,
        17,
        4,
        2,
        19,
        3,
        18,
        7,
        15,
        1,
        5
    ],
    "optimal_solver": "lkh",
    "instance_file_path": "c:\\TSP_ND_ML_Project\\instances\\N20_D5_G10000_tria_5.json",
    "concorde_length": 125662,
    "concorde_time_s": 0.4731618000078015,
    "concorde_tour": [
        1,
        5,
        12,
        14,
        20,
        9,
        16,
        8,
        10,
        11,
        6,
        13,
        17,
        4,
        2,
        19,
        3,
        18,
        7,
        15
    ],
    "lkh_length": 125662,
    "lkh_time_s": 0.06960629997774959,
    "lkh_tour": [
        12,
        14,
        20,
        9,
        16,
        8,
        10,
        11,
        6,
        13,
        17,
        4,
        2,
        19,
        3,
        18,
        7,
        15,
        1,
        5
    ],
    "lkh_gap_pct": 0.0
}