{
    "instance_name": "N20_D5_G10000_corr_16",
    "n_customers": 20,
    "dimension": 5,
    "grid_size": 10000,
    "optimal_cost": 54650,
    "optimal_tour": [
        10,
        11,
        5,
        14,
        4,
        19,
        15,
        8,
        13,
        1,
        3,
        7,
        12,
        9,
        17,
        20,
        16,
        6,
        18,
        2
    ],
    "optimal_solver": "lkh",
    "instance_file_path": "c:\\TSP_ND_ML_Project\\instances\\N20_D5_G10000_corr_16.json",
    "concorde_length": 54650,
    "concorde_time_s": 0.7647220999933779,
    "concorde_tour": [
        1,
        3,
        7,
        12,
        9,
        17,
        20,
        16,
        6,
        18,
        2,
        10,
        11,
        5,
        14,
        4,
        19,
        15,
        8,
        13
    ],
    "lkh_length": 54650,
    "lkh_time_s": 0.04667489998973906,
    "lkh_tour": [
        10,
        11,
        5,
        14,
        4,
        19,
        15,
        8,
        13,
        1,
        3,
        7,
        12,
        9,
        17,
        20,
        16,
        6,
        18,
        2
    ],
    "lkh_gap_pct": 0.0
}