{
    "instance_name": "N20_D5_G1000_tria_20",
    "n_customers": 20,
    "dimension": 5,
    "grid_size": 1000,
    "optimal_cost": 13199,
    "optimal_tour": [
        4,
        16,
        15,
        14,
        7,
        9,
        18,
        1,
        10,
        20,
        19,
        3,
        17,
        13,
        2,
        5,
        6,
        12,
        11,
        8
    ],
    "optimal_solver": "lkh",
    "instance_file_path": "c:\\TSP_ND_ML_Project\\instances\\N20_D5_G1000_tria_20.json",
    "concorde_length": 13199,
    "concorde_time_s": 0.5384432999999262,
    "concorde_tour": [
        1,
        18,
        9,
        7,
        14,
        15,
        16,
        4,
        8,
        11,
        12,
        6,
        5,
        2,
        13,
        17,
        3,
        19,
        20,
        10
    ],
    "lkh_length": 13199,
    "lkh_time_s": 0.05001919995993376,
    "lkh_tour": [
        4,
        16,
        15,
        14,
        7,
        9,
        18,
        1,
        10,
        20,
        19,
        3,
        17,
        13,
        2,
        5,
        6,
        12,
        11,
        8
    ],
    "lkh_gap_pct": 0.0
}