{
    "instance_name": "N20_D4_G1000_grid_17",
    "n_customers": 20,
    "dimension": 4,
    "grid_size": 1000,
    "optimal_cost": 8564,
    "optimal_tour": [
        4,
        7,
        6,
        9,
        5,
        18,
        13,
        17,
        1,
        14,
        19,
        16,
        3,
        2,
        20,
        11,
        8,
        10,
        15,
        12
    ],
    "optimal_solver": "lkh",
    "instance_file_path": "c:\\TSP_ND_ML_Project\\instances\\N20_D4_G1000_grid_17.json",
    "concorde_length": 8564,
    "concorde_time_s": 1.134018000040669,
    "concorde_tour": [
        1,
        14,
        19,
        16,
        3,
        2,
        20,
        11,
        8,
        10,
        15,
        12,
        4,
        7,
        6,
        9,
        5,
        18,
        13,
        17
    ],
    "lkh_length": 8564,
    "lkh_time_s": 0.08604909997666255,
    "lkh_tour": [
        4,
        7,
        6,
        9,
        5,
        18,
        13,
        17,
        1,
        14,
        19,
        16,
        3,
        2,
        20,
        11,
        8,
        10,
        15,
        12
    ],
    "lkh_gap_pct": 0.0
}