{
    "instance_name": "N20_D4_G100_tria_17",
    "n_customers": 20,
    "dimension": 4,
    "grid_size": 100,
    "optimal_cost": 893,
    "optimal_tour": [
        2,
        15,
        7,
        5,
        6,
        20,
        11,
        9,
        13,
        18,
        1,
        12,
        16,
        3,
        14,
        10,
        17,
        8,
        19,
        4
    ],
    "optimal_solver": "lkh",
    "instance_file_path": "c:\\TSP_ND_ML_Project\\instances\\N20_D4_G100_tria_17.json",
    "concorde_length": 893,
    "concorde_time_s": 0.4383596000261605,
    "concorde_tour": [
        1,
        12,
        16,
        3,
        14,
        10,
        17,
        8,
        19,
        4,
        2,
        15,
        7,
        5,
        6,
        20,
        11,
        9,
        13,
        18
    ],
    "lkh_length": 893,
    "lkh_time_s": 0.09311319998232648,
    "lkh_tour": [
        2,
        15,
        7,
        5,
        6,
        20,
        11,
        9,
        13,
        18,
        1,
        12,
        16,
        3,
        14,
        10,
        17,
        8,
        19,
        4
    ],
    "lkh_gap_pct": 0.0
}