{
    "instance_name": "N20_D2_G10000_corr_7",
    "n_customers": 20,
    "dimension": 2,
    "grid_size": 10000,
    "optimal_cost": 25414,
    "optimal_tour": [
        12,
        16,
        14,
        3,
        7,
        19,
        18,
        9,
        13,
        15,
        20,
        1,
        10,
        6,
        11,
        4,
        2,
        5,
        17,
        8
    ],
    "optimal_solver": "lkh",
    "instance_file_path": "c:\\TSP_ND_ML_Project\\instances\\N20_D2_G10000_corr_7.json",
    "concorde_length": 25414,
    "concorde_time_s": 0.5166812000097707,
    "concorde_tour": [
        1,
        10,
        6,
        11,
        4,
        2,
        5,
        17,
        8,
        12,
        16,
        14,
        3,
        7,
        19,
        18,
        9,
        13,
        15,
        20
    ],
    "lkh_length": 25414,
    "lkh_time_s": 0.22662589998799376,
    "lkh_tour": [
        12,
        16,
        14,
        3,
        7,
        19,
        18,
        9,
        13,
        15,
        20,
        1,
        10,
        6,
        11,
        4,
        2,
        5,
        17,
        8
    ],
    "lkh_gap_pct": 0.0
}