{
    "instance_name": "N20_D5_G100_ring_2",
    "n_customers": 20,
    "dimension": 5,
    "grid_size": 100,
    "optimal_cost": 862,
    "optimal_tour": [
        9,
        7,
        13,
        14,
        10,
        8,
        2,
        19,
        15,
        4,
        11,
        5,
        18,
        20,
        1,
        3,
        16,
        6,
        17,
        12
    ],
    "optimal_solver": "lkh",
    "instance_file_path": "c:\\TSP_ND_ML_Project\\instances\\N20_D5_G100_ring_2.json",
    "concorde_length": 862,
    "concorde_time_s": 0.6656114999786951,
    "concorde_tour": [
        1,
        20,
        18,
        5,
        11,
        4,
        15,
        19,
        2,
        8,
        10,
        14,
        13,
        7,
        9,
        12,
        17,
        6,
        16,
        3
    ],
    "lkh_length": 862,
    "lkh_time_s": 0.08011799998348579,
    "lkh_tour": [
        9,
        7,
        13,
        14,
        10,
        8,
        2,
        19,
        15,
        4,
        11,
        5,
        18,
        20,
        1,
        3,
        16,
        6,
        17,
        12
    ],
    "lkh_gap_pct": 0.0
}