{
    "instance_name": "N20_D5_G100_corr_10",
    "n_customers": 20,
    "dimension": 5,
    "grid_size": 100,
    "optimal_cost": 598,
    "optimal_tour": [
        17,
        9,
        12,
        8,
        19,
        15,
        1,
        6,
        13,
        4,
        16,
        18,
        2,
        5,
        20,
        14,
        7,
        3,
        11,
        10
    ],
    "optimal_solver": "lkh",
    "instance_file_path": "c:\\TSP_ND_ML_Project\\instances\\N20_D5_G100_corr_10.json",
    "concorde_length": 598,
    "concorde_time_s": 1.089293800003361,
    "concorde_tour": [
        1,
        6,
        13,
        4,
        16,
        18,
        2,
        5,
        20,
        14,
        7,
        3,
        11,
        10,
        17,
        9,
        12,
        8,
        19,
        15
    ],
    "lkh_length": 598,
    "lkh_time_s": 0.21489370003109798,
    "lkh_tour": [
        17,
        9,
        12,
        8,
        19,
        15,
        1,
        6,
        13,
        4,
        16,
        18,
        2,
        5,
        20,
        14,
        7,
        3,
        11,
        10
    ],
    "lkh_gap_pct": 0.0
}