{
    "instance_name": "N20_D2_G100_pow_6",
    "n_customers": 20,
    "dimension": 2,
    "grid_size": 100,
    "optimal_cost": 400,
    "optimal_tour": [
        9,
        13,
        2,
        16,
        19,
        15,
        12,
        10,
        18,
        20,
        5,
        3,
        7,
        8,
        14,
        17,
        1,
        4,
        11,
        6
    ],
    "optimal_solver": "lkh",
    "instance_file_path": "c:\\TSP_ND_ML_Project\\instances\\N20_D2_G100_pow_6.json",
    "concorde_length": 400,
    "concorde_time_s": 0.5522626000165474,
    "concorde_tour": [
        1,
        8,
        17,
        18,
        20,
        5,
        3,
        15,
        12,
        19,
        10,
        6,
        16,
        13,
        9,
        2,
        11,
        4,
        7,
        14
    ],
    "lkh_length": 400,
    "lkh_time_s": 0.43665400001918897,
    "lkh_tour": [
        9,
        13,
        2,
        16,
        19,
        15,
        12,
        10,
        18,
        20,
        5,
        3,
        7,
        8,
        14,
        17,
        1,
        4,
        11,
        6
    ],
    "lkh_gap_pct": 0.0
}