{
    "instance_name": "N20_D2_G100_rand_5",
    "n_customers": 20,
    "dimension": 2,
    "grid_size": 100,
    "optimal_cost": 334,
    "optimal_tour": [
        9,
        14,
        16,
        8,
        20,
        5,
        10,
        18,
        17,
        15,
        7,
        1,
        3,
        6,
        11,
        2,
        4,
        13,
        19,
        12
    ],
    "optimal_solver": "lkh",
    "instance_file_path": "c:\\TSP_ND_ML_Project\\instances\\N20_D2_G100_rand_5.json",
    "concorde_length": 334,
    "concorde_time_s": 0.5707346000126563,
    "concorde_tour": [
        1,
        3,
        6,
        11,
        2,
        4,
        13,
        19,
        12,
        9,
        14,
        16,
        8,
        20,
        5,
        10,
        18,
        17,
        15,
        7
    ],
    "lkh_length": 334,
    "lkh_time_s": 0.1072985999926459,
    "lkh_tour": [
        9,
        14,
        16,
        8,
        20,
        5,
        10,
        18,
        17,
        15,
        7,
        1,
        3,
        6,
        11,
        2,
        4,
        13,
        19,
        12
    ],
    "lkh_gap_pct": 0.0
}