{
    "instance_name": "N20_D4_G100_ring_19",
    "n_customers": 20,
    "dimension": 4,
    "grid_size": 100,
    "optimal_cost": 777,
    "optimal_tour": [
        11,
        19,
        12,
        17,
        5,
        9,
        14,
        10,
        4,
        13,
        6,
        18,
        2,
        7,
        15,
        1,
        8,
        3,
        16,
        20
    ],
    "optimal_solver": "lkh",
    "instance_file_path": "c:\\TSP_ND_ML_Project\\instances\\N20_D4_G100_ring_19.json",
    "concorde_length": 777,
    "concorde_time_s": 0.30718699999852106,
    "concorde_tour": [
        1,
        8,
        3,
        16,
        20,
        11,
        19,
        12,
        17,
        5,
        9,
        14,
        10,
        4,
        13,
        6,
        18,
        2,
        7,
        15
    ],
    "lkh_length": 777,
    "lkh_time_s": 0.057168400031514466,
    "lkh_tour": [
        11,
        19,
        12,
        17,
        5,
        9,
        14,
        10,
        4,
        13,
        6,
        18,
        2,
        7,
        15,
        1,
        8,
        3,
        16,
        20
    ],
    "lkh_gap_pct": 0.0
}