{
    "instance_name": "N20_D4_G10000_rand_9",
    "n_customers": 20,
    "dimension": 4,
    "grid_size": 10000,
    "optimal_cost": 87974,
    "optimal_tour": [
        2,
        9,
        4,
        5,
        18,
        3,
        10,
        16,
        1,
        15,
        19,
        8,
        6,
        14,
        13,
        7,
        17,
        20,
        11,
        12
    ],
    "optimal_solver": "lkh",
    "instance_file_path": "c:\\TSP_ND_ML_Project\\instances\\N20_D4_G10000_rand_9.json",
    "concorde_length": 87974,
    "concorde_time_s": 0.4733651999849826,
    "concorde_tour": [
        1,
        15,
        19,
        8,
        6,
        14,
        13,
        7,
        17,
        20,
        11,
        12,
        2,
        9,
        4,
        5,
        18,
        3,
        10,
        16
    ],
    "lkh_length": 87974,
    "lkh_time_s": 0.07293020002543926,
    "lkh_tour": [
        2,
        9,
        4,
        5,
        18,
        3,
        10,
        16,
        1,
        15,
        19,
        8,
        6,
        14,
        13,
        7,
        17,
        20,
        11,
        12
    ],
    "lkh_gap_pct": 0.0
}