{
    "instance_name": "N20_D5_G10000_tria_14",
    "n_customers": 20,
    "dimension": 5,
    "grid_size": 10000,
    "optimal_cost": 131921,
    "optimal_tour": [
        12,
        1,
        2,
        15,
        20,
        13,
        14,
        5,
        7,
        19,
        6,
        11,
        4,
        10,
        9,
        17,
        8,
        18,
        16,
        3
    ],
    "optimal_solver": "lkh",
    "instance_file_path": "c:\\TSP_ND_ML_Project\\instances\\N20_D5_G10000_tria_14.json",
    "concorde_length": 131921,
    "concorde_time_s": 0.6882954000029713,
    "concorde_tour": [
        1,
        12,
        3,
        16,
        18,
        8,
        17,
        9,
        10,
        4,
        11,
        6,
        19,
        7,
        5,
        14,
        13,
        20,
        15,
        2
    ],
    "lkh_length": 131921,
    "lkh_time_s": 0.11328689998481423,
    "lkh_tour": [
        12,
        1,
        2,
        15,
        20,
        13,
        14,
        5,
        7,
        19,
        6,
        11,
        4,
        10,
        9,
        17,
        8,
        18,
        16,
        3
    ],
    "lkh_gap_pct": 0.0
}