{
    "instance_name": "N20_D5_G1000_clus_11",
    "n_customers": 20,
    "dimension": 5,
    "grid_size": 1000,
    "optimal_cost": 2754,
    "optimal_tour": [
        12,
        10,
        4,
        15,
        2,
        14,
        17,
        1,
        9,
        5,
        18,
        7,
        16,
        3,
        6,
        11,
        19,
        20,
        8,
        13
    ],
    "optimal_solver": "lkh",
    "instance_file_path": "c:\\TSP_ND_ML_Project\\instances\\N20_D5_G1000_clus_11.json",
    "concorde_length": 2754,
    "concorde_time_s": 0.7076360000064597,
    "concorde_tour": [
        1,
        9,
        5,
        18,
        7,
        16,
        3,
        6,
        11,
        19,
        20,
        8,
        13,
        12,
        10,
        4,
        15,
        2,
        14,
        17
    ],
    "lkh_length": 2754,
    "lkh_time_s": 0.10591949999798089,
    "lkh_tour": [
        12,
        10,
        4,
        15,
        2,
        14,
        17,
        1,
        9,
        5,
        18,
        7,
        16,
        3,
        6,
        11,
        19,
        20,
        8,
        13
    ],
    "lkh_gap_pct": 0.0
}