{
    "instance_name": "N20_D4_G1000_norm_3",
    "n_customers": 20,
    "dimension": 4,
    "grid_size": 1000,
    "optimal_cost": 5393,
    "optimal_tour": [
        19,
        17,
        15,
        12,
        8,
        16,
        13,
        3,
        20,
        7,
        2,
        14,
        1,
        9,
        4,
        10,
        11,
        18,
        6,
        5
    ],
    "optimal_solver": "lkh",
    "instance_file_path": "c:\\TSP_ND_ML_Project\\instances\\N20_D4_G1000_norm_3.json",
    "concorde_length": 5393,
    "concorde_time_s": 0.8396684000035748,
    "concorde_tour": [
        1,
        9,
        4,
        10,
        11,
        18,
        6,
        5,
        19,
        17,
        15,
        12,
        8,
        16,
        13,
        3,
        20,
        7,
        2,
        14
    ],
    "lkh_length": 5393,
    "lkh_time_s": 0.07521249999990687,
    "lkh_tour": [
        19,
        17,
        15,
        12,
        8,
        16,
        13,
        3,
        20,
        7,
        2,
        14,
        1,
        9,
        4,
        10,
        11,
        18,
        6,
        5
    ],
    "lkh_gap_pct": 0.0
}