{
    "instance_name": "N20_D3_G1000_corn_16",
    "n_customers": 20,
    "dimension": 3,
    "grid_size": 1000,
    "optimal_cost": 7371,
    "optimal_tour": [
        11,
        15,
        6,
        14,
        9,
        5,
        2,
        18,
        3,
        8,
        19,
        10,
        7,
        16,
        20,
        1,
        12,
        17,
        13,
        4
    ],
    "optimal_solver": "lkh",
    "instance_file_path": "c:\\TSP_ND_ML_Project\\instances\\N20_D3_G1000_corn_16.json",
    "concorde_length": 7371,
    "concorde_time_s": 0.805710699991323,
    "concorde_tour": [
        1,
        20,
        16,
        7,
        10,
        19,
        8,
        3,
        18,
        2,
        5,
        9,
        14,
        6,
        15,
        11,
        4,
        13,
        17,
        12
    ],
    "lkh_length": 7371,
    "lkh_time_s": 0.10329930001171306,
    "lkh_tour": [
        11,
        15,
        6,
        14,
        9,
        5,
        2,
        18,
        3,
        8,
        19,
        10,
        7,
        16,
        20,
        1,
        12,
        17,
        13,
        4
    ],
    "lkh_gap_pct": 0.0
}