{
    "instance_name": "N20_D3_G1000_grid_12",
    "n_customers": 20,
    "dimension": 3,
    "grid_size": 1000,
    "optimal_cost": 6145,
    "optimal_tour": [
        19,
        7,
        13,
        1,
        11,
        10,
        6,
        2,
        8,
        15,
        3,
        4,
        9,
        14,
        20,
        18,
        16,
        5,
        17,
        12
    ],
    "optimal_solver": "lkh",
    "instance_file_path": "c:\\TSP_ND_ML_Project\\instances\\N20_D3_G1000_grid_12.json",
    "concorde_length": 6145,
    "concorde_time_s": 0.33194290002575144,
    "concorde_tour": [
        1,
        13,
        7,
        19,
        12,
        17,
        5,
        16,
        18,
        20,
        14,
        9,
        4,
        3,
        15,
        8,
        2,
        6,
        10,
        11
    ],
    "lkh_length": 6145,
    "lkh_time_s": 0.07358570001088083,
    "lkh_tour": [
        19,
        7,
        13,
        1,
        11,
        10,
        6,
        2,
        8,
        15,
        3,
        4,
        9,
        14,
        20,
        18,
        16,
        5,
        17,
        12
    ],
    "lkh_gap_pct": 0.0
}