{
    "instance_name": "N20_D5_G100_norm_19",
    "n_customers": 20,
    "dimension": 5,
    "grid_size": 100,
    "optimal_cost": 623,
    "optimal_tour": [
        2,
        17,
        11,
        3,
        9,
        18,
        20,
        1,
        7,
        13,
        5,
        10,
        15,
        12,
        16,
        4,
        19,
        8,
        14,
        6
    ],
    "optimal_solver": "lkh",
    "instance_file_path": "c:\\TSP_ND_ML_Project\\instances\\N20_D5_G100_norm_19.json",
    "concorde_length": 623,
    "concorde_time_s": 0.5373303999658674,
    "concorde_tour": [
        1,
        20,
        18,
        11,
        17,
        2,
        6,
        19,
        14,
        8,
        3,
        9,
        4,
        16,
        12,
        15,
        10,
        5,
        13,
        7
    ],
    "lkh_length": 623,
    "lkh_time_s": 0.06645610003033653,
    "lkh_tour": [
        2,
        17,
        11,
        3,
        9,
        18,
        20,
        1,
        7,
        13,
        5,
        10,
        15,
        12,
        16,
        4,
        19,
        8,
        14,
        6
    ],
    "lkh_gap_pct": 0.0
}