{
    "instance_name": "N20_D5_G1000_corr_7",
    "n_customers": 20,
    "dimension": 5,
    "grid_size": 1000,
    "optimal_cost": 5439,
    "optimal_tour": [
        7,
        12,
        4,
        8,
        14,
        13,
        18,
        16,
        17,
        11,
        3,
        9,
        5,
        20,
        6,
        10,
        2,
        19,
        15,
        1
    ],
    "optimal_solver": "lkh",
    "instance_file_path": "c:\\TSP_ND_ML_Project\\instances\\N20_D5_G1000_corr_7.json",
    "concorde_length": 5439,
    "concorde_time_s": 0.534862200031057,
    "concorde_tour": [
        1,
        15,
        19,
        2,
        10,
        6,
        20,
        5,
        9,
        3,
        11,
        17,
        16,
        18,
        13,
        14,
        8,
        4,
        12,
        7
    ],
    "lkh_length": 5439,
    "lkh_time_s": 0.1179015000234358,
    "lkh_tour": [
        7,
        12,
        4,
        8,
        14,
        13,
        18,
        16,
        17,
        11,
        3,
        9,
        5,
        20,
        6,
        10,
        2,
        19,
        15,
        1
    ],
    "lkh_gap_pct": 0.0
}