{
    "instance_name": "N20_D2_G10000_ring_2",
    "n_customers": 20,
    "dimension": 2,
    "grid_size": 10000,
    "optimal_cost": 24813,
    "optimal_tour": [
        15,
        13,
        7,
        5,
        11,
        1,
        2,
        10,
        18,
        9,
        20,
        12,
        17,
        14,
        8,
        19,
        3,
        4,
        6,
        16
    ],
    "optimal_solver": "lkh",
    "instance_file_path": "c:\\TSP_ND_ML_Project\\instances\\N20_D2_G10000_ring_2.json",
    "concorde_length": 24813,
    "concorde_time_s": 0.6908148000075016,
    "concorde_tour": [
        1,
        11,
        5,
        7,
        13,
        15,
        16,
        6,
        4,
        3,
        19,
        8,
        14,
        17,
        12,
        20,
        9,
        18,
        10,
        2
    ],
    "lkh_length": 24813,
    "lkh_time_s": 0.05514109999057837,
    "lkh_tour": [
        15,
        13,
        7,
        5,
        11,
        1,
        2,
        10,
        18,
        9,
        20,
        12,
        17,
        14,
        8,
        19,
        3,
        4,
        6,
        16
    ],
    "lkh_gap_pct": 0.0
}