{
    "instance_name": "N20_D5_G10000_grid_10",
    "n_customers": 20,
    "dimension": 5,
    "grid_size": 10000,
    "optimal_cost": 113443,
    "optimal_tour": [
        18,
        10,
        4,
        15,
        7,
        12,
        1,
        2,
        5,
        3,
        14,
        6,
        11,
        9,
        8,
        13,
        19,
        17,
        20,
        16
    ],
    "optimal_solver": "lkh",
    "instance_file_path": "c:\\TSP_ND_ML_Project\\instances\\N20_D5_G10000_grid_10.json",
    "concorde_length": 113443,
    "concorde_time_s": 0.5608830999699421,
    "concorde_tour": [
        1,
        2,
        5,
        3,
        14,
        6,
        11,
        9,
        8,
        13,
        19,
        17,
        20,
        16,
        18,
        10,
        4,
        15,
        7,
        12
    ],
    "lkh_length": 113443,
    "lkh_time_s": 0.05444109998643398,
    "lkh_tour": [
        18,
        10,
        4,
        15,
        7,
        12,
        1,
        2,
        5,
        3,
        14,
        6,
        11,
        9,
        8,
        13,
        19,
        17,
        20,
        16
    ],
    "lkh_gap_pct": 0.0
}