{
    "instance_name": "N20_D4_G100_norm_2",
    "n_customers": 20,
    "dimension": 4,
    "grid_size": 100,
    "optimal_cost": 491,
    "optimal_tour": [
        4,
        7,
        5,
        10,
        20,
        2,
        15,
        8,
        11,
        17,
        19,
        18,
        3,
        6,
        16,
        13,
        12,
        1,
        9,
        14
    ],
    "optimal_solver": "lkh",
    "instance_file_path": "c:\\TSP_ND_ML_Project\\instances\\N20_D4_G100_norm_2.json",
    "concorde_length": 491,
    "concorde_time_s": 1.0397784000379033,
    "concorde_tour": [
        1,
        12,
        13,
        16,
        6,
        3,
        18,
        2,
        15,
        8,
        11,
        17,
        19,
        20,
        10,
        5,
        7,
        4,
        14,
        9
    ],
    "lkh_length": 491,
    "lkh_time_s": 0.07876950001809746,
    "lkh_tour": [
        4,
        7,
        5,
        10,
        20,
        2,
        15,
        8,
        11,
        17,
        19,
        18,
        3,
        6,
        16,
        13,
        12,
        1,
        9,
        14
    ],
    "lkh_gap_pct": 0.0
}