{
    "instance_name": "N20_D3_G100_ring_5",
    "n_customers": 20,
    "dimension": 3,
    "grid_size": 100,
    "optimal_cost": 479,
    "optimal_tour": [
        15,
        17,
        19,
        3,
        20,
        11,
        14,
        1,
        13,
        8,
        7,
        10,
        4,
        12,
        16,
        2,
        6,
        18,
        9,
        5
    ],
    "optimal_solver": "lkh",
    "instance_file_path": "c:\\TSP_ND_ML_Project\\instances\\N20_D3_G100_ring_5.json",
    "concorde_length": 479,
    "concorde_time_s": 0.75822259997949,
    "concorde_tour": [
        1,
        13,
        8,
        7,
        10,
        4,
        12,
        16,
        2,
        6,
        18,
        9,
        5,
        15,
        17,
        19,
        3,
        20,
        11,
        14
    ],
    "lkh_length": 479,
    "lkh_time_s": 0.046656600025016814,
    "lkh_tour": [
        15,
        17,
        19,
        3,
        20,
        11,
        14,
        1,
        13,
        8,
        7,
        10,
        4,
        12,
        16,
        2,
        6,
        18,
        9,
        5
    ],
    "lkh_gap_pct": 0.0
}