{
    "instance_name": "N20_D3_G10000_grid_11",
    "n_customers": 20,
    "dimension": 3,
    "grid_size": 10000,
    "optimal_cost": 71966,
    "optimal_tour": [
        11,
        10,
        9,
        19,
        2,
        7,
        17,
        15,
        16,
        18,
        20,
        12,
        8,
        1,
        4,
        6,
        3,
        5,
        13,
        14
    ],
    "optimal_solver": "lkh",
    "instance_file_path": "c:\\TSP_ND_ML_Project\\instances\\N20_D3_G10000_grid_11.json",
    "concorde_length": 71966,
    "concorde_time_s": 0.5077960999915376,
    "concorde_tour": [
        1,
        4,
        6,
        3,
        5,
        13,
        14,
        11,
        10,
        9,
        19,
        2,
        7,
        17,
        15,
        16,
        18,
        20,
        12,
        8
    ],
    "lkh_length": 71966,
    "lkh_time_s": 0.06897680001566187,
    "lkh_tour": [
        11,
        10,
        9,
        19,
        2,
        7,
        17,
        15,
        16,
        18,
        20,
        12,
        8,
        1,
        4,
        6,
        3,
        5,
        13,
        14
    ],
    "lkh_gap_pct": 0.0
}