{
    "instance_name": "N20_D4_G1000_rand_3",
    "n_customers": 20,
    "dimension": 4,
    "grid_size": 1000,
    "optimal_cost": 9301,
    "optimal_tour": [
        4,
        15,
        16,
        18,
        9,
        17,
        2,
        7,
        6,
        8,
        19,
        5,
        12,
        11,
        13,
        14,
        3,
        20,
        1,
        10
    ],
    "optimal_solver": "lkh",
    "instance_file_path": "c:\\TSP_ND_ML_Project\\instances\\N20_D4_G1000_rand_3.json",
    "concorde_length": 9301,
    "concorde_time_s": 0.7058411000180058,
    "concorde_tour": [
        1,
        20,
        3,
        14,
        13,
        11,
        12,
        5,
        19,
        8,
        6,
        7,
        2,
        17,
        9,
        18,
        16,
        15,
        4,
        10
    ],
    "lkh_length": 9301,
    "lkh_time_s": 0.09339759999420494,
    "lkh_tour": [
        4,
        15,
        16,
        18,
        9,
        17,
        2,
        7,
        6,
        8,
        19,
        5,
        12,
        11,
        13,
        14,
        3,
        20,
        1,
        10
    ],
    "lkh_gap_pct": 0.0
}