{
    "instance_name": "N20_D3_G1000_pow_18",
    "n_customers": 20,
    "dimension": 3,
    "grid_size": 1000,
    "optimal_cost": 8000,
    "optimal_tour": [
        13,
        8,
        2,
        20,
        1,
        6,
        5,
        9,
        12,
        16,
        3,
        18,
        15,
        14,
        7,
        17,
        11,
        4,
        10,
        19
    ],
    "optimal_solver": "lkh",
    "instance_file_path": "c:\\TSP_ND_ML_Project\\instances\\N20_D3_G1000_pow_18.json",
    "concorde_length": 8000,
    "concorde_time_s": 0.4550823000026867,
    "concorde_tour": [
        1,
        5,
        9,
        11,
        7,
        17,
        13,
        10,
        4,
        19,
        8,
        2,
        14,
        3,
        18,
        16,
        15,
        12,
        20,
        6
    ],
    "lkh_length": 8000,
    "lkh_time_s": 0.10055629996350035,
    "lkh_tour": [
        13,
        8,
        2,
        20,
        1,
        6,
        5,
        9,
        12,
        16,
        3,
        18,
        15,
        14,
        7,
        17,
        11,
        4,
        10,
        19
    ],
    "lkh_gap_pct": 0.0
}