{
    "instance_name": "N20_D4_G10000_ring_2",
    "n_customers": 20,
    "dimension": 4,
    "grid_size": 10000,
    "optimal_cost": 74955,
    "optimal_tour": [
        14,
        6,
        9,
        19,
        2,
        3,
        15,
        11,
        5,
        7,
        12,
        10,
        20,
        17,
        13,
        1,
        8,
        16,
        18,
        4
    ],
    "optimal_solver": "lkh",
    "instance_file_path": "c:\\TSP_ND_ML_Project\\instances\\N20_D4_G10000_ring_2.json",
    "concorde_length": 74955,
    "concorde_time_s": 0.8156369000207633,
    "concorde_tour": [
        1,
        13,
        17,
        20,
        10,
        12,
        7,
        5,
        11,
        15,
        3,
        2,
        19,
        9,
        6,
        14,
        4,
        18,
        16,
        8
    ],
    "lkh_length": 74955,
    "lkh_time_s": 0.06124180002370849,
    "lkh_tour": [
        14,
        6,
        9,
        19,
        2,
        3,
        15,
        11,
        5,
        7,
        12,
        10,
        20,
        17,
        13,
        1,
        8,
        16,
        18,
        4
    ],
    "lkh_gap_pct": 0.0
}