{
    "instance_name": "N20_D2_G1000_rand_6",
    "n_customers": 20,
    "dimension": 2,
    "grid_size": 1000,
    "optimal_cost": 4051,
    "optimal_tour": [
        12,
        17,
        8,
        20,
        18,
        4,
        9,
        10,
        11,
        3,
        19,
        6,
        2,
        5,
        14,
        15,
        16,
        1,
        13,
        7
    ],
    "optimal_solver": "lkh",
    "instance_file_path": "c:\\TSP_ND_ML_Project\\instances\\N20_D2_G1000_rand_6.json",
    "concorde_length": 4051,
    "concorde_time_s": 0.8674034999858122,
    "concorde_tour": [
        1,
        13,
        7,
        12,
        17,
        8,
        20,
        18,
        4,
        9,
        10,
        11,
        3,
        19,
        6,
        2,
        5,
        14,
        15,
        16
    ],
    "lkh_length": 4051,
    "lkh_time_s": 0.12098010000772774,
    "lkh_tour": [
        12,
        17,
        8,
        20,
        18,
        4,
        9,
        10,
        11,
        3,
        19,
        6,
        2,
        5,
        14,
        15,
        16,
        1,
        13,
        7
    ],
    "lkh_gap_pct": 0.0
}