{
    "instance_name": "N20_D4_G100_norm_5",
    "n_customers": 20,
    "dimension": 4,
    "grid_size": 100,
    "optimal_cost": 527,
    "optimal_tour": [
        1,
        8,
        15,
        3,
        7,
        11,
        20,
        19,
        2,
        16,
        5,
        12,
        6,
        9,
        17,
        18,
        13,
        4,
        10,
        14
    ],
    "optimal_solver": "lkh",
    "instance_file_path": "c:\\TSP_ND_ML_Project\\instances\\N20_D4_G100_norm_5.json",
    "concorde_length": 527,
    "concorde_time_s": 0.572148000006564,
    "concorde_tour": [
        1,
        14,
        10,
        4,
        13,
        18,
        17,
        9,
        6,
        12,
        5,
        16,
        2,
        19,
        20,
        11,
        7,
        3,
        15,
        8
    ],
    "lkh_length": 527,
    "lkh_time_s": 0.08051240001805127,
    "lkh_tour": [
        1,
        8,
        15,
        3,
        7,
        11,
        20,
        19,
        2,
        16,
        5,
        12,
        6,
        9,
        17,
        18,
        13,
        4,
        10,
        14
    ],
    "lkh_gap_pct": 0.0
}