{
    "instance_name": "N20_D2_G100_corr_3",
    "n_customers": 20,
    "dimension": 2,
    "grid_size": 100,
    "optimal_cost": 289,
    "optimal_tour": [
        17,
        3,
        6,
        19,
        7,
        14,
        8,
        9,
        5,
        16,
        13,
        4,
        11,
        20,
        15,
        18,
        12,
        1,
        10,
        2
    ],
    "optimal_solver": "lkh",
    "instance_file_path": "c:\\TSP_ND_ML_Project\\instances\\N20_D2_G100_corr_3.json",
    "concorde_length": 289,
    "concorde_time_s": 0.48827140001230873,
    "concorde_tour": [
        1,
        10,
        2,
        17,
        3,
        6,
        19,
        14,
        8,
        9,
        5,
        7,
        16,
        13,
        4,
        11,
        20,
        15,
        18,
        12
    ],
    "lkh_length": 289,
    "lkh_time_s": 0.1746901999867987,
    "lkh_tour": [
        17,
        3,
        6,
        19,
        7,
        14,
        8,
        9,
        5,
        16,
        13,
        4,
        11,
        20,
        15,
        18,
        12,
        1,
        10,
        2
    ],
    "lkh_gap_pct": 0.0
}