{
    "instance_name": "N20_D5_G1000_rand_19",
    "n_customers": 20,
    "dimension": 5,
    "grid_size": 1000,
    "optimal_cost": 10527,
    "optimal_tour": [
        4,
        6,
        18,
        9,
        8,
        14,
        7,
        16,
        15,
        12,
        5,
        20,
        1,
        10,
        19,
        3,
        11,
        17,
        2,
        13
    ],
    "optimal_solver": "lkh",
    "instance_file_path": "c:\\TSP_ND_ML_Project\\instances\\N20_D5_G1000_rand_19.json",
    "concorde_length": 10527,
    "concorde_time_s": 0.7030293000279926,
    "concorde_tour": [
        1,
        20,
        5,
        12,
        15,
        16,
        7,
        14,
        8,
        9,
        18,
        6,
        4,
        13,
        2,
        17,
        11,
        3,
        19,
        10
    ],
    "lkh_length": 10527,
    "lkh_time_s": 0.07993859995622188,
    "lkh_tour": [
        4,
        6,
        18,
        9,
        8,
        14,
        7,
        16,
        15,
        12,
        5,
        20,
        1,
        10,
        19,
        3,
        11,
        17,
        2,
        13
    ],
    "lkh_gap_pct": 0.0
}