{
    "instance_name": "N20_D5_G100_corn_3",
    "n_customers": 20,
    "dimension": 5,
    "grid_size": 100,
    "optimal_cost": 1614,
    "optimal_tour": [
        19,
        1,
        12,
        7,
        8,
        20,
        3,
        2,
        13,
        9,
        4,
        17,
        18,
        15,
        6,
        10,
        14,
        16,
        11,
        5
    ],
    "optimal_solver": "lkh",
    "instance_file_path": "c:\\TSP_ND_ML_Project\\instances\\N20_D5_G100_corn_3.json",
    "concorde_length": 1614,
    "concorde_time_s": 0.6860608999850228,
    "concorde_tour": [
        1,
        19,
        5,
        11,
        14,
        16,
        6,
        10,
        15,
        18,
        17,
        4,
        9,
        13,
        2,
        3,
        20,
        8,
        7,
        12
    ],
    "lkh_length": 1614,
    "lkh_time_s": 0.10951330000534654,
    "lkh_tour": [
        19,
        1,
        12,
        7,
        8,
        20,
        3,
        2,
        13,
        9,
        4,
        17,
        18,
        15,
        6,
        10,
        14,
        16,
        11,
        5
    ],
    "lkh_gap_pct": 0.0
}