{
    "instance_name": "N20_D5_G10000_ring_4",
    "n_customers": 20,
    "dimension": 5,
    "grid_size": 10000,
    "optimal_cost": 89281,
    "optimal_tour": [
        14,
        12,
        3,
        11,
        4,
        9,
        13,
        7,
        17,
        2,
        5,
        6,
        20,
        1,
        16,
        15,
        10,
        19,
        8,
        18
    ],
    "optimal_solver": "lkh",
    "instance_file_path": "c:\\TSP_ND_ML_Project\\instances\\N20_D5_G10000_ring_4.json",
    "concorde_length": 89281,
    "concorde_time_s": 0.675540899974294,
    "concorde_tour": [
        1,
        16,
        15,
        10,
        19,
        8,
        18,
        14,
        12,
        3,
        11,
        4,
        9,
        13,
        7,
        17,
        2,
        5,
        6,
        20
    ],
    "lkh_length": 89281,
    "lkh_time_s": 0.059299000015016645,
    "lkh_tour": [
        14,
        12,
        3,
        11,
        4,
        9,
        13,
        7,
        17,
        2,
        5,
        6,
        20,
        1,
        16,
        15,
        10,
        19,
        8,
        18
    ],
    "lkh_gap_pct": 0.0
}