{
    "instance_name": "N20_D4_G1000_grid_8",
    "n_customers": 20,
    "dimension": 4,
    "grid_size": 1000,
    "optimal_cost": 9557,
    "optimal_tour": [
        15,
        10,
        3,
        11,
        16,
        18,
        8,
        17,
        1,
        6,
        19,
        5,
        20,
        9,
        12,
        2,
        14,
        4,
        13,
        7
    ],
    "optimal_solver": "lkh",
    "instance_file_path": "c:\\TSP_ND_ML_Project\\instances\\N20_D4_G1000_grid_8.json",
    "concorde_length": 9557,
    "concorde_time_s": 0.4208710999810137,
    "concorde_tour": [
        1,
        6,
        19,
        5,
        20,
        9,
        12,
        2,
        14,
        4,
        13,
        7,
        15,
        10,
        3,
        11,
        16,
        18,
        8,
        17
    ],
    "lkh_length": 9557,
    "lkh_time_s": 0.059267699951305985,
    "lkh_tour": [
        15,
        10,
        3,
        11,
        16,
        18,
        8,
        17,
        1,
        6,
        19,
        5,
        20,
        9,
        12,
        2,
        14,
        4,
        13,
        7
    ],
    "lkh_gap_pct": 0.0
}