{
    "instance_name": "N20_D4_G10000_grid_18",
    "n_customers": 20,
    "dimension": 4,
    "grid_size": 10000,
    "optimal_cost": 92727,
    "optimal_tour": [
        19,
        8,
        17,
        18,
        11,
        1,
        2,
        4,
        20,
        6,
        14,
        16,
        15,
        3,
        10,
        13,
        9,
        7,
        12,
        5
    ],
    "optimal_solver": "lkh",
    "instance_file_path": "c:\\TSP_ND_ML_Project\\instances\\N20_D4_G10000_grid_18.json",
    "concorde_length": 92727,
    "concorde_time_s": 0.8719697999767959,
    "concorde_tour": [
        1,
        11,
        18,
        17,
        8,
        19,
        5,
        12,
        7,
        9,
        13,
        10,
        3,
        15,
        16,
        14,
        6,
        20,
        4,
        2
    ],
    "lkh_length": 92727,
    "lkh_time_s": 0.0675558999646455,
    "lkh_tour": [
        19,
        8,
        17,
        18,
        11,
        1,
        2,
        4,
        20,
        6,
        14,
        16,
        15,
        3,
        10,
        13,
        9,
        7,
        12,
        5
    ],
    "lkh_gap_pct": 0.0
}