{
    "instance_name": "N20_D3_G1000_ring_2",
    "n_customers": 20,
    "dimension": 3,
    "grid_size": 1000,
    "optimal_cost": 4512,
    "optimal_tour": [
        12,
        1,
        4,
        8,
        10,
        2,
        11,
        16,
        3,
        17,
        7,
        6,
        19,
        20,
        15,
        14,
        18,
        5,
        13,
        9
    ],
    "optimal_solver": "lkh",
    "instance_file_path": "c:\\TSP_ND_ML_Project\\instances\\N20_D3_G1000_ring_2.json",
    "concorde_length": 4512,
    "concorde_time_s": 1.0833457999979146,
    "concorde_tour": [
        1,
        4,
        8,
        10,
        2,
        11,
        16,
        3,
        17,
        7,
        6,
        19,
        20,
        15,
        14,
        18,
        5,
        13,
        9,
        12
    ],
    "lkh_length": 4512,
    "lkh_time_s": 0.10286440001800656,
    "lkh_tour": [
        12,
        1,
        4,
        8,
        10,
        2,
        11,
        16,
        3,
        17,
        7,
        6,
        19,
        20,
        15,
        14,
        18,
        5,
        13,
        9
    ],
    "lkh_gap_pct": 0.0
}