{
    "instance_name": "N20_D4_G100_norm_4",
    "n_customers": 20,
    "dimension": 4,
    "grid_size": 100,
    "optimal_cost": 511,
    "optimal_tour": [
        10,
        4,
        8,
        17,
        18,
        1,
        6,
        3,
        7,
        13,
        5,
        15,
        11,
        16,
        9,
        19,
        20,
        12,
        14,
        2
    ],
    "optimal_solver": "lkh",
    "instance_file_path": "c:\\TSP_ND_ML_Project\\instances\\N20_D4_G100_norm_4.json",
    "concorde_length": 511,
    "concorde_time_s": 0.553108100022655,
    "concorde_tour": [
        1,
        6,
        3,
        7,
        13,
        5,
        15,
        11,
        16,
        9,
        19,
        20,
        12,
        14,
        2,
        10,
        4,
        8,
        17,
        18
    ],
    "lkh_length": 511,
    "lkh_time_s": 0.06640770001104102,
    "lkh_tour": [
        10,
        4,
        8,
        17,
        18,
        1,
        6,
        3,
        7,
        13,
        5,
        15,
        11,
        16,
        9,
        19,
        20,
        12,
        14,
        2
    ],
    "lkh_gap_pct": 0.0
}