{
    "instance_name": "N20_D4_G1000_clus_12",
    "n_customers": 20,
    "dimension": 4,
    "grid_size": 1000,
    "optimal_cost": 3386,
    "optimal_tour": [
        7,
        9,
        5,
        17,
        1,
        12,
        16,
        15,
        18,
        19,
        4,
        11,
        14,
        3,
        8,
        6,
        20,
        10,
        13,
        2
    ],
    "optimal_solver": "lkh",
    "instance_file_path": "c:\\TSP_ND_ML_Project\\instances\\N20_D4_G1000_clus_12.json",
    "concorde_length": 3386,
    "concorde_time_s": 1.2161072999588214,
    "concorde_tour": [
        1,
        12,
        16,
        15,
        18,
        19,
        4,
        11,
        14,
        3,
        8,
        6,
        20,
        10,
        13,
        2,
        7,
        9,
        5,
        17
    ],
    "lkh_length": 3386,
    "lkh_time_s": 0.13503840001067147,
    "lkh_tour": [
        7,
        9,
        5,
        17,
        1,
        12,
        16,
        15,
        18,
        19,
        4,
        11,
        14,
        3,
        8,
        6,
        20,
        10,
        13,
        2
    ],
    "lkh_gap_pct": 0.0
}