{
    "instance_name": "N20_D5_G10000_grid_13",
    "n_customers": 20,
    "dimension": 5,
    "grid_size": 10000,
    "optimal_cost": 109222,
    "optimal_tour": [
        15,
        18,
        2,
        19,
        12,
        3,
        5,
        13,
        17,
        20,
        9,
        16,
        14,
        7,
        11,
        8,
        6,
        1,
        4,
        10
    ],
    "optimal_solver": "lkh",
    "instance_file_path": "c:\\TSP_ND_ML_Project\\instances\\N20_D5_G10000_grid_13.json",
    "concorde_length": 109222,
    "concorde_time_s": 0.4823389999801293,
    "concorde_tour": [
        1,
        6,
        8,
        11,
        7,
        14,
        16,
        9,
        20,
        17,
        13,
        5,
        3,
        12,
        19,
        2,
        18,
        15,
        10,
        4
    ],
    "lkh_length": 109222,
    "lkh_time_s": 0.10367139999289066,
    "lkh_tour": [
        15,
        18,
        2,
        19,
        12,
        3,
        5,
        13,
        17,
        20,
        9,
        16,
        14,
        7,
        11,
        8,
        6,
        1,
        4,
        10
    ],
    "lkh_gap_pct": 0.0
}