{
    "instance_name": "N20_D4_G100_grid_2",
    "n_customers": 20,
    "dimension": 4,
    "grid_size": 100,
    "optimal_cost": 874,
    "optimal_tour": [
        11,
        18,
        15,
        7,
        12,
        4,
        1,
        2,
        3,
        16,
        14,
        13,
        20,
        8,
        10,
        9,
        6,
        19,
        5,
        17
    ],
    "optimal_solver": "lkh",
    "instance_file_path": "c:\\TSP_ND_ML_Project\\instances\\N20_D4_G100_grid_2.json",
    "concorde_length": 874,
    "concorde_time_s": 0.714599700004328,
    "concorde_tour": [
        1,
        2,
        3,
        16,
        14,
        13,
        20,
        8,
        10,
        9,
        6,
        19,
        5,
        17,
        11,
        18,
        15,
        7,
        12,
        4
    ],
    "lkh_length": 874,
    "lkh_time_s": 0.06356939999386668,
    "lkh_tour": [
        11,
        18,
        15,
        7,
        12,
        4,
        1,
        2,
        3,
        16,
        14,
        13,
        20,
        8,
        10,
        9,
        6,
        19,
        5,
        17
    ],
    "lkh_gap_pct": 0.0
}