{
    "instance_name": "N20_D3_G100_pow_14",
    "n_customers": 20,
    "dimension": 3,
    "grid_size": 100,
    "optimal_cost": 741,
    "optimal_tour": [
        19,
        13,
        4,
        2,
        20,
        14,
        1,
        8,
        10,
        7,
        9,
        17,
        3,
        5,
        16,
        18,
        12,
        15,
        11,
        6
    ],
    "optimal_solver": "lkh",
    "instance_file_path": "c:\\TSP_ND_ML_Project\\instances\\N20_D3_G100_pow_14.json",
    "concorde_length": 741,
    "concorde_time_s": 0.7528639999800362,
    "concorde_tour": [
        1,
        14,
        5,
        18,
        16,
        17,
        3,
        9,
        7,
        10,
        20,
        2,
        4,
        13,
        12,
        19,
        11,
        15,
        6,
        8
    ],
    "lkh_length": 741,
    "lkh_time_s": 0.30301390000386164,
    "lkh_tour": [
        19,
        13,
        4,
        2,
        20,
        14,
        1,
        8,
        10,
        7,
        9,
        17,
        3,
        5,
        16,
        18,
        12,
        15,
        11,
        6
    ],
    "lkh_gap_pct": 0.0
}