{
    "instance_name": "N20_D5_G1000_corr_4",
    "n_customers": 20,
    "dimension": 5,
    "grid_size": 1000,
    "optimal_cost": 5713,
    "optimal_tour": [
        4,
        15,
        7,
        8,
        11,
        12,
        13,
        5,
        16,
        20,
        6,
        3,
        18,
        19,
        9,
        14,
        1,
        2,
        10,
        17
    ],
    "optimal_solver": "lkh",
    "instance_file_path": "c:\\TSP_ND_ML_Project\\instances\\N20_D5_G1000_corr_4.json",
    "concorde_length": 5713,
    "concorde_time_s": 0.8506744999904186,
    "concorde_tour": [
        1,
        2,
        10,
        17,
        4,
        15,
        7,
        8,
        11,
        12,
        13,
        5,
        16,
        20,
        6,
        3,
        18,
        19,
        9,
        14
    ],
    "lkh_length": 5713,
    "lkh_time_s": 0.16038150002714247,
    "lkh_tour": [
        4,
        15,
        7,
        8,
        11,
        12,
        13,
        5,
        16,
        20,
        6,
        3,
        18,
        19,
        9,
        14,
        1,
        2,
        10,
        17
    ],
    "lkh_gap_pct": 0.0
}