{
    "instance_name": "N30_D5_G10000_corr_19",
    "n_customers": 30,
    "dimension": 5,
    "grid_size": 10000,
    "optimal_cost": 73933,
    "optimal_tour": [
        3,
        22,
        6,
        24,
        7,
        17,
        2,
        13,
        5,
        20,
        30,
        23,
        19,
        21,
        26,
        28,
        29,
        18,
        27,
        16,
        12,
        15,
        8,
        10,
        11,
        14,
        4,
        25,
        9,
        1
    ],
    "optimal_solver": "lkh",
    "instance_file_path": "c:\\TSP_ND_ML_Project\\instances\\N30_D5_G10000_corr_19.json",
    "concorde_length": 73933,
    "concorde_time_s": 1.1055213999934494,
    "concorde_tour": [
        1,
        9,
        25,
        4,
        14,
        11,
        10,
        8,
        15,
        12,
        16,
        27,
        18,
        29,
        28,
        26,
        21,
        19,
        23,
        30,
        20,
        5,
        13,
        2,
        17,
        7,
        24,
        6,
        22,
        3
    ],
    "lkh_length": 73933,
    "lkh_time_s": 0.046678700018674135,
    "lkh_tour": [
        3,
        22,
        6,
        24,
        7,
        17,
        2,
        13,
        5,
        20,
        30,
        23,
        19,
        21,
        26,
        28,
        29,
        18,
        27,
        16,
        12,
        15,
        8,
        10,
        11,
        14,
        4,
        25,
        9,
        1
    ],
    "lkh_gap_pct": 0.0
}