{
    "instance_name": "N30_D5_G100_pow_13",
    "n_customers": 30,
    "dimension": 5,
    "grid_size": 100,
    "optimal_cost": 1673,
    "optimal_tour": [
        16,
        26,
        28,
        5,
        23,
        15,
        12,
        18,
        17,
        10,
        25,
        9,
        27,
        7,
        30,
        22,
        14,
        29,
        19,
        24,
        11,
        6,
        21,
        4,
        1,
        2,
        13,
        8,
        3,
        20
    ],
    "optimal_solver": "lkh",
    "instance_file_path": "c:\\TSP_ND_ML_Project\\instances\\N30_D5_G100_pow_13.json",
    "concorde_length": 1673,
    "concorde_time_s": 0.5099526999983937,
    "concorde_tour": [
        1,
        2,
        8,
        3,
        13,
        26,
        28,
        16,
        20,
        5,
        11,
        24,
        29,
        19,
        14,
        22,
        30,
        7,
        9,
        27,
        10,
        25,
        17,
        18,
        12,
        15,
        23,
        21,
        4,
        6
    ],
    "lkh_length": 1673,
    "lkh_time_s": 0.2679984000278637,
    "lkh_tour": [
        16,
        26,
        28,
        5,
        23,
        15,
        12,
        18,
        17,
        10,
        25,
        9,
        27,
        7,
        30,
        22,
        14,
        29,
        19,
        24,
        11,
        6,
        21,
        4,
        1,
        2,
        13,
        8,
        3,
        20
    ],
    "lkh_gap_pct": 0.0
}