{
    "instance_name": "N30_D2_G1000_pow_5",
    "n_customers": 30,
    "dimension": 2,
    "grid_size": 1000,
    "optimal_cost": 4000,
    "optimal_tour": [
        19,
        12,
        15,
        13,
        3,
        8,
        17,
        7,
        10,
        14,
        28,
        23,
        18,
        6,
        1,
        2,
        21,
        11,
        30,
        25,
        24,
        9,
        4,
        16,
        29,
        5,
        26,
        27,
        22,
        20
    ],
    "optimal_solver": "lkh",
    "instance_file_path": "c:\\TSP_ND_ML_Project\\instances\\N30_D2_G1000_pow_5.json",
    "concorde_length": 4000,
    "concorde_time_s": 0.9600039999932051,
    "concorde_tour": [
        1,
        8,
        7,
        13,
        3,
        10,
        14,
        17,
        15,
        26,
        22,
        12,
        20,
        27,
        19,
        9,
        16,
        25,
        24,
        30,
        4,
        5,
        11,
        29,
        21,
        23,
        28,
        6,
        18,
        2
    ],
    "lkh_length": 4000,
    "lkh_time_s": 0.8346930999832693,
    "lkh_tour": [
        19,
        12,
        15,
        13,
        3,
        8,
        17,
        7,
        10,
        14,
        28,
        23,
        18,
        6,
        1,
        2,
        21,
        11,
        30,
        25,
        24,
        9,
        4,
        16,
        29,
        5,
        26,
        27,
        22,
        20
    ],
    "lkh_gap_pct": 0.0
}