{
    "instance_name": "N30_D3_G10000_norm_4",
    "n_customers": 30,
    "dimension": 3,
    "grid_size": 10000,
    "optimal_cost": 59680,
    "optimal_tour": [
        6,
        11,
        14,
        8,
        29,
        3,
        13,
        16,
        17,
        22,
        21,
        25,
        1,
        15,
        2,
        18,
        20,
        10,
        12,
        28,
        23,
        5,
        30,
        4,
        27,
        26,
        9,
        24,
        7,
        19
    ],
    "optimal_solver": "lkh",
    "instance_file_path": "c:\\TSP_ND_ML_Project\\instances\\N30_D3_G10000_norm_4.json",
    "concorde_length": 59680,
    "concorde_time_s": 0.889484099985566,
    "concorde_tour": [
        1,
        15,
        2,
        18,
        20,
        10,
        12,
        28,
        23,
        5,
        30,
        4,
        27,
        26,
        9,
        24,
        7,
        19,
        6,
        11,
        14,
        8,
        29,
        3,
        13,
        16,
        17,
        22,
        21,
        25
    ],
    "lkh_length": 59680,
    "lkh_time_s": 0.04753440001513809,
    "lkh_tour": [
        6,
        11,
        14,
        8,
        29,
        3,
        13,
        16,
        17,
        22,
        21,
        25,
        1,
        15,
        2,
        18,
        20,
        10,
        12,
        28,
        23,
        5,
        30,
        4,
        27,
        26,
        9,
        24,
        7,
        19
    ],
    "lkh_gap_pct": 0.0
}