{
    "instance_name": "N30_D3_G1000_corn_3",
    "n_customers": 30,
    "dimension": 3,
    "grid_size": 1000,
    "optimal_cost": 8098,
    "optimal_tour": [
        11,
        10,
        28,
        16,
        17,
        26,
        19,
        27,
        13,
        25,
        23,
        29,
        9,
        8,
        15,
        1,
        2,
        30,
        20,
        21,
        24,
        7,
        14,
        3,
        18,
        6,
        22,
        12,
        4,
        5
    ],
    "optimal_solver": "lkh",
    "instance_file_path": "c:\\TSP_ND_ML_Project\\instances\\N30_D3_G1000_corn_3.json",
    "concorde_length": 8098,
    "concorde_time_s": 0.5468827000004239,
    "concorde_tour": [
        1,
        15,
        8,
        9,
        29,
        23,
        25,
        13,
        27,
        19,
        26,
        17,
        16,
        28,
        10,
        11,
        5,
        4,
        12,
        22,
        6,
        18,
        3,
        14,
        7,
        24,
        21,
        20,
        30,
        2
    ],
    "lkh_length": 8098,
    "lkh_time_s": 0.09013309999136254,
    "lkh_tour": [
        11,
        10,
        28,
        16,
        17,
        26,
        19,
        27,
        13,
        25,
        23,
        29,
        9,
        8,
        15,
        1,
        2,
        30,
        20,
        21,
        24,
        7,
        14,
        3,
        18,
        6,
        22,
        12,
        4,
        5
    ],
    "lkh_gap_pct": 0.0
}