{
    "instance_name": "N30_D3_G1000_tria_11",
    "n_customers": 30,
    "dimension": 3,
    "grid_size": 1000,
    "optimal_cost": 8728,
    "optimal_tour": [
        1,
        12,
        25,
        17,
        26,
        11,
        22,
        10,
        9,
        2,
        6,
        3,
        5,
        15,
        4,
        29,
        19,
        20,
        16,
        7,
        24,
        21,
        8,
        23,
        30,
        27,
        18,
        14,
        28,
        13
    ],
    "optimal_solver": "lkh",
    "instance_file_path": "c:\\TSP_ND_ML_Project\\instances\\N30_D3_G1000_tria_11.json",
    "concorde_length": 8728,
    "concorde_time_s": 0.9282244999776594,
    "concorde_tour": [
        1,
        12,
        25,
        17,
        26,
        11,
        22,
        10,
        9,
        2,
        6,
        3,
        5,
        15,
        4,
        29,
        19,
        20,
        16,
        7,
        24,
        21,
        8,
        23,
        30,
        27,
        18,
        14,
        28,
        13
    ],
    "lkh_length": 8728,
    "lkh_time_s": 0.09682099998462945,
    "lkh_tour": [
        1,
        12,
        25,
        17,
        26,
        11,
        22,
        10,
        9,
        2,
        6,
        3,
        5,
        15,
        4,
        29,
        19,
        20,
        16,
        7,
        24,
        21,
        8,
        23,
        30,
        27,
        18,
        14,
        28,
        13
    ],
    "lkh_gap_pct": 0.0
}