{
    "instance_name": "N30_D4_G10000_corr_19",
    "n_customers": 30,
    "dimension": 4,
    "grid_size": 10000,
    "optimal_cost": 57225,
    "optimal_tour": [
        10,
        6,
        17,
        19,
        25,
        27,
        30,
        8,
        11,
        24,
        22,
        9,
        15,
        21,
        4,
        13,
        26,
        5,
        7,
        2,
        29,
        28,
        18,
        14,
        16,
        23,
        1,
        3,
        12,
        20
    ],
    "optimal_solver": "lkh",
    "instance_file_path": "c:\\TSP_ND_ML_Project\\instances\\N30_D4_G10000_corr_19.json",
    "concorde_length": 57225,
    "concorde_time_s": 1.1888270000345074,
    "concorde_tour": [
        1,
        23,
        16,
        14,
        18,
        28,
        29,
        2,
        7,
        5,
        26,
        13,
        4,
        21,
        15,
        9,
        22,
        24,
        11,
        8,
        30,
        27,
        25,
        19,
        17,
        6,
        10,
        20,
        12,
        3
    ],
    "lkh_length": 57225,
    "lkh_time_s": 0.049318799981847405,
    "lkh_tour": [
        10,
        6,
        17,
        19,
        25,
        27,
        30,
        8,
        11,
        24,
        22,
        9,
        15,
        21,
        4,
        13,
        26,
        5,
        7,
        2,
        29,
        28,
        18,
        14,
        16,
        23,
        1,
        3,
        12,
        20
    ],
    "lkh_gap_pct": 0.0
}