{
    "instance_name": "N30_D4_G100_rand_14",
    "n_customers": 30,
    "dimension": 4,
    "grid_size": 100,
    "optimal_cost": 1177,
    "optimal_tour": [
        3,
        22,
        11,
        9,
        4,
        13,
        21,
        19,
        17,
        24,
        5,
        7,
        28,
        1,
        25,
        30,
        26,
        6,
        16,
        23,
        27,
        10,
        20,
        29,
        15,
        18,
        2,
        12,
        14,
        8
    ],
    "optimal_solver": "lkh",
    "instance_file_path": "c:\\TSP_ND_ML_Project\\instances\\N30_D4_G100_rand_14.json",
    "concorde_length": 1177,
    "concorde_time_s": 0.8058173999888822,
    "concorde_tour": [
        1,
        28,
        7,
        5,
        24,
        17,
        19,
        21,
        13,
        4,
        9,
        11,
        22,
        3,
        8,
        14,
        12,
        2,
        18,
        15,
        29,
        20,
        10,
        27,
        23,
        16,
        6,
        26,
        30,
        25
    ],
    "lkh_length": 1177,
    "lkh_time_s": 0.06927989999530837,
    "lkh_tour": [
        3,
        22,
        11,
        9,
        4,
        13,
        21,
        19,
        17,
        24,
        5,
        7,
        28,
        1,
        25,
        30,
        26,
        6,
        16,
        23,
        27,
        10,
        20,
        29,
        15,
        18,
        2,
        12,
        14,
        8
    ],
    "lkh_gap_pct": 0.0
}