{
    "instance_name": "N30_D2_G1000_rand_13",
    "n_customers": 30,
    "dimension": 2,
    "grid_size": 1000,
    "optimal_cost": 4962,
    "optimal_tour": [
        17,
        6,
        21,
        24,
        18,
        1,
        15,
        14,
        11,
        12,
        26,
        7,
        27,
        9,
        19,
        22,
        30,
        2,
        28,
        3,
        25,
        10,
        20,
        8,
        4,
        29,
        16,
        13,
        23,
        5
    ],
    "optimal_solver": "lkh",
    "instance_file_path": "c:\\TSP_ND_ML_Project\\instances\\N30_D2_G1000_rand_13.json",
    "concorde_length": 4962,
    "concorde_time_s": 1.5969102999952156,
    "concorde_tour": [
        1,
        18,
        24,
        21,
        6,
        17,
        5,
        23,
        13,
        16,
        29,
        4,
        8,
        20,
        10,
        25,
        3,
        28,
        2,
        30,
        22,
        19,
        9,
        27,
        7,
        26,
        12,
        11,
        14,
        15
    ],
    "lkh_length": 4962,
    "lkh_time_s": 0.2224774000060279,
    "lkh_tour": [
        17,
        6,
        21,
        24,
        18,
        1,
        15,
        14,
        11,
        12,
        26,
        7,
        27,
        9,
        19,
        22,
        30,
        2,
        28,
        3,
        25,
        10,
        20,
        8,
        4,
        29,
        16,
        13,
        23,
        5
    ],
    "lkh_gap_pct": 0.0
}