{
    "instance_name": "N30_D5_G10000_clus_7",
    "n_customers": 30,
    "dimension": 5,
    "grid_size": 10000,
    "optimal_cost": 66189,
    "optimal_tour": [
        24,
        3,
        21,
        15,
        1,
        7,
        6,
        28,
        10,
        11,
        17,
        5,
        14,
        16,
        30,
        4,
        9,
        23,
        22,
        19,
        12,
        26,
        8,
        13,
        18,
        20,
        2,
        27,
        25,
        29
    ],
    "optimal_solver": "lkh",
    "instance_file_path": "c:\\TSP_ND_ML_Project\\instances\\N30_D5_G10000_clus_7.json",
    "concorde_length": 66189,
    "concorde_time_s": 1.4618253000080585,
    "concorde_tour": [
        1,
        15,
        21,
        3,
        24,
        29,
        25,
        27,
        2,
        20,
        18,
        13,
        8,
        26,
        12,
        19,
        22,
        23,
        9,
        4,
        30,
        16,
        14,
        5,
        17,
        11,
        10,
        28,
        6,
        7
    ],
    "lkh_length": 66189,
    "lkh_time_s": 0.05484050000086427,
    "lkh_tour": [
        24,
        3,
        21,
        15,
        1,
        7,
        6,
        28,
        10,
        11,
        17,
        5,
        14,
        16,
        30,
        4,
        9,
        23,
        22,
        19,
        12,
        26,
        8,
        13,
        18,
        20,
        2,
        27,
        25,
        29
    ],
    "lkh_gap_pct": 0.0
}