{
    "instance_name": "N30_D5_G1000_ring_8",
    "n_customers": 30,
    "dimension": 5,
    "grid_size": 1000,
    "optimal_cost": 9861,
    "optimal_tour": [
        28,
        1,
        16,
        9,
        14,
        27,
        29,
        22,
        12,
        8,
        10,
        6,
        5,
        13,
        7,
        20,
        15,
        21,
        24,
        23,
        18,
        17,
        26,
        2,
        30,
        11,
        4,
        19,
        3,
        25
    ],
    "optimal_solver": "lkh",
    "instance_file_path": "c:\\TSP_ND_ML_Project\\instances\\N30_D5_G1000_ring_8.json",
    "concorde_length": 9861,
    "concorde_time_s": 1.971841900027357,
    "concorde_tour": [
        1,
        16,
        9,
        14,
        27,
        29,
        22,
        12,
        8,
        10,
        6,
        5,
        13,
        7,
        20,
        15,
        21,
        24,
        23,
        18,
        17,
        26,
        2,
        30,
        11,
        4,
        19,
        3,
        25,
        28
    ],
    "lkh_length": 9861,
    "lkh_time_s": 0.09631199995055795,
    "lkh_tour": [
        28,
        1,
        16,
        9,
        14,
        27,
        29,
        22,
        12,
        8,
        10,
        6,
        5,
        13,
        7,
        20,
        15,
        21,
        24,
        23,
        18,
        17,
        26,
        2,
        30,
        11,
        4,
        19,
        3,
        25
    ],
    "lkh_gap_pct": 0.0
}