{
    "instance_name": "N30_D4_G10000_pow_16",
    "n_customers": 30,
    "dimension": 4,
    "grid_size": 10000,
    "optimal_cost": 120000,
    "optimal_tour": [
        21,
        8,
        28,
        26,
        1,
        14,
        29,
        24,
        11,
        15,
        25,
        12,
        23,
        22,
        13,
        4,
        27,
        16,
        6,
        18,
        3,
        10,
        30,
        5,
        7,
        20,
        19,
        9,
        2,
        17
    ],
    "optimal_solver": "lkh",
    "instance_file_path": "c:\\TSP_ND_ML_Project\\instances\\N30_D4_G10000_pow_16.json",
    "concorde_length": 120000,
    "concorde_time_s": 0.42557280004257336,
    "concorde_tour": [
        1,
        26,
        13,
        22,
        12,
        23,
        25,
        24,
        11,
        15,
        29,
        14,
        18,
        16,
        6,
        27,
        4,
        3,
        10,
        30,
        9,
        20,
        19,
        5,
        7,
        17,
        2,
        21,
        28,
        8
    ],
    "lkh_length": 120000,
    "lkh_time_s": 0.15086080000037327,
    "lkh_tour": [
        21,
        8,
        28,
        26,
        1,
        14,
        29,
        24,
        11,
        15,
        25,
        12,
        23,
        22,
        13,
        4,
        27,
        16,
        6,
        18,
        3,
        10,
        30,
        5,
        7,
        20,
        19,
        9,
        2,
        17
    ],
    "lkh_gap_pct": 0.0
}