{
    "instance_name": "N30_D5_G1000_corr_17",
    "n_customers": 30,
    "dimension": 5,
    "grid_size": 1000,
    "optimal_cost": 7048,
    "optimal_tour": [
        3,
        8,
        1,
        7,
        24,
        6,
        4,
        13,
        15,
        9,
        21,
        17,
        18,
        28,
        5,
        10,
        16,
        25,
        19,
        23,
        29,
        27,
        20,
        2,
        14,
        30,
        12,
        11,
        26,
        22
    ],
    "optimal_solver": "lkh",
    "instance_file_path": "c:\\TSP_ND_ML_Project\\instances\\N30_D5_G1000_corr_17.json",
    "concorde_length": 7048,
    "concorde_time_s": 1.201160800002981,
    "concorde_tour": [
        1,
        7,
        24,
        6,
        4,
        13,
        15,
        9,
        21,
        17,
        18,
        28,
        5,
        10,
        16,
        25,
        19,
        23,
        29,
        27,
        20,
        2,
        14,
        30,
        12,
        11,
        26,
        22,
        3,
        8
    ],
    "lkh_length": 7048,
    "lkh_time_s": 0.05368260003160685,
    "lkh_tour": [
        3,
        8,
        1,
        7,
        24,
        6,
        4,
        13,
        15,
        9,
        21,
        17,
        18,
        28,
        5,
        10,
        16,
        25,
        19,
        23,
        29,
        27,
        20,
        2,
        14,
        30,
        12,
        11,
        26,
        22
    ],
    "lkh_gap_pct": 0.0
}