{
    "instance_name": "N30_D3_G100_pow_16",
    "n_customers": 30,
    "dimension": 3,
    "grid_size": 100,
    "optimal_cost": 800,
    "optimal_tour": [
        16,
        23,
        5,
        20,
        11,
        19,
        26,
        18,
        13,
        25,
        21,
        28,
        8,
        24,
        14,
        29,
        6,
        22,
        30,
        1,
        15,
        27,
        4,
        3,
        9,
        7,
        17,
        10,
        12,
        2
    ],
    "optimal_solver": "lkh",
    "instance_file_path": "c:\\TSP_ND_ML_Project\\instances\\N30_D3_G100_pow_16.json",
    "concorde_length": 800,
    "concorde_time_s": 1.0151253000367433,
    "concorde_tour": [
        1,
        30,
        22,
        27,
        15,
        6,
        29,
        24,
        14,
        12,
        17,
        10,
        4,
        7,
        9,
        3,
        2,
        23,
        5,
        16,
        8,
        13,
        28,
        21,
        25,
        26,
        18,
        20,
        19,
        11
    ],
    "lkh_length": 800,
    "lkh_time_s": 0.30538209999212995,
    "lkh_tour": [
        16,
        23,
        5,
        20,
        11,
        19,
        26,
        18,
        13,
        25,
        21,
        28,
        8,
        24,
        14,
        29,
        6,
        22,
        30,
        1,
        15,
        27,
        4,
        3,
        9,
        7,
        17,
        10,
        12,
        2
    ],
    "lkh_gap_pct": 0.0
}