{
    "instance_name": "N30_D5_G1000_tria_11",
    "n_customers": 30,
    "dimension": 5,
    "grid_size": 1000,
    "optimal_cost": 16563,
    "optimal_tour": [
        20,
        4,
        11,
        18,
        28,
        19,
        26,
        13,
        14,
        1,
        5,
        10,
        22,
        6,
        2,
        25,
        9,
        3,
        15,
        16,
        30,
        7,
        21,
        27,
        23,
        12,
        29,
        8,
        17,
        24
    ],
    "optimal_solver": "lkh",
    "instance_file_path": "c:\\TSP_ND_ML_Project\\instances\\N30_D5_G1000_tria_11.json",
    "concorde_length": 16563,
    "concorde_time_s": 1.0625404000165872,
    "concorde_tour": [
        1,
        5,
        10,
        22,
        6,
        2,
        25,
        9,
        3,
        15,
        16,
        30,
        7,
        21,
        27,
        23,
        12,
        29,
        8,
        17,
        24,
        20,
        4,
        11,
        18,
        28,
        19,
        26,
        13,
        14
    ],
    "lkh_length": 16563,
    "lkh_time_s": 0.05430530000012368,
    "lkh_tour": [
        20,
        4,
        11,
        18,
        28,
        19,
        26,
        13,
        14,
        1,
        5,
        10,
        22,
        6,
        2,
        25,
        9,
        3,
        15,
        16,
        30,
        7,
        21,
        27,
        23,
        12,
        29,
        8,
        17,
        24
    ],
    "lkh_gap_pct": 0.0
}