{
    "instance_name": "N30_D4_G10000_clus_1",
    "n_customers": 30,
    "dimension": 4,
    "grid_size": 10000,
    "optimal_cost": 62850,
    "optimal_tour": [
        12,
        22,
        1,
        13,
        16,
        18,
        29,
        10,
        21,
        14,
        6,
        26,
        15,
        2,
        11,
        25,
        23,
        8,
        3,
        28,
        4,
        20,
        30,
        9,
        24,
        27,
        17,
        5,
        19,
        7
    ],
    "optimal_solver": "lkh",
    "instance_file_path": "c:\\TSP_ND_ML_Project\\instances\\N30_D4_G10000_clus_1.json",
    "concorde_length": 62850,
    "concorde_time_s": 1.1088547999970615,
    "concorde_tour": [
        1,
        13,
        16,
        18,
        29,
        10,
        21,
        14,
        6,
        26,
        15,
        2,
        11,
        25,
        23,
        8,
        3,
        28,
        4,
        20,
        30,
        9,
        24,
        27,
        17,
        5,
        19,
        7,
        12,
        22
    ],
    "lkh_length": 62850,
    "lkh_time_s": 0.0602097999653779,
    "lkh_tour": [
        12,
        22,
        1,
        13,
        16,
        18,
        29,
        10,
        21,
        14,
        6,
        26,
        15,
        2,
        11,
        25,
        23,
        8,
        3,
        28,
        4,
        20,
        30,
        9,
        24,
        27,
        17,
        5,
        19,
        7
    ],
    "lkh_gap_pct": 0.0
}