{
    "instance_name": "N30_D5_G100_tria_5",
    "n_customers": 30,
    "dimension": 5,
    "grid_size": 100,
    "optimal_cost": 1665,
    "optimal_tour": [
        25,
        16,
        13,
        18,
        3,
        4,
        9,
        19,
        1,
        8,
        28,
        26,
        5,
        7,
        10,
        14,
        27,
        23,
        22,
        24,
        12,
        11,
        20,
        17,
        21,
        6,
        2,
        30,
        29,
        15
    ],
    "optimal_solver": "lkh",
    "instance_file_path": "c:\\TSP_ND_ML_Project\\instances\\N30_D5_G100_tria_5.json",
    "concorde_length": 1665,
    "concorde_time_s": 1.2576784000266343,
    "concorde_tour": [
        1,
        8,
        28,
        26,
        5,
        7,
        10,
        14,
        27,
        23,
        22,
        24,
        12,
        11,
        20,
        17,
        21,
        6,
        2,
        30,
        29,
        15,
        25,
        16,
        13,
        18,
        3,
        4,
        9,
        19
    ],
    "lkh_length": 1665,
    "lkh_time_s": 0.08190499996999279,
    "lkh_tour": [
        25,
        16,
        13,
        18,
        3,
        4,
        9,
        19,
        1,
        8,
        28,
        26,
        5,
        7,
        10,
        14,
        27,
        23,
        22,
        24,
        12,
        11,
        20,
        17,
        21,
        6,
        2,
        30,
        29,
        15
    ],
    "lkh_gap_pct": 0.0
}