{
    "instance_name": "N30_D5_G1000_grid_15",
    "n_customers": 30,
    "dimension": 5,
    "grid_size": 1000,
    "optimal_cost": 14832,
    "optimal_tour": [
        4,
        12,
        21,
        29,
        7,
        15,
        27,
        25,
        26,
        6,
        3,
        9,
        5,
        11,
        28,
        17,
        23,
        19,
        30,
        14,
        16,
        8,
        20,
        24,
        18,
        1,
        2,
        13,
        10,
        22
    ],
    "optimal_solver": "lkh",
    "instance_file_path": "c:\\TSP_ND_ML_Project\\instances\\N30_D5_G1000_grid_15.json",
    "concorde_length": 14832,
    "concorde_time_s": 2.406734999967739,
    "concorde_tour": [
        1,
        2,
        13,
        10,
        22,
        4,
        12,
        21,
        29,
        7,
        15,
        27,
        25,
        26,
        6,
        3,
        9,
        5,
        11,
        28,
        17,
        23,
        19,
        30,
        14,
        16,
        8,
        20,
        24,
        18
    ],
    "lkh_length": 14832,
    "lkh_time_s": 0.05996819998836145,
    "lkh_tour": [
        4,
        12,
        21,
        29,
        7,
        15,
        27,
        25,
        26,
        6,
        3,
        9,
        5,
        11,
        28,
        17,
        23,
        19,
        30,
        14,
        16,
        8,
        20,
        24,
        18,
        1,
        2,
        13,
        10,
        22
    ],
    "lkh_gap_pct": 0.0
}