{
    "instance_name": "N30_D2_G1000_tria_20",
    "n_customers": 30,
    "dimension": 2,
    "grid_size": 1000,
    "optimal_cost": 4452,
    "optimal_tour": [
        4,
        18,
        14,
        26,
        28,
        22,
        3,
        2,
        27,
        15,
        21,
        6,
        10,
        8,
        19,
        9,
        30,
        24,
        11,
        20,
        17,
        1,
        12,
        25,
        29,
        7,
        16,
        13,
        5,
        23
    ],
    "optimal_solver": "lkh",
    "instance_file_path": "c:\\TSP_ND_ML_Project\\instances\\N30_D2_G1000_tria_20.json",
    "concorde_length": 4452,
    "concorde_time_s": 0.6276928999577649,
    "concorde_tour": [
        1,
        12,
        25,
        29,
        7,
        16,
        13,
        5,
        23,
        4,
        18,
        14,
        26,
        28,
        22,
        3,
        2,
        27,
        15,
        21,
        6,
        10,
        8,
        19,
        9,
        30,
        24,
        11,
        20,
        17
    ],
    "lkh_length": 4452,
    "lkh_time_s": 0.061670999974012375,
    "lkh_tour": [
        4,
        18,
        14,
        26,
        28,
        22,
        3,
        2,
        27,
        15,
        21,
        6,
        10,
        8,
        19,
        9,
        30,
        24,
        11,
        20,
        17,
        1,
        12,
        25,
        29,
        7,
        16,
        13,
        5,
        23
    ],
    "lkh_gap_pct": 0.0
}