{
    "instance_name": "N30_D5_G10000_corr_3",
    "n_customers": 30,
    "dimension": 5,
    "grid_size": 10000,
    "optimal_cost": 71883,
    "optimal_tour": [
        24,
        12,
        30,
        15,
        22,
        29,
        28,
        2,
        18,
        9,
        21,
        6,
        5,
        4,
        27,
        13,
        23,
        17,
        3,
        11,
        20,
        1,
        16,
        7,
        14,
        10,
        19,
        8,
        26,
        25
    ],
    "optimal_solver": "lkh",
    "instance_file_path": "c:\\TSP_ND_ML_Project\\instances\\N30_D5_G10000_corr_3.json",
    "concorde_length": 71883,
    "concorde_time_s": 1.335060000012163,
    "concorde_tour": [
        1,
        20,
        11,
        3,
        17,
        23,
        13,
        27,
        4,
        5,
        6,
        21,
        9,
        18,
        2,
        28,
        29,
        22,
        15,
        30,
        12,
        24,
        25,
        26,
        8,
        19,
        10,
        14,
        7,
        16
    ],
    "lkh_length": 71883,
    "lkh_time_s": 0.07279120001476258,
    "lkh_tour": [
        24,
        12,
        30,
        15,
        22,
        29,
        28,
        2,
        18,
        9,
        21,
        6,
        5,
        4,
        27,
        13,
        23,
        17,
        3,
        11,
        20,
        1,
        16,
        7,
        14,
        10,
        19,
        8,
        26,
        25
    ],
    "lkh_gap_pct": 0.0
}