{
    "instance_name": "N30_D3_G10000_grid_11",
    "n_customers": 30,
    "dimension": 3,
    "grid_size": 10000,
    "optimal_cost": 86427,
    "optimal_tour": [
        25,
        21,
        20,
        28,
        30,
        24,
        13,
        7,
        12,
        16,
        14,
        26,
        17,
        15,
        19,
        10,
        8,
        2,
        29,
        1,
        27,
        18,
        5,
        9,
        22,
        4,
        6,
        3,
        23,
        11
    ],
    "optimal_solver": "lkh",
    "instance_file_path": "c:\\TSP_ND_ML_Project\\instances\\N30_D3_G10000_grid_11.json",
    "concorde_length": 86427,
    "concorde_time_s": 0.8685959000140429,
    "concorde_tour": [
        1,
        29,
        2,
        8,
        10,
        19,
        15,
        17,
        26,
        14,
        16,
        12,
        7,
        13,
        24,
        30,
        28,
        20,
        21,
        25,
        11,
        23,
        3,
        6,
        4,
        22,
        9,
        5,
        18,
        27
    ],
    "lkh_length": 86427,
    "lkh_time_s": 0.1102128000347875,
    "lkh_tour": [
        25,
        21,
        20,
        28,
        30,
        24,
        13,
        7,
        12,
        16,
        14,
        26,
        17,
        15,
        19,
        10,
        8,
        2,
        29,
        1,
        27,
        18,
        5,
        9,
        22,
        4,
        6,
        3,
        23,
        11
    ],
    "lkh_gap_pct": 0.0
}