{
    "instance_name": "N30_D4_G100_clus_10",
    "n_customers": 30,
    "dimension": 4,
    "grid_size": 100,
    "optimal_cost": 477,
    "optimal_tour": [
        12,
        30,
        1,
        27,
        29,
        9,
        6,
        23,
        28,
        14,
        2,
        11,
        13,
        7,
        18,
        21,
        26,
        24,
        4,
        20,
        25,
        5,
        17,
        22,
        10,
        19,
        3,
        8,
        15,
        16
    ],
    "optimal_solver": "lkh",
    "instance_file_path": "c:\\TSP_ND_ML_Project\\instances\\N30_D4_G100_clus_10.json",
    "concorde_length": 477,
    "concorde_time_s": 0.912649399950169,
    "concorde_tour": [
        1,
        27,
        29,
        9,
        6,
        23,
        28,
        14,
        2,
        11,
        13,
        7,
        18,
        21,
        26,
        24,
        4,
        20,
        25,
        5,
        17,
        22,
        8,
        19,
        10,
        3,
        15,
        16,
        12,
        30
    ],
    "lkh_length": 477,
    "lkh_time_s": 0.07332959998166189,
    "lkh_tour": [
        12,
        30,
        1,
        27,
        29,
        9,
        6,
        23,
        28,
        14,
        2,
        11,
        13,
        7,
        18,
        21,
        26,
        24,
        4,
        20,
        25,
        5,
        17,
        22,
        10,
        19,
        3,
        8,
        15,
        16
    ],
    "lkh_gap_pct": 0.0
}