{
    "instance_name": "N30_D2_G100_pow_7",
    "n_customers": 30,
    "dimension": 2,
    "grid_size": 100,
    "optimal_cost": 400,
    "optimal_tour": [
        12,
        20,
        23,
        8,
        3,
        14,
        16,
        30,
        11,
        29,
        24,
        18,
        19,
        7,
        13,
        10,
        25,
        17,
        15,
        28,
        2,
        9,
        22,
        1,
        21,
        6,
        26,
        27,
        5,
        4
    ],
    "optimal_solver": "lkh",
    "instance_file_path": "c:\\TSP_ND_ML_Project\\instances\\N30_D2_G100_pow_7.json",
    "concorde_length": 400,
    "concorde_time_s": 0.7015101000142749,
    "concorde_tour": [
        1,
        2,
        7,
        10,
        17,
        25,
        19,
        13,
        24,
        14,
        18,
        30,
        16,
        29,
        11,
        5,
        12,
        23,
        6,
        3,
        4,
        8,
        26,
        20,
        27,
        9,
        15,
        28,
        21,
        22
    ],
    "lkh_length": 400,
    "lkh_time_s": 0.7218658000056166,
    "lkh_tour": [
        12,
        20,
        23,
        8,
        3,
        14,
        16,
        30,
        11,
        29,
        24,
        18,
        19,
        7,
        13,
        10,
        25,
        17,
        15,
        28,
        2,
        9,
        22,
        1,
        21,
        6,
        26,
        27,
        5,
        4
    ],
    "lkh_gap_pct": 0.0
}