{
    "instance_name": "N30_D3_G10000_grid_20",
    "n_customers": 30,
    "dimension": 3,
    "grid_size": 10000,
    "optimal_cost": 81681,
    "optimal_tour": [
        20,
        6,
        14,
        28,
        12,
        10,
        24,
        4,
        7,
        27,
        1,
        8,
        22,
        18,
        25,
        11,
        21,
        15,
        9,
        5,
        26,
        13,
        29,
        2,
        3,
        30,
        23,
        17,
        19,
        16
    ],
    "optimal_solver": "lkh",
    "instance_file_path": "c:\\TSP_ND_ML_Project\\instances\\N30_D3_G10000_grid_20.json",
    "concorde_length": 81681,
    "concorde_time_s": 1.1743685999535955,
    "concorde_tour": [
        1,
        27,
        7,
        4,
        24,
        10,
        12,
        28,
        14,
        6,
        20,
        16,
        19,
        17,
        23,
        30,
        3,
        2,
        29,
        13,
        26,
        5,
        9,
        15,
        21,
        11,
        25,
        18,
        22,
        8
    ],
    "lkh_length": 81681,
    "lkh_time_s": 0.07530649995896965,
    "lkh_tour": [
        20,
        6,
        14,
        28,
        12,
        10,
        24,
        4,
        7,
        27,
        1,
        8,
        22,
        18,
        25,
        11,
        21,
        15,
        9,
        5,
        26,
        13,
        29,
        2,
        3,
        30,
        23,
        17,
        19,
        16
    ],
    "lkh_gap_pct": 0.0
}