{
    "instance_name": "N30_D5_G10000_tria_19",
    "n_customers": 30,
    "dimension": 5,
    "grid_size": 10000,
    "optimal_cost": 181375,
    "optimal_tour": [
        5,
        6,
        22,
        20,
        23,
        11,
        2,
        24,
        26,
        30,
        10,
        28,
        25,
        3,
        9,
        18,
        13,
        1,
        12,
        21,
        7,
        14,
        16,
        27,
        15,
        17,
        8,
        4,
        29,
        19
    ],
    "optimal_solver": "lkh",
    "instance_file_path": "c:\\TSP_ND_ML_Project\\instances\\N30_D5_G10000_tria_19.json",
    "concorde_length": 181375,
    "concorde_time_s": 1.2365720000234433,
    "concorde_tour": [
        1,
        12,
        21,
        7,
        14,
        16,
        27,
        15,
        17,
        8,
        4,
        29,
        19,
        5,
        6,
        22,
        20,
        23,
        11,
        2,
        24,
        26,
        30,
        10,
        28,
        25,
        3,
        9,
        18,
        13
    ],
    "lkh_length": 181375,
    "lkh_time_s": 0.09203119995072484,
    "lkh_tour": [
        5,
        6,
        22,
        20,
        23,
        11,
        2,
        24,
        26,
        30,
        10,
        28,
        25,
        3,
        9,
        18,
        13,
        1,
        12,
        21,
        7,
        14,
        16,
        27,
        15,
        17,
        8,
        4,
        29,
        19
    ],
    "lkh_gap_pct": 0.0
}