{
    "instance_name": "N30_D3_G10000_corn_8",
    "n_customers": 30,
    "dimension": 3,
    "grid_size": 10000,
    "optimal_cost": 81340,
    "optimal_tour": [
        30,
        28,
        5,
        4,
        19,
        17,
        29,
        15,
        16,
        6,
        18,
        25,
        27,
        10,
        8,
        21,
        3,
        23,
        13,
        22,
        20,
        26,
        1,
        9,
        24,
        14,
        11,
        7,
        12,
        2
    ],
    "optimal_solver": "lkh",
    "instance_file_path": "c:\\TSP_ND_ML_Project\\instances\\N30_D3_G10000_corn_8.json",
    "concorde_length": 81340,
    "concorde_time_s": 0.8382135000429116,
    "concorde_tour": [
        1,
        26,
        20,
        22,
        13,
        23,
        3,
        21,
        8,
        10,
        27,
        25,
        18,
        6,
        16,
        15,
        29,
        17,
        19,
        4,
        5,
        28,
        30,
        2,
        12,
        7,
        11,
        14,
        24,
        9
    ],
    "lkh_length": 81340,
    "lkh_time_s": 0.07695459999376908,
    "lkh_tour": [
        30,
        28,
        5,
        4,
        19,
        17,
        29,
        15,
        16,
        6,
        18,
        25,
        27,
        10,
        8,
        21,
        3,
        23,
        13,
        22,
        20,
        26,
        1,
        9,
        24,
        14,
        11,
        7,
        12,
        2
    ],
    "lkh_gap_pct": 0.0
}