{
    "instance_name": "N30_D4_G1000_tria_3",
    "n_customers": 30,
    "dimension": 4,
    "grid_size": 1000,
    "optimal_cost": 12800,
    "optimal_tour": [
        14,
        27,
        17,
        21,
        7,
        24,
        9,
        23,
        12,
        25,
        22,
        10,
        1,
        5,
        19,
        6,
        16,
        20,
        2,
        30,
        8,
        4,
        26,
        13,
        3,
        29,
        18,
        11,
        15,
        28
    ],
    "optimal_solver": "lkh",
    "instance_file_path": "c:\\TSP_ND_ML_Project\\instances\\N30_D4_G1000_tria_3.json",
    "concorde_length": 12800,
    "concorde_time_s": 1.2847766999620944,
    "concorde_tour": [
        1,
        5,
        19,
        6,
        16,
        20,
        2,
        30,
        8,
        4,
        26,
        13,
        3,
        29,
        18,
        11,
        15,
        28,
        14,
        27,
        17,
        21,
        7,
        24,
        9,
        23,
        12,
        25,
        22,
        10
    ],
    "lkh_length": 12800,
    "lkh_time_s": 0.07781879999674857,
    "lkh_tour": [
        14,
        27,
        17,
        21,
        7,
        24,
        9,
        23,
        12,
        25,
        22,
        10,
        1,
        5,
        19,
        6,
        16,
        20,
        2,
        30,
        8,
        4,
        26,
        13,
        3,
        29,
        18,
        11,
        15,
        28
    ],
    "lkh_gap_pct": 0.0
}