{
    "instance_name": "N30_D5_G100_ring_14",
    "n_customers": 30,
    "dimension": 5,
    "grid_size": 100,
    "optimal_cost": 1081,
    "optimal_tour": [
        22,
        7,
        16,
        23,
        30,
        21,
        1,
        2,
        11,
        5,
        9,
        29,
        24,
        25,
        13,
        15,
        26,
        14,
        18,
        8,
        27,
        4,
        19,
        12,
        10,
        3,
        28,
        20,
        17,
        6
    ],
    "optimal_solver": "lkh",
    "instance_file_path": "c:\\TSP_ND_ML_Project\\instances\\N30_D5_G100_ring_14.json",
    "concorde_length": 1081,
    "concorde_time_s": 0.743434400006663,
    "concorde_tour": [
        1,
        2,
        11,
        5,
        9,
        29,
        24,
        25,
        13,
        15,
        26,
        14,
        18,
        8,
        27,
        4,
        19,
        12,
        10,
        3,
        28,
        20,
        17,
        6,
        22,
        7,
        16,
        23,
        30,
        21
    ],
    "lkh_length": 1081,
    "lkh_time_s": 0.08570359996519983,
    "lkh_tour": [
        22,
        7,
        16,
        23,
        30,
        21,
        1,
        2,
        11,
        5,
        9,
        29,
        24,
        25,
        13,
        15,
        26,
        14,
        18,
        8,
        27,
        4,
        19,
        12,
        10,
        3,
        28,
        20,
        17,
        6
    ],
    "lkh_gap_pct": 0.0
}