{
    "instance_name": "N30_D3_G10000_pow_16",
    "n_customers": 30,
    "dimension": 3,
    "grid_size": 10000,
    "optimal_cost": 74142,
    "optimal_tour": [
        13,
        8,
        12,
        17,
        18,
        30,
        6,
        5,
        22,
        7,
        11,
        16,
        24,
        27,
        29,
        14,
        28,
        9,
        2,
        23,
        10,
        15,
        1,
        3,
        26,
        25,
        20,
        19,
        4,
        21
    ],
    "optimal_solver": "lkh",
    "instance_file_path": "c:\\TSP_ND_ML_Project\\instances\\N30_D3_G10000_pow_16.json",
    "concorde_length": 74142,
    "concorde_time_s": 0.9140775999985635,
    "concorde_tour": [
        1,
        2,
        23,
        28,
        9,
        29,
        14,
        16,
        24,
        27,
        11,
        13,
        8,
        4,
        21,
        3,
        19,
        26,
        20,
        25,
        6,
        17,
        30,
        22,
        7,
        18,
        12,
        5,
        10,
        15
    ],
    "lkh_length": 74142,
    "lkh_time_s": 0.9142739999806508,
    "lkh_tour": [
        13,
        8,
        12,
        17,
        18,
        30,
        6,
        5,
        22,
        7,
        11,
        16,
        24,
        27,
        29,
        14,
        28,
        9,
        2,
        23,
        10,
        15,
        1,
        3,
        26,
        25,
        20,
        19,
        4,
        21
    ],
    "lkh_gap_pct": 0.0
}