{
    "instance_name": "N30_D2_G100_ring_13",
    "n_customers": 30,
    "dimension": 2,
    "grid_size": 100,
    "optimal_cost": 295,
    "optimal_tour": [
        14,
        28,
        1,
        22,
        13,
        29,
        24,
        20,
        6,
        7,
        9,
        5,
        11,
        23,
        25,
        21,
        17,
        16,
        8,
        4,
        3,
        2,
        26,
        18,
        15,
        27,
        30,
        19,
        12,
        10
    ],
    "optimal_solver": "lkh",
    "instance_file_path": "c:\\TSP_ND_ML_Project\\instances\\N30_D2_G100_ring_13.json",
    "concorde_length": 295,
    "concorde_time_s": 0.7663099999772385,
    "concorde_tour": [
        1,
        13,
        29,
        24,
        20,
        6,
        7,
        9,
        5,
        11,
        23,
        25,
        21,
        17,
        16,
        8,
        4,
        3,
        2,
        26,
        18,
        15,
        27,
        30,
        19,
        12,
        10,
        22,
        14,
        28
    ],
    "lkh_length": 295,
    "lkh_time_s": 0.08928949999972247,
    "lkh_tour": [
        14,
        28,
        1,
        22,
        13,
        29,
        24,
        20,
        6,
        7,
        9,
        5,
        11,
        23,
        25,
        21,
        17,
        16,
        8,
        4,
        3,
        2,
        26,
        18,
        15,
        27,
        30,
        19,
        12,
        10
    ],
    "lkh_gap_pct": 0.0
}