{
    "instance_name": "N30_D3_G100_clus_8",
    "n_customers": 30,
    "dimension": 3,
    "grid_size": 100,
    "optimal_cost": 428,
    "optimal_tour": [
        10,
        25,
        15,
        14,
        22,
        7,
        16,
        9,
        12,
        24,
        23,
        3,
        20,
        30,
        5,
        8,
        19,
        28,
        29,
        17,
        21,
        2,
        11,
        6,
        27,
        4,
        13,
        26,
        1,
        18
    ],
    "optimal_solver": "lkh",
    "instance_file_path": "c:\\TSP_ND_ML_Project\\instances\\N30_D3_G100_clus_8.json",
    "concorde_length": 428,
    "concorde_time_s": 0.5773691000067629,
    "concorde_tour": [
        1,
        26,
        13,
        4,
        27,
        6,
        17,
        19,
        28,
        29,
        21,
        2,
        11,
        24,
        8,
        5,
        30,
        20,
        3,
        23,
        12,
        9,
        16,
        7,
        22,
        14,
        15,
        25,
        10,
        18
    ],
    "lkh_length": 428,
    "lkh_time_s": 0.0721248000045307,
    "lkh_tour": [
        10,
        25,
        15,
        14,
        22,
        7,
        16,
        9,
        12,
        24,
        23,
        3,
        20,
        30,
        5,
        8,
        19,
        28,
        29,
        17,
        21,
        2,
        11,
        6,
        27,
        4,
        13,
        26,
        1,
        18
    ],
    "lkh_gap_pct": 0.0
}