{
    "instance_name": "N30_D5_G100_pow_15",
    "n_customers": 30,
    "dimension": 5,
    "grid_size": 100,
    "optimal_cost": 1964,
    "optimal_tour": [
        28,
        9,
        21,
        22,
        20,
        3,
        6,
        13,
        16,
        14,
        26,
        29,
        12,
        15,
        5,
        23,
        7,
        8,
        27,
        19,
        11,
        4,
        24,
        1,
        17,
        2,
        10,
        25,
        30,
        18
    ],
    "optimal_solver": "lkh",
    "instance_file_path": "c:\\TSP_ND_ML_Project\\instances\\N30_D5_G100_pow_15.json",
    "concorde_length": 1964,
    "concorde_time_s": 0.7184556000283919,
    "concorde_tour": [
        1,
        24,
        19,
        27,
        7,
        8,
        23,
        16,
        13,
        6,
        5,
        14,
        29,
        26,
        12,
        15,
        28,
        18,
        25,
        30,
        10,
        2,
        17,
        3,
        21,
        22,
        20,
        9,
        4,
        11
    ],
    "lkh_length": 1964,
    "lkh_time_s": 0.8146936999983154,
    "lkh_tour": [
        28,
        9,
        21,
        22,
        20,
        3,
        6,
        13,
        16,
        14,
        26,
        29,
        12,
        15,
        5,
        23,
        7,
        8,
        27,
        19,
        11,
        4,
        24,
        1,
        17,
        2,
        10,
        25,
        30,
        18
    ],
    "lkh_gap_pct": 0.0
}