{
    "instance_name": "N30_D5_G100_tria_14",
    "n_customers": 30,
    "dimension": 5,
    "grid_size": 100,
    "optimal_cost": 1566,
    "optimal_tour": [
        22,
        18,
        7,
        9,
        13,
        29,
        1,
        23,
        5,
        21,
        14,
        2,
        4,
        6,
        20,
        15,
        16,
        8,
        11,
        24,
        12,
        26,
        30,
        10,
        3,
        19,
        27,
        17,
        28,
        25
    ],
    "optimal_solver": "lkh",
    "instance_file_path": "c:\\TSP_ND_ML_Project\\instances\\N30_D5_G100_tria_14.json",
    "concorde_length": 1566,
    "concorde_time_s": 0.731945600011386,
    "concorde_tour": [
        1,
        23,
        5,
        21,
        14,
        2,
        4,
        6,
        20,
        15,
        16,
        8,
        11,
        24,
        12,
        26,
        30,
        10,
        3,
        19,
        27,
        17,
        28,
        25,
        22,
        18,
        7,
        9,
        13,
        29
    ],
    "lkh_length": 1566,
    "lkh_time_s": 0.05650269996840507,
    "lkh_tour": [
        22,
        18,
        7,
        9,
        13,
        29,
        1,
        23,
        5,
        21,
        14,
        2,
        4,
        6,
        20,
        15,
        16,
        8,
        11,
        24,
        12,
        26,
        30,
        10,
        3,
        19,
        27,
        17,
        28,
        25
    ],
    "lkh_gap_pct": 0.0
}