{
    "instance_name": "N30_D2_G100_corn_13",
    "n_customers": 30,
    "dimension": 2,
    "grid_size": 100,
    "optimal_cost": 403,
    "optimal_tour": [
        30,
        26,
        10,
        25,
        4,
        23,
        3,
        27,
        22,
        13,
        19,
        17,
        6,
        8,
        20,
        11,
        9,
        29,
        14,
        5,
        21,
        18,
        16,
        24,
        15,
        1,
        2,
        28,
        12,
        7
    ],
    "optimal_solver": "lkh",
    "instance_file_path": "c:\\TSP_ND_ML_Project\\instances\\N30_D2_G100_corn_13.json",
    "concorde_length": 403,
    "concorde_time_s": 1.0293292999849655,
    "concorde_tour": [
        1,
        15,
        24,
        16,
        18,
        21,
        5,
        14,
        9,
        29,
        11,
        20,
        8,
        6,
        19,
        13,
        17,
        22,
        27,
        3,
        23,
        25,
        4,
        10,
        26,
        30,
        7,
        12,
        28,
        2
    ],
    "lkh_length": 403,
    "lkh_time_s": 0.6299032999959309,
    "lkh_tour": [
        30,
        26,
        10,
        25,
        4,
        23,
        3,
        27,
        22,
        13,
        19,
        17,
        6,
        8,
        20,
        11,
        9,
        29,
        14,
        5,
        21,
        18,
        16,
        24,
        15,
        1,
        2,
        28,
        12,
        7
    ],
    "lkh_gap_pct": 0.0
}