{
    "instance_name": "N30_D3_G100_ring_4",
    "n_customers": 30,
    "dimension": 3,
    "grid_size": 100,
    "optimal_cost": 510,
    "optimal_tour": [
        3,
        13,
        12,
        5,
        4,
        14,
        24,
        11,
        16,
        30,
        10,
        2,
        26,
        8,
        29,
        23,
        9,
        19,
        25,
        6,
        15,
        28,
        27,
        7,
        21,
        1,
        20,
        22,
        18,
        17
    ],
    "optimal_solver": "lkh",
    "instance_file_path": "c:\\TSP_ND_ML_Project\\instances\\N30_D3_G100_ring_4.json",
    "concorde_length": 510,
    "concorde_time_s": 0.7777889000135474,
    "concorde_tour": [
        1,
        22,
        18,
        17,
        3,
        13,
        12,
        5,
        4,
        14,
        24,
        11,
        16,
        30,
        10,
        2,
        26,
        8,
        29,
        23,
        9,
        19,
        25,
        6,
        15,
        28,
        27,
        7,
        21,
        20
    ],
    "lkh_length": 510,
    "lkh_time_s": 0.11389030003920197,
    "lkh_tour": [
        3,
        13,
        12,
        5,
        4,
        14,
        24,
        11,
        16,
        30,
        10,
        2,
        26,
        8,
        29,
        23,
        9,
        19,
        25,
        6,
        15,
        28,
        27,
        7,
        21,
        1,
        20,
        22,
        18,
        17
    ],
    "lkh_gap_pct": 0.0
}