{
    "instance_name": "N30_D4_G100_grid_8",
    "n_customers": 30,
    "dimension": 4,
    "grid_size": 100,
    "optimal_cost": 1076,
    "optimal_tour": [
        30,
        20,
        27,
        3,
        24,
        13,
        7,
        23,
        26,
        18,
        5,
        15,
        16,
        11,
        12,
        4,
        6,
        22,
        21,
        8,
        19,
        14,
        10,
        28,
        29,
        25,
        2,
        17,
        1,
        9
    ],
    "optimal_solver": "lkh",
    "instance_file_path": "c:\\TSP_ND_ML_Project\\instances\\N30_D4_G100_grid_8.json",
    "concorde_length": 1076,
    "concorde_time_s": 1.2501949000288732,
    "concorde_tour": [
        1,
        9,
        30,
        20,
        27,
        3,
        24,
        13,
        7,
        23,
        26,
        18,
        5,
        15,
        16,
        11,
        12,
        4,
        6,
        22,
        21,
        8,
        19,
        14,
        10,
        28,
        29,
        25,
        2,
        17
    ],
    "lkh_length": 1076,
    "lkh_time_s": 0.06881189998239279,
    "lkh_tour": [
        30,
        20,
        27,
        3,
        24,
        13,
        7,
        23,
        26,
        18,
        5,
        15,
        16,
        11,
        12,
        4,
        6,
        22,
        21,
        8,
        19,
        14,
        10,
        28,
        29,
        25,
        2,
        17,
        1,
        9
    ],
    "lkh_gap_pct": 0.0
}