{
    "instance_name": "N30_D2_G100_corr_8",
    "n_customers": 30,
    "dimension": 2,
    "grid_size": 100,
    "optimal_cost": 308,
    "optimal_tour": [
        3,
        12,
        16,
        15,
        17,
        28,
        11,
        14,
        22,
        7,
        4,
        5,
        9,
        10,
        2,
        30,
        23,
        1,
        13,
        18,
        27,
        25,
        6,
        21,
        8,
        19,
        29,
        24,
        20,
        26
    ],
    "optimal_solver": "lkh",
    "instance_file_path": "c:\\TSP_ND_ML_Project\\instances\\N30_D2_G100_corr_8.json",
    "concorde_length": 308,
    "concorde_time_s": 0.6774823000014294,
    "concorde_tour": [
        1,
        13,
        27,
        18,
        25,
        6,
        21,
        8,
        19,
        29,
        24,
        20,
        26,
        3,
        12,
        16,
        15,
        17,
        28,
        11,
        14,
        22,
        7,
        4,
        5,
        9,
        10,
        2,
        30,
        23
    ],
    "lkh_length": 308,
    "lkh_time_s": 0.0889358000131324,
    "lkh_tour": [
        3,
        12,
        16,
        15,
        17,
        28,
        11,
        14,
        22,
        7,
        4,
        5,
        9,
        10,
        2,
        30,
        23,
        1,
        13,
        18,
        27,
        25,
        6,
        21,
        8,
        19,
        29,
        24,
        20,
        26
    ],
    "lkh_gap_pct": 0.0
}