{
    "instance_name": "N30_D2_G100_corn_5",
    "n_customers": 30,
    "dimension": 2,
    "grid_size": 100,
    "optimal_cost": 402,
    "optimal_tour": [
        28,
        23,
        25,
        16,
        4,
        26,
        9,
        30,
        20,
        12,
        29,
        18,
        13,
        11,
        2,
        14,
        24,
        6,
        10,
        15,
        19,
        3,
        7,
        22,
        1,
        21,
        5,
        17,
        8,
        27
    ],
    "optimal_solver": "lkh",
    "instance_file_path": "c:\\TSP_ND_ML_Project\\instances\\N30_D2_G100_corn_5.json",
    "concorde_length": 402,
    "concorde_time_s": 1.4826456000155304,
    "concorde_tour": [
        1,
        22,
        5,
        8,
        17,
        27,
        28,
        23,
        16,
        25,
        4,
        26,
        9,
        30,
        12,
        20,
        29,
        18,
        13,
        11,
        2,
        14,
        24,
        6,
        15,
        10,
        19,
        3,
        7,
        21
    ],
    "lkh_length": 402,
    "lkh_time_s": 0.5850436000037007,
    "lkh_tour": [
        28,
        23,
        25,
        16,
        4,
        26,
        9,
        30,
        20,
        12,
        29,
        18,
        13,
        11,
        2,
        14,
        24,
        6,
        10,
        15,
        19,
        3,
        7,
        22,
        1,
        21,
        5,
        17,
        8,
        27
    ],
    "lkh_gap_pct": 0.0
}