{
    "instance_name": "N30_D3_G100_ring_16",
    "n_customers": 30,
    "dimension": 3,
    "grid_size": 100,
    "optimal_cost": 538,
    "optimal_tour": [
        7,
        16,
        25,
        5,
        22,
        1,
        6,
        4,
        29,
        12,
        21,
        11,
        13,
        30,
        28,
        3,
        17,
        9,
        18,
        14,
        15,
        19,
        26,
        27,
        10,
        8,
        2,
        23,
        20,
        24
    ],
    "optimal_solver": "lkh",
    "instance_file_path": "c:\\TSP_ND_ML_Project\\instances\\N30_D3_G100_ring_16.json",
    "concorde_length": 538,
    "concorde_time_s": 0.7350512000266463,
    "concorde_tour": [
        1,
        6,
        4,
        29,
        12,
        21,
        11,
        13,
        30,
        28,
        3,
        17,
        9,
        18,
        14,
        15,
        19,
        26,
        27,
        10,
        8,
        2,
        23,
        20,
        24,
        7,
        16,
        25,
        5,
        22
    ],
    "lkh_length": 538,
    "lkh_time_s": 0.07511269999668002,
    "lkh_tour": [
        7,
        16,
        25,
        5,
        22,
        1,
        6,
        4,
        29,
        12,
        21,
        11,
        13,
        30,
        28,
        3,
        17,
        9,
        18,
        14,
        15,
        19,
        26,
        27,
        10,
        8,
        2,
        23,
        20,
        24
    ],
    "lkh_gap_pct": 0.0
}