{
    "instance_name": "N30_D2_G10000_ring_20",
    "n_customers": 30,
    "dimension": 2,
    "grid_size": 10000,
    "optimal_cost": 27057,
    "optimal_tour": [
        16,
        21,
        20,
        25,
        27,
        15,
        14,
        30,
        2,
        8,
        29,
        18,
        26,
        17,
        22,
        13,
        1,
        12,
        11,
        19,
        9,
        28,
        24,
        4,
        7,
        10,
        5,
        23,
        3,
        6
    ],
    "optimal_solver": "lkh",
    "instance_file_path": "c:\\TSP_ND_ML_Project\\instances\\N30_D2_G10000_ring_20.json",
    "concorde_length": 27057,
    "concorde_time_s": 0.9576674000127241,
    "concorde_tour": [
        1,
        12,
        11,
        19,
        9,
        28,
        24,
        4,
        7,
        10,
        5,
        23,
        3,
        6,
        16,
        21,
        20,
        25,
        27,
        15,
        14,
        30,
        2,
        8,
        29,
        18,
        26,
        17,
        22,
        13
    ],
    "lkh_length": 27057,
    "lkh_time_s": 0.1264593999949284,
    "lkh_tour": [
        16,
        21,
        20,
        25,
        27,
        15,
        14,
        30,
        2,
        8,
        29,
        18,
        26,
        17,
        22,
        13,
        1,
        12,
        11,
        19,
        9,
        28,
        24,
        4,
        7,
        10,
        5,
        23,
        3,
        6
    ],
    "lkh_gap_pct": 0.0
}