{
    "instance_name": "N30_D4_G1000_ring_8",
    "n_customers": 30,
    "dimension": 4,
    "grid_size": 1000,
    "optimal_cost": 8309,
    "optimal_tour": [
        23,
        5,
        2,
        8,
        14,
        30,
        26,
        20,
        27,
        10,
        22,
        21,
        28,
        7,
        12,
        17,
        18,
        15,
        29,
        24,
        19,
        1,
        16,
        6,
        11,
        3,
        13,
        9,
        25,
        4
    ],
    "optimal_solver": "lkh",
    "instance_file_path": "c:\\TSP_ND_ML_Project\\instances\\N30_D4_G1000_ring_8.json",
    "concorde_length": 8309,
    "concorde_time_s": 0.744061800010968,
    "concorde_tour": [
        1,
        16,
        6,
        11,
        3,
        13,
        9,
        25,
        4,
        23,
        5,
        2,
        8,
        14,
        30,
        26,
        20,
        27,
        10,
        22,
        21,
        28,
        7,
        12,
        17,
        18,
        15,
        29,
        24,
        19
    ],
    "lkh_length": 8309,
    "lkh_time_s": 0.07337609998648986,
    "lkh_tour": [
        23,
        5,
        2,
        8,
        14,
        30,
        26,
        20,
        27,
        10,
        22,
        21,
        28,
        7,
        12,
        17,
        18,
        15,
        29,
        24,
        19,
        1,
        16,
        6,
        11,
        3,
        13,
        9,
        25,
        4
    ],
    "lkh_gap_pct": 0.0
}