{
    "instance_name": "N30_D5_G100_pow_12",
    "n_customers": 30,
    "dimension": 5,
    "grid_size": 100,
    "optimal_cost": 2023,
    "optimal_tour": [
        24,
        1,
        12,
        22,
        28,
        30,
        23,
        16,
        25,
        15,
        19,
        17,
        11,
        4,
        7,
        10,
        9,
        2,
        6,
        5,
        27,
        18,
        3,
        13,
        14,
        21,
        20,
        29,
        26,
        8
    ],
    "optimal_solver": "lkh",
    "instance_file_path": "c:\\TSP_ND_ML_Project\\instances\\N30_D5_G100_pow_12.json",
    "concorde_length": 2023,
    "concorde_time_s": 0.440105699992273,
    "concorde_tour": [
        1,
        12,
        4,
        7,
        10,
        9,
        6,
        2,
        5,
        27,
        18,
        13,
        14,
        26,
        20,
        29,
        21,
        22,
        28,
        30,
        23,
        16,
        25,
        19,
        15,
        17,
        11,
        3,
        24,
        8
    ],
    "lkh_length": 2023,
    "lkh_time_s": 0.559755900001619,
    "lkh_tour": [
        24,
        1,
        12,
        22,
        28,
        30,
        23,
        16,
        25,
        15,
        19,
        17,
        11,
        4,
        7,
        10,
        9,
        2,
        6,
        5,
        27,
        18,
        3,
        13,
        14,
        21,
        20,
        29,
        26,
        8
    ],
    "lkh_gap_pct": 0.0
}