{
    "instance_name": "N30_D4_G10000_pow_10",
    "n_customers": 30,
    "dimension": 4,
    "grid_size": 10000,
    "optimal_cost": 134142,
    "optimal_tour": [
        28,
        6,
        3,
        29,
        10,
        23,
        21,
        17,
        2,
        16,
        26,
        24,
        1,
        4,
        30,
        13,
        25,
        11,
        8,
        12,
        20,
        15,
        22,
        18,
        19,
        9,
        7,
        14,
        27,
        5
    ],
    "optimal_solver": "lkh",
    "instance_file_path": "c:\\TSP_ND_ML_Project\\instances\\N30_D4_G10000_pow_10.json",
    "concorde_length": 134142,
    "concorde_time_s": 0.5047220999840647,
    "concorde_tour": [
        1,
        4,
        24,
        14,
        7,
        27,
        28,
        5,
        16,
        26,
        23,
        21,
        17,
        2,
        11,
        13,
        25,
        30,
        15,
        20,
        10,
        6,
        3,
        29,
        12,
        8,
        9,
        19,
        18,
        22
    ],
    "lkh_length": 134142,
    "lkh_time_s": 0.5202713999897242,
    "lkh_tour": [
        28,
        6,
        3,
        29,
        10,
        23,
        21,
        17,
        2,
        16,
        26,
        24,
        1,
        4,
        30,
        13,
        25,
        11,
        8,
        12,
        20,
        15,
        22,
        18,
        19,
        9,
        7,
        14,
        27,
        5
    ],
    "lkh_gap_pct": 0.0
}