{
    "instance_name": "N30_D5_G1000_tria_3",
    "n_customers": 30,
    "dimension": 5,
    "grid_size": 1000,
    "optimal_cost": 17553,
    "optimal_tour": [
        12,
        19,
        8,
        9,
        18,
        28,
        1,
        26,
        3,
        29,
        11,
        7,
        17,
        15,
        2,
        20,
        16,
        25,
        23,
        27,
        21,
        30,
        5,
        24,
        14,
        4,
        22,
        6,
        13,
        10
    ],
    "optimal_solver": "lkh",
    "instance_file_path": "c:\\TSP_ND_ML_Project\\instances\\N30_D5_G1000_tria_3.json",
    "concorde_length": 17553,
    "concorde_time_s": 1.5494148000143468,
    "concorde_tour": [
        1,
        28,
        18,
        9,
        8,
        19,
        12,
        10,
        13,
        6,
        22,
        4,
        14,
        24,
        5,
        30,
        21,
        27,
        23,
        25,
        16,
        20,
        2,
        15,
        17,
        7,
        11,
        29,
        3,
        26
    ],
    "lkh_length": 17553,
    "lkh_time_s": 0.06863270001485944,
    "lkh_tour": [
        12,
        19,
        8,
        9,
        18,
        28,
        1,
        26,
        3,
        29,
        11,
        7,
        17,
        15,
        2,
        20,
        16,
        25,
        23,
        27,
        21,
        30,
        5,
        24,
        14,
        4,
        22,
        6,
        13,
        10
    ],
    "lkh_gap_pct": 0.0
}