{
    "instance_name": "N30_D2_G100_pow_13",
    "n_customers": 30,
    "dimension": 2,
    "grid_size": 100,
    "optimal_cost": 400,
    "optimal_tour": [
        21,
        27,
        29,
        6,
        9,
        11,
        14,
        22,
        24,
        3,
        25,
        1,
        10,
        15,
        30,
        19,
        4,
        20,
        13,
        12,
        17,
        2,
        7,
        23,
        26,
        8,
        28,
        18,
        16,
        5
    ],
    "optimal_solver": "lkh",
    "instance_file_path": "c:\\TSP_ND_ML_Project\\instances\\N30_D2_G100_pow_13.json",
    "concorde_length": 400,
    "concorde_time_s": 0.9668111999926623,
    "concorde_tour": [
        1,
        10,
        22,
        9,
        14,
        6,
        3,
        11,
        24,
        29,
        27,
        28,
        26,
        16,
        23,
        21,
        18,
        7,
        2,
        5,
        8,
        20,
        13,
        19,
        4,
        12,
        17,
        15,
        25,
        30
    ],
    "lkh_length": 400,
    "lkh_time_s": 1.4287860000040382,
    "lkh_tour": [
        21,
        27,
        29,
        6,
        9,
        11,
        14,
        22,
        24,
        3,
        25,
        1,
        10,
        15,
        30,
        19,
        4,
        20,
        13,
        12,
        17,
        2,
        7,
        23,
        26,
        8,
        28,
        18,
        16,
        5
    ],
    "lkh_gap_pct": 0.0
}