{
    "instance_name": "N30_D3_G1000_tria_12",
    "n_customers": 30,
    "dimension": 3,
    "grid_size": 1000,
    "optimal_cost": 8193,
    "optimal_tour": [
        29,
        17,
        27,
        24,
        9,
        19,
        1,
        12,
        13,
        5,
        21,
        18,
        23,
        15,
        14,
        16,
        30,
        28,
        7,
        3,
        10,
        8,
        11,
        20,
        2,
        4,
        6,
        25,
        22,
        26
    ],
    "optimal_solver": "lkh",
    "instance_file_path": "c:\\TSP_ND_ML_Project\\instances\\N30_D3_G1000_tria_12.json",
    "concorde_length": 8193,
    "concorde_time_s": 0.6533990000025369,
    "concorde_tour": [
        1,
        19,
        9,
        24,
        27,
        17,
        29,
        26,
        22,
        25,
        6,
        4,
        2,
        20,
        11,
        8,
        10,
        3,
        7,
        28,
        30,
        16,
        14,
        15,
        23,
        18,
        21,
        5,
        13,
        12
    ],
    "lkh_length": 8193,
    "lkh_time_s": 0.06339799996931106,
    "lkh_tour": [
        29,
        17,
        27,
        24,
        9,
        19,
        1,
        12,
        13,
        5,
        21,
        18,
        23,
        15,
        14,
        16,
        30,
        28,
        7,
        3,
        10,
        8,
        11,
        20,
        2,
        4,
        6,
        25,
        22,
        26
    ],
    "lkh_gap_pct": 0.0
}