{
    "instance_name": "N30_D3_G10000_corr_7",
    "n_customers": 30,
    "dimension": 3,
    "grid_size": 10000,
    "optimal_cost": 45612,
    "optimal_tour": [
        19,
        1,
        13,
        4,
        10,
        8,
        3,
        25,
        7,
        21,
        9,
        24,
        29,
        26,
        20,
        16,
        30,
        17,
        5,
        14,
        27,
        28,
        22,
        11,
        2,
        18,
        6,
        15,
        12,
        23
    ],
    "optimal_solver": "lkh",
    "instance_file_path": "c:\\TSP_ND_ML_Project\\instances\\N30_D3_G10000_corr_7.json",
    "concorde_length": 45612,
    "concorde_time_s": 1.12654000002658,
    "concorde_tour": [
        1,
        19,
        23,
        12,
        15,
        6,
        18,
        2,
        11,
        22,
        28,
        27,
        14,
        5,
        17,
        30,
        16,
        20,
        26,
        29,
        24,
        9,
        21,
        7,
        25,
        3,
        8,
        10,
        4,
        13
    ],
    "lkh_length": 45612,
    "lkh_time_s": 0.07826579996617511,
    "lkh_tour": [
        19,
        1,
        13,
        4,
        10,
        8,
        3,
        25,
        7,
        21,
        9,
        24,
        29,
        26,
        20,
        16,
        30,
        17,
        5,
        14,
        27,
        28,
        22,
        11,
        2,
        18,
        6,
        15,
        12,
        23
    ],
    "lkh_gap_pct": 0.0
}