{
    "instance_name": "N30_D3_G1000_ring_18",
    "n_customers": 30,
    "dimension": 3,
    "grid_size": 1000,
    "optimal_cost": 4883,
    "optimal_tour": [
        12,
        30,
        7,
        4,
        19,
        16,
        23,
        1,
        11,
        14,
        10,
        26,
        27,
        2,
        22,
        21,
        8,
        24,
        15,
        25,
        13,
        6,
        9,
        29,
        28,
        5,
        17,
        18,
        20,
        3
    ],
    "optimal_solver": "lkh",
    "instance_file_path": "c:\\TSP_ND_ML_Project\\instances\\N30_D3_G1000_ring_18.json",
    "concorde_length": 4883,
    "concorde_time_s": 1.078601900022477,
    "concorde_tour": [
        1,
        23,
        16,
        19,
        4,
        7,
        30,
        12,
        3,
        20,
        18,
        17,
        5,
        28,
        29,
        9,
        6,
        13,
        25,
        15,
        24,
        8,
        21,
        22,
        2,
        27,
        26,
        10,
        14,
        11
    ],
    "lkh_length": 4883,
    "lkh_time_s": 0.046380900021176785,
    "lkh_tour": [
        12,
        30,
        7,
        4,
        19,
        16,
        23,
        1,
        11,
        14,
        10,
        26,
        27,
        2,
        22,
        21,
        8,
        24,
        15,
        25,
        13,
        6,
        9,
        29,
        28,
        5,
        17,
        18,
        20,
        3
    ],
    "lkh_gap_pct": 0.0
}