{
    "instance_name": "N30_D2_G100_clus_5",
    "n_customers": 30,
    "dimension": 2,
    "grid_size": 100,
    "optimal_cost": 244,
    "optimal_tour": [
        30,
        13,
        29,
        22,
        20,
        3,
        2,
        4,
        5,
        28,
        17,
        24,
        1,
        15,
        23,
        8,
        10,
        6,
        21,
        19,
        27,
        26,
        14,
        12,
        11,
        9,
        7,
        25,
        16,
        18
    ],
    "optimal_solver": "lkh",
    "instance_file_path": "c:\\TSP_ND_ML_Project\\instances\\N30_D2_G100_clus_5.json",
    "concorde_length": 244,
    "concorde_time_s": 1.3242284999869298,
    "concorde_tour": [
        1,
        8,
        23,
        15,
        10,
        6,
        21,
        19,
        27,
        26,
        14,
        12,
        11,
        9,
        7,
        25,
        16,
        18,
        30,
        13,
        29,
        22,
        20,
        3,
        2,
        4,
        5,
        28,
        17,
        24
    ],
    "lkh_length": 244,
    "lkh_time_s": 0.31291360000614077,
    "lkh_tour": [
        30,
        13,
        29,
        22,
        20,
        3,
        2,
        4,
        5,
        28,
        17,
        24,
        1,
        15,
        23,
        8,
        10,
        6,
        21,
        19,
        27,
        26,
        14,
        12,
        11,
        9,
        7,
        25,
        16,
        18
    ],
    "lkh_gap_pct": 0.0
}