{
    "instance_name": "N30_D2_G10000_corr_13",
    "n_customers": 30,
    "dimension": 2,
    "grid_size": 10000,
    "optimal_cost": 32211,
    "optimal_tour": [
        14,
        28,
        10,
        18,
        29,
        19,
        9,
        3,
        30,
        27,
        11,
        25,
        23,
        12,
        15,
        17,
        6,
        24,
        16,
        1,
        2,
        21,
        8,
        20,
        4,
        13,
        7,
        5,
        26,
        22
    ],
    "optimal_solver": "lkh",
    "instance_file_path": "c:\\TSP_ND_ML_Project\\instances\\N30_D2_G10000_corr_13.json",
    "concorde_length": 32211,
    "concorde_time_s": 0.8889771999965888,
    "concorde_tour": [
        1,
        16,
        24,
        6,
        17,
        15,
        12,
        23,
        25,
        11,
        27,
        30,
        3,
        9,
        19,
        29,
        18,
        10,
        28,
        14,
        22,
        26,
        5,
        7,
        13,
        4,
        20,
        8,
        21,
        2
    ],
    "lkh_length": 32211,
    "lkh_time_s": 0.0747953999962192,
    "lkh_tour": [
        14,
        28,
        10,
        18,
        29,
        19,
        9,
        3,
        30,
        27,
        11,
        25,
        23,
        12,
        15,
        17,
        6,
        24,
        16,
        1,
        2,
        21,
        8,
        20,
        4,
        13,
        7,
        5,
        26,
        22
    ],
    "lkh_gap_pct": 0.0
}