{
    "instance_name": "N30_D5_G100_clus_19",
    "n_customers": 30,
    "dimension": 5,
    "grid_size": 100,
    "optimal_cost": 636,
    "optimal_tour": [
        15,
        30,
        11,
        8,
        13,
        23,
        27,
        1,
        21,
        7,
        12,
        17,
        2,
        20,
        28,
        29,
        6,
        25,
        4,
        3,
        26,
        22,
        19,
        5,
        9,
        10,
        14,
        18,
        16,
        24
    ],
    "optimal_solver": "lkh",
    "instance_file_path": "c:\\TSP_ND_ML_Project\\instances\\N30_D5_G100_clus_19.json",
    "concorde_length": 636,
    "concorde_time_s": 0.6681407999712974,
    "concorde_tour": [
        1,
        27,
        23,
        13,
        8,
        11,
        30,
        15,
        24,
        16,
        18,
        14,
        10,
        9,
        5,
        19,
        22,
        26,
        3,
        4,
        25,
        6,
        29,
        28,
        20,
        2,
        17,
        12,
        7,
        21
    ],
    "lkh_length": 636,
    "lkh_time_s": 0.06104359996970743,
    "lkh_tour": [
        15,
        30,
        11,
        8,
        13,
        23,
        27,
        1,
        21,
        7,
        12,
        17,
        2,
        20,
        28,
        29,
        6,
        25,
        4,
        3,
        26,
        22,
        19,
        5,
        9,
        10,
        14,
        18,
        16,
        24
    ],
    "lkh_gap_pct": 0.0
}