{
    "instance_name": "N30_D2_G1000_norm_6",
    "n_customers": 30,
    "dimension": 2,
    "grid_size": 1000,
    "optimal_cost": 3602,
    "optimal_tour": [
        18,
        5,
        24,
        23,
        9,
        7,
        29,
        25,
        14,
        21,
        8,
        19,
        27,
        13,
        20,
        30,
        1,
        16,
        4,
        28,
        11,
        17,
        15,
        3,
        10,
        22,
        12,
        6,
        2,
        26
    ],
    "optimal_solver": "lkh",
    "instance_file_path": "c:\\TSP_ND_ML_Project\\instances\\N30_D2_G1000_norm_6.json",
    "concorde_length": 3602,
    "concorde_time_s": 0.8888655000191648,
    "concorde_tour": [
        1,
        16,
        4,
        28,
        11,
        17,
        15,
        3,
        10,
        22,
        12,
        6,
        2,
        26,
        18,
        5,
        24,
        23,
        9,
        7,
        29,
        25,
        14,
        21,
        8,
        19,
        27,
        13,
        20,
        30
    ],
    "lkh_length": 3602,
    "lkh_time_s": 0.12119220002205111,
    "lkh_tour": [
        18,
        5,
        24,
        23,
        9,
        7,
        29,
        25,
        14,
        21,
        8,
        19,
        27,
        13,
        20,
        30,
        1,
        16,
        4,
        28,
        11,
        17,
        15,
        3,
        10,
        22,
        12,
        6,
        2,
        26
    ],
    "lkh_gap_pct": 0.0
}