{
    "instance_name": "N30_D3_G100_pow_4",
    "n_customers": 30,
    "dimension": 3,
    "grid_size": 100,
    "optimal_cost": 800,
    "optimal_tour": [
        10,
        22,
        28,
        4,
        15,
        5,
        7,
        11,
        29,
        6,
        9,
        27,
        26,
        1,
        13,
        16,
        21,
        20,
        24,
        8,
        14,
        30,
        17,
        19,
        12,
        23,
        18,
        25,
        3,
        2
    ],
    "optimal_solver": "lkh",
    "instance_file_path": "c:\\TSP_ND_ML_Project\\instances\\N30_D3_G100_pow_4.json",
    "concorde_length": 800,
    "concorde_time_s": 0.6489563999930397,
    "concorde_tour": [
        1,
        13,
        16,
        8,
        24,
        20,
        21,
        18,
        25,
        3,
        10,
        23,
        2,
        4,
        28,
        15,
        22,
        7,
        11,
        9,
        5,
        6,
        29,
        30,
        17,
        19,
        12,
        14,
        26,
        27
    ],
    "lkh_length": 800,
    "lkh_time_s": 0.1654225999955088,
    "lkh_tour": [
        10,
        22,
        28,
        4,
        15,
        5,
        7,
        11,
        29,
        6,
        9,
        27,
        26,
        1,
        13,
        16,
        21,
        20,
        24,
        8,
        14,
        30,
        17,
        19,
        12,
        23,
        18,
        25,
        3,
        2
    ],
    "lkh_gap_pct": 0.0
}