{
    "instance_name": "N30_D3_G100_norm_3",
    "n_customers": 30,
    "dimension": 3,
    "grid_size": 100,
    "optimal_cost": 387,
    "optimal_tour": [
        12,
        16,
        8,
        17,
        14,
        4,
        19,
        20,
        7,
        22,
        13,
        18,
        10,
        3,
        28,
        1,
        2,
        30,
        21,
        27,
        11,
        23,
        5,
        29,
        6,
        9,
        24,
        15,
        26,
        25
    ],
    "optimal_solver": "lkh",
    "instance_file_path": "c:\\TSP_ND_ML_Project\\instances\\N30_D3_G100_norm_3.json",
    "concorde_length": 387,
    "concorde_time_s": 0.7869649999774992,
    "concorde_tour": [
        1,
        28,
        3,
        10,
        18,
        13,
        20,
        19,
        7,
        22,
        4,
        14,
        17,
        8,
        16,
        12,
        25,
        26,
        15,
        24,
        9,
        6,
        29,
        5,
        23,
        11,
        27,
        21,
        30,
        2
    ],
    "lkh_length": 387,
    "lkh_time_s": 0.0596470000455156,
    "lkh_tour": [
        12,
        16,
        8,
        17,
        14,
        4,
        19,
        20,
        7,
        22,
        13,
        18,
        10,
        3,
        28,
        1,
        2,
        30,
        21,
        27,
        11,
        23,
        5,
        29,
        6,
        9,
        24,
        15,
        26,
        25
    ],
    "lkh_gap_pct": 0.0
}