{
    "instance_name": "N30_D3_G100_clus_12",
    "n_customers": 30,
    "dimension": 3,
    "grid_size": 100,
    "optimal_cost": 504,
    "optimal_tour": [
        13,
        26,
        15,
        4,
        20,
        28,
        10,
        29,
        24,
        22,
        14,
        11,
        12,
        8,
        3,
        5,
        25,
        1,
        2,
        18,
        21,
        30,
        9,
        7,
        23,
        17,
        6,
        27,
        16,
        19
    ],
    "optimal_solver": "lkh",
    "instance_file_path": "c:\\TSP_ND_ML_Project\\instances\\N30_D3_G100_clus_12.json",
    "concorde_length": 504,
    "concorde_time_s": 0.709349500015378,
    "concorde_tour": [
        1,
        25,
        5,
        3,
        8,
        12,
        11,
        14,
        29,
        10,
        24,
        22,
        28,
        20,
        4,
        15,
        26,
        13,
        19,
        16,
        27,
        6,
        17,
        23,
        7,
        9,
        30,
        18,
        21,
        2
    ],
    "lkh_length": 504,
    "lkh_time_s": 0.10664900002302602,
    "lkh_tour": [
        13,
        26,
        15,
        4,
        20,
        28,
        10,
        29,
        24,
        22,
        14,
        11,
        12,
        8,
        3,
        5,
        25,
        1,
        2,
        18,
        21,
        30,
        9,
        7,
        23,
        17,
        6,
        27,
        16,
        19
    ],
    "lkh_gap_pct": 0.0
}