{
    "instance_name": "N30_D3_G10000_corn_10",
    "n_customers": 30,
    "dimension": 3,
    "grid_size": 10000,
    "optimal_cost": 80842,
    "optimal_tour": [
        26,
        24,
        8,
        7,
        3,
        19,
        20,
        17,
        1,
        10,
        28,
        9,
        27,
        29,
        15,
        12,
        22,
        25,
        13,
        21,
        16,
        14,
        30,
        11,
        2,
        6,
        4,
        23,
        5,
        18
    ],
    "optimal_solver": "lkh",
    "instance_file_path": "c:\\TSP_ND_ML_Project\\instances\\N30_D3_G10000_corn_10.json",
    "concorde_length": 80842,
    "concorde_time_s": 1.2178733000182547,
    "concorde_tour": [
        1,
        17,
        20,
        19,
        3,
        7,
        8,
        24,
        26,
        18,
        5,
        23,
        4,
        6,
        2,
        11,
        30,
        14,
        16,
        21,
        13,
        25,
        22,
        12,
        15,
        29,
        27,
        9,
        28,
        10
    ],
    "lkh_length": 80842,
    "lkh_time_s": 0.06830789998639375,
    "lkh_tour": [
        26,
        24,
        8,
        7,
        3,
        19,
        20,
        17,
        1,
        10,
        28,
        9,
        27,
        29,
        15,
        12,
        22,
        25,
        13,
        21,
        16,
        14,
        30,
        11,
        2,
        6,
        4,
        23,
        5,
        18
    ],
    "lkh_gap_pct": 0.0
}