{
    "instance_name": "N30_D2_G1000_pow_18",
    "n_customers": 30,
    "dimension": 2,
    "grid_size": 1000,
    "optimal_cost": 4000,
    "optimal_tour": [
        7,
        11,
        23,
        17,
        21,
        16,
        10,
        20,
        13,
        2,
        5,
        9,
        22,
        8,
        24,
        25,
        6,
        26,
        19,
        4,
        27,
        3,
        12,
        18,
        1,
        14,
        29,
        15,
        28,
        30
    ],
    "optimal_solver": "lkh",
    "instance_file_path": "c:\\TSP_ND_ML_Project\\instances\\N30_D2_G1000_pow_18.json",
    "concorde_length": 4000,
    "concorde_time_s": 1.3731858999817632,
    "concorde_tour": [
        1,
        6,
        18,
        4,
        27,
        19,
        26,
        24,
        25,
        12,
        11,
        7,
        14,
        21,
        23,
        15,
        17,
        29,
        28,
        30,
        13,
        2,
        5,
        10,
        16,
        20,
        22,
        9,
        3,
        8
    ],
    "lkh_length": 4000,
    "lkh_time_s": 0.22341679999954067,
    "lkh_tour": [
        7,
        11,
        23,
        17,
        21,
        16,
        10,
        20,
        13,
        2,
        5,
        9,
        22,
        8,
        24,
        25,
        6,
        26,
        19,
        4,
        27,
        3,
        12,
        18,
        1,
        14,
        29,
        15,
        28,
        30
    ],
    "lkh_gap_pct": 0.0
}