{
    "instance_name": "N30_D3_G100_rand_12",
    "n_customers": 30,
    "dimension": 3,
    "grid_size": 100,
    "optimal_cost": 726,
    "optimal_tour": [
        30,
        2,
        21,
        27,
        6,
        1,
        3,
        23,
        24,
        25,
        16,
        17,
        13,
        19,
        20,
        28,
        11,
        15,
        22,
        10,
        18,
        8,
        12,
        26,
        7,
        9,
        29,
        4,
        5,
        14
    ],
    "optimal_solver": "lkh",
    "instance_file_path": "c:\\TSP_ND_ML_Project\\instances\\N30_D3_G100_rand_12.json",
    "concorde_length": 726,
    "concorde_time_s": 1.1028643000172451,
    "concorde_tour": [
        1,
        3,
        23,
        24,
        25,
        16,
        17,
        13,
        19,
        20,
        28,
        11,
        15,
        22,
        10,
        18,
        8,
        12,
        26,
        7,
        9,
        29,
        4,
        5,
        14,
        30,
        2,
        21,
        27,
        6
    ],
    "lkh_length": 726,
    "lkh_time_s": 0.06452430004719645,
    "lkh_tour": [
        30,
        2,
        21,
        27,
        6,
        1,
        3,
        23,
        24,
        25,
        16,
        17,
        13,
        19,
        20,
        28,
        11,
        15,
        22,
        10,
        18,
        8,
        12,
        26,
        7,
        9,
        29,
        4,
        5,
        14
    ],
    "lkh_gap_pct": 0.0
}