{
    "instance_name": "N30_D5_G100_ring_12",
    "n_customers": 30,
    "dimension": 5,
    "grid_size": 100,
    "optimal_cost": 1155,
    "optimal_tour": [
        14,
        13,
        10,
        16,
        6,
        17,
        4,
        20,
        23,
        12,
        22,
        24,
        26,
        3,
        29,
        5,
        11,
        2,
        28,
        9,
        8,
        19,
        25,
        30,
        18,
        27,
        21,
        1,
        15,
        7
    ],
    "optimal_solver": "lkh",
    "instance_file_path": "c:\\TSP_ND_ML_Project\\instances\\N30_D5_G100_ring_12.json",
    "concorde_length": 1155,
    "concorde_time_s": 2.0244349999702536,
    "concorde_tour": [
        1,
        15,
        7,
        14,
        13,
        10,
        16,
        6,
        17,
        4,
        20,
        23,
        12,
        22,
        24,
        26,
        3,
        5,
        29,
        11,
        2,
        28,
        9,
        8,
        19,
        25,
        30,
        18,
        27,
        21
    ],
    "lkh_length": 1155,
    "lkh_time_s": 0.11582389997784048,
    "lkh_tour": [
        14,
        13,
        10,
        16,
        6,
        17,
        4,
        20,
        23,
        12,
        22,
        24,
        26,
        3,
        29,
        5,
        11,
        2,
        28,
        9,
        8,
        19,
        25,
        30,
        18,
        27,
        21,
        1,
        15,
        7
    ],
    "lkh_gap_pct": 0.0
}