{
    "instance_name": "N30_D5_G1000_rand_6",
    "n_customers": 30,
    "dimension": 5,
    "grid_size": 1000,
    "optimal_cost": 15548,
    "optimal_tour": [
        20,
        8,
        22,
        11,
        18,
        12,
        30,
        2,
        4,
        25,
        3,
        29,
        19,
        21,
        28,
        6,
        7,
        9,
        15,
        26,
        1,
        14,
        17,
        13,
        27,
        16,
        23,
        5,
        10,
        24
    ],
    "optimal_solver": "lkh",
    "instance_file_path": "c:\\TSP_ND_ML_Project\\instances\\N30_D5_G1000_rand_6.json",
    "concorde_length": 15548,
    "concorde_time_s": 1.0184417000273243,
    "concorde_tour": [
        1,
        14,
        17,
        13,
        27,
        16,
        23,
        5,
        10,
        24,
        20,
        8,
        22,
        11,
        18,
        12,
        30,
        2,
        4,
        25,
        3,
        29,
        19,
        21,
        28,
        6,
        7,
        9,
        15,
        26
    ],
    "lkh_length": 15548,
    "lkh_time_s": 0.07548469997709617,
    "lkh_tour": [
        20,
        8,
        22,
        11,
        18,
        12,
        30,
        2,
        4,
        25,
        3,
        29,
        19,
        21,
        28,
        6,
        7,
        9,
        15,
        26,
        1,
        14,
        17,
        13,
        27,
        16,
        23,
        5,
        10,
        24
    ],
    "lkh_gap_pct": 0.0
}