{
    "instance_name": "N30_D3_G100_rand_3",
    "n_customers": 30,
    "dimension": 3,
    "grid_size": 100,
    "optimal_cost": 809,
    "optimal_tour": [
        25,
        16,
        13,
        28,
        9,
        27,
        10,
        5,
        30,
        2,
        7,
        14,
        15,
        26,
        8,
        3,
        6,
        22,
        17,
        21,
        18,
        20,
        23,
        29,
        11,
        4,
        24,
        19,
        1,
        12
    ],
    "optimal_solver": "lkh",
    "instance_file_path": "c:\\TSP_ND_ML_Project\\instances\\N30_D3_G100_rand_3.json",
    "concorde_length": 809,
    "concorde_time_s": 1.0658697999897413,
    "concorde_tour": [
        1,
        19,
        24,
        4,
        11,
        29,
        23,
        20,
        18,
        21,
        17,
        22,
        6,
        3,
        8,
        26,
        15,
        14,
        7,
        2,
        30,
        5,
        10,
        27,
        9,
        28,
        13,
        16,
        25,
        12
    ],
    "lkh_length": 809,
    "lkh_time_s": 0.09308399999281392,
    "lkh_tour": [
        25,
        16,
        13,
        28,
        9,
        27,
        10,
        5,
        30,
        2,
        7,
        14,
        15,
        26,
        8,
        3,
        6,
        22,
        17,
        21,
        18,
        20,
        23,
        29,
        11,
        4,
        24,
        19,
        1,
        12
    ],
    "lkh_gap_pct": 0.0
}