{
    "instance_name": "N30_D4_G1000_ring_7",
    "n_customers": 30,
    "dimension": 4,
    "grid_size": 1000,
    "optimal_cost": 8314,
    "optimal_tour": [
        12,
        29,
        30,
        11,
        19,
        23,
        18,
        14,
        26,
        3,
        16,
        24,
        28,
        1,
        20,
        17,
        10,
        15,
        9,
        8,
        2,
        21,
        6,
        4,
        27,
        25,
        22,
        5,
        13,
        7
    ],
    "optimal_solver": "lkh",
    "instance_file_path": "c:\\TSP_ND_ML_Project\\instances\\N30_D4_G1000_ring_7.json",
    "concorde_length": 8314,
    "concorde_time_s": 1.0361279000062495,
    "concorde_tour": [
        1,
        20,
        17,
        10,
        15,
        9,
        8,
        2,
        21,
        6,
        4,
        27,
        25,
        22,
        5,
        13,
        7,
        12,
        29,
        30,
        11,
        19,
        23,
        18,
        14,
        26,
        3,
        16,
        24,
        28
    ],
    "lkh_length": 8314,
    "lkh_time_s": 0.09731320000719279,
    "lkh_tour": [
        12,
        29,
        30,
        11,
        19,
        23,
        18,
        14,
        26,
        3,
        16,
        24,
        28,
        1,
        20,
        17,
        10,
        15,
        9,
        8,
        2,
        21,
        6,
        4,
        27,
        25,
        22,
        5,
        13,
        7
    ],
    "lkh_gap_pct": 0.0
}