{
    "instance_name": "N30_D4_G100_corn_6",
    "n_customers": 30,
    "dimension": 4,
    "grid_size": 100,
    "optimal_cost": 1334,
    "optimal_tour": [
        22,
        14,
        16,
        24,
        26,
        25,
        6,
        15,
        7,
        27,
        9,
        29,
        5,
        10,
        17,
        20,
        19,
        21,
        11,
        18,
        1,
        12,
        13,
        30,
        28,
        2,
        8,
        23,
        3,
        4
    ],
    "optimal_solver": "lkh",
    "instance_file_path": "c:\\TSP_ND_ML_Project\\instances\\N30_D4_G100_corn_6.json",
    "concorde_length": 1334,
    "concorde_time_s": 0.7757982999901287,
    "concorde_tour": [
        1,
        18,
        11,
        21,
        19,
        20,
        17,
        10,
        5,
        29,
        9,
        27,
        7,
        15,
        6,
        25,
        26,
        24,
        16,
        14,
        22,
        4,
        3,
        23,
        8,
        2,
        28,
        30,
        13,
        12
    ],
    "lkh_length": 1334,
    "lkh_time_s": 0.06320239999331534,
    "lkh_tour": [
        22,
        14,
        16,
        24,
        26,
        25,
        6,
        15,
        7,
        27,
        9,
        29,
        5,
        10,
        17,
        20,
        19,
        21,
        11,
        18,
        1,
        12,
        13,
        30,
        28,
        2,
        8,
        23,
        3,
        4
    ],
    "lkh_gap_pct": 0.0
}