{
    "instance_name": "N30_D5_G10000_grid_4",
    "n_customers": 30,
    "dimension": 5,
    "grid_size": 10000,
    "optimal_cost": 146124,
    "optimal_tour": [
        11,
        19,
        14,
        17,
        29,
        21,
        25,
        18,
        24,
        15,
        30,
        6,
        26,
        9,
        23,
        10,
        7,
        5,
        4,
        3,
        28,
        20,
        12,
        8,
        22,
        1,
        2,
        27,
        13,
        16
    ],
    "optimal_solver": "lkh",
    "instance_file_path": "c:\\TSP_ND_ML_Project\\instances\\N30_D5_G10000_grid_4.json",
    "concorde_length": 146124,
    "concorde_time_s": 1.0407881999853998,
    "concorde_tour": [
        1,
        22,
        8,
        12,
        20,
        28,
        3,
        4,
        5,
        7,
        10,
        23,
        9,
        26,
        6,
        30,
        15,
        24,
        18,
        25,
        21,
        29,
        17,
        14,
        19,
        11,
        16,
        13,
        27,
        2
    ],
    "lkh_length": 146124,
    "lkh_time_s": 0.056380299967713654,
    "lkh_tour": [
        11,
        19,
        14,
        17,
        29,
        21,
        25,
        18,
        24,
        15,
        30,
        6,
        26,
        9,
        23,
        10,
        7,
        5,
        4,
        3,
        28,
        20,
        12,
        8,
        22,
        1,
        2,
        27,
        13,
        16
    ],
    "lkh_gap_pct": 0.0
}