{
    "instance_name": "N30_D2_G10000_rand_18",
    "n_customers": 30,
    "dimension": 2,
    "grid_size": 10000,
    "optimal_cost": 49567,
    "optimal_tour": [
        9,
        4,
        26,
        10,
        7,
        17,
        23,
        30,
        24,
        8,
        3,
        18,
        12,
        15,
        5,
        19,
        28,
        13,
        29,
        14,
        1,
        6,
        27,
        2,
        25,
        21,
        11,
        16,
        20,
        22
    ],
    "optimal_solver": "lkh",
    "instance_file_path": "c:\\TSP_ND_ML_Project\\instances\\N30_D2_G10000_rand_18.json",
    "concorde_length": 49567,
    "concorde_time_s": 0.966040500003146,
    "concorde_tour": [
        1,
        14,
        29,
        13,
        28,
        19,
        5,
        15,
        12,
        18,
        3,
        8,
        24,
        30,
        23,
        17,
        7,
        10,
        26,
        4,
        9,
        22,
        20,
        16,
        11,
        21,
        25,
        2,
        27,
        6
    ],
    "lkh_length": 49567,
    "lkh_time_s": 0.11516919999849051,
    "lkh_tour": [
        9,
        4,
        26,
        10,
        7,
        17,
        23,
        30,
        24,
        8,
        3,
        18,
        12,
        15,
        5,
        19,
        28,
        13,
        29,
        14,
        1,
        6,
        27,
        2,
        25,
        21,
        11,
        16,
        20,
        22
    ],
    "lkh_gap_pct": 0.0
}