{
    "instance_name": "N30_D3_G1000_grid_8",
    "n_customers": 30,
    "dimension": 3,
    "grid_size": 1000,
    "optimal_cost": 8113,
    "optimal_tour": [
        18,
        9,
        6,
        23,
        8,
        2,
        21,
        28,
        19,
        1,
        11,
        25,
        7,
        14,
        15,
        20,
        4,
        22,
        16,
        10,
        30,
        29,
        3,
        12,
        27,
        24,
        26,
        17,
        13,
        5
    ],
    "optimal_solver": "lkh",
    "instance_file_path": "c:\\TSP_ND_ML_Project\\instances\\N30_D3_G1000_grid_8.json",
    "concorde_length": 8113,
    "concorde_time_s": 0.49884919996839017,
    "concorde_tour": [
        1,
        11,
        25,
        7,
        14,
        15,
        20,
        4,
        22,
        16,
        10,
        30,
        29,
        3,
        12,
        27,
        24,
        26,
        17,
        13,
        5,
        18,
        9,
        6,
        23,
        8,
        2,
        21,
        28,
        19
    ],
    "lkh_length": 8113,
    "lkh_time_s": 0.0968711000168696,
    "lkh_tour": [
        18,
        9,
        6,
        23,
        8,
        2,
        21,
        28,
        19,
        1,
        11,
        25,
        7,
        14,
        15,
        20,
        4,
        22,
        16,
        10,
        30,
        29,
        3,
        12,
        27,
        24,
        26,
        17,
        13,
        5
    ],
    "lkh_gap_pct": 0.0
}