{
    "instance_name": "N30_D2_G10000_pow_1",
    "n_customers": 30,
    "dimension": 2,
    "grid_size": 10000,
    "optimal_cost": 40000,
    "optimal_tour": [
        7,
        12,
        25,
        27,
        22,
        18,
        28,
        1,
        19,
        23,
        10,
        20,
        5,
        29,
        3,
        30,
        11,
        8,
        2,
        24,
        17,
        15,
        14,
        6,
        9,
        26,
        21,
        13,
        4,
        16
    ],
    "optimal_solver": "lkh",
    "instance_file_path": "c:\\TSP_ND_ML_Project\\instances\\N30_D2_G10000_pow_1.json",
    "concorde_length": 40000,
    "concorde_time_s": 1.2775132000097074,
    "concorde_tour": [
        1,
        18,
        19,
        16,
        21,
        27,
        25,
        26,
        22,
        12,
        9,
        13,
        7,
        6,
        4,
        30,
        17,
        24,
        15,
        3,
        11,
        14,
        2,
        8,
        29,
        5,
        20,
        10,
        23,
        28
    ],
    "lkh_length": 40000,
    "lkh_time_s": 1.2330713999981526,
    "lkh_tour": [
        7,
        12,
        25,
        27,
        22,
        18,
        28,
        1,
        19,
        23,
        10,
        20,
        5,
        29,
        3,
        30,
        11,
        8,
        2,
        24,
        17,
        15,
        14,
        6,
        9,
        26,
        21,
        13,
        4,
        16
    ],
    "lkh_gap_pct": 0.0
}