{
    "instance_name": "N30_D3_G100_pow_14",
    "n_customers": 30,
    "dimension": 3,
    "grid_size": 100,
    "optimal_cost": 800,
    "optimal_tour": [
        10,
        9,
        12,
        13,
        14,
        27,
        28,
        11,
        23,
        22,
        1,
        8,
        24,
        21,
        5,
        29,
        20,
        25,
        15,
        18,
        3,
        26,
        16,
        7,
        17,
        19,
        6,
        2,
        30,
        4
    ],
    "optimal_solver": "lkh",
    "instance_file_path": "c:\\TSP_ND_ML_Project\\instances\\N30_D3_G100_pow_14.json",
    "concorde_length": 800,
    "concorde_time_s": 0.5095712000038475,
    "concorde_tour": [
        1,
        24,
        8,
        13,
        14,
        9,
        10,
        4,
        12,
        3,
        25,
        20,
        29,
        15,
        18,
        26,
        17,
        6,
        19,
        16,
        7,
        2,
        30,
        28,
        11,
        27,
        23,
        22,
        21,
        5
    ],
    "lkh_length": 800,
    "lkh_time_s": 0.18753080000169575,
    "lkh_tour": [
        10,
        9,
        12,
        13,
        14,
        27,
        28,
        11,
        23,
        22,
        1,
        8,
        24,
        21,
        5,
        29,
        20,
        25,
        15,
        18,
        3,
        26,
        16,
        7,
        17,
        19,
        6,
        2,
        30,
        4
    ],
    "lkh_gap_pct": 0.0
}