{
    "instance_name": "N30_D2_G100_norm_4",
    "n_customers": 30,
    "dimension": 2,
    "grid_size": 100,
    "optimal_cost": 257,
    "optimal_tour": [
        25,
        30,
        26,
        3,
        4,
        2,
        10,
        29,
        18,
        20,
        27,
        19,
        7,
        13,
        22,
        21,
        23,
        5,
        17,
        28,
        1,
        12,
        24,
        9,
        8,
        14,
        16,
        15,
        11,
        6
    ],
    "optimal_solver": "lkh",
    "instance_file_path": "c:\\TSP_ND_ML_Project\\instances\\N30_D2_G100_norm_4.json",
    "concorde_length": 257,
    "concorde_time_s": 0.6349973000178579,
    "concorde_tour": [
        1,
        12,
        24,
        9,
        8,
        14,
        16,
        15,
        11,
        6,
        25,
        30,
        26,
        3,
        4,
        2,
        10,
        29,
        18,
        20,
        27,
        19,
        7,
        13,
        22,
        21,
        23,
        5,
        17,
        28
    ],
    "lkh_length": 257,
    "lkh_time_s": 0.11905059998389333,
    "lkh_tour": [
        25,
        30,
        26,
        3,
        4,
        2,
        10,
        29,
        18,
        20,
        27,
        19,
        7,
        13,
        22,
        21,
        23,
        5,
        17,
        28,
        1,
        12,
        24,
        9,
        8,
        14,
        16,
        15,
        11,
        6
    ],
    "lkh_gap_pct": 0.0
}