{
    "instance_name": "N30_D2_G100_rand_20",
    "n_customers": 30,
    "dimension": 2,
    "grid_size": 100,
    "optimal_cost": 534,
    "optimal_tour": [
        30,
        16,
        23,
        7,
        19,
        8,
        26,
        9,
        25,
        18,
        2,
        17,
        1,
        3,
        28,
        11,
        4,
        13,
        15,
        20,
        29,
        22,
        21,
        10,
        12,
        6,
        27,
        5,
        14,
        24
    ],
    "optimal_solver": "lkh",
    "instance_file_path": "c:\\TSP_ND_ML_Project\\instances\\N30_D2_G100_rand_20.json",
    "concorde_length": 534,
    "concorde_time_s": 0.8617922000121325,
    "concorde_tour": [
        1,
        17,
        2,
        18,
        25,
        9,
        26,
        8,
        19,
        7,
        23,
        16,
        24,
        14,
        5,
        27,
        6,
        12,
        10,
        21,
        22,
        30,
        29,
        20,
        15,
        13,
        4,
        11,
        28,
        3
    ],
    "lkh_length": 534,
    "lkh_time_s": 0.1108832000172697,
    "lkh_tour": [
        30,
        16,
        23,
        7,
        19,
        8,
        26,
        9,
        25,
        18,
        2,
        17,
        1,
        3,
        28,
        11,
        4,
        13,
        15,
        20,
        29,
        22,
        21,
        10,
        12,
        6,
        27,
        5,
        14,
        24
    ],
    "lkh_gap_pct": 0.0
}