{
    "instance_name": "N30_D4_G10000_pow_2",
    "n_customers": 30,
    "dimension": 4,
    "grid_size": 10000,
    "optimal_cost": 154142,
    "optimal_tour": [
        23,
        3,
        2,
        6,
        4,
        16,
        9,
        11,
        15,
        24,
        29,
        18,
        13,
        5,
        10,
        19,
        20,
        8,
        7,
        14,
        17,
        30,
        26,
        22,
        21,
        28,
        1,
        25,
        12,
        27
    ],
    "optimal_solver": "lkh",
    "instance_file_path": "c:\\TSP_ND_ML_Project\\instances\\N30_D4_G10000_pow_2.json",
    "concorde_length": 154142,
    "concorde_time_s": 0.5174451000057161,
    "concorde_tour": [
        1,
        5,
        8,
        19,
        20,
        10,
        13,
        18,
        24,
        29,
        14,
        7,
        3,
        27,
        12,
        23,
        25,
        2,
        6,
        16,
        4,
        11,
        9,
        15,
        17,
        30,
        26,
        22,
        21,
        28
    ],
    "lkh_length": 154142,
    "lkh_time_s": 0.5752799999900162,
    "lkh_tour": [
        23,
        3,
        2,
        6,
        4,
        16,
        9,
        11,
        15,
        24,
        29,
        18,
        13,
        5,
        10,
        19,
        20,
        8,
        7,
        14,
        17,
        30,
        26,
        22,
        21,
        28,
        1,
        25,
        12,
        27
    ],
    "lkh_gap_pct": 0.0
}