{
    "instance_name": "N30_D2_G100_rand_1",
    "n_customers": 30,
    "dimension": 2,
    "grid_size": 100,
    "optimal_cost": 457,
    "optimal_tour": [
        9,
        12,
        6,
        8,
        2,
        27,
        4,
        14,
        7,
        30,
        26,
        5,
        23,
        10,
        13,
        22,
        24,
        29,
        28,
        15,
        1,
        11,
        20,
        25,
        17,
        19,
        21,
        16,
        18,
        3
    ],
    "optimal_solver": "lkh",
    "instance_file_path": "c:\\TSP_ND_ML_Project\\instances\\N30_D2_G100_rand_1.json",
    "concorde_length": 457,
    "concorde_time_s": 0.9058296000002883,
    "concorde_tour": [
        1,
        11,
        20,
        25,
        17,
        19,
        21,
        16,
        18,
        9,
        12,
        3,
        6,
        8,
        2,
        27,
        4,
        14,
        7,
        30,
        26,
        5,
        23,
        10,
        13,
        22,
        24,
        29,
        28,
        15
    ],
    "lkh_length": 457,
    "lkh_time_s": 0.14662220000172965,
    "lkh_tour": [
        9,
        12,
        6,
        8,
        2,
        27,
        4,
        14,
        7,
        30,
        26,
        5,
        23,
        10,
        13,
        22,
        24,
        29,
        28,
        15,
        1,
        11,
        20,
        25,
        17,
        19,
        21,
        16,
        18,
        3
    ],
    "lkh_gap_pct": 0.0
}