{
    "instance_name": "N30_D4_G100_corr_4",
    "n_customers": 30,
    "dimension": 4,
    "grid_size": 100,
    "optimal_cost": 561,
    "optimal_tour": [
        28,
        14,
        13,
        25,
        30,
        12,
        20,
        5,
        22,
        27,
        15,
        8,
        16,
        21,
        9,
        23,
        17,
        26,
        18,
        7,
        10,
        24,
        29,
        4,
        19,
        11,
        1,
        6,
        3,
        2
    ],
    "optimal_solver": "lkh",
    "instance_file_path": "c:\\TSP_ND_ML_Project\\instances\\N30_D4_G100_corr_4.json",
    "concorde_length": 561,
    "concorde_time_s": 1.0715166999725625,
    "concorde_tour": [
        1,
        6,
        3,
        2,
        28,
        14,
        13,
        25,
        30,
        12,
        20,
        5,
        22,
        15,
        8,
        16,
        27,
        21,
        9,
        23,
        17,
        26,
        18,
        7,
        10,
        24,
        29,
        4,
        19,
        11
    ],
    "lkh_length": 561,
    "lkh_time_s": 0.10564769996562973,
    "lkh_tour": [
        28,
        14,
        13,
        25,
        30,
        12,
        20,
        5,
        22,
        27,
        15,
        8,
        16,
        21,
        9,
        23,
        17,
        26,
        18,
        7,
        10,
        24,
        29,
        4,
        19,
        11,
        1,
        6,
        3,
        2
    ],
    "lkh_gap_pct": 0.0
}