{
    "instance_name": "N30_D4_G10000_rand_1",
    "n_customers": 30,
    "dimension": 4,
    "grid_size": 10000,
    "optimal_cost": 124114,
    "optimal_tour": [
        29,
        8,
        24,
        7,
        22,
        14,
        19,
        26,
        3,
        12,
        27,
        2,
        23,
        6,
        15,
        9,
        18,
        25,
        11,
        28,
        20,
        5,
        30,
        21,
        1,
        16,
        13,
        10,
        4,
        17
    ],
    "optimal_solver": "lkh",
    "instance_file_path": "c:\\TSP_ND_ML_Project\\instances\\N30_D4_G10000_rand_1.json",
    "concorde_length": 124114,
    "concorde_time_s": 1.4150876000057906,
    "concorde_tour": [
        1,
        21,
        30,
        5,
        20,
        28,
        11,
        25,
        18,
        9,
        15,
        6,
        23,
        2,
        27,
        12,
        3,
        26,
        19,
        14,
        22,
        7,
        24,
        8,
        29,
        17,
        4,
        10,
        13,
        16
    ],
    "lkh_length": 124114,
    "lkh_time_s": 0.06876709999050945,
    "lkh_tour": [
        29,
        8,
        24,
        7,
        22,
        14,
        19,
        26,
        3,
        12,
        27,
        2,
        23,
        6,
        15,
        9,
        18,
        25,
        11,
        28,
        20,
        5,
        30,
        21,
        1,
        16,
        13,
        10,
        4,
        17
    ],
    "lkh_gap_pct": 0.0
}