{
    "instance_name": "N30_D2_G100_grid_10",
    "n_customers": 30,
    "dimension": 2,
    "grid_size": 100,
    "optimal_cost": 471,
    "optimal_tour": [
        4,
        22,
        6,
        17,
        30,
        1,
        28,
        9,
        11,
        12,
        23,
        24,
        26,
        8,
        7,
        10,
        3,
        15,
        16,
        25,
        13,
        20,
        5,
        14,
        2,
        29,
        19,
        18,
        21,
        27
    ],
    "optimal_solver": "lkh",
    "instance_file_path": "c:\\TSP_ND_ML_Project\\instances\\N30_D2_G100_grid_10.json",
    "concorde_length": 471,
    "concorde_time_s": 0.6871545000176411,
    "concorde_tour": [
        1,
        28,
        9,
        11,
        12,
        23,
        24,
        26,
        8,
        7,
        10,
        3,
        15,
        16,
        25,
        13,
        20,
        5,
        14,
        2,
        29,
        19,
        18,
        21,
        27,
        4,
        22,
        6,
        17,
        30
    ],
    "lkh_length": 471,
    "lkh_time_s": 0.17453099999693222,
    "lkh_tour": [
        4,
        22,
        6,
        17,
        30,
        1,
        28,
        9,
        11,
        12,
        23,
        24,
        26,
        8,
        7,
        10,
        3,
        15,
        16,
        25,
        13,
        20,
        5,
        14,
        2,
        29,
        19,
        18,
        21,
        27
    ],
    "lkh_gap_pct": 0.0
}