{
    "instance_name": "N30_D5_G1000_corn_15",
    "n_customers": 30,
    "dimension": 5,
    "grid_size": 1000,
    "optimal_cost": 20495,
    "optimal_tour": [
        11,
        23,
        22,
        27,
        28,
        29,
        9,
        17,
        25,
        24,
        4,
        19,
        10,
        15,
        2,
        16,
        3,
        30,
        14,
        6,
        7,
        8,
        21,
        12,
        20,
        1,
        5,
        18,
        13,
        26
    ],
    "optimal_solver": "lkh",
    "instance_file_path": "c:\\TSP_ND_ML_Project\\instances\\N30_D5_G1000_corn_15.json",
    "concorde_length": 20495,
    "concorde_time_s": 0.7496072999783792,
    "concorde_tour": [
        1,
        5,
        18,
        13,
        26,
        11,
        23,
        22,
        27,
        28,
        29,
        9,
        17,
        25,
        24,
        4,
        19,
        10,
        15,
        2,
        16,
        3,
        30,
        14,
        6,
        7,
        8,
        21,
        12,
        20
    ],
    "lkh_length": 20495,
    "lkh_time_s": 0.06713949999539182,
    "lkh_tour": [
        11,
        23,
        22,
        27,
        28,
        29,
        9,
        17,
        25,
        24,
        4,
        19,
        10,
        15,
        2,
        16,
        3,
        30,
        14,
        6,
        7,
        8,
        21,
        12,
        20,
        1,
        5,
        18,
        13,
        26
    ],
    "lkh_gap_pct": 0.0
}