{
    "instance_name": "N30_D2_G10000_norm_3",
    "n_customers": 30,
    "dimension": 2,
    "grid_size": 10000,
    "optimal_cost": 27153,
    "optimal_tour": [
        25,
        9,
        20,
        13,
        28,
        29,
        21,
        18,
        14,
        16,
        5,
        3,
        17,
        15,
        7,
        1,
        6,
        11,
        2,
        24,
        23,
        27,
        10,
        30,
        22,
        19,
        26,
        12,
        8,
        4
    ],
    "optimal_solver": "lkh",
    "instance_file_path": "c:\\TSP_ND_ML_Project\\instances\\N30_D2_G10000_norm_3.json",
    "concorde_length": 27153,
    "concorde_time_s": 0.948103100003209,
    "concorde_tour": [
        1,
        7,
        15,
        17,
        3,
        5,
        16,
        14,
        18,
        21,
        29,
        28,
        13,
        20,
        9,
        25,
        4,
        8,
        12,
        26,
        19,
        22,
        30,
        10,
        27,
        23,
        24,
        2,
        11,
        6
    ],
    "lkh_length": 27153,
    "lkh_time_s": 0.13127000001259148,
    "lkh_tour": [
        25,
        9,
        20,
        13,
        28,
        29,
        21,
        18,
        14,
        16,
        5,
        3,
        17,
        15,
        7,
        1,
        6,
        11,
        2,
        24,
        23,
        27,
        10,
        30,
        22,
        19,
        26,
        12,
        8,
        4
    ],
    "lkh_gap_pct": 0.0
}