{
    "instance_name": "N30_D5_G10000_tria_12",
    "n_customers": 30,
    "dimension": 5,
    "grid_size": 10000,
    "optimal_cost": 160063,
    "optimal_tour": [
        10,
        24,
        17,
        7,
        15,
        16,
        30,
        26,
        25,
        1,
        23,
        12,
        2,
        22,
        14,
        9,
        20,
        21,
        11,
        27,
        3,
        6,
        18,
        8,
        29,
        5,
        4,
        19,
        13,
        28
    ],
    "optimal_solver": "lkh",
    "instance_file_path": "c:\\TSP_ND_ML_Project\\instances\\N30_D5_G10000_tria_12.json",
    "concorde_length": 160063,
    "concorde_time_s": 1.3427106000017375,
    "concorde_tour": [
        1,
        25,
        26,
        30,
        16,
        15,
        7,
        17,
        24,
        10,
        28,
        13,
        19,
        4,
        5,
        29,
        8,
        18,
        6,
        3,
        27,
        11,
        21,
        20,
        9,
        14,
        22,
        2,
        12,
        23
    ],
    "lkh_length": 160063,
    "lkh_time_s": 0.13266130001284182,
    "lkh_tour": [
        10,
        24,
        17,
        7,
        15,
        16,
        30,
        26,
        25,
        1,
        23,
        12,
        2,
        22,
        14,
        9,
        20,
        21,
        11,
        27,
        3,
        6,
        18,
        8,
        29,
        5,
        4,
        19,
        13,
        28
    ],
    "lkh_gap_pct": 0.0
}