{
    "instance_name": "N30_D4_G10000_corn_15",
    "n_customers": 30,
    "dimension": 4,
    "grid_size": 10000,
    "optimal_cost": 139842,
    "optimal_tour": [
        6,
        12,
        8,
        5,
        17,
        24,
        2,
        22,
        9,
        18,
        27,
        26,
        14,
        13,
        25,
        20,
        10,
        16,
        7,
        4,
        15,
        21,
        23,
        28,
        11,
        29,
        1,
        3,
        30,
        19
    ],
    "optimal_solver": "lkh",
    "instance_file_path": "c:\\TSP_ND_ML_Project\\instances\\N30_D4_G10000_corn_15.json",
    "concorde_length": 139842,
    "concorde_time_s": 0.733991099987179,
    "concorde_tour": [
        1,
        3,
        30,
        19,
        6,
        12,
        8,
        5,
        17,
        24,
        2,
        22,
        9,
        18,
        27,
        26,
        14,
        13,
        25,
        20,
        10,
        16,
        7,
        4,
        15,
        21,
        23,
        28,
        11,
        29
    ],
    "lkh_length": 139842,
    "lkh_time_s": 0.09588829998392612,
    "lkh_tour": [
        6,
        12,
        8,
        5,
        17,
        24,
        2,
        22,
        9,
        18,
        27,
        26,
        14,
        13,
        25,
        20,
        10,
        16,
        7,
        4,
        15,
        21,
        23,
        28,
        11,
        29,
        1,
        3,
        30,
        19
    ],
    "lkh_gap_pct": 0.0
}