{
    "instance_name": "N30_D5_G10000_rand_19",
    "n_customers": 30,
    "dimension": 5,
    "grid_size": 10000,
    "optimal_cost": 140222,
    "optimal_tour": [
        2,
        7,
        1,
        4,
        13,
        6,
        20,
        29,
        10,
        28,
        21,
        23,
        8,
        12,
        16,
        22,
        5,
        3,
        9,
        26,
        19,
        14,
        24,
        11,
        17,
        18,
        27,
        30,
        25,
        15
    ],
    "optimal_solver": "lkh",
    "instance_file_path": "c:\\TSP_ND_ML_Project\\instances\\N30_D5_G10000_rand_19.json",
    "concorde_length": 140222,
    "concorde_time_s": 1.141623499977868,
    "concorde_tour": [
        1,
        7,
        2,
        15,
        25,
        30,
        27,
        18,
        17,
        11,
        24,
        14,
        19,
        26,
        9,
        3,
        5,
        22,
        16,
        12,
        8,
        23,
        21,
        28,
        10,
        29,
        20,
        6,
        13,
        4
    ],
    "lkh_length": 140222,
    "lkh_time_s": 0.07624869997380301,
    "lkh_tour": [
        2,
        7,
        1,
        4,
        13,
        6,
        20,
        29,
        10,
        28,
        21,
        23,
        8,
        12,
        16,
        22,
        5,
        3,
        9,
        26,
        19,
        14,
        24,
        11,
        17,
        18,
        27,
        30,
        25,
        15
    ],
    "lkh_gap_pct": 0.0
}