{
    "instance_name": "N30_D4_G10000_ring_15",
    "n_customers": 30,
    "dimension": 4,
    "grid_size": 10000,
    "optimal_cost": 85212,
    "optimal_tour": [
        14,
        4,
        10,
        17,
        16,
        7,
        20,
        5,
        6,
        12,
        15,
        26,
        23,
        3,
        18,
        29,
        22,
        28,
        1,
        9,
        11,
        2,
        25,
        13,
        21,
        19,
        30,
        27,
        8,
        24
    ],
    "optimal_solver": "lkh",
    "instance_file_path": "c:\\TSP_ND_ML_Project\\instances\\N30_D4_G10000_ring_15.json",
    "concorde_length": 85212,
    "concorde_time_s": 1.1958179000066593,
    "concorde_tour": [
        1,
        28,
        22,
        29,
        18,
        3,
        23,
        26,
        15,
        12,
        6,
        5,
        20,
        7,
        16,
        17,
        10,
        4,
        14,
        24,
        8,
        27,
        30,
        19,
        21,
        13,
        25,
        2,
        11,
        9
    ],
    "lkh_length": 85212,
    "lkh_time_s": 0.09486489999108016,
    "lkh_tour": [
        14,
        4,
        10,
        17,
        16,
        7,
        20,
        5,
        6,
        12,
        15,
        26,
        23,
        3,
        18,
        29,
        22,
        28,
        1,
        9,
        11,
        2,
        25,
        13,
        21,
        19,
        30,
        27,
        8,
        24
    ],
    "lkh_gap_pct": 0.0
}