{
    "instance_name": "N30_D4_G100_grid_7",
    "n_customers": 30,
    "dimension": 4,
    "grid_size": 100,
    "optimal_cost": 1227,
    "optimal_tour": [
        28,
        10,
        8,
        3,
        24,
        29,
        2,
        25,
        6,
        7,
        17,
        19,
        20,
        22,
        5,
        15,
        26,
        23,
        18,
        21,
        27,
        16,
        14,
        13,
        4,
        30,
        11,
        12,
        1,
        9
    ],
    "optimal_solver": "lkh",
    "instance_file_path": "c:\\TSP_ND_ML_Project\\instances\\N30_D4_G100_grid_7.json",
    "concorde_length": 1227,
    "concorde_time_s": 1.2183258999721147,
    "concorde_tour": [
        1,
        9,
        28,
        10,
        8,
        3,
        24,
        29,
        2,
        25,
        6,
        7,
        17,
        19,
        20,
        22,
        5,
        15,
        26,
        23,
        18,
        21,
        27,
        16,
        14,
        13,
        4,
        30,
        11,
        12
    ],
    "lkh_length": 1227,
    "lkh_time_s": 0.12802370003191754,
    "lkh_tour": [
        28,
        10,
        8,
        3,
        24,
        29,
        2,
        25,
        6,
        7,
        17,
        19,
        20,
        22,
        5,
        15,
        26,
        23,
        18,
        21,
        27,
        16,
        14,
        13,
        4,
        30,
        11,
        12,
        1,
        9
    ],
    "lkh_gap_pct": 0.0
}