{
    "instance_name": "N30_D4_G100_rand_3",
    "n_customers": 30,
    "dimension": 4,
    "grid_size": 100,
    "optimal_cost": 1025,
    "optimal_tour": [
        29,
        10,
        28,
        9,
        25,
        22,
        1,
        16,
        21,
        13,
        30,
        27,
        12,
        23,
        4,
        8,
        24,
        15,
        14,
        7,
        19,
        6,
        11,
        20,
        18,
        17,
        2,
        3,
        26,
        5
    ],
    "optimal_solver": "lkh",
    "instance_file_path": "c:\\TSP_ND_ML_Project\\instances\\N30_D4_G100_rand_3.json",
    "concorde_length": 1025,
    "concorde_time_s": 1.5669111000024714,
    "concorde_tour": [
        1,
        22,
        25,
        9,
        28,
        10,
        29,
        5,
        26,
        3,
        2,
        17,
        18,
        20,
        11,
        6,
        19,
        7,
        14,
        15,
        24,
        8,
        4,
        23,
        12,
        27,
        30,
        13,
        21,
        16
    ],
    "lkh_length": 1025,
    "lkh_time_s": 0.05321290000574663,
    "lkh_tour": [
        29,
        10,
        28,
        9,
        25,
        22,
        1,
        16,
        21,
        13,
        30,
        27,
        12,
        23,
        4,
        8,
        24,
        15,
        14,
        7,
        19,
        6,
        11,
        20,
        18,
        17,
        2,
        3,
        26,
        5
    ],
    "lkh_gap_pct": 0.0
}