{
    "instance_name": "N30_D4_G1000_grid_16",
    "n_customers": 30,
    "dimension": 4,
    "grid_size": 1000,
    "optimal_cost": 12822,
    "optimal_tour": [
        11,
        5,
        6,
        24,
        9,
        28,
        20,
        3,
        14,
        18,
        19,
        17,
        25,
        23,
        27,
        10,
        30,
        15,
        12,
        26,
        22,
        7,
        1,
        4,
        8,
        13,
        21,
        2,
        29,
        16
    ],
    "optimal_solver": "lkh",
    "instance_file_path": "c:\\TSP_ND_ML_Project\\instances\\N30_D4_G1000_grid_16.json",
    "concorde_length": 12822,
    "concorde_time_s": 1.0030897000106052,
    "concorde_tour": [
        1,
        7,
        22,
        26,
        12,
        15,
        30,
        10,
        27,
        23,
        25,
        17,
        19,
        18,
        14,
        3,
        20,
        28,
        9,
        24,
        6,
        5,
        11,
        16,
        29,
        2,
        21,
        13,
        8,
        4
    ],
    "lkh_length": 12822,
    "lkh_time_s": 0.06952610000735149,
    "lkh_tour": [
        11,
        5,
        6,
        24,
        9,
        28,
        20,
        3,
        14,
        18,
        19,
        17,
        25,
        23,
        27,
        10,
        30,
        15,
        12,
        26,
        22,
        7,
        1,
        4,
        8,
        13,
        21,
        2,
        29,
        16
    ],
    "lkh_gap_pct": 0.0
}