{
    "instance_name": "N30_D4_G10000_pow_3",
    "n_customers": 30,
    "dimension": 4,
    "grid_size": 10000,
    "optimal_cost": 154142,
    "optimal_tour": [
        3,
        24,
        7,
        20,
        10,
        2,
        25,
        17,
        19,
        16,
        28,
        8,
        23,
        14,
        11,
        18,
        22,
        13,
        30,
        26,
        6,
        27,
        12,
        29,
        21,
        15,
        9,
        1,
        5,
        4
    ],
    "optimal_solver": "lkh",
    "instance_file_path": "c:\\TSP_ND_ML_Project\\instances\\N30_D4_G10000_pow_3.json",
    "concorde_length": 154142,
    "concorde_time_s": 0.6268271000008099,
    "concorde_tour": [
        1,
        13,
        18,
        22,
        30,
        20,
        10,
        7,
        24,
        11,
        14,
        23,
        28,
        8,
        3,
        2,
        25,
        17,
        19,
        16,
        15,
        21,
        29,
        26,
        27,
        6,
        12,
        4,
        5,
        9
    ],
    "lkh_length": 154142,
    "lkh_time_s": 0.46772740001324564,
    "lkh_tour": [
        3,
        24,
        7,
        20,
        10,
        2,
        25,
        17,
        19,
        16,
        28,
        8,
        23,
        14,
        11,
        18,
        22,
        13,
        30,
        26,
        6,
        27,
        12,
        29,
        21,
        15,
        9,
        1,
        5,
        4
    ],
    "lkh_gap_pct": 0.0
}