{
    "instance_name": "N30_D5_G10000_clus_8",
    "n_customers": 30,
    "dimension": 5,
    "grid_size": 10000,
    "optimal_cost": 44115,
    "optimal_tour": [
        5,
        13,
        9,
        2,
        25,
        28,
        22,
        20,
        6,
        11,
        12,
        18,
        29,
        21,
        1,
        4,
        16,
        17,
        10,
        30,
        8,
        24,
        3,
        19,
        27,
        14,
        26,
        15,
        7,
        23
    ],
    "optimal_solver": "lkh",
    "instance_file_path": "c:\\TSP_ND_ML_Project\\instances\\N30_D5_G10000_clus_8.json",
    "concorde_length": 44115,
    "concorde_time_s": 1.0229630999965593,
    "concorde_tour": [
        1,
        4,
        16,
        17,
        10,
        30,
        8,
        24,
        3,
        19,
        27,
        14,
        26,
        15,
        7,
        23,
        5,
        13,
        9,
        2,
        25,
        28,
        22,
        20,
        6,
        11,
        12,
        18,
        29,
        21
    ],
    "lkh_length": 44115,
    "lkh_time_s": 0.07991200004471466,
    "lkh_tour": [
        5,
        13,
        9,
        2,
        25,
        28,
        22,
        20,
        6,
        11,
        12,
        18,
        29,
        21,
        1,
        4,
        16,
        17,
        10,
        30,
        8,
        24,
        3,
        19,
        27,
        14,
        26,
        15,
        7,
        23
    ],
    "lkh_gap_pct": 0.0
}