{
    "instance_name": "N30_D5_G10000_ring_16",
    "n_customers": 30,
    "dimension": 5,
    "grid_size": 10000,
    "optimal_cost": 109289,
    "optimal_tour": [
        16,
        13,
        3,
        23,
        20,
        1,
        4,
        27,
        14,
        18,
        5,
        22,
        25,
        9,
        30,
        11,
        21,
        12,
        17,
        28,
        10,
        8,
        6,
        29,
        26,
        15,
        24,
        19,
        7,
        2
    ],
    "optimal_solver": "lkh",
    "instance_file_path": "c:\\TSP_ND_ML_Project\\instances\\N30_D5_G10000_ring_16.json",
    "concorde_length": 109289,
    "concorde_time_s": 1.1263647999730892,
    "concorde_tour": [
        1,
        4,
        27,
        14,
        18,
        5,
        22,
        25,
        9,
        30,
        11,
        21,
        12,
        17,
        28,
        10,
        8,
        6,
        29,
        26,
        15,
        24,
        19,
        7,
        2,
        16,
        13,
        3,
        23,
        20
    ],
    "lkh_length": 109289,
    "lkh_time_s": 0.11541500000748783,
    "lkh_tour": [
        16,
        13,
        3,
        23,
        20,
        1,
        4,
        27,
        14,
        18,
        5,
        22,
        25,
        9,
        30,
        11,
        21,
        12,
        17,
        28,
        10,
        8,
        6,
        29,
        26,
        15,
        24,
        19,
        7,
        2
    ],
    "lkh_gap_pct": 0.0
}