{
    "instance_name": "N30_D3_G1000_pow_18",
    "n_customers": 30,
    "dimension": 3,
    "grid_size": 1000,
    "optimal_cost": 8000,
    "optimal_tour": [
        16,
        3,
        11,
        12,
        5,
        27,
        29,
        17,
        20,
        8,
        15,
        23,
        21,
        2,
        25,
        24,
        1,
        10,
        18,
        13,
        30,
        19,
        14,
        6,
        9,
        4,
        28,
        26,
        22,
        7
    ],
    "optimal_solver": "lkh",
    "instance_file_path": "c:\\TSP_ND_ML_Project\\instances\\N30_D3_G1000_pow_18.json",
    "concorde_length": 8000,
    "concorde_time_s": 0.8950331999803893,
    "concorde_tour": [
        1,
        24,
        10,
        13,
        18,
        30,
        19,
        14,
        6,
        9,
        4,
        8,
        17,
        20,
        15,
        29,
        27,
        22,
        28,
        26,
        7,
        3,
        16,
        12,
        11,
        5,
        21,
        25,
        23,
        2
    ],
    "lkh_length": 8000,
    "lkh_time_s": 0.17472780001116917,
    "lkh_tour": [
        16,
        3,
        11,
        12,
        5,
        27,
        29,
        17,
        20,
        8,
        15,
        23,
        21,
        2,
        25,
        24,
        1,
        10,
        18,
        13,
        30,
        19,
        14,
        6,
        9,
        4,
        28,
        26,
        22,
        7
    ],
    "lkh_gap_pct": 0.0
}