{
    "instance_name": "N30_D3_G10000_norm_20",
    "n_customers": 30,
    "dimension": 3,
    "grid_size": 10000,
    "optimal_cost": 52402,
    "optimal_tour": [
        6,
        13,
        2,
        21,
        23,
        12,
        14,
        11,
        28,
        20,
        17,
        7,
        8,
        27,
        26,
        22,
        9,
        16,
        18,
        4,
        10,
        15,
        25,
        1,
        3,
        5,
        19,
        24,
        29,
        30
    ],
    "optimal_solver": "lkh",
    "instance_file_path": "c:\\TSP_ND_ML_Project\\instances\\N30_D3_G10000_norm_20.json",
    "concorde_length": 52402,
    "concorde_time_s": 0.976959599996917,
    "concorde_tour": [
        1,
        3,
        5,
        19,
        24,
        29,
        30,
        6,
        13,
        2,
        21,
        23,
        12,
        14,
        11,
        28,
        20,
        17,
        7,
        8,
        27,
        26,
        22,
        9,
        16,
        18,
        4,
        10,
        15,
        25
    ],
    "lkh_length": 52402,
    "lkh_time_s": 0.04991860000882298,
    "lkh_tour": [
        6,
        13,
        2,
        21,
        23,
        12,
        14,
        11,
        28,
        20,
        17,
        7,
        8,
        27,
        26,
        22,
        9,
        16,
        18,
        4,
        10,
        15,
        25,
        1,
        3,
        5,
        19,
        24,
        29,
        30
    ],
    "lkh_gap_pct": 0.0
}