{
    "instance_name": "N30_D4_G1000_corr_10",
    "n_customers": 30,
    "dimension": 4,
    "grid_size": 1000,
    "optimal_cost": 5659,
    "optimal_tour": [
        30,
        22,
        19,
        14,
        24,
        1,
        5,
        26,
        10,
        25,
        9,
        11,
        16,
        7,
        20,
        29,
        3,
        15,
        12,
        21,
        2,
        13,
        4,
        18,
        23,
        8,
        17,
        27,
        28,
        6
    ],
    "optimal_solver": "lkh",
    "instance_file_path": "c:\\TSP_ND_ML_Project\\instances\\N30_D4_G1000_corr_10.json",
    "concorde_length": 5659,
    "concorde_time_s": 1.1141715999692678,
    "concorde_tour": [
        1,
        5,
        26,
        10,
        25,
        9,
        11,
        16,
        7,
        20,
        29,
        3,
        15,
        12,
        21,
        2,
        13,
        4,
        18,
        23,
        8,
        17,
        27,
        28,
        6,
        30,
        22,
        19,
        14,
        24
    ],
    "lkh_length": 5659,
    "lkh_time_s": 0.04701169999316335,
    "lkh_tour": [
        30,
        22,
        19,
        14,
        24,
        1,
        5,
        26,
        10,
        25,
        9,
        11,
        16,
        7,
        20,
        29,
        3,
        15,
        12,
        21,
        2,
        13,
        4,
        18,
        23,
        8,
        17,
        27,
        28,
        6
    ],
    "lkh_gap_pct": 0.0
}