{
    "instance_name": "N30_D3_G10000_rand_2",
    "n_customers": 30,
    "dimension": 3,
    "grid_size": 10000,
    "optimal_cost": 86175,
    "optimal_tour": [
        19,
        28,
        22,
        30,
        9,
        1,
        2,
        8,
        26,
        5,
        15,
        6,
        12,
        7,
        21,
        20,
        14,
        10,
        25,
        3,
        29,
        11,
        27,
        4,
        13,
        16,
        23,
        24,
        17,
        18
    ],
    "optimal_solver": "lkh",
    "instance_file_path": "c:\\TSP_ND_ML_Project\\instances\\N30_D3_G10000_rand_2.json",
    "concorde_length": 86175,
    "concorde_time_s": 0.5587188000208698,
    "concorde_tour": [
        1,
        2,
        8,
        26,
        5,
        15,
        6,
        12,
        7,
        21,
        20,
        14,
        10,
        25,
        3,
        29,
        11,
        27,
        4,
        13,
        16,
        23,
        24,
        17,
        18,
        19,
        28,
        22,
        30,
        9
    ],
    "lkh_length": 86175,
    "lkh_time_s": 0.05200550000881776,
    "lkh_tour": [
        19,
        28,
        22,
        30,
        9,
        1,
        2,
        8,
        26,
        5,
        15,
        6,
        12,
        7,
        21,
        20,
        14,
        10,
        25,
        3,
        29,
        11,
        27,
        4,
        13,
        16,
        23,
        24,
        17,
        18
    ],
    "lkh_gap_pct": 0.0
}