{
    "instance_name": "N30_D5_G10000_norm_17",
    "n_customers": 30,
    "dimension": 5,
    "grid_size": 10000,
    "optimal_cost": 73381,
    "optimal_tour": [
        17,
        29,
        7,
        24,
        21,
        22,
        25,
        28,
        10,
        16,
        5,
        9,
        27,
        13,
        2,
        15,
        12,
        23,
        20,
        1,
        6,
        26,
        8,
        14,
        19,
        18,
        11,
        30,
        3,
        4
    ],
    "optimal_solver": "lkh",
    "instance_file_path": "c:\\TSP_ND_ML_Project\\instances\\N30_D5_G10000_norm_17.json",
    "concorde_length": 73381,
    "concorde_time_s": 0.940204199985601,
    "concorde_tour": [
        1,
        20,
        23,
        12,
        15,
        2,
        13,
        27,
        9,
        5,
        16,
        10,
        28,
        25,
        22,
        21,
        24,
        7,
        29,
        17,
        4,
        3,
        30,
        11,
        18,
        19,
        14,
        8,
        26,
        6
    ],
    "lkh_length": 73381,
    "lkh_time_s": 0.10398100002203137,
    "lkh_tour": [
        17,
        29,
        7,
        24,
        21,
        22,
        25,
        28,
        10,
        16,
        5,
        9,
        27,
        13,
        2,
        15,
        12,
        23,
        20,
        1,
        6,
        26,
        8,
        14,
        19,
        18,
        11,
        30,
        3,
        4
    ],
    "lkh_gap_pct": 0.0
}