{
    "instance_name": "N30_D3_G1000_corr_17",
    "n_customers": 30,
    "dimension": 3,
    "grid_size": 1000,
    "optimal_cost": 4548,
    "optimal_tour": [
        6,
        10,
        18,
        16,
        4,
        1,
        3,
        13,
        27,
        23,
        14,
        20,
        21,
        8,
        17,
        12,
        9,
        15,
        28,
        24,
        19,
        5,
        22,
        7,
        29,
        30,
        26,
        2,
        11,
        25
    ],
    "optimal_solver": "lkh",
    "instance_file_path": "c:\\TSP_ND_ML_Project\\instances\\N30_D3_G1000_corr_17.json",
    "concorde_length": 4548,
    "concorde_time_s": 0.988065599987749,
    "concorde_tour": [
        1,
        3,
        13,
        27,
        23,
        14,
        20,
        21,
        8,
        17,
        12,
        9,
        15,
        28,
        24,
        19,
        5,
        22,
        7,
        29,
        30,
        26,
        2,
        11,
        25,
        6,
        10,
        18,
        16,
        4
    ],
    "lkh_length": 4548,
    "lkh_time_s": 0.055066199973225594,
    "lkh_tour": [
        6,
        10,
        18,
        16,
        4,
        1,
        3,
        13,
        27,
        23,
        14,
        20,
        21,
        8,
        17,
        12,
        9,
        15,
        28,
        24,
        19,
        5,
        22,
        7,
        29,
        30,
        26,
        2,
        11,
        25
    ],
    "lkh_gap_pct": 0.0
}