{
    "instance_name": "N30_D3_G1000_tria_10",
    "n_customers": 30,
    "dimension": 3,
    "grid_size": 1000,
    "optimal_cost": 9618,
    "optimal_tour": [
        15,
        25,
        21,
        8,
        27,
        24,
        16,
        14,
        9,
        19,
        5,
        13,
        22,
        17,
        26,
        20,
        11,
        23,
        4,
        30,
        7,
        12,
        29,
        6,
        28,
        1,
        10,
        2,
        18,
        3
    ],
    "optimal_solver": "lkh",
    "instance_file_path": "c:\\TSP_ND_ML_Project\\instances\\N30_D3_G1000_tria_10.json",
    "concorde_length": 9618,
    "concorde_time_s": 0.7723018000251614,
    "concorde_tour": [
        1,
        28,
        6,
        29,
        12,
        7,
        30,
        4,
        23,
        11,
        20,
        26,
        17,
        22,
        13,
        5,
        19,
        9,
        14,
        16,
        24,
        27,
        8,
        21,
        25,
        15,
        3,
        18,
        2,
        10
    ],
    "lkh_length": 9618,
    "lkh_time_s": 0.05076140002347529,
    "lkh_tour": [
        15,
        25,
        21,
        8,
        27,
        24,
        16,
        14,
        9,
        19,
        5,
        13,
        22,
        17,
        26,
        20,
        11,
        23,
        4,
        30,
        7,
        12,
        29,
        6,
        28,
        1,
        10,
        2,
        18,
        3
    ],
    "lkh_gap_pct": 0.0
}