{
    "instance_name": "N30_D5_G10000_tria_14",
    "n_customers": 30,
    "dimension": 5,
    "grid_size": 10000,
    "optimal_cost": 150798,
    "optimal_tour": [
        6,
        8,
        22,
        3,
        29,
        2,
        12,
        27,
        30,
        1,
        23,
        10,
        17,
        21,
        7,
        4,
        18,
        20,
        13,
        25,
        11,
        16,
        26,
        24,
        15,
        19,
        9,
        14,
        5,
        28
    ],
    "optimal_solver": "lkh",
    "instance_file_path": "c:\\TSP_ND_ML_Project\\instances\\N30_D5_G10000_tria_14.json",
    "concorde_length": 150798,
    "concorde_time_s": 1.0187999000190757,
    "concorde_tour": [
        1,
        23,
        10,
        17,
        21,
        7,
        4,
        18,
        20,
        13,
        25,
        11,
        16,
        26,
        24,
        15,
        19,
        9,
        14,
        5,
        28,
        6,
        8,
        22,
        3,
        29,
        2,
        12,
        27,
        30
    ],
    "lkh_length": 150798,
    "lkh_time_s": 0.07240649999585003,
    "lkh_tour": [
        6,
        8,
        22,
        3,
        29,
        2,
        12,
        27,
        30,
        1,
        23,
        10,
        17,
        21,
        7,
        4,
        18,
        20,
        13,
        25,
        11,
        16,
        26,
        24,
        15,
        19,
        9,
        14,
        5,
        28
    ],
    "lkh_gap_pct": 0.0
}