{
    "instance_name": "N30_D4_G100_corn_9",
    "n_customers": 30,
    "dimension": 4,
    "grid_size": 100,
    "optimal_cost": 1333,
    "optimal_tour": [
        3,
        10,
        1,
        8,
        28,
        23,
        24,
        29,
        19,
        22,
        2,
        30,
        6,
        13,
        7,
        11,
        18,
        12,
        21,
        16,
        26,
        15,
        5,
        14,
        20,
        27,
        17,
        4,
        25,
        9
    ],
    "optimal_solver": "lkh",
    "instance_file_path": "c:\\TSP_ND_ML_Project\\instances\\N30_D4_G100_corn_9.json",
    "concorde_length": 1333,
    "concorde_time_s": 0.5654923999682069,
    "concorde_tour": [
        1,
        8,
        28,
        23,
        24,
        29,
        19,
        22,
        2,
        30,
        6,
        13,
        7,
        11,
        18,
        12,
        21,
        15,
        26,
        16,
        5,
        14,
        20,
        27,
        17,
        4,
        25,
        9,
        3,
        10
    ],
    "lkh_length": 1333,
    "lkh_time_s": 0.11202810000395402,
    "lkh_tour": [
        3,
        10,
        1,
        8,
        28,
        23,
        24,
        29,
        19,
        22,
        2,
        30,
        6,
        13,
        7,
        11,
        18,
        12,
        21,
        16,
        26,
        15,
        5,
        14,
        20,
        27,
        17,
        4,
        25,
        9
    ],
    "lkh_gap_pct": 0.0
}