{
    "instance_name": "N30_D2_G100_ring_10",
    "n_customers": 30,
    "dimension": 2,
    "grid_size": 100,
    "optimal_cost": 272,
    "optimal_tour": [
        24,
        7,
        14,
        6,
        13,
        30,
        1,
        9,
        29,
        21,
        3,
        10,
        27,
        11,
        28,
        2,
        17,
        22,
        19,
        16,
        12,
        18,
        25,
        4,
        8,
        26,
        15,
        23,
        5,
        20
    ],
    "optimal_solver": "lkh",
    "instance_file_path": "c:\\TSP_ND_ML_Project\\instances\\N30_D2_G100_ring_10.json",
    "concorde_length": 272,
    "concorde_time_s": 1.2885070999909658,
    "concorde_tour": [
        1,
        30,
        13,
        6,
        14,
        7,
        20,
        24,
        5,
        23,
        15,
        26,
        8,
        4,
        25,
        18,
        12,
        16,
        19,
        22,
        2,
        17,
        28,
        11,
        27,
        10,
        3,
        21,
        29,
        9
    ],
    "lkh_length": 272,
    "lkh_time_s": 0.24314200002118014,
    "lkh_tour": [
        24,
        7,
        14,
        6,
        13,
        30,
        1,
        9,
        29,
        21,
        3,
        10,
        27,
        11,
        28,
        2,
        17,
        22,
        19,
        16,
        12,
        18,
        25,
        4,
        8,
        26,
        15,
        23,
        5,
        20
    ],
    "lkh_gap_pct": 0.0
}