{
    "instance_name": "N30_D3_G10000_clus_15",
    "n_customers": 30,
    "dimension": 3,
    "grid_size": 10000,
    "optimal_cost": 28433,
    "optimal_tour": [
        8,
        17,
        4,
        25,
        18,
        27,
        29,
        7,
        21,
        6,
        24,
        19,
        30,
        14,
        16,
        1,
        10,
        9,
        28,
        12,
        23,
        22,
        2,
        26,
        5,
        11,
        13,
        3,
        15,
        20
    ],
    "optimal_solver": "lkh",
    "instance_file_path": "c:\\TSP_ND_ML_Project\\instances\\N30_D3_G10000_clus_15.json",
    "concorde_length": 28433,
    "concorde_time_s": 0.6896304999827407,
    "concorde_tour": [
        1,
        16,
        14,
        30,
        19,
        24,
        6,
        21,
        7,
        29,
        27,
        18,
        25,
        4,
        17,
        8,
        20,
        15,
        3,
        13,
        11,
        5,
        26,
        2,
        22,
        23,
        12,
        28,
        9,
        10
    ],
    "lkh_length": 28433,
    "lkh_time_s": 0.05378790001850575,
    "lkh_tour": [
        8,
        17,
        4,
        25,
        18,
        27,
        29,
        7,
        21,
        6,
        24,
        19,
        30,
        14,
        16,
        1,
        10,
        9,
        28,
        12,
        23,
        22,
        2,
        26,
        5,
        11,
        13,
        3,
        15,
        20
    ],
    "lkh_gap_pct": 0.0
}