{
    "instance_name": "N30_D2_G1000_rand_3",
    "n_customers": 30,
    "dimension": 2,
    "grid_size": 1000,
    "optimal_cost": 4183,
    "optimal_tour": [
        7,
        24,
        16,
        30,
        28,
        1,
        27,
        22,
        13,
        10,
        20,
        9,
        11,
        23,
        15,
        8,
        17,
        18,
        3,
        2,
        21,
        26,
        6,
        19,
        14,
        4,
        5,
        25,
        29,
        12
    ],
    "optimal_solver": "lkh",
    "instance_file_path": "c:\\TSP_ND_ML_Project\\instances\\N30_D2_G1000_rand_3.json",
    "concorde_length": 4183,
    "concorde_time_s": 0.6729436999885365,
    "concorde_tour": [
        1,
        28,
        30,
        16,
        24,
        7,
        12,
        29,
        25,
        5,
        4,
        14,
        19,
        6,
        26,
        21,
        2,
        3,
        18,
        17,
        8,
        15,
        23,
        11,
        9,
        20,
        10,
        13,
        22,
        27
    ],
    "lkh_length": 4183,
    "lkh_time_s": 0.2083954999980051,
    "lkh_tour": [
        7,
        24,
        16,
        30,
        28,
        1,
        27,
        22,
        13,
        10,
        20,
        9,
        11,
        23,
        15,
        8,
        17,
        18,
        3,
        2,
        21,
        26,
        6,
        19,
        14,
        4,
        5,
        25,
        29,
        12
    ],
    "lkh_gap_pct": 0.0
}