{
    "instance_name": "N30_D3_G10000_rand_1",
    "n_customers": 30,
    "dimension": 3,
    "grid_size": 10000,
    "optimal_cost": 84440,
    "optimal_tour": [
        30,
        4,
        7,
        24,
        22,
        29,
        9,
        16,
        1,
        12,
        20,
        8,
        19,
        23,
        25,
        26,
        13,
        5,
        3,
        6,
        15,
        21,
        18,
        11,
        2,
        27,
        10,
        17,
        28,
        14
    ],
    "optimal_solver": "lkh",
    "instance_file_path": "c:\\TSP_ND_ML_Project\\instances\\N30_D3_G10000_rand_1.json",
    "concorde_length": 84440,
    "concorde_time_s": 0.6202976999920793,
    "concorde_tour": [
        1,
        16,
        9,
        29,
        22,
        24,
        7,
        4,
        30,
        14,
        28,
        17,
        10,
        27,
        2,
        11,
        18,
        21,
        15,
        6,
        3,
        5,
        13,
        26,
        25,
        23,
        19,
        8,
        20,
        12
    ],
    "lkh_length": 84440,
    "lkh_time_s": 0.042344999965280294,
    "lkh_tour": [
        30,
        4,
        7,
        24,
        22,
        29,
        9,
        16,
        1,
        12,
        20,
        8,
        19,
        23,
        25,
        26,
        13,
        5,
        3,
        6,
        15,
        21,
        18,
        11,
        2,
        27,
        10,
        17,
        28,
        14
    ],
    "lkh_gap_pct": 0.0
}