{
    "instance_name": "N30_D3_G100_corr_18",
    "n_customers": 30,
    "dimension": 3,
    "grid_size": 100,
    "optimal_cost": 462,
    "optimal_tour": [
        1,
        17,
        11,
        23,
        10,
        12,
        5,
        9,
        21,
        22,
        16,
        19,
        4,
        20,
        30,
        13,
        8,
        3,
        27,
        7,
        28,
        26,
        29,
        2,
        15,
        6,
        18,
        14,
        25,
        24
    ],
    "optimal_solver": "lkh",
    "instance_file_path": "c:\\TSP_ND_ML_Project\\instances\\N30_D3_G100_corr_18.json",
    "concorde_length": 462,
    "concorde_time_s": 0.6905162999755703,
    "concorde_tour": [
        1,
        25,
        14,
        18,
        6,
        15,
        2,
        29,
        26,
        28,
        7,
        27,
        3,
        8,
        13,
        30,
        20,
        4,
        19,
        16,
        22,
        21,
        9,
        5,
        12,
        10,
        23,
        11,
        17,
        24
    ],
    "lkh_length": 462,
    "lkh_time_s": 0.17127470002742484,
    "lkh_tour": [
        1,
        17,
        11,
        23,
        10,
        12,
        5,
        9,
        21,
        22,
        16,
        19,
        4,
        20,
        30,
        13,
        8,
        3,
        27,
        7,
        28,
        26,
        29,
        2,
        15,
        6,
        18,
        14,
        25,
        24
    ],
    "lkh_gap_pct": 0.0
}