{
    "instance_name": "N30_D3_G100_tria_2",
    "n_customers": 30,
    "dimension": 3,
    "grid_size": 100,
    "optimal_cost": 951,
    "optimal_tour": [
        5,
        30,
        13,
        27,
        16,
        11,
        24,
        10,
        25,
        1,
        18,
        22,
        19,
        2,
        7,
        21,
        28,
        29,
        3,
        12,
        20,
        17,
        4,
        26,
        15,
        23,
        6,
        8,
        9,
        14
    ],
    "optimal_solver": "lkh",
    "instance_file_path": "c:\\TSP_ND_ML_Project\\instances\\N30_D3_G100_tria_2.json",
    "concorde_length": 951,
    "concorde_time_s": 0.5799173999694176,
    "concorde_tour": [
        1,
        25,
        10,
        24,
        11,
        16,
        27,
        13,
        30,
        5,
        14,
        9,
        8,
        6,
        23,
        15,
        26,
        4,
        17,
        20,
        12,
        3,
        29,
        28,
        21,
        7,
        2,
        19,
        22,
        18
    ],
    "lkh_length": 951,
    "lkh_time_s": 0.07568220002576709,
    "lkh_tour": [
        5,
        30,
        13,
        27,
        16,
        11,
        24,
        10,
        25,
        1,
        18,
        22,
        19,
        2,
        7,
        21,
        28,
        29,
        3,
        12,
        20,
        17,
        4,
        26,
        15,
        23,
        6,
        8,
        9,
        14
    ],
    "lkh_gap_pct": 0.0
}