{
    "instance_name": "N30_D3_G100_norm_8",
    "n_customers": 30,
    "dimension": 3,
    "grid_size": 100,
    "optimal_cost": 463,
    "optimal_tour": [
        16,
        13,
        22,
        21,
        25,
        8,
        12,
        20,
        1,
        9,
        30,
        15,
        7,
        28,
        27,
        3,
        10,
        17,
        2,
        23,
        24,
        29,
        19,
        6,
        4,
        11,
        5,
        18,
        14,
        26
    ],
    "optimal_solver": "lkh",
    "instance_file_path": "c:\\TSP_ND_ML_Project\\instances\\N30_D3_G100_norm_8.json",
    "concorde_length": 463,
    "concorde_time_s": 1.1622907999553718,
    "concorde_tour": [
        1,
        9,
        30,
        15,
        7,
        28,
        27,
        3,
        10,
        17,
        2,
        23,
        24,
        29,
        19,
        6,
        4,
        11,
        5,
        18,
        14,
        26,
        16,
        13,
        22,
        21,
        25,
        8,
        12,
        20
    ],
    "lkh_length": 463,
    "lkh_time_s": 0.10148519999347627,
    "lkh_tour": [
        16,
        13,
        22,
        21,
        25,
        8,
        12,
        20,
        1,
        9,
        30,
        15,
        7,
        28,
        27,
        3,
        10,
        17,
        2,
        23,
        24,
        29,
        19,
        6,
        4,
        11,
        5,
        18,
        14,
        26
    ],
    "lkh_gap_pct": 0.0
}