{
    "instance_name": "N30_D2_G1000_rand_15",
    "n_customers": 30,
    "dimension": 2,
    "grid_size": 1000,
    "optimal_cost": 4518,
    "optimal_tour": [
        9,
        23,
        26,
        7,
        29,
        3,
        17,
        10,
        28,
        8,
        21,
        15,
        24,
        12,
        22,
        1,
        16,
        4,
        6,
        27,
        5,
        25,
        11,
        19,
        18,
        20,
        13,
        2,
        30,
        14
    ],
    "optimal_solver": "lkh",
    "instance_file_path": "c:\\TSP_ND_ML_Project\\instances\\N30_D2_G1000_rand_15.json",
    "concorde_length": 4518,
    "concorde_time_s": 1.083718800015049,
    "concorde_tour": [
        1,
        22,
        12,
        24,
        15,
        21,
        8,
        28,
        10,
        17,
        3,
        29,
        7,
        26,
        23,
        9,
        14,
        30,
        2,
        13,
        20,
        18,
        19,
        11,
        25,
        5,
        27,
        6,
        4,
        16
    ],
    "lkh_length": 4518,
    "lkh_time_s": 0.19440829998347908,
    "lkh_tour": [
        9,
        23,
        26,
        7,
        29,
        3,
        17,
        10,
        28,
        8,
        21,
        15,
        24,
        12,
        22,
        1,
        16,
        4,
        6,
        27,
        5,
        25,
        11,
        19,
        18,
        20,
        13,
        2,
        30,
        14
    ],
    "lkh_gap_pct": 0.0
}