{
    "instance_name": "N30_D5_G1000_rand_3",
    "n_customers": 30,
    "dimension": 5,
    "grid_size": 1000,
    "optimal_cost": 14324,
    "optimal_tour": [
        8,
        2,
        7,
        6,
        10,
        25,
        22,
        29,
        12,
        3,
        11,
        18,
        5,
        20,
        17,
        15,
        28,
        16,
        9,
        19,
        30,
        1,
        21,
        14,
        26,
        4,
        24,
        27,
        23,
        13
    ],
    "optimal_solver": "lkh",
    "instance_file_path": "c:\\TSP_ND_ML_Project\\instances\\N30_D5_G1000_rand_3.json",
    "concorde_length": 14324,
    "concorde_time_s": 0.9864697000011802,
    "concorde_tour": [
        1,
        21,
        14,
        26,
        4,
        24,
        27,
        23,
        13,
        8,
        2,
        7,
        6,
        10,
        25,
        22,
        29,
        12,
        3,
        11,
        18,
        5,
        20,
        17,
        15,
        28,
        16,
        9,
        19,
        30
    ],
    "lkh_length": 14324,
    "lkh_time_s": 0.04567449999740347,
    "lkh_tour": [
        8,
        2,
        7,
        6,
        10,
        25,
        22,
        29,
        12,
        3,
        11,
        18,
        5,
        20,
        17,
        15,
        28,
        16,
        9,
        19,
        30,
        1,
        21,
        14,
        26,
        4,
        24,
        27,
        23,
        13
    ],
    "lkh_gap_pct": 0.0
}