{
    "instance_name": "N30_D3_G100_norm_16",
    "n_customers": 30,
    "dimension": 3,
    "grid_size": 100,
    "optimal_cost": 501,
    "optimal_tour": [
        16,
        10,
        22,
        28,
        12,
        21,
        23,
        3,
        2,
        18,
        15,
        6,
        5,
        14,
        13,
        1,
        9,
        4,
        20,
        25,
        19,
        29,
        26,
        30,
        8,
        11,
        24,
        27,
        17,
        7
    ],
    "optimal_solver": "lkh",
    "instance_file_path": "c:\\TSP_ND_ML_Project\\instances\\N30_D3_G100_norm_16.json",
    "concorde_length": 501,
    "concorde_time_s": 1.3386417999863625,
    "concorde_tour": [
        1,
        13,
        14,
        5,
        6,
        15,
        18,
        2,
        3,
        23,
        21,
        12,
        28,
        22,
        10,
        16,
        7,
        17,
        27,
        24,
        11,
        8,
        30,
        26,
        29,
        19,
        25,
        20,
        4,
        9
    ],
    "lkh_length": 501,
    "lkh_time_s": 0.1262781000114046,
    "lkh_tour": [
        16,
        10,
        22,
        28,
        12,
        21,
        23,
        3,
        2,
        18,
        15,
        6,
        5,
        14,
        13,
        1,
        9,
        4,
        20,
        25,
        19,
        29,
        26,
        30,
        8,
        11,
        24,
        27,
        17,
        7
    ],
    "lkh_gap_pct": 0.0
}