{
    "instance_name": "N30_D2_G10000_norm_13",
    "n_customers": 30,
    "dimension": 2,
    "grid_size": 10000,
    "optimal_cost": 28339,
    "optimal_tour": [
        18,
        13,
        9,
        8,
        19,
        25,
        3,
        28,
        26,
        17,
        27,
        22,
        16,
        21,
        29,
        2,
        6,
        1,
        4,
        10,
        5,
        24,
        15,
        20,
        14,
        12,
        11,
        30,
        23,
        7
    ],
    "optimal_solver": "lkh",
    "instance_file_path": "c:\\TSP_ND_ML_Project\\instances\\N30_D2_G10000_norm_13.json",
    "concorde_length": 28339,
    "concorde_time_s": 0.8315842999727465,
    "concorde_tour": [
        1,
        4,
        10,
        5,
        24,
        15,
        20,
        14,
        12,
        11,
        30,
        23,
        7,
        18,
        13,
        9,
        8,
        19,
        25,
        3,
        28,
        26,
        17,
        27,
        22,
        16,
        21,
        29,
        2,
        6
    ],
    "lkh_length": 28339,
    "lkh_time_s": 0.08853959999396466,
    "lkh_tour": [
        18,
        13,
        9,
        8,
        19,
        25,
        3,
        28,
        26,
        17,
        27,
        22,
        16,
        21,
        29,
        2,
        6,
        1,
        4,
        10,
        5,
        24,
        15,
        20,
        14,
        12,
        11,
        30,
        23,
        7
    ],
    "lkh_gap_pct": 0.0
}