{
    "instance_name": "N30_D4_G1000_norm_7",
    "n_customers": 30,
    "dimension": 4,
    "grid_size": 1000,
    "optimal_cost": 6777,
    "optimal_tour": [
        29,
        19,
        22,
        11,
        21,
        14,
        26,
        23,
        18,
        3,
        20,
        6,
        12,
        10,
        5,
        8,
        2,
        30,
        16,
        27,
        1,
        15,
        25,
        28,
        24,
        4,
        13,
        17,
        9,
        7
    ],
    "optimal_solver": "lkh",
    "instance_file_path": "c:\\TSP_ND_ML_Project\\instances\\N30_D4_G1000_norm_7.json",
    "concorde_length": 6777,
    "concorde_time_s": 0.9564359000069089,
    "concorde_tour": [
        1,
        27,
        16,
        30,
        2,
        8,
        5,
        10,
        12,
        6,
        20,
        3,
        18,
        23,
        26,
        14,
        21,
        11,
        22,
        19,
        29,
        7,
        9,
        17,
        13,
        4,
        24,
        28,
        25,
        15
    ],
    "lkh_length": 6777,
    "lkh_time_s": 0.09507829998619854,
    "lkh_tour": [
        29,
        19,
        22,
        11,
        21,
        14,
        26,
        23,
        18,
        3,
        20,
        6,
        12,
        10,
        5,
        8,
        2,
        30,
        16,
        27,
        1,
        15,
        25,
        28,
        24,
        4,
        13,
        17,
        9,
        7
    ],
    "lkh_gap_pct": 0.0
}