{
    "instance_name": "N30_D3_G100_norm_7",
    "n_customers": 30,
    "dimension": 3,
    "grid_size": 100,
    "optimal_cost": 473,
    "optimal_tour": [
        16,
        25,
        19,
        2,
        23,
        27,
        8,
        12,
        28,
        4,
        22,
        15,
        10,
        26,
        7,
        21,
        6,
        20,
        17,
        24,
        18,
        1,
        14,
        29,
        3,
        9,
        30,
        5,
        11,
        13
    ],
    "optimal_solver": "lkh",
    "instance_file_path": "c:\\TSP_ND_ML_Project\\instances\\N30_D3_G100_norm_7.json",
    "concorde_length": 473,
    "concorde_time_s": 0.6434021999593824,
    "concorde_tour": [
        1,
        14,
        29,
        3,
        9,
        30,
        5,
        11,
        13,
        16,
        25,
        19,
        2,
        23,
        27,
        8,
        12,
        28,
        4,
        22,
        15,
        10,
        26,
        21,
        7,
        6,
        20,
        17,
        24,
        18
    ],
    "lkh_length": 473,
    "lkh_time_s": 0.07890889997361228,
    "lkh_tour": [
        16,
        25,
        19,
        2,
        23,
        27,
        8,
        12,
        28,
        4,
        22,
        15,
        10,
        26,
        7,
        21,
        6,
        20,
        17,
        24,
        18,
        1,
        14,
        29,
        3,
        9,
        30,
        5,
        11,
        13
    ],
    "lkh_gap_pct": 0.0
}