{
    "instance_name": "N30_D3_G10000_tria_15",
    "n_customers": 30,
    "dimension": 3,
    "grid_size": 10000,
    "optimal_cost": 80252,
    "optimal_tour": [
        30,
        27,
        16,
        24,
        13,
        15,
        18,
        26,
        8,
        21,
        23,
        28,
        7,
        10,
        20,
        2,
        14,
        6,
        1,
        4,
        25,
        17,
        9,
        11,
        12,
        5,
        29,
        19,
        3,
        22
    ],
    "optimal_solver": "lkh",
    "instance_file_path": "c:\\TSP_ND_ML_Project\\instances\\N30_D3_G10000_tria_15.json",
    "concorde_length": 80252,
    "concorde_time_s": 1.9254778999602422,
    "concorde_tour": [
        1,
        6,
        14,
        2,
        20,
        10,
        7,
        28,
        23,
        21,
        8,
        26,
        18,
        15,
        13,
        24,
        16,
        27,
        30,
        22,
        3,
        19,
        29,
        5,
        12,
        11,
        9,
        17,
        25,
        4
    ],
    "lkh_length": 80252,
    "lkh_time_s": 0.09914119995664805,
    "lkh_tour": [
        30,
        27,
        16,
        24,
        13,
        15,
        18,
        26,
        8,
        21,
        23,
        28,
        7,
        10,
        20,
        2,
        14,
        6,
        1,
        4,
        25,
        17,
        9,
        11,
        12,
        5,
        29,
        19,
        3,
        22
    ],
    "lkh_gap_pct": 0.0
}