{
    "instance_name": "N30_D3_G1000_norm_20",
    "n_customers": 30,
    "dimension": 3,
    "grid_size": 1000,
    "optimal_cost": 4485,
    "optimal_tour": [
        10,
        21,
        7,
        14,
        4,
        13,
        30,
        26,
        22,
        5,
        15,
        19,
        25,
        2,
        28,
        3,
        8,
        27,
        9,
        20,
        29,
        1,
        11,
        16,
        17,
        12,
        6,
        18,
        24,
        23
    ],
    "optimal_solver": "lkh",
    "instance_file_path": "c:\\TSP_ND_ML_Project\\instances\\N30_D3_G1000_norm_20.json",
    "concorde_length": 4485,
    "concorde_time_s": 0.49760459997924045,
    "concorde_tour": [
        1,
        11,
        16,
        17,
        12,
        6,
        18,
        24,
        23,
        10,
        21,
        7,
        14,
        4,
        13,
        30,
        26,
        22,
        5,
        15,
        19,
        25,
        2,
        28,
        3,
        8,
        27,
        9,
        20,
        29
    ],
    "lkh_length": 4485,
    "lkh_time_s": 0.0837040999904275,
    "lkh_tour": [
        10,
        21,
        7,
        14,
        4,
        13,
        30,
        26,
        22,
        5,
        15,
        19,
        25,
        2,
        28,
        3,
        8,
        27,
        9,
        20,
        29,
        1,
        11,
        16,
        17,
        12,
        6,
        18,
        24,
        23
    ],
    "lkh_gap_pct": 0.0
}