{
    "instance_name": "N30_D4_G100_rand_7",
    "n_customers": 30,
    "dimension": 4,
    "grid_size": 100,
    "optimal_cost": 1132,
    "optimal_tour": [
        29,
        7,
        18,
        19,
        24,
        20,
        4,
        10,
        27,
        8,
        15,
        6,
        2,
        21,
        28,
        16,
        3,
        14,
        25,
        17,
        23,
        30,
        1,
        12,
        9,
        13,
        26,
        11,
        22,
        5
    ],
    "optimal_solver": "lkh",
    "instance_file_path": "c:\\TSP_ND_ML_Project\\instances\\N30_D4_G100_rand_7.json",
    "concorde_length": 1132,
    "concorde_time_s": 1.009614699985832,
    "concorde_tour": [
        1,
        30,
        23,
        17,
        25,
        14,
        3,
        16,
        28,
        21,
        2,
        6,
        15,
        8,
        27,
        10,
        4,
        20,
        24,
        19,
        18,
        7,
        29,
        5,
        22,
        11,
        26,
        13,
        9,
        12
    ],
    "lkh_length": 1132,
    "lkh_time_s": 0.06248650001361966,
    "lkh_tour": [
        29,
        7,
        18,
        19,
        24,
        20,
        4,
        10,
        27,
        8,
        15,
        6,
        2,
        21,
        28,
        16,
        3,
        14,
        25,
        17,
        23,
        30,
        1,
        12,
        9,
        13,
        26,
        11,
        22,
        5
    ],
    "lkh_gap_pct": 0.0
}