{
    "instance_name": "N30_D4_G10000_norm_6",
    "n_customers": 30,
    "dimension": 4,
    "grid_size": 10000,
    "optimal_cost": 62262,
    "optimal_tour": [
        29,
        26,
        4,
        21,
        12,
        22,
        9,
        2,
        11,
        17,
        24,
        20,
        10,
        19,
        13,
        7,
        18,
        23,
        14,
        6,
        3,
        30,
        25,
        5,
        16,
        28,
        27,
        15,
        1,
        8
    ],
    "optimal_solver": "lkh",
    "instance_file_path": "c:\\TSP_ND_ML_Project\\instances\\N30_D4_G10000_norm_6.json",
    "concorde_length": 62262,
    "concorde_time_s": 0.7536987999919802,
    "concorde_tour": [
        1,
        15,
        27,
        28,
        16,
        5,
        25,
        30,
        3,
        6,
        14,
        23,
        18,
        7,
        13,
        19,
        10,
        20,
        24,
        17,
        11,
        2,
        9,
        22,
        12,
        21,
        4,
        26,
        29,
        8
    ],
    "lkh_length": 62262,
    "lkh_time_s": 0.18983340001432225,
    "lkh_tour": [
        29,
        26,
        4,
        21,
        12,
        22,
        9,
        2,
        11,
        17,
        24,
        20,
        10,
        19,
        13,
        7,
        18,
        23,
        14,
        6,
        3,
        30,
        25,
        5,
        16,
        28,
        27,
        15,
        1,
        8
    ],
    "lkh_gap_pct": 0.0
}