{
    "instance_name": "N30_D3_G100_rand_9",
    "n_customers": 30,
    "dimension": 3,
    "grid_size": 100,
    "optimal_cost": 803,
    "optimal_tour": [
        5,
        29,
        10,
        20,
        26,
        17,
        30,
        25,
        7,
        13,
        2,
        6,
        14,
        22,
        8,
        21,
        16,
        1,
        11,
        15,
        19,
        28,
        12,
        23,
        4,
        27,
        9,
        3,
        18,
        24
    ],
    "optimal_solver": "lkh",
    "instance_file_path": "c:\\TSP_ND_ML_Project\\instances\\N30_D3_G100_rand_9.json",
    "concorde_length": 803,
    "concorde_time_s": 0.8938554000342265,
    "concorde_tour": [
        1,
        16,
        21,
        8,
        22,
        14,
        6,
        2,
        13,
        7,
        25,
        30,
        17,
        26,
        20,
        10,
        29,
        5,
        24,
        18,
        3,
        9,
        27,
        4,
        23,
        12,
        28,
        19,
        15,
        11
    ],
    "lkh_length": 803,
    "lkh_time_s": 0.11152410000795498,
    "lkh_tour": [
        5,
        29,
        10,
        20,
        26,
        17,
        30,
        25,
        7,
        13,
        2,
        6,
        14,
        22,
        8,
        21,
        16,
        1,
        11,
        15,
        19,
        28,
        12,
        23,
        4,
        27,
        9,
        3,
        18,
        24
    ],
    "lkh_gap_pct": 0.0
}