{
    "instance_name": "N30_D2_G1000_ring_4",
    "n_customers": 30,
    "dimension": 2,
    "grid_size": 1000,
    "optimal_cost": 2690,
    "optimal_tour": [
        19,
        20,
        27,
        24,
        28,
        12,
        2,
        18,
        13,
        4,
        5,
        6,
        23,
        11,
        25,
        15,
        3,
        16,
        22,
        14,
        30,
        1,
        17,
        7,
        29,
        26,
        8,
        10,
        21,
        9
    ],
    "optimal_solver": "lkh",
    "instance_file_path": "c:\\TSP_ND_ML_Project\\instances\\N30_D2_G1000_ring_4.json",
    "concorde_length": 2690,
    "concorde_time_s": 0.8551844999892637,
    "concorde_tour": [
        1,
        30,
        14,
        22,
        16,
        3,
        15,
        25,
        11,
        23,
        6,
        5,
        4,
        13,
        18,
        2,
        12,
        28,
        24,
        27,
        20,
        19,
        9,
        21,
        10,
        8,
        26,
        29,
        7,
        17
    ],
    "lkh_length": 2690,
    "lkh_time_s": 0.052768199995625764,
    "lkh_tour": [
        19,
        20,
        27,
        24,
        28,
        12,
        2,
        18,
        13,
        4,
        5,
        6,
        23,
        11,
        25,
        15,
        3,
        16,
        22,
        14,
        30,
        1,
        17,
        7,
        29,
        26,
        8,
        10,
        21,
        9
    ],
    "lkh_gap_pct": 0.0
}