{
    "instance_name": "N30_D2_G100_corr_6",
    "n_customers": 30,
    "dimension": 2,
    "grid_size": 100,
    "optimal_cost": 310,
    "optimal_tour": [
        2,
        30,
        29,
        10,
        3,
        25,
        20,
        1,
        17,
        11,
        26,
        18,
        5,
        23,
        27,
        24,
        4,
        28,
        21,
        19,
        7,
        14,
        12,
        9,
        6,
        15,
        22,
        16,
        8,
        13
    ],
    "optimal_solver": "lkh",
    "instance_file_path": "c:\\TSP_ND_ML_Project\\instances\\N30_D2_G100_corr_6.json",
    "concorde_length": 310,
    "concorde_time_s": 0.7694869999832008,
    "concorde_tour": [
        1,
        20,
        25,
        3,
        10,
        29,
        30,
        2,
        13,
        8,
        16,
        22,
        15,
        6,
        9,
        12,
        14,
        7,
        19,
        21,
        28,
        4,
        24,
        27,
        23,
        5,
        18,
        26,
        11,
        17
    ],
    "lkh_length": 310,
    "lkh_time_s": 0.13500060001388192,
    "lkh_tour": [
        2,
        30,
        29,
        10,
        3,
        25,
        20,
        1,
        17,
        11,
        26,
        18,
        5,
        23,
        27,
        24,
        4,
        28,
        21,
        19,
        7,
        14,
        12,
        9,
        6,
        15,
        22,
        16,
        8,
        13
    ],
    "lkh_gap_pct": 0.0
}