{
    "instance_name": "N30_D2_G100_rand_8",
    "n_customers": 30,
    "dimension": 2,
    "grid_size": 100,
    "optimal_cost": 413,
    "optimal_tour": [
        22,
        26,
        6,
        5,
        25,
        9,
        3,
        20,
        1,
        19,
        15,
        17,
        11,
        27,
        23,
        14,
        8,
        29,
        30,
        24,
        4,
        12,
        18,
        13,
        10,
        7,
        28,
        2,
        16,
        21
    ],
    "optimal_solver": "lkh",
    "instance_file_path": "c:\\TSP_ND_ML_Project\\instances\\N30_D2_G100_rand_8.json",
    "concorde_length": 413,
    "concorde_time_s": 0.9536482999974396,
    "concorde_tour": [
        1,
        19,
        15,
        17,
        11,
        27,
        23,
        14,
        8,
        29,
        30,
        24,
        4,
        12,
        18,
        13,
        10,
        7,
        28,
        2,
        16,
        21,
        22,
        26,
        6,
        5,
        25,
        9,
        3,
        20
    ],
    "lkh_length": 413,
    "lkh_time_s": 0.12027569999918342,
    "lkh_tour": [
        22,
        26,
        6,
        5,
        25,
        9,
        3,
        20,
        1,
        19,
        15,
        17,
        11,
        27,
        23,
        14,
        8,
        29,
        30,
        24,
        4,
        12,
        18,
        13,
        10,
        7,
        28,
        2,
        16,
        21
    ],
    "lkh_gap_pct": 0.0
}