{
    "instance_name": "N40_D5_G10000_corn_6",
    "n_customers": 40,
    "dimension": 5,
    "grid_size": 10000,
    "optimal_cost": 227763,
    "optimal_tour": [
        14,
        11,
        19,
        28,
        31,
        32,
        7,
        38,
        3,
        22,
        35,
        26,
        2,
        5,
        25,
        33,
        16,
        15,
        21,
        13,
        20,
        18,
        6,
        36,
        1,
        8,
        30,
        23,
        12,
        17,
        29,
        4,
        40,
        39,
        27,
        37,
        34,
        10,
        9,
        24
    ],
    "optimal_solver": "lkh",
    "instance_file_path": "c:\\TSP_ND_ML_Project\\instances\\N40_D5_G10000_corn_6.json",
    "concorde_length": 227763,
    "concorde_time_s": 0.8800719000282697,
    "concorde_tour": [
        1,
        36,
        6,
        18,
        20,
        13,
        21,
        15,
        16,
        33,
        25,
        5,
        2,
        26,
        35,
        22,
        3,
        38,
        7,
        32,
        31,
        28,
        19,
        11,
        14,
        24,
        9,
        10,
        34,
        37,
        27,
        39,
        40,
        4,
        29,
        17,
        12,
        23,
        30,
        8
    ],
    "lkh_length": 227763,
    "lkh_time_s": 0.05000899999868125,
    "lkh_tour": [
        14,
        11,
        19,
        28,
        31,
        32,
        7,
        38,
        3,
        22,
        35,
        26,
        2,
        5,
        25,
        33,
        16,
        15,
        21,
        13,
        20,
        18,
        6,
        36,
        1,
        8,
        30,
        23,
        12,
        17,
        29,
        4,
        40,
        39,
        27,
        37,
        34,
        10,
        9,
        24
    ],
    "lkh_gap_pct": 0.0
}