{
    "instance_name": "N40_D4_G1000_grid_12",
    "n_customers": 40,
    "dimension": 4,
    "grid_size": 1000,
    "optimal_cost": 14041,
    "optimal_tour": [
        30,
        27,
        22,
        17,
        16,
        13,
        3,
        32,
        10,
        20,
        35,
        28,
        24,
        29,
        8,
        21,
        11,
        25,
        9,
        7,
        18,
        37,
        19,
        34,
        31,
        2,
        5,
        39,
        4,
        36,
        23,
        12,
        15,
        26,
        14,
        33,
        38,
        1,
        6,
        40
    ],
    "optimal_solver": "lkh",
    "instance_file_path": "c:\\TSP_ND_ML_Project\\instances\\N40_D4_G1000_grid_12.json",
    "concorde_length": 14041,
    "concorde_time_s": 1.8207237999886274,
    "concorde_tour": [
        1,
        6,
        40,
        30,
        27,
        22,
        17,
        16,
        13,
        3,
        32,
        10,
        20,
        35,
        28,
        24,
        29,
        8,
        21,
        11,
        25,
        9,
        7,
        18,
        37,
        19,
        34,
        31,
        2,
        5,
        39,
        4,
        36,
        23,
        12,
        15,
        26,
        14,
        33,
        38
    ],
    "lkh_length": 14041,
    "lkh_time_s": 0.19754229998216033,
    "lkh_tour": [
        30,
        27,
        22,
        17,
        16,
        13,
        3,
        32,
        10,
        20,
        35,
        28,
        24,
        29,
        8,
        21,
        11,
        25,
        9,
        7,
        18,
        37,
        19,
        34,
        31,
        2,
        5,
        39,
        4,
        36,
        23,
        12,
        15,
        26,
        14,
        33,
        38,
        1,
        6,
        40
    ],
    "lkh_gap_pct": 0.0
}