{
    "instance_name": "N40_D5_G10000_corn_15",
    "n_customers": 40,
    "dimension": 5,
    "grid_size": 10000,
    "optimal_cost": 231132,
    "optimal_tour": [
        32,
        36,
        22,
        35,
        14,
        3,
        27,
        9,
        8,
        15,
        20,
        4,
        25,
        19,
        18,
        17,
        29,
        38,
        26,
        40,
        1,
        37,
        7,
        21,
        10,
        30,
        2,
        28,
        13,
        31,
        11,
        12,
        24,
        6,
        34,
        16,
        39,
        23,
        5,
        33
    ],
    "optimal_solver": "lkh",
    "instance_file_path": "c:\\TSP_ND_ML_Project\\instances\\N40_D5_G10000_corn_15.json",
    "concorde_length": 231132,
    "concorde_time_s": 0.6745691999676637,
    "concorde_tour": [
        1,
        40,
        26,
        38,
        29,
        17,
        18,
        19,
        25,
        4,
        20,
        15,
        8,
        9,
        27,
        3,
        14,
        35,
        22,
        36,
        32,
        33,
        5,
        23,
        39,
        16,
        34,
        6,
        24,
        12,
        11,
        31,
        13,
        28,
        2,
        30,
        10,
        21,
        7,
        37
    ],
    "lkh_length": 231132,
    "lkh_time_s": 0.046409800008405,
    "lkh_tour": [
        32,
        36,
        22,
        35,
        14,
        3,
        27,
        9,
        8,
        15,
        20,
        4,
        25,
        19,
        18,
        17,
        29,
        38,
        26,
        40,
        1,
        37,
        7,
        21,
        10,
        30,
        2,
        28,
        13,
        31,
        11,
        12,
        24,
        6,
        34,
        16,
        39,
        23,
        5,
        33
    ],
    "lkh_gap_pct": 0.0
}