{
    "instance_name": "N40_D4_G1000_pow_3",
    "n_customers": 40,
    "dimension": 4,
    "grid_size": 1000,
    "optimal_cost": 15414,
    "optimal_tour": [
        26,
        36,
        1,
        29,
        30,
        19,
        38,
        11,
        2,
        39,
        20,
        9,
        14,
        12,
        18,
        37,
        16,
        40,
        13,
        23,
        28,
        3,
        10,
        33,
        8,
        32,
        27,
        7,
        34,
        5,
        4,
        25,
        31,
        6,
        35,
        17,
        21,
        15,
        22,
        24
    ],
    "optimal_solver": "lkh",
    "instance_file_path": "c:\\TSP_ND_ML_Project\\instances\\N40_D4_G1000_pow_3.json",
    "concorde_length": 15414,
    "concorde_time_s": 0.5739166000275873,
    "concorde_tour": [
        1,
        29,
        40,
        16,
        13,
        23,
        7,
        30,
        19,
        10,
        28,
        3,
        8,
        32,
        33,
        27,
        18,
        37,
        12,
        9,
        14,
        20,
        39,
        2,
        11,
        38,
        35,
        34,
        31,
        5,
        4,
        25,
        6,
        24,
        17,
        22,
        15,
        21,
        26,
        36
    ],
    "lkh_length": 15414,
    "lkh_time_s": 1.6791330000269227,
    "lkh_tour": [
        26,
        36,
        1,
        29,
        30,
        19,
        38,
        11,
        2,
        39,
        20,
        9,
        14,
        12,
        18,
        37,
        16,
        40,
        13,
        23,
        28,
        3,
        10,
        33,
        8,
        32,
        27,
        7,
        34,
        5,
        4,
        25,
        31,
        6,
        35,
        17,
        21,
        15,
        22,
        24
    ],
    "lkh_gap_pct": 0.0
}