{
    "instance_name": "N40_D5_G100_corr_5",
    "n_customers": 40,
    "dimension": 5,
    "grid_size": 100,
    "optimal_cost": 828,
    "optimal_tour": [
        13,
        37,
        25,
        28,
        20,
        17,
        32,
        6,
        31,
        4,
        23,
        12,
        38,
        16,
        5,
        40,
        15,
        10,
        27,
        34,
        30,
        29,
        26,
        1,
        14,
        8,
        3,
        24,
        39,
        21,
        19,
        11,
        36,
        2,
        35,
        7,
        18,
        22,
        9,
        33
    ],
    "optimal_solver": "lkh",
    "instance_file_path": "c:\\TSP_ND_ML_Project\\instances\\N40_D5_G100_corr_5.json",
    "concorde_length": 828,
    "concorde_time_s": 1.26422819995787,
    "concorde_tour": [
        1,
        26,
        29,
        30,
        34,
        4,
        23,
        12,
        38,
        16,
        5,
        40,
        31,
        6,
        32,
        17,
        15,
        10,
        27,
        20,
        28,
        25,
        37,
        13,
        33,
        9,
        22,
        18,
        7,
        35,
        2,
        36,
        11,
        19,
        21,
        39,
        24,
        3,
        8,
        14
    ],
    "lkh_length": 828,
    "lkh_time_s": 0.16059089999180287,
    "lkh_tour": [
        13,
        37,
        25,
        28,
        20,
        17,
        32,
        6,
        31,
        4,
        23,
        12,
        38,
        16,
        5,
        40,
        15,
        10,
        27,
        34,
        30,
        29,
        26,
        1,
        14,
        8,
        3,
        24,
        39,
        21,
        19,
        11,
        36,
        2,
        35,
        7,
        18,
        22,
        9,
        33
    ],
    "lkh_gap_pct": 0.0
}