{
    "instance_name": "N40_D5_G1000_corn_7",
    "n_customers": 40,
    "dimension": 5,
    "grid_size": 1000,
    "optimal_cost": 22528,
    "optimal_tour": [
        6,
        29,
        19,
        3,
        21,
        25,
        28,
        33,
        30,
        22,
        4,
        16,
        18,
        36,
        39,
        37,
        8,
        5,
        9,
        13,
        17,
        31,
        12,
        15,
        38,
        2,
        40,
        26,
        32,
        27,
        1,
        24,
        11,
        34,
        20,
        7,
        23,
        35,
        10,
        14
    ],
    "optimal_solver": "lkh",
    "instance_file_path": "c:\\TSP_ND_ML_Project\\instances\\N40_D5_G1000_corn_7.json",
    "concorde_length": 22528,
    "concorde_time_s": 0.4682850000099279,
    "concorde_tour": [
        1,
        27,
        32,
        26,
        40,
        2,
        15,
        38,
        12,
        31,
        17,
        13,
        9,
        5,
        8,
        37,
        39,
        36,
        18,
        16,
        4,
        22,
        30,
        33,
        28,
        25,
        21,
        3,
        19,
        29,
        6,
        14,
        10,
        35,
        23,
        7,
        20,
        34,
        11,
        24
    ],
    "lkh_length": 22528,
    "lkh_time_s": 0.10341400001198053,
    "lkh_tour": [
        6,
        29,
        19,
        3,
        21,
        25,
        28,
        33,
        30,
        22,
        4,
        16,
        18,
        36,
        39,
        37,
        8,
        5,
        9,
        13,
        17,
        31,
        12,
        15,
        38,
        2,
        40,
        26,
        32,
        27,
        1,
        24,
        11,
        34,
        20,
        7,
        23,
        35,
        10,
        14
    ],
    "lkh_gap_pct": 0.0
}