{
    "instance_name": "N40_D2_G1000_clus_1",
    "n_customers": 40,
    "dimension": 2,
    "grid_size": 1000,
    "optimal_cost": 1473,
    "optimal_tour": [
        36,
        20,
        33,
        23,
        2,
        18,
        27,
        7,
        9,
        31,
        15,
        37,
        17,
        11,
        6,
        4,
        34,
        26,
        3,
        22,
        1,
        16,
        38,
        5,
        19,
        25,
        8,
        32,
        21,
        35,
        40,
        28,
        39,
        10,
        13,
        30,
        29,
        24,
        14,
        12
    ],
    "optimal_solver": "lkh",
    "instance_file_path": "c:\\TSP_ND_ML_Project\\instances\\N40_D2_G1000_clus_1.json",
    "concorde_length": 1473,
    "concorde_time_s": 0.5998753999883775,
    "concorde_tour": [
        1,
        22,
        3,
        26,
        34,
        4,
        6,
        11,
        17,
        37,
        15,
        31,
        9,
        7,
        27,
        18,
        2,
        23,
        33,
        20,
        36,
        12,
        14,
        24,
        29,
        30,
        13,
        10,
        39,
        28,
        40,
        35,
        21,
        32,
        8,
        25,
        19,
        5,
        38,
        16
    ],
    "lkh_length": 1473,
    "lkh_time_s": 0.13045140000758693,
    "lkh_tour": [
        36,
        20,
        33,
        23,
        2,
        18,
        27,
        7,
        9,
        31,
        15,
        37,
        17,
        11,
        6,
        4,
        34,
        26,
        3,
        22,
        1,
        16,
        38,
        5,
        19,
        25,
        8,
        32,
        21,
        35,
        40,
        28,
        39,
        10,
        13,
        30,
        29,
        24,
        14,
        12
    ],
    "lkh_gap_pct": 0.0
}