{
    "instance_name": "N40_D4_G10000_grid_7",
    "n_customers": 40,
    "dimension": 4,
    "grid_size": 10000,
    "optimal_cost": 138350,
    "optimal_tour": [
        38,
        3,
        9,
        34,
        40,
        20,
        17,
        21,
        23,
        18,
        22,
        39,
        7,
        31,
        26,
        5,
        28,
        11,
        10,
        29,
        19,
        6,
        24,
        8,
        16,
        4,
        25,
        37,
        35,
        14,
        1,
        2,
        27,
        15,
        32,
        36,
        12,
        13,
        33,
        30
    ],
    "optimal_solver": "lkh",
    "instance_file_path": "c:\\TSP_ND_ML_Project\\instances\\N40_D4_G10000_grid_7.json",
    "concorde_length": 138350,
    "concorde_time_s": 2.6219993999693543,
    "concorde_tour": [
        1,
        2,
        27,
        15,
        32,
        36,
        12,
        13,
        33,
        30,
        38,
        3,
        9,
        34,
        40,
        20,
        17,
        21,
        23,
        18,
        22,
        39,
        7,
        31,
        26,
        5,
        28,
        11,
        10,
        29,
        19,
        6,
        24,
        8,
        16,
        4,
        25,
        37,
        35,
        14
    ],
    "lkh_length": 138350,
    "lkh_time_s": 0.08811130002140999,
    "lkh_tour": [
        38,
        3,
        9,
        34,
        40,
        20,
        17,
        21,
        23,
        18,
        22,
        39,
        7,
        31,
        26,
        5,
        28,
        11,
        10,
        29,
        19,
        6,
        24,
        8,
        16,
        4,
        25,
        37,
        35,
        14,
        1,
        2,
        27,
        15,
        32,
        36,
        12,
        13,
        33,
        30
    ],
    "lkh_gap_pct": 0.0
}