{
    "instance_name": "N40_D5_G100_ring_15",
    "n_customers": 40,
    "dimension": 5,
    "grid_size": 100,
    "optimal_cost": 1282,
    "optimal_tour": [
        15,
        16,
        11,
        37,
        6,
        26,
        32,
        22,
        38,
        7,
        21,
        5,
        12,
        28,
        18,
        3,
        19,
        39,
        36,
        20,
        27,
        17,
        34,
        4,
        10,
        35,
        1,
        24,
        13,
        23,
        14,
        33,
        30,
        2,
        31,
        8,
        25,
        9,
        40,
        29
    ],
    "optimal_solver": "lkh",
    "instance_file_path": "c:\\TSP_ND_ML_Project\\instances\\N40_D5_G100_ring_15.json",
    "concorde_length": 1282,
    "concorde_time_s": 2.226056699990295,
    "concorde_tour": [
        1,
        24,
        13,
        23,
        14,
        33,
        30,
        2,
        31,
        8,
        25,
        9,
        40,
        29,
        15,
        16,
        11,
        37,
        6,
        26,
        32,
        22,
        38,
        7,
        21,
        5,
        12,
        28,
        18,
        3,
        19,
        39,
        36,
        20,
        27,
        17,
        34,
        4,
        10,
        35
    ],
    "lkh_length": 1282,
    "lkh_time_s": 0.10196990001713857,
    "lkh_tour": [
        15,
        16,
        11,
        37,
        6,
        26,
        32,
        22,
        38,
        7,
        21,
        5,
        12,
        28,
        18,
        3,
        19,
        39,
        36,
        20,
        27,
        17,
        34,
        4,
        10,
        35,
        1,
        24,
        13,
        23,
        14,
        33,
        30,
        2,
        31,
        8,
        25,
        9,
        40,
        29
    ],
    "lkh_gap_pct": 0.0
}