{
    "instance_name": "N40_D4_G1000_ring_11",
    "n_customers": 40,
    "dimension": 4,
    "grid_size": 1000,
    "optimal_cost": 9703,
    "optimal_tour": [
        40,
        38,
        28,
        33,
        2,
        8,
        35,
        16,
        9,
        31,
        19,
        39,
        7,
        12,
        14,
        22,
        13,
        20,
        15,
        25,
        32,
        1,
        10,
        37,
        11,
        4,
        26,
        18,
        17,
        27,
        36,
        30,
        21,
        34,
        5,
        3,
        29,
        23,
        24,
        6
    ],
    "optimal_solver": "lkh",
    "instance_file_path": "c:\\TSP_ND_ML_Project\\instances\\N40_D4_G1000_ring_11.json",
    "concorde_length": 9703,
    "concorde_time_s": 1.1520108000258915,
    "concorde_tour": [
        1,
        32,
        25,
        15,
        20,
        13,
        22,
        14,
        12,
        7,
        39,
        19,
        31,
        9,
        16,
        35,
        8,
        2,
        33,
        28,
        38,
        40,
        6,
        24,
        23,
        29,
        3,
        5,
        34,
        21,
        30,
        36,
        27,
        17,
        18,
        26,
        4,
        11,
        37,
        10
    ],
    "lkh_length": 9703,
    "lkh_time_s": 0.05645230005029589,
    "lkh_tour": [
        40,
        38,
        28,
        33,
        2,
        8,
        35,
        16,
        9,
        31,
        19,
        39,
        7,
        12,
        14,
        22,
        13,
        20,
        15,
        25,
        32,
        1,
        10,
        37,
        11,
        4,
        26,
        18,
        17,
        27,
        36,
        30,
        21,
        34,
        5,
        3,
        29,
        23,
        24,
        6
    ],
    "lkh_gap_pct": 0.0
}