{
    "instance_name": "N40_D3_G1000_norm_17",
    "n_customers": 40,
    "dimension": 3,
    "grid_size": 1000,
    "optimal_cost": 5620,
    "optimal_tour": [
        27,
        23,
        7,
        10,
        40,
        17,
        9,
        4,
        32,
        12,
        29,
        31,
        24,
        26,
        1,
        6,
        39,
        35,
        37,
        33,
        5,
        30,
        19,
        15,
        8,
        14,
        25,
        11,
        28,
        13,
        34,
        38,
        36,
        21,
        22,
        2,
        18,
        3,
        16,
        20
    ],
    "optimal_solver": "lkh",
    "instance_file_path": "c:\\TSP_ND_ML_Project\\instances\\N40_D3_G1000_norm_17.json",
    "concorde_length": 5620,
    "concorde_time_s": 2.410776300006546,
    "concorde_tour": [
        1,
        6,
        39,
        35,
        37,
        33,
        5,
        30,
        19,
        15,
        8,
        14,
        25,
        11,
        28,
        13,
        34,
        38,
        36,
        21,
        22,
        2,
        18,
        3,
        16,
        20,
        27,
        23,
        7,
        10,
        40,
        17,
        9,
        4,
        32,
        12,
        29,
        31,
        24,
        26
    ],
    "lkh_length": 5620,
    "lkh_time_s": 0.07633190002525225,
    "lkh_tour": [
        27,
        23,
        7,
        10,
        40,
        17,
        9,
        4,
        32,
        12,
        29,
        31,
        24,
        26,
        1,
        6,
        39,
        35,
        37,
        33,
        5,
        30,
        19,
        15,
        8,
        14,
        25,
        11,
        28,
        13,
        34,
        38,
        36,
        21,
        22,
        2,
        18,
        3,
        16,
        20
    ],
    "lkh_gap_pct": 0.0
}