{
    "instance_name": "N40_D4_G10000_rand_7",
    "n_customers": 40,
    "dimension": 4,
    "grid_size": 10000,
    "optimal_cost": 149279,
    "optimal_tour": [
        4,
        35,
        7,
        22,
        6,
        21,
        26,
        31,
        40,
        38,
        15,
        14,
        24,
        16,
        34,
        33,
        18,
        3,
        8,
        17,
        11,
        37,
        36,
        12,
        29,
        9,
        39,
        13,
        2,
        5,
        27,
        30,
        32,
        1,
        23,
        20,
        19,
        25,
        10,
        28
    ],
    "optimal_solver": "lkh",
    "instance_file_path": "c:\\TSP_ND_ML_Project\\instances\\N40_D4_G10000_rand_7.json",
    "concorde_length": 149279,
    "concorde_time_s": 0.8443710000137798,
    "concorde_tour": [
        1,
        32,
        30,
        27,
        5,
        2,
        13,
        39,
        9,
        29,
        12,
        36,
        37,
        11,
        17,
        8,
        3,
        18,
        33,
        34,
        16,
        24,
        14,
        15,
        38,
        40,
        31,
        26,
        21,
        6,
        22,
        7,
        35,
        4,
        28,
        10,
        25,
        19,
        20,
        23
    ],
    "lkh_length": 149279,
    "lkh_time_s": 0.10061620001215488,
    "lkh_tour": [
        4,
        35,
        7,
        22,
        6,
        21,
        26,
        31,
        40,
        38,
        15,
        14,
        24,
        16,
        34,
        33,
        18,
        3,
        8,
        17,
        11,
        37,
        36,
        12,
        29,
        9,
        39,
        13,
        2,
        5,
        27,
        30,
        32,
        1,
        23,
        20,
        19,
        25,
        10,
        28
    ],
    "lkh_gap_pct": 0.0
}