{
    "instance_name": "N40_D3_G100_rand_2",
    "n_customers": 40,
    "dimension": 3,
    "grid_size": 100,
    "optimal_cost": 969,
    "optimal_tour": [
        29,
        6,
        27,
        21,
        17,
        14,
        8,
        40,
        23,
        22,
        12,
        11,
        38,
        32,
        13,
        3,
        2,
        35,
        34,
        26,
        31,
        19,
        4,
        37,
        28,
        10,
        39,
        33,
        25,
        1,
        16,
        15,
        20,
        30,
        18,
        9,
        36,
        24,
        5,
        7
    ],
    "optimal_solver": "lkh",
    "instance_file_path": "c:\\TSP_ND_ML_Project\\instances\\N40_D3_G100_rand_2.json",
    "concorde_length": 969,
    "concorde_time_s": 1.2713332999846898,
    "concorde_tour": [
        1,
        16,
        15,
        20,
        30,
        18,
        9,
        36,
        24,
        5,
        7,
        29,
        6,
        27,
        21,
        17,
        14,
        8,
        40,
        23,
        22,
        12,
        11,
        38,
        32,
        13,
        3,
        2,
        35,
        34,
        26,
        31,
        19,
        4,
        37,
        28,
        10,
        39,
        33,
        25
    ],
    "lkh_length": 969,
    "lkh_time_s": 0.0628349999897182,
    "lkh_tour": [
        29,
        6,
        27,
        21,
        17,
        14,
        8,
        40,
        23,
        22,
        12,
        11,
        38,
        32,
        13,
        3,
        2,
        35,
        34,
        26,
        31,
        19,
        4,
        37,
        28,
        10,
        39,
        33,
        25,
        1,
        16,
        15,
        20,
        30,
        18,
        9,
        36,
        24,
        5,
        7
    ],
    "lkh_gap_pct": 0.0
}