{
    "instance_name": "N40_D4_G1000_clus_18",
    "n_customers": 40,
    "dimension": 4,
    "grid_size": 1000,
    "optimal_cost": 4612,
    "optimal_tour": [
        35,
        6,
        32,
        1,
        23,
        3,
        29,
        16,
        36,
        8,
        19,
        7,
        10,
        20,
        24,
        18,
        37,
        5,
        30,
        25,
        11,
        9,
        39,
        27,
        40,
        21,
        38,
        34,
        17,
        22,
        4,
        2,
        33,
        28,
        26,
        12,
        13,
        31,
        15,
        14
    ],
    "optimal_solver": "lkh",
    "instance_file_path": "c:\\TSP_ND_ML_Project\\instances\\N40_D4_G1000_clus_18.json",
    "concorde_length": 4612,
    "concorde_time_s": 1.2218813000363298,
    "concorde_tour": [
        1,
        32,
        6,
        35,
        14,
        15,
        31,
        13,
        12,
        26,
        28,
        33,
        2,
        4,
        22,
        17,
        34,
        38,
        21,
        40,
        27,
        39,
        9,
        11,
        25,
        30,
        5,
        37,
        18,
        24,
        20,
        10,
        7,
        19,
        8,
        36,
        16,
        29,
        3,
        23
    ],
    "lkh_length": 4612,
    "lkh_time_s": 0.11051430000225082,
    "lkh_tour": [
        35,
        6,
        32,
        1,
        23,
        3,
        29,
        16,
        36,
        8,
        19,
        7,
        10,
        20,
        24,
        18,
        37,
        5,
        30,
        25,
        11,
        9,
        39,
        27,
        40,
        21,
        38,
        34,
        17,
        22,
        4,
        2,
        33,
        28,
        26,
        12,
        13,
        31,
        15,
        14
    ],
    "lkh_gap_pct": 0.0
}