{
    "instance_name": "N40_D3_G10000_tria_16",
    "n_customers": 40,
    "dimension": 3,
    "grid_size": 10000,
    "optimal_cost": 106604,
    "optimal_tour": [
        17,
        13,
        5,
        31,
        12,
        26,
        37,
        14,
        32,
        25,
        40,
        4,
        30,
        23,
        22,
        19,
        34,
        38,
        18,
        16,
        8,
        36,
        24,
        20,
        11,
        1,
        7,
        2,
        15,
        39,
        9,
        3,
        28,
        6,
        33,
        29,
        35,
        27,
        21,
        10
    ],
    "optimal_solver": "lkh",
    "instance_file_path": "c:\\TSP_ND_ML_Project\\instances\\N40_D3_G10000_tria_16.json",
    "concorde_length": 106604,
    "concorde_time_s": 0.7275165999890305,
    "concorde_tour": [
        1,
        11,
        20,
        24,
        36,
        8,
        16,
        18,
        38,
        34,
        19,
        22,
        23,
        30,
        4,
        40,
        25,
        32,
        14,
        37,
        26,
        12,
        31,
        5,
        13,
        17,
        10,
        21,
        27,
        35,
        29,
        33,
        6,
        28,
        3,
        9,
        39,
        15,
        2,
        7
    ],
    "lkh_length": 106604,
    "lkh_time_s": 0.06550719996448606,
    "lkh_tour": [
        17,
        13,
        5,
        31,
        12,
        26,
        37,
        14,
        32,
        25,
        40,
        4,
        30,
        23,
        22,
        19,
        34,
        38,
        18,
        16,
        8,
        36,
        24,
        20,
        11,
        1,
        7,
        2,
        15,
        39,
        9,
        3,
        28,
        6,
        33,
        29,
        35,
        27,
        21,
        10
    ],
    "lkh_gap_pct": 0.0
}