{
    "instance_name": "N40_D5_G10000_clus_14",
    "n_customers": 40,
    "dimension": 5,
    "grid_size": 10000,
    "optimal_cost": 83983,
    "optimal_tour": [
        14,
        23,
        35,
        20,
        29,
        19,
        2,
        27,
        40,
        37,
        36,
        3,
        22,
        15,
        17,
        6,
        5,
        39,
        33,
        26,
        38,
        9,
        30,
        12,
        31,
        1,
        28,
        21,
        25,
        32,
        16,
        34,
        13,
        4,
        7,
        11,
        10,
        8,
        24,
        18
    ],
    "optimal_solver": "lkh",
    "instance_file_path": "c:\\TSP_ND_ML_Project\\instances\\N40_D5_G10000_clus_14.json",
    "concorde_length": 83983,
    "concorde_time_s": 0.835883199935779,
    "concorde_tour": [
        1,
        28,
        21,
        25,
        32,
        16,
        34,
        13,
        4,
        7,
        11,
        10,
        8,
        24,
        18,
        14,
        23,
        35,
        20,
        29,
        19,
        2,
        27,
        40,
        37,
        36,
        3,
        22,
        15,
        17,
        6,
        5,
        39,
        33,
        26,
        38,
        9,
        30,
        12,
        31
    ],
    "lkh_length": 83983,
    "lkh_time_s": 0.17497399996500462,
    "lkh_tour": [
        14,
        23,
        35,
        20,
        29,
        19,
        2,
        27,
        40,
        37,
        36,
        3,
        22,
        15,
        17,
        6,
        5,
        39,
        33,
        26,
        38,
        9,
        30,
        12,
        31,
        1,
        28,
        21,
        25,
        32,
        16,
        34,
        13,
        4,
        7,
        11,
        10,
        8,
        24,
        18
    ],
    "lkh_gap_pct": 0.0
}