{
    "instance_name": "N40_D3_G1000_grid_8",
    "n_customers": 40,
    "dimension": 3,
    "grid_size": 1000,
    "optimal_cost": 9532,
    "optimal_tour": [
        13,
        3,
        36,
        29,
        16,
        23,
        1,
        20,
        14,
        7,
        19,
        27,
        28,
        6,
        4,
        37,
        30,
        21,
        26,
        18,
        22,
        15,
        10,
        8,
        17,
        11,
        34,
        35,
        33,
        12,
        39,
        32,
        31,
        40,
        24,
        2,
        9,
        25,
        38,
        5
    ],
    "optimal_solver": "lkh",
    "instance_file_path": "c:\\TSP_ND_ML_Project\\instances\\N40_D3_G1000_grid_8.json",
    "concorde_length": 9532,
    "concorde_time_s": 1.2743216999806464,
    "concorde_tour": [
        1,
        20,
        14,
        7,
        19,
        27,
        28,
        6,
        4,
        37,
        30,
        21,
        26,
        18,
        22,
        15,
        10,
        8,
        17,
        11,
        34,
        35,
        33,
        12,
        39,
        32,
        31,
        40,
        24,
        2,
        9,
        25,
        38,
        5,
        13,
        3,
        36,
        29,
        16,
        23
    ],
    "lkh_length": 9532,
    "lkh_time_s": 0.06357230001594871,
    "lkh_tour": [
        13,
        3,
        36,
        29,
        16,
        23,
        1,
        20,
        14,
        7,
        19,
        27,
        28,
        6,
        4,
        37,
        30,
        21,
        26,
        18,
        22,
        15,
        10,
        8,
        17,
        11,
        34,
        35,
        33,
        12,
        39,
        32,
        31,
        40,
        24,
        2,
        9,
        25,
        38,
        5
    ],
    "lkh_gap_pct": 0.0
}