{
    "instance_name": "N40_D4_G1000_rand_3",
    "n_customers": 40,
    "dimension": 4,
    "grid_size": 1000,
    "optimal_cost": 13984,
    "optimal_tour": [
        6,
        34,
        38,
        22,
        4,
        12,
        37,
        3,
        23,
        20,
        16,
        15,
        32,
        35,
        26,
        24,
        8,
        11,
        18,
        7,
        9,
        25,
        40,
        36,
        30,
        13,
        29,
        1,
        19,
        33,
        31,
        28,
        5,
        39,
        17,
        2,
        21,
        14,
        27,
        10
    ],
    "optimal_solver": "lkh",
    "instance_file_path": "c:\\TSP_ND_ML_Project\\instances\\N40_D4_G1000_rand_3.json",
    "concorde_length": 13984,
    "concorde_time_s": 1.1341032999916933,
    "concorde_tour": [
        1,
        19,
        33,
        31,
        28,
        5,
        39,
        17,
        2,
        21,
        14,
        27,
        10,
        6,
        34,
        38,
        22,
        4,
        12,
        37,
        3,
        23,
        20,
        16,
        15,
        32,
        35,
        26,
        24,
        8,
        11,
        18,
        7,
        9,
        25,
        40,
        36,
        30,
        13,
        29
    ],
    "lkh_length": 13984,
    "lkh_time_s": 0.048797500028740615,
    "lkh_tour": [
        6,
        34,
        38,
        22,
        4,
        12,
        37,
        3,
        23,
        20,
        16,
        15,
        32,
        35,
        26,
        24,
        8,
        11,
        18,
        7,
        9,
        25,
        40,
        36,
        30,
        13,
        29,
        1,
        19,
        33,
        31,
        28,
        5,
        39,
        17,
        2,
        21,
        14,
        27,
        10
    ],
    "lkh_gap_pct": 0.0
}