{
    "instance_name": "N40_D4_G10000_corr_14",
    "n_customers": 40,
    "dimension": 4,
    "grid_size": 10000,
    "optimal_cost": 66858,
    "optimal_tour": [
        23,
        4,
        36,
        25,
        1,
        7,
        5,
        20,
        11,
        40,
        21,
        29,
        15,
        39,
        37,
        19,
        32,
        38,
        22,
        30,
        16,
        6,
        33,
        2,
        3,
        31,
        9,
        26,
        8,
        10,
        12,
        18,
        13,
        28,
        14,
        24,
        34,
        27,
        35,
        17
    ],
    "optimal_solver": "lkh",
    "instance_file_path": "c:\\TSP_ND_ML_Project\\instances\\N40_D4_G10000_corr_14.json",
    "concorde_length": 66858,
    "concorde_time_s": 0.8374305000179447,
    "concorde_tour": [
        1,
        25,
        36,
        4,
        23,
        17,
        35,
        27,
        34,
        24,
        14,
        28,
        13,
        18,
        12,
        10,
        8,
        26,
        9,
        31,
        3,
        2,
        33,
        6,
        16,
        30,
        22,
        38,
        32,
        19,
        37,
        39,
        15,
        29,
        21,
        40,
        11,
        20,
        5,
        7
    ],
    "lkh_length": 66858,
    "lkh_time_s": 0.09032160002971068,
    "lkh_tour": [
        23,
        4,
        36,
        25,
        1,
        7,
        5,
        20,
        11,
        40,
        21,
        29,
        15,
        39,
        37,
        19,
        32,
        38,
        22,
        30,
        16,
        6,
        33,
        2,
        3,
        31,
        9,
        26,
        8,
        10,
        12,
        18,
        13,
        28,
        14,
        24,
        34,
        27,
        35,
        17
    ],
    "lkh_gap_pct": 0.0
}