{
    "instance_name": "N40_D3_G1000_grid_2",
    "n_customers": 40,
    "dimension": 3,
    "grid_size": 1000,
    "optimal_cost": 10173,
    "optimal_tour": [
        12,
        14,
        35,
        22,
        9,
        32,
        34,
        36,
        15,
        33,
        8,
        7,
        10,
        20,
        39,
        17,
        23,
        11,
        29,
        24,
        38,
        2,
        37,
        40,
        31,
        5,
        18,
        27,
        25,
        26,
        28,
        6,
        21,
        13,
        3,
        4,
        30,
        1,
        16,
        19
    ],
    "optimal_solver": "lkh",
    "instance_file_path": "c:\\TSP_ND_ML_Project\\instances\\N40_D3_G1000_grid_2.json",
    "concorde_length": 10173,
    "concorde_time_s": 0.6437048999941908,
    "concorde_tour": [
        1,
        30,
        4,
        3,
        13,
        21,
        6,
        28,
        26,
        25,
        27,
        18,
        5,
        31,
        40,
        37,
        2,
        38,
        24,
        29,
        11,
        23,
        17,
        39,
        20,
        10,
        7,
        8,
        33,
        15,
        36,
        34,
        32,
        9,
        22,
        35,
        14,
        12,
        19,
        16
    ],
    "lkh_length": 10173,
    "lkh_time_s": 0.10254399996483698,
    "lkh_tour": [
        12,
        14,
        35,
        22,
        9,
        32,
        34,
        36,
        15,
        33,
        8,
        7,
        10,
        20,
        39,
        17,
        23,
        11,
        29,
        24,
        38,
        2,
        37,
        40,
        31,
        5,
        18,
        27,
        25,
        26,
        28,
        6,
        21,
        13,
        3,
        4,
        30,
        1,
        16,
        19
    ],
    "lkh_gap_pct": 0.0
}