{
    "instance_name": "N40_D2_G10000_rand_9",
    "n_customers": 40,
    "dimension": 2,
    "grid_size": 10000,
    "optimal_cost": 51927,
    "optimal_tour": [
        30,
        11,
        35,
        27,
        20,
        28,
        38,
        1,
        2,
        16,
        33,
        12,
        19,
        10,
        32,
        21,
        9,
        17,
        31,
        29,
        25,
        15,
        8,
        40,
        36,
        4,
        6,
        39,
        22,
        24,
        14,
        5,
        7,
        3,
        23,
        26,
        18,
        34,
        37,
        13
    ],
    "optimal_solver": "lkh",
    "instance_file_path": "c:\\TSP_ND_ML_Project\\instances\\N40_D2_G10000_rand_9.json",
    "concorde_length": 51927,
    "concorde_time_s": 0.8197388999979012,
    "concorde_tour": [
        1,
        38,
        28,
        20,
        27,
        35,
        11,
        30,
        13,
        37,
        34,
        18,
        26,
        23,
        3,
        7,
        5,
        14,
        24,
        22,
        39,
        6,
        4,
        36,
        40,
        8,
        15,
        25,
        29,
        31,
        17,
        9,
        21,
        32,
        10,
        19,
        12,
        33,
        16,
        2
    ],
    "lkh_length": 51927,
    "lkh_time_s": 0.08748110002488829,
    "lkh_tour": [
        30,
        11,
        35,
        27,
        20,
        28,
        38,
        1,
        2,
        16,
        33,
        12,
        19,
        10,
        32,
        21,
        9,
        17,
        31,
        29,
        25,
        15,
        8,
        40,
        36,
        4,
        6,
        39,
        22,
        24,
        14,
        5,
        7,
        3,
        23,
        26,
        18,
        34,
        37,
        13
    ],
    "lkh_gap_pct": 0.0
}