{
    "instance_name": "N40_D4_G100_rand_3",
    "n_customers": 40,
    "dimension": 4,
    "grid_size": 100,
    "optimal_cost": 1461,
    "optimal_tour": [
        5,
        13,
        30,
        27,
        19,
        22,
        15,
        39,
        21,
        6,
        7,
        14,
        40,
        4,
        31,
        28,
        35,
        29,
        38,
        18,
        9,
        10,
        24,
        25,
        1,
        2,
        16,
        8,
        26,
        12,
        37,
        34,
        11,
        33,
        17,
        23,
        3,
        36,
        32,
        20
    ],
    "optimal_solver": "lkh",
    "instance_file_path": "c:\\TSP_ND_ML_Project\\instances\\N40_D4_G100_rand_3.json",
    "concorde_length": 1461,
    "concorde_time_s": 0.8532499999855645,
    "concorde_tour": [
        1,
        2,
        16,
        8,
        26,
        12,
        37,
        34,
        11,
        33,
        17,
        23,
        3,
        36,
        32,
        20,
        5,
        13,
        30,
        27,
        19,
        22,
        15,
        39,
        21,
        6,
        7,
        14,
        40,
        4,
        31,
        28,
        35,
        29,
        38,
        18,
        9,
        10,
        24,
        25
    ],
    "lkh_length": 1461,
    "lkh_time_s": 0.26772589999018237,
    "lkh_tour": [
        5,
        13,
        30,
        27,
        19,
        22,
        15,
        39,
        21,
        6,
        7,
        14,
        40,
        4,
        31,
        28,
        35,
        29,
        38,
        18,
        9,
        10,
        24,
        25,
        1,
        2,
        16,
        8,
        26,
        12,
        37,
        34,
        11,
        33,
        17,
        23,
        3,
        36,
        32,
        20
    ],
    "lkh_gap_pct": 0.0
}