{
    "instance_name": "N40_D5_G1000_norm_6",
    "n_customers": 40,
    "dimension": 5,
    "grid_size": 1000,
    "optimal_cost": 11048,
    "optimal_tour": [
        6,
        4,
        13,
        20,
        8,
        37,
        36,
        28,
        5,
        39,
        1,
        11,
        23,
        12,
        24,
        19,
        31,
        32,
        17,
        22,
        35,
        10,
        2,
        27,
        40,
        30,
        7,
        14,
        9,
        33,
        38,
        18,
        26,
        21,
        15,
        29,
        34,
        25,
        3,
        16
    ],
    "optimal_solver": "lkh",
    "instance_file_path": "c:\\TSP_ND_ML_Project\\instances\\N40_D5_G1000_norm_6.json",
    "concorde_length": 11048,
    "concorde_time_s": 1.3290942999883555,
    "concorde_tour": [
        1,
        39,
        5,
        28,
        36,
        37,
        8,
        20,
        13,
        4,
        6,
        16,
        3,
        25,
        34,
        29,
        15,
        21,
        26,
        18,
        38,
        33,
        9,
        14,
        7,
        30,
        40,
        27,
        2,
        10,
        35,
        22,
        17,
        32,
        31,
        19,
        24,
        12,
        23,
        11
    ],
    "lkh_length": 11048,
    "lkh_time_s": 0.06883830000879243,
    "lkh_tour": [
        6,
        4,
        13,
        20,
        8,
        37,
        36,
        28,
        5,
        39,
        1,
        11,
        23,
        12,
        24,
        19,
        31,
        32,
        17,
        22,
        35,
        10,
        2,
        27,
        40,
        30,
        7,
        14,
        9,
        33,
        38,
        18,
        26,
        21,
        15,
        29,
        34,
        25,
        3,
        16
    ],
    "lkh_gap_pct": 0.0
}