{
    "instance_name": "N40_D2_G10000_ring_4",
    "n_customers": 40,
    "dimension": 2,
    "grid_size": 10000,
    "optimal_cost": 32206,
    "optimal_tour": [
        5,
        24,
        34,
        17,
        32,
        39,
        15,
        37,
        26,
        10,
        36,
        12,
        21,
        13,
        22,
        38,
        33,
        11,
        30,
        9,
        19,
        16,
        14,
        20,
        4,
        35,
        40,
        27,
        2,
        6,
        3,
        23,
        18,
        7,
        8,
        29,
        1,
        25,
        31,
        28
    ],
    "optimal_solver": "lkh",
    "instance_file_path": "c:\\TSP_ND_ML_Project\\instances\\N40_D2_G10000_ring_4.json",
    "concorde_length": 32206,
    "concorde_time_s": 0.7688815000001341,
    "concorde_tour": [
        1,
        25,
        31,
        28,
        5,
        24,
        34,
        17,
        32,
        39,
        15,
        37,
        26,
        10,
        36,
        12,
        21,
        13,
        22,
        38,
        33,
        11,
        30,
        9,
        19,
        16,
        14,
        20,
        4,
        35,
        40,
        27,
        2,
        6,
        3,
        23,
        18,
        7,
        8,
        29
    ],
    "lkh_length": 32206,
    "lkh_time_s": 0.18766659998800606,
    "lkh_tour": [
        5,
        24,
        34,
        17,
        32,
        39,
        15,
        37,
        26,
        10,
        36,
        12,
        21,
        13,
        22,
        38,
        33,
        11,
        30,
        9,
        19,
        16,
        14,
        20,
        4,
        35,
        40,
        27,
        2,
        6,
        3,
        23,
        18,
        7,
        8,
        29,
        1,
        25,
        31,
        28
    ],
    "lkh_gap_pct": 0.0
}