{
    "instance_name": "N40_D2_G100_corr_7",
    "n_customers": 40,
    "dimension": 2,
    "grid_size": 100,
    "optimal_cost": 327,
    "optimal_tour": [
        10,
        36,
        17,
        5,
        8,
        14,
        33,
        32,
        7,
        21,
        20,
        38,
        26,
        24,
        29,
        9,
        16,
        30,
        25,
        3,
        40,
        37,
        13,
        11,
        2,
        19,
        39,
        18,
        34,
        35,
        12,
        15,
        6,
        23,
        22,
        28,
        1,
        27,
        31,
        4
    ],
    "optimal_solver": "lkh",
    "instance_file_path": "c:\\TSP_ND_ML_Project\\instances\\N40_D2_G100_corr_7.json",
    "concorde_length": 327,
    "concorde_time_s": 1.4639321999857202,
    "concorde_tour": [
        1,
        27,
        31,
        4,
        10,
        36,
        17,
        5,
        8,
        14,
        33,
        32,
        7,
        21,
        20,
        38,
        26,
        24,
        29,
        9,
        16,
        30,
        25,
        3,
        40,
        37,
        13,
        11,
        2,
        19,
        39,
        18,
        34,
        35,
        12,
        15,
        6,
        23,
        22,
        28
    ],
    "lkh_length": 327,
    "lkh_time_s": 0.12784380000084639,
    "lkh_tour": [
        10,
        36,
        17,
        5,
        8,
        14,
        33,
        32,
        7,
        21,
        20,
        38,
        26,
        24,
        29,
        9,
        16,
        30,
        25,
        3,
        40,
        37,
        13,
        11,
        2,
        19,
        39,
        18,
        34,
        35,
        12,
        15,
        6,
        23,
        22,
        28,
        1,
        27,
        31,
        4
    ],
    "lkh_gap_pct": 0.0
}