{
    "instance_name": "N40_D2_G1000_corn_12",
    "n_customers": 40,
    "dimension": 2,
    "grid_size": 1000,
    "optimal_cost": 4024,
    "optimal_tour": [
        8,
        19,
        7,
        30,
        26,
        32,
        27,
        31,
        38,
        18,
        37,
        36,
        40,
        4,
        29,
        25,
        20,
        16,
        21,
        12,
        24,
        11,
        35,
        23,
        2,
        34,
        1,
        22,
        39,
        28,
        10,
        17,
        6,
        13,
        3,
        33,
        15,
        9,
        5,
        14
    ],
    "optimal_solver": "lkh",
    "instance_file_path": "c:\\TSP_ND_ML_Project\\instances\\N40_D2_G1000_corn_12.json",
    "concorde_length": 4024,
    "concorde_time_s": 3.2174827000126243,
    "concorde_tour": [
        1,
        22,
        34,
        39,
        28,
        10,
        17,
        6,
        3,
        13,
        33,
        15,
        9,
        5,
        14,
        8,
        19,
        7,
        30,
        26,
        32,
        27,
        31,
        18,
        36,
        40,
        38,
        37,
        4,
        29,
        25,
        20,
        16,
        21,
        12,
        24,
        11,
        35,
        23,
        2
    ],
    "lkh_length": 4024,
    "lkh_time_s": 0.924631900008535,
    "lkh_tour": [
        8,
        19,
        7,
        30,
        26,
        32,
        27,
        31,
        38,
        18,
        37,
        36,
        40,
        4,
        29,
        25,
        20,
        16,
        21,
        12,
        24,
        11,
        35,
        23,
        2,
        34,
        1,
        22,
        39,
        28,
        10,
        17,
        6,
        13,
        3,
        33,
        15,
        9,
        5,
        14
    ],
    "lkh_gap_pct": 0.0
}