{
    "instance_name": "N40_D5_G10000_rand_4",
    "n_customers": 40,
    "dimension": 5,
    "grid_size": 10000,
    "optimal_cost": 182568,
    "optimal_tour": [
        29,
        19,
        32,
        10,
        13,
        34,
        7,
        5,
        33,
        12,
        26,
        14,
        17,
        25,
        6,
        16,
        9,
        28,
        31,
        38,
        8,
        2,
        40,
        3,
        15,
        21,
        20,
        22,
        30,
        24,
        23,
        35,
        1,
        4,
        18,
        37,
        39,
        11,
        36,
        27
    ],
    "optimal_solver": "lkh",
    "instance_file_path": "c:\\TSP_ND_ML_Project\\instances\\N40_D5_G10000_rand_4.json",
    "concorde_length": 182568,
    "concorde_time_s": 0.7052365000126883,
    "concorde_tour": [
        1,
        35,
        23,
        24,
        30,
        22,
        20,
        21,
        15,
        3,
        40,
        2,
        8,
        38,
        31,
        28,
        9,
        16,
        6,
        25,
        17,
        14,
        26,
        12,
        33,
        5,
        7,
        34,
        13,
        10,
        32,
        19,
        29,
        27,
        36,
        11,
        39,
        37,
        18,
        4
    ],
    "lkh_length": 182568,
    "lkh_time_s": 0.09564000001410022,
    "lkh_tour": [
        29,
        19,
        32,
        10,
        13,
        34,
        7,
        5,
        33,
        12,
        26,
        14,
        17,
        25,
        6,
        16,
        9,
        28,
        31,
        38,
        8,
        2,
        40,
        3,
        15,
        21,
        20,
        22,
        30,
        24,
        23,
        35,
        1,
        4,
        18,
        37,
        39,
        11,
        36,
        27
    ],
    "lkh_gap_pct": 0.0
}