{
    "instance_name": "N40_D4_G100_tria_5",
    "n_customers": 40,
    "dimension": 4,
    "grid_size": 100,
    "optimal_cost": 1556,
    "optimal_tour": [
        13,
        7,
        25,
        9,
        20,
        29,
        26,
        34,
        37,
        38,
        12,
        19,
        3,
        40,
        23,
        6,
        36,
        31,
        17,
        22,
        39,
        30,
        21,
        27,
        32,
        1,
        5,
        18,
        10,
        2,
        24,
        16,
        35,
        11,
        14,
        8,
        33,
        28,
        15,
        4
    ],
    "optimal_solver": "lkh",
    "instance_file_path": "c:\\TSP_ND_ML_Project\\instances\\N40_D4_G100_tria_5.json",
    "concorde_length": 1556,
    "concorde_time_s": 0.6817309999605641,
    "concorde_tour": [
        1,
        5,
        18,
        10,
        2,
        24,
        16,
        35,
        11,
        14,
        8,
        33,
        28,
        15,
        4,
        13,
        7,
        25,
        9,
        20,
        29,
        26,
        34,
        37,
        38,
        12,
        19,
        3,
        40,
        23,
        6,
        36,
        31,
        17,
        22,
        39,
        30,
        21,
        27,
        32
    ],
    "lkh_length": 1556,
    "lkh_time_s": 0.05367989995284006,
    "lkh_tour": [
        13,
        7,
        25,
        9,
        20,
        29,
        26,
        34,
        37,
        38,
        12,
        19,
        3,
        40,
        23,
        6,
        36,
        31,
        17,
        22,
        39,
        30,
        21,
        27,
        32,
        1,
        5,
        18,
        10,
        2,
        24,
        16,
        35,
        11,
        14,
        8,
        33,
        28,
        15,
        4
    ],
    "lkh_gap_pct": 0.0
}