{
    "instance_name": "N40_D2_G1000_corr_20",
    "n_customers": 40,
    "dimension": 2,
    "grid_size": 1000,
    "optimal_cost": 3124,
    "optimal_tour": [
        12,
        32,
        3,
        14,
        28,
        21,
        37,
        7,
        10,
        6,
        40,
        39,
        30,
        22,
        2,
        19,
        34,
        4,
        26,
        13,
        36,
        18,
        31,
        8,
        23,
        38,
        1,
        29,
        17,
        11,
        25,
        33,
        27,
        20,
        9,
        5,
        24,
        15,
        35,
        16
    ],
    "optimal_solver": "lkh",
    "instance_file_path": "c:\\TSP_ND_ML_Project\\instances\\N40_D2_G1000_corr_20.json",
    "concorde_length": 3124,
    "concorde_time_s": 0.7286612000025343,
    "concorde_tour": [
        1,
        38,
        23,
        8,
        31,
        18,
        36,
        13,
        26,
        4,
        34,
        19,
        2,
        22,
        30,
        39,
        40,
        6,
        10,
        7,
        37,
        21,
        28,
        14,
        3,
        32,
        12,
        16,
        35,
        15,
        24,
        5,
        9,
        20,
        27,
        33,
        25,
        11,
        17,
        29
    ],
    "lkh_length": 3124,
    "lkh_time_s": 0.08235529999365099,
    "lkh_tour": [
        12,
        32,
        3,
        14,
        28,
        21,
        37,
        7,
        10,
        6,
        40,
        39,
        30,
        22,
        2,
        19,
        34,
        4,
        26,
        13,
        36,
        18,
        31,
        8,
        23,
        38,
        1,
        29,
        17,
        11,
        25,
        33,
        27,
        20,
        9,
        5,
        24,
        15,
        35,
        16
    ],
    "lkh_gap_pct": 0.0
}