{
    "instance_name": "N40_D5_G1000_clus_5",
    "n_customers": 40,
    "dimension": 5,
    "grid_size": 1000,
    "optimal_cost": 11382,
    "optimal_tour": [
        35,
        31,
        9,
        5,
        11,
        6,
        36,
        4,
        15,
        21,
        22,
        40,
        17,
        38,
        25,
        30,
        3,
        18,
        26,
        1,
        13,
        34,
        32,
        2,
        10,
        20,
        37,
        8,
        33,
        19,
        28,
        23,
        24,
        7,
        27,
        29,
        12,
        14,
        39,
        16
    ],
    "optimal_solver": "lkh",
    "instance_file_path": "c:\\TSP_ND_ML_Project\\instances\\N40_D5_G1000_clus_5.json",
    "concorde_length": 11382,
    "concorde_time_s": 1.1108827999560162,
    "concorde_tour": [
        1,
        13,
        34,
        32,
        2,
        10,
        20,
        37,
        8,
        33,
        19,
        28,
        23,
        24,
        7,
        27,
        29,
        12,
        14,
        39,
        16,
        35,
        31,
        9,
        5,
        11,
        6,
        36,
        4,
        15,
        21,
        22,
        40,
        17,
        38,
        25,
        30,
        3,
        18,
        26
    ],
    "lkh_length": 11382,
    "lkh_time_s": 0.058063299977220595,
    "lkh_tour": [
        35,
        31,
        9,
        5,
        11,
        6,
        36,
        4,
        15,
        21,
        22,
        40,
        17,
        38,
        25,
        30,
        3,
        18,
        26,
        1,
        13,
        34,
        32,
        2,
        10,
        20,
        37,
        8,
        33,
        19,
        28,
        23,
        24,
        7,
        27,
        29,
        12,
        14,
        39,
        16
    ],
    "lkh_gap_pct": 0.0
}