{
    "instance_name": "N40_D4_G1000_tria_1",
    "n_customers": 40,
    "dimension": 4,
    "grid_size": 1000,
    "optimal_cost": 15621,
    "optimal_tour": [
        35,
        21,
        24,
        37,
        1,
        8,
        27,
        4,
        25,
        15,
        28,
        9,
        7,
        14,
        19,
        33,
        30,
        38,
        11,
        34,
        23,
        22,
        32,
        26,
        31,
        2,
        13,
        10,
        12,
        39,
        3,
        18,
        16,
        36,
        29,
        5,
        6,
        17,
        40,
        20
    ],
    "optimal_solver": "lkh",
    "instance_file_path": "c:\\TSP_ND_ML_Project\\instances\\N40_D4_G1000_tria_1.json",
    "concorde_length": 15621,
    "concorde_time_s": 0.5479692000662908,
    "concorde_tour": [
        1,
        8,
        27,
        4,
        25,
        15,
        28,
        9,
        7,
        14,
        19,
        33,
        30,
        38,
        11,
        34,
        23,
        22,
        32,
        26,
        31,
        2,
        13,
        10,
        12,
        39,
        3,
        18,
        16,
        36,
        29,
        5,
        6,
        17,
        40,
        20,
        35,
        21,
        24,
        37
    ],
    "lkh_length": 15621,
    "lkh_time_s": 0.038812899962067604,
    "lkh_tour": [
        35,
        21,
        24,
        37,
        1,
        8,
        27,
        4,
        25,
        15,
        28,
        9,
        7,
        14,
        19,
        33,
        30,
        38,
        11,
        34,
        23,
        22,
        32,
        26,
        31,
        2,
        13,
        10,
        12,
        39,
        3,
        18,
        16,
        36,
        29,
        5,
        6,
        17,
        40,
        20
    ],
    "lkh_gap_pct": 0.0
}