{
    "instance_name": "N40_D3_G100_corn_10",
    "n_customers": 40,
    "dimension": 3,
    "grid_size": 100,
    "optimal_cost": 822,
    "optimal_tour": [
        33,
        23,
        8,
        5,
        29,
        40,
        28,
        15,
        37,
        14,
        19,
        26,
        11,
        4,
        27,
        17,
        30,
        6,
        36,
        18,
        32,
        24,
        7,
        20,
        34,
        9,
        16,
        35,
        39,
        1,
        3,
        22,
        31,
        25,
        10,
        38,
        21,
        2,
        12,
        13
    ],
    "optimal_solver": "lkh",
    "instance_file_path": "c:\\TSP_ND_ML_Project\\instances\\N40_D3_G100_corn_10.json",
    "concorde_length": 822,
    "concorde_time_s": 1.0925156999728642,
    "concorde_tour": [
        1,
        3,
        22,
        31,
        10,
        25,
        38,
        2,
        21,
        12,
        13,
        33,
        23,
        8,
        5,
        29,
        40,
        28,
        15,
        37,
        14,
        19,
        26,
        11,
        4,
        27,
        17,
        30,
        6,
        36,
        18,
        32,
        24,
        7,
        20,
        34,
        9,
        35,
        16,
        39
    ],
    "lkh_length": 822,
    "lkh_time_s": 0.21928060002392158,
    "lkh_tour": [
        33,
        23,
        8,
        5,
        29,
        40,
        28,
        15,
        37,
        14,
        19,
        26,
        11,
        4,
        27,
        17,
        30,
        6,
        36,
        18,
        32,
        24,
        7,
        20,
        34,
        9,
        16,
        35,
        39,
        1,
        3,
        22,
        31,
        25,
        10,
        38,
        21,
        2,
        12,
        13
    ],
    "lkh_gap_pct": 0.0
}