{
    "instance_name": "N40_D5_G1000_corn_20",
    "n_customers": 40,
    "dimension": 5,
    "grid_size": 1000,
    "optimal_cost": 23368,
    "optimal_tour": [
        16,
        28,
        2,
        32,
        29,
        33,
        1,
        8,
        19,
        36,
        30,
        34,
        4,
        9,
        38,
        10,
        11,
        17,
        20,
        39,
        3,
        22,
        5,
        23,
        26,
        27,
        18,
        37,
        6,
        24,
        21,
        31,
        15,
        12,
        13,
        25,
        40,
        7,
        35,
        14
    ],
    "optimal_solver": "lkh",
    "instance_file_path": "c:\\TSP_ND_ML_Project\\instances\\N40_D5_G1000_corn_20.json",
    "concorde_length": 23368,
    "concorde_time_s": 1.5930865000118501,
    "concorde_tour": [
        1,
        33,
        29,
        32,
        2,
        28,
        16,
        14,
        35,
        7,
        40,
        25,
        13,
        12,
        15,
        31,
        21,
        24,
        6,
        37,
        18,
        27,
        26,
        23,
        5,
        22,
        3,
        39,
        20,
        17,
        11,
        10,
        38,
        9,
        4,
        34,
        30,
        36,
        19,
        8
    ],
    "lkh_length": 23368,
    "lkh_time_s": 0.10655070003122091,
    "lkh_tour": [
        16,
        28,
        2,
        32,
        29,
        33,
        1,
        8,
        19,
        36,
        30,
        34,
        4,
        9,
        38,
        10,
        11,
        17,
        20,
        39,
        3,
        22,
        5,
        23,
        26,
        27,
        18,
        37,
        6,
        24,
        21,
        31,
        15,
        12,
        13,
        25,
        40,
        7,
        35,
        14
    ],
    "lkh_gap_pct": 0.0
}