{
    "instance_name": "N40_D5_G10000_norm_8",
    "n_customers": 40,
    "dimension": 5,
    "grid_size": 10000,
    "optimal_cost": 103935,
    "optimal_tour": [
        17,
        21,
        15,
        25,
        4,
        11,
        18,
        16,
        10,
        8,
        38,
        19,
        34,
        12,
        9,
        40,
        30,
        36,
        33,
        26,
        6,
        24,
        28,
        1,
        23,
        3,
        32,
        22,
        7,
        29,
        2,
        5,
        13,
        35,
        37,
        14,
        39,
        27,
        20,
        31
    ],
    "optimal_solver": "lkh",
    "instance_file_path": "c:\\TSP_ND_ML_Project\\instances\\N40_D5_G10000_norm_8.json",
    "concorde_length": 103935,
    "concorde_time_s": 0.8774994999985211,
    "concorde_tour": [
        1,
        23,
        3,
        32,
        22,
        7,
        29,
        2,
        5,
        13,
        35,
        37,
        14,
        39,
        27,
        20,
        31,
        17,
        21,
        15,
        25,
        4,
        11,
        18,
        16,
        10,
        8,
        38,
        19,
        34,
        12,
        9,
        40,
        30,
        36,
        33,
        26,
        6,
        24,
        28
    ],
    "lkh_length": 103935,
    "lkh_time_s": 0.0627362999948673,
    "lkh_tour": [
        17,
        21,
        15,
        25,
        4,
        11,
        18,
        16,
        10,
        8,
        38,
        19,
        34,
        12,
        9,
        40,
        30,
        36,
        33,
        26,
        6,
        24,
        28,
        1,
        23,
        3,
        32,
        22,
        7,
        29,
        2,
        5,
        13,
        35,
        37,
        14,
        39,
        27,
        20,
        31
    ],
    "lkh_gap_pct": 0.0
}