{
    "instance_name": "N40_D5_G100_corn_20",
    "n_customers": 40,
    "dimension": 5,
    "grid_size": 100,
    "optimal_cost": 2497,
    "optimal_tour": [
        4,
        39,
        40,
        13,
        7,
        25,
        3,
        8,
        36,
        1,
        34,
        37,
        16,
        20,
        21,
        32,
        22,
        27,
        23,
        14,
        35,
        31,
        24,
        15,
        30,
        26,
        12,
        10,
        5,
        38,
        11,
        17,
        33,
        19,
        9,
        29,
        2,
        28,
        18,
        6
    ],
    "optimal_solver": "lkh",
    "instance_file_path": "c:\\TSP_ND_ML_Project\\instances\\N40_D5_G100_corn_20.json",
    "concorde_length": 2497,
    "concorde_time_s": 1.0287053000065498,
    "concorde_tour": [
        1,
        36,
        8,
        18,
        6,
        4,
        39,
        40,
        3,
        25,
        7,
        13,
        20,
        21,
        32,
        22,
        27,
        23,
        14,
        35,
        31,
        24,
        15,
        30,
        26,
        12,
        10,
        5,
        38,
        11,
        17,
        33,
        19,
        9,
        29,
        2,
        28,
        16,
        37,
        34
    ],
    "lkh_length": 2497,
    "lkh_time_s": 0.09007830003974959,
    "lkh_tour": [
        4,
        39,
        40,
        13,
        7,
        25,
        3,
        8,
        36,
        1,
        34,
        37,
        16,
        20,
        21,
        32,
        22,
        27,
        23,
        14,
        35,
        31,
        24,
        15,
        30,
        26,
        12,
        10,
        5,
        38,
        11,
        17,
        33,
        19,
        9,
        29,
        2,
        28,
        18,
        6
    ],
    "lkh_gap_pct": 0.0
}