{
    "instance_name": "N40_D4_G10000_grid_4",
    "n_customers": 40,
    "dimension": 4,
    "grid_size": 10000,
    "optimal_cost": 147633,
    "optimal_tour": [
        16,
        22,
        31,
        17,
        33,
        7,
        34,
        37,
        38,
        1,
        30,
        39,
        23,
        21,
        5,
        29,
        6,
        35,
        32,
        9,
        18,
        27,
        3,
        26,
        12,
        36,
        8,
        24,
        25,
        19,
        20,
        40,
        28,
        13,
        4,
        10,
        11,
        15,
        2,
        14
    ],
    "optimal_solver": "lkh",
    "instance_file_path": "c:\\TSP_ND_ML_Project\\instances\\N40_D4_G10000_grid_4.json",
    "concorde_length": 147633,
    "concorde_time_s": 0.8666666999924928,
    "concorde_tour": [
        1,
        30,
        39,
        23,
        21,
        5,
        29,
        6,
        35,
        32,
        9,
        18,
        27,
        3,
        26,
        12,
        36,
        8,
        24,
        25,
        19,
        20,
        40,
        28,
        13,
        4,
        10,
        11,
        15,
        2,
        14,
        16,
        22,
        31,
        17,
        33,
        7,
        34,
        37,
        38
    ],
    "lkh_length": 147633,
    "lkh_time_s": 0.12606460001552477,
    "lkh_tour": [
        16,
        22,
        31,
        17,
        33,
        7,
        34,
        37,
        38,
        1,
        30,
        39,
        23,
        21,
        5,
        29,
        6,
        35,
        32,
        9,
        18,
        27,
        3,
        26,
        12,
        36,
        8,
        24,
        25,
        19,
        20,
        40,
        28,
        13,
        4,
        10,
        11,
        15,
        2,
        14
    ],
    "lkh_gap_pct": 0.0
}