{
    "instance_name": "N40_D2_G10000_clus_1",
    "n_customers": 40,
    "dimension": 2,
    "grid_size": 10000,
    "optimal_cost": 32727,
    "optimal_tour": [
        14,
        26,
        35,
        10,
        7,
        3,
        31,
        18,
        9,
        21,
        29,
        1,
        13,
        11,
        4,
        30,
        19,
        38,
        23,
        27,
        36,
        37,
        20,
        32,
        33,
        12,
        34,
        17,
        25,
        8,
        15,
        2,
        24,
        6,
        16,
        22,
        5,
        39,
        28,
        40
    ],
    "optimal_solver": "lkh",
    "instance_file_path": "c:\\TSP_ND_ML_Project\\instances\\N40_D2_G10000_clus_1.json",
    "concorde_length": 32727,
    "concorde_time_s": 1.0578705000225455,
    "concorde_tour": [
        1,
        13,
        11,
        4,
        30,
        19,
        38,
        23,
        27,
        36,
        37,
        20,
        32,
        33,
        12,
        34,
        17,
        25,
        8,
        15,
        2,
        24,
        6,
        16,
        22,
        5,
        39,
        28,
        40,
        14,
        26,
        35,
        10,
        7,
        3,
        31,
        18,
        9,
        21,
        29
    ],
    "lkh_length": 32727,
    "lkh_time_s": 0.2243505000078585,
    "lkh_tour": [
        14,
        26,
        35,
        10,
        7,
        3,
        31,
        18,
        9,
        21,
        29,
        1,
        13,
        11,
        4,
        30,
        19,
        38,
        23,
        27,
        36,
        37,
        20,
        32,
        33,
        12,
        34,
        17,
        25,
        8,
        15,
        2,
        24,
        6,
        16,
        22,
        5,
        39,
        28,
        40
    ],
    "lkh_gap_pct": 0.0
}