{
    "instance_name": "N40_D3_G10000_corr_20",
    "n_customers": 40,
    "dimension": 3,
    "grid_size": 10000,
    "optimal_cost": 48073,
    "optimal_tour": [
        4,
        7,
        31,
        33,
        13,
        18,
        8,
        34,
        25,
        17,
        27,
        28,
        22,
        32,
        19,
        9,
        24,
        38,
        20,
        11,
        16,
        3,
        2,
        26,
        35,
        1,
        30,
        6,
        5,
        15,
        21,
        12,
        40,
        23,
        14,
        37,
        10,
        36,
        39,
        29
    ],
    "optimal_solver": "lkh",
    "instance_file_path": "c:\\TSP_ND_ML_Project\\instances\\N40_D3_G10000_corr_20.json",
    "concorde_length": 48073,
    "concorde_time_s": 1.171398600039538,
    "concorde_tour": [
        1,
        30,
        6,
        5,
        15,
        21,
        12,
        40,
        23,
        14,
        37,
        10,
        36,
        39,
        29,
        4,
        7,
        31,
        33,
        13,
        18,
        8,
        34,
        25,
        17,
        27,
        28,
        22,
        32,
        19,
        9,
        24,
        38,
        20,
        11,
        16,
        3,
        2,
        26,
        35
    ],
    "lkh_length": 48073,
    "lkh_time_s": 0.046607600001152605,
    "lkh_tour": [
        4,
        7,
        31,
        33,
        13,
        18,
        8,
        34,
        25,
        17,
        27,
        28,
        22,
        32,
        19,
        9,
        24,
        38,
        20,
        11,
        16,
        3,
        2,
        26,
        35,
        1,
        30,
        6,
        5,
        15,
        21,
        12,
        40,
        23,
        14,
        37,
        10,
        36,
        39,
        29
    ],
    "lkh_gap_pct": 0.0
}