{
    "instance_name": "N40_D4_G1000_ring_16",
    "n_customers": 40,
    "dimension": 4,
    "grid_size": 1000,
    "optimal_cost": 9274,
    "optimal_tour": [
        40,
        23,
        36,
        31,
        4,
        19,
        11,
        22,
        26,
        27,
        38,
        21,
        35,
        3,
        12,
        15,
        14,
        34,
        30,
        24,
        39,
        33,
        5,
        7,
        6,
        32,
        1,
        16,
        10,
        13,
        25,
        20,
        17,
        37,
        28,
        8,
        18,
        2,
        29,
        9
    ],
    "optimal_solver": "lkh",
    "instance_file_path": "c:\\TSP_ND_ML_Project\\instances\\N40_D4_G1000_ring_16.json",
    "concorde_length": 9274,
    "concorde_time_s": 0.951168300001882,
    "concorde_tour": [
        1,
        32,
        6,
        7,
        5,
        33,
        39,
        24,
        30,
        34,
        14,
        15,
        12,
        3,
        35,
        21,
        38,
        27,
        26,
        22,
        11,
        19,
        4,
        31,
        36,
        23,
        40,
        9,
        29,
        2,
        18,
        8,
        28,
        37,
        17,
        20,
        25,
        13,
        10,
        16
    ],
    "lkh_length": 9274,
    "lkh_time_s": 0.04943120002280921,
    "lkh_tour": [
        40,
        23,
        36,
        31,
        4,
        19,
        11,
        22,
        26,
        27,
        38,
        21,
        35,
        3,
        12,
        15,
        14,
        34,
        30,
        24,
        39,
        33,
        5,
        7,
        6,
        32,
        1,
        16,
        10,
        13,
        25,
        20,
        17,
        37,
        28,
        8,
        18,
        2,
        29,
        9
    ],
    "lkh_gap_pct": 0.0
}