{
    "instance_name": "N40_D3_G1000_pow_2",
    "n_customers": 40,
    "dimension": 3,
    "grid_size": 1000,
    "optimal_cost": 8000,
    "optimal_tour": [
        29,
        15,
        8,
        23,
        7,
        19,
        32,
        9,
        30,
        12,
        33,
        10,
        24,
        17,
        25,
        35,
        40,
        37,
        2,
        14,
        21,
        3,
        13,
        11,
        31,
        27,
        5,
        34,
        26,
        20,
        18,
        4,
        16,
        38,
        39,
        1,
        36,
        28,
        6,
        22
    ],
    "optimal_solver": "lkh",
    "instance_file_path": "c:\\TSP_ND_ML_Project\\instances\\N40_D3_G1000_pow_2.json",
    "concorde_length": 8000,
    "concorde_time_s": 1.1821777999866754,
    "concorde_tour": [
        1,
        28,
        24,
        17,
        12,
        33,
        10,
        9,
        32,
        30,
        29,
        23,
        22,
        8,
        19,
        15,
        7,
        34,
        20,
        18,
        26,
        5,
        27,
        3,
        13,
        21,
        11,
        31,
        25,
        2,
        35,
        40,
        14,
        37,
        38,
        39,
        16,
        4,
        6,
        36
    ],
    "lkh_length": 8000,
    "lkh_time_s": 0.18358900002203882,
    "lkh_tour": [
        29,
        15,
        8,
        23,
        7,
        19,
        32,
        9,
        30,
        12,
        33,
        10,
        24,
        17,
        25,
        35,
        40,
        37,
        2,
        14,
        21,
        3,
        13,
        11,
        31,
        27,
        5,
        34,
        26,
        20,
        18,
        4,
        16,
        38,
        39,
        1,
        36,
        28,
        6,
        22
    ],
    "lkh_gap_pct": 0.0
}