{
    "instance_name": "N40_D5_G100_tria_14",
    "n_customers": 40,
    "dimension": 5,
    "grid_size": 100,
    "optimal_cost": 2152,
    "optimal_tour": [
        30,
        8,
        2,
        27,
        28,
        39,
        21,
        3,
        4,
        29,
        19,
        26,
        34,
        33,
        24,
        32,
        6,
        35,
        7,
        20,
        15,
        31,
        38,
        9,
        18,
        13,
        11,
        14,
        36,
        37,
        40,
        5,
        16,
        23,
        12,
        10,
        25,
        1,
        17,
        22
    ],
    "optimal_solver": "lkh",
    "instance_file_path": "c:\\TSP_ND_ML_Project\\instances\\N40_D5_G100_tria_14.json",
    "concorde_length": 2152,
    "concorde_time_s": 0.4683837000047788,
    "concorde_tour": [
        1,
        17,
        22,
        30,
        8,
        2,
        27,
        28,
        39,
        21,
        3,
        4,
        29,
        19,
        26,
        34,
        33,
        24,
        32,
        6,
        35,
        7,
        20,
        15,
        31,
        38,
        9,
        18,
        13,
        11,
        14,
        36,
        37,
        40,
        5,
        16,
        23,
        12,
        10,
        25
    ],
    "lkh_length": 2152,
    "lkh_time_s": 0.08138380001764745,
    "lkh_tour": [
        30,
        8,
        2,
        27,
        28,
        39,
        21,
        3,
        4,
        29,
        19,
        26,
        34,
        33,
        24,
        32,
        6,
        35,
        7,
        20,
        15,
        31,
        38,
        9,
        18,
        13,
        11,
        14,
        36,
        37,
        40,
        5,
        16,
        23,
        12,
        10,
        25,
        1,
        17,
        22
    ],
    "lkh_gap_pct": 0.0
}