{
    "instance_name": "N40_D3_G1000_clus_3",
    "n_customers": 40,
    "dimension": 3,
    "grid_size": 1000,
    "optimal_cost": 4264,
    "optimal_tour": [
        25,
        18,
        30,
        37,
        24,
        20,
        17,
        36,
        12,
        5,
        2,
        39,
        27,
        1,
        16,
        10,
        19,
        38,
        32,
        28,
        31,
        26,
        4,
        29,
        6,
        34,
        33,
        21,
        35,
        11,
        14,
        13,
        7,
        8,
        3,
        9,
        22,
        23,
        40,
        15
    ],
    "optimal_solver": "lkh",
    "instance_file_path": "c:\\TSP_ND_ML_Project\\instances\\N40_D3_G1000_clus_3.json",
    "concorde_length": 4264,
    "concorde_time_s": 1.466598799917847,
    "concorde_tour": [
        1,
        16,
        10,
        19,
        38,
        32,
        28,
        31,
        26,
        4,
        29,
        6,
        34,
        33,
        21,
        35,
        11,
        14,
        13,
        7,
        8,
        3,
        9,
        22,
        23,
        40,
        15,
        25,
        18,
        30,
        37,
        24,
        20,
        17,
        36,
        12,
        5,
        2,
        39,
        27
    ],
    "lkh_length": 4264,
    "lkh_time_s": 0.08996420004405081,
    "lkh_tour": [
        25,
        18,
        30,
        37,
        24,
        20,
        17,
        36,
        12,
        5,
        2,
        39,
        27,
        1,
        16,
        10,
        19,
        38,
        32,
        28,
        31,
        26,
        4,
        29,
        6,
        34,
        33,
        21,
        35,
        11,
        14,
        13,
        7,
        8,
        3,
        9,
        22,
        23,
        40,
        15
    ],
    "lkh_gap_pct": 0.0
}