{
    "instance_name": "N40_D3_G100_ring_16",
    "n_customers": 40,
    "dimension": 3,
    "grid_size": 100,
    "optimal_cost": 584,
    "optimal_tour": [
        21,
        22,
        24,
        28,
        38,
        1,
        12,
        17,
        5,
        40,
        8,
        33,
        27,
        14,
        26,
        2,
        7,
        16,
        23,
        25,
        35,
        18,
        15,
        32,
        11,
        37,
        10,
        4,
        31,
        29,
        34,
        3,
        20,
        39,
        13,
        19,
        36,
        9,
        30,
        6
    ],
    "optimal_solver": "lkh",
    "instance_file_path": "c:\\TSP_ND_ML_Project\\instances\\N40_D3_G100_ring_16.json",
    "concorde_length": 584,
    "concorde_time_s": 0.4004442999721505,
    "concorde_tour": [
        1,
        38,
        28,
        24,
        22,
        21,
        6,
        30,
        9,
        36,
        19,
        13,
        39,
        20,
        3,
        34,
        29,
        31,
        4,
        10,
        37,
        11,
        32,
        15,
        18,
        35,
        25,
        23,
        16,
        7,
        2,
        26,
        14,
        27,
        33,
        8,
        40,
        5,
        17,
        12
    ],
    "lkh_length": 584,
    "lkh_time_s": 0.0532552000368014,
    "lkh_tour": [
        21,
        22,
        24,
        28,
        38,
        1,
        12,
        17,
        5,
        40,
        8,
        33,
        27,
        14,
        26,
        2,
        7,
        16,
        23,
        25,
        35,
        18,
        15,
        32,
        11,
        37,
        10,
        4,
        31,
        29,
        34,
        3,
        20,
        39,
        13,
        19,
        36,
        9,
        30,
        6
    ],
    "lkh_gap_pct": 0.0
}