{
    "instance_name": "N40_D4_G100_clus_8",
    "n_customers": 40,
    "dimension": 4,
    "grid_size": 100,
    "optimal_cost": 395,
    "optimal_tour": [
        18,
        2,
        6,
        36,
        35,
        11,
        20,
        12,
        25,
        40,
        28,
        21,
        38,
        37,
        39,
        24,
        31,
        16,
        3,
        30,
        32,
        15,
        23,
        5,
        9,
        27,
        26,
        13,
        1,
        7,
        14,
        19,
        17,
        34,
        4,
        8,
        10,
        33,
        29,
        22
    ],
    "optimal_solver": "lkh",
    "instance_file_path": "c:\\TSP_ND_ML_Project\\instances\\N40_D4_G100_clus_8.json",
    "concorde_length": 395,
    "concorde_time_s": 0.9509520999854431,
    "concorde_tour": [
        1,
        13,
        26,
        27,
        9,
        5,
        23,
        15,
        32,
        30,
        4,
        33,
        29,
        22,
        18,
        2,
        6,
        36,
        35,
        11,
        20,
        12,
        25,
        40,
        28,
        21,
        38,
        37,
        39,
        3,
        24,
        16,
        31,
        10,
        8,
        34,
        17,
        19,
        14,
        7
    ],
    "lkh_length": 395,
    "lkh_time_s": 0.12890780001180246,
    "lkh_tour": [
        18,
        2,
        6,
        36,
        35,
        11,
        20,
        12,
        25,
        40,
        28,
        21,
        38,
        37,
        39,
        24,
        31,
        16,
        3,
        30,
        32,
        15,
        23,
        5,
        9,
        27,
        26,
        13,
        1,
        7,
        14,
        19,
        17,
        34,
        4,
        8,
        10,
        33,
        29,
        22
    ],
    "lkh_gap_pct": 0.0
}