{
    "instance_name": "N40_D3_G100_rand_10",
    "n_customers": 40,
    "dimension": 3,
    "grid_size": 100,
    "optimal_cost": 987,
    "optimal_tour": [
        19,
        25,
        40,
        30,
        4,
        33,
        7,
        10,
        11,
        18,
        39,
        35,
        38,
        32,
        1,
        9,
        13,
        17,
        16,
        12,
        3,
        26,
        2,
        31,
        28,
        24,
        5,
        15,
        27,
        6,
        20,
        8,
        29,
        21,
        23,
        37,
        34,
        36,
        22,
        14
    ],
    "optimal_solver": "lkh",
    "instance_file_path": "c:\\TSP_ND_ML_Project\\instances\\N40_D3_G100_rand_10.json",
    "concorde_length": 987,
    "concorde_time_s": 1.0851915000239387,
    "concorde_tour": [
        1,
        9,
        13,
        17,
        16,
        12,
        3,
        26,
        2,
        31,
        28,
        24,
        5,
        15,
        27,
        6,
        20,
        8,
        29,
        21,
        23,
        37,
        34,
        36,
        22,
        14,
        19,
        25,
        40,
        30,
        4,
        33,
        7,
        10,
        11,
        18,
        39,
        35,
        38,
        32
    ],
    "lkh_length": 987,
    "lkh_time_s": 0.06972440000390634,
    "lkh_tour": [
        19,
        25,
        40,
        30,
        4,
        33,
        7,
        10,
        11,
        18,
        39,
        35,
        38,
        32,
        1,
        9,
        13,
        17,
        16,
        12,
        3,
        26,
        2,
        31,
        28,
        24,
        5,
        15,
        27,
        6,
        20,
        8,
        29,
        21,
        23,
        37,
        34,
        36,
        22,
        14
    ],
    "lkh_gap_pct": 0.0
}