{
    "instance_name": "N40_D3_G1000_corn_7",
    "n_customers": 40,
    "dimension": 3,
    "grid_size": 1000,
    "optimal_cost": 8187,
    "optimal_tour": [
        23,
        37,
        21,
        28,
        39,
        13,
        30,
        1,
        20,
        9,
        11,
        3,
        10,
        6,
        7,
        25,
        27,
        31,
        38,
        14,
        12,
        29,
        33,
        22,
        24,
        36,
        32,
        19,
        35,
        17,
        5,
        8,
        15,
        26,
        40,
        16,
        34,
        2,
        18,
        4
    ],
    "optimal_solver": "lkh",
    "instance_file_path": "c:\\TSP_ND_ML_Project\\instances\\N40_D3_G1000_corn_7.json",
    "concorde_length": 8187,
    "concorde_time_s": 0.9743713000207208,
    "concorde_tour": [
        1,
        20,
        9,
        11,
        3,
        10,
        6,
        7,
        25,
        27,
        31,
        38,
        14,
        12,
        29,
        33,
        22,
        24,
        36,
        32,
        19,
        35,
        17,
        5,
        8,
        15,
        26,
        40,
        16,
        34,
        2,
        18,
        4,
        23,
        37,
        21,
        28,
        39,
        13,
        30
    ],
    "lkh_length": 8187,
    "lkh_time_s": 0.052329399972222745,
    "lkh_tour": [
        23,
        37,
        21,
        28,
        39,
        13,
        30,
        1,
        20,
        9,
        11,
        3,
        10,
        6,
        7,
        25,
        27,
        31,
        38,
        14,
        12,
        29,
        33,
        22,
        24,
        36,
        32,
        19,
        35,
        17,
        5,
        8,
        15,
        26,
        40,
        16,
        34,
        2,
        18,
        4
    ],
    "lkh_gap_pct": 0.0
}