{
    "instance_name": "N40_D3_G10000_corr_18",
    "n_customers": 40,
    "dimension": 3,
    "grid_size": 10000,
    "optimal_cost": 48788,
    "optimal_tour": [
        9,
        16,
        35,
        25,
        27,
        23,
        7,
        38,
        2,
        14,
        31,
        22,
        17,
        6,
        37,
        8,
        28,
        11,
        32,
        19,
        5,
        15,
        30,
        18,
        24,
        4,
        34,
        33,
        36,
        13,
        1,
        10,
        39,
        20,
        40,
        26,
        21,
        29,
        3,
        12
    ],
    "optimal_solver": "lkh",
    "instance_file_path": "c:\\TSP_ND_ML_Project\\instances\\N40_D3_G10000_corr_18.json",
    "concorde_length": 48788,
    "concorde_time_s": 0.908743100007996,
    "concorde_tour": [
        1,
        13,
        36,
        33,
        34,
        4,
        24,
        18,
        30,
        15,
        5,
        19,
        32,
        11,
        28,
        8,
        37,
        6,
        17,
        22,
        31,
        14,
        2,
        38,
        7,
        23,
        27,
        25,
        35,
        16,
        9,
        12,
        3,
        29,
        21,
        26,
        40,
        20,
        39,
        10
    ],
    "lkh_length": 48788,
    "lkh_time_s": 0.08913089998532087,
    "lkh_tour": [
        9,
        16,
        35,
        25,
        27,
        23,
        7,
        38,
        2,
        14,
        31,
        22,
        17,
        6,
        37,
        8,
        28,
        11,
        32,
        19,
        5,
        15,
        30,
        18,
        24,
        4,
        34,
        33,
        36,
        13,
        1,
        10,
        39,
        20,
        40,
        26,
        21,
        29,
        3,
        12
    ],
    "lkh_gap_pct": 0.0
}