{
    "instance_name": "N40_D4_G100_pow_11",
    "n_customers": 40,
    "dimension": 4,
    "grid_size": 100,
    "optimal_cost": 1541,
    "optimal_tour": [
        13,
        23,
        34,
        40,
        6,
        15,
        32,
        4,
        33,
        25,
        29,
        11,
        9,
        22,
        24,
        21,
        14,
        2,
        19,
        27,
        39,
        36,
        38,
        20,
        17,
        18,
        3,
        8,
        16,
        31,
        1,
        30,
        28,
        5,
        35,
        7,
        12,
        10,
        37,
        26
    ],
    "optimal_solver": "lkh",
    "instance_file_path": "c:\\TSP_ND_ML_Project\\instances\\N40_D4_G100_pow_11.json",
    "concorde_length": 1541,
    "concorde_time_s": 0.8043502999935299,
    "concorde_tour": [
        1,
        5,
        30,
        20,
        36,
        38,
        39,
        2,
        14,
        19,
        27,
        6,
        15,
        13,
        26,
        21,
        24,
        17,
        18,
        37,
        8,
        31,
        16,
        3,
        10,
        7,
        12,
        23,
        11,
        25,
        22,
        9,
        29,
        33,
        4,
        32,
        40,
        34,
        35,
        28
    ],
    "lkh_length": 1541,
    "lkh_time_s": 1.4053255000035278,
    "lkh_tour": [
        13,
        23,
        34,
        40,
        6,
        15,
        32,
        4,
        33,
        25,
        29,
        11,
        9,
        22,
        24,
        21,
        14,
        2,
        19,
        27,
        39,
        36,
        38,
        20,
        17,
        18,
        3,
        8,
        16,
        31,
        1,
        30,
        28,
        5,
        35,
        7,
        12,
        10,
        37,
        26
    ],
    "lkh_gap_pct": 0.0
}