{
    "instance_name": "N40_D5_G100_ring_2",
    "n_customers": 40,
    "dimension": 5,
    "grid_size": 100,
    "optimal_cost": 1499,
    "optimal_tour": [
        39,
        28,
        37,
        20,
        3,
        16,
        22,
        1,
        13,
        24,
        12,
        32,
        21,
        34,
        26,
        11,
        18,
        29,
        40,
        8,
        15,
        2,
        23,
        33,
        38,
        7,
        36,
        14,
        19,
        25,
        35,
        10,
        27,
        31,
        30,
        17,
        6,
        4,
        9,
        5
    ],
    "optimal_solver": "lkh",
    "instance_file_path": "c:\\TSP_ND_ML_Project\\instances\\N40_D5_G100_ring_2.json",
    "concorde_length": 1499,
    "concorde_time_s": 1.258215099980589,
    "concorde_tour": [
        1,
        13,
        24,
        12,
        32,
        21,
        34,
        26,
        11,
        18,
        29,
        40,
        8,
        15,
        2,
        23,
        33,
        38,
        7,
        36,
        14,
        19,
        25,
        35,
        10,
        27,
        31,
        30,
        17,
        6,
        4,
        9,
        5,
        39,
        28,
        37,
        20,
        3,
        16,
        22
    ],
    "lkh_length": 1499,
    "lkh_time_s": 0.11670600000070408,
    "lkh_tour": [
        39,
        28,
        37,
        20,
        3,
        16,
        22,
        1,
        13,
        24,
        12,
        32,
        21,
        34,
        26,
        11,
        18,
        29,
        40,
        8,
        15,
        2,
        23,
        33,
        38,
        7,
        36,
        14,
        19,
        25,
        35,
        10,
        27,
        31,
        30,
        17,
        6,
        4,
        9,
        5
    ],
    "lkh_gap_pct": 0.0
}