{
    "instance_name": "N40_D4_G10000_rand_3",
    "n_customers": 40,
    "dimension": 4,
    "grid_size": 10000,
    "optimal_cost": 136284,
    "optimal_tour": [
        2,
        13,
        9,
        32,
        22,
        11,
        8,
        38,
        24,
        19,
        40,
        27,
        29,
        12,
        16,
        31,
        33,
        35,
        18,
        3,
        26,
        21,
        36,
        25,
        5,
        37,
        34,
        15,
        14,
        7,
        1,
        6,
        39,
        23,
        28,
        4,
        10,
        17,
        20,
        30
    ],
    "optimal_solver": "lkh",
    "instance_file_path": "c:\\TSP_ND_ML_Project\\instances\\N40_D4_G10000_rand_3.json",
    "concorde_length": 136284,
    "concorde_time_s": 0.6918854999821633,
    "concorde_tour": [
        1,
        7,
        14,
        15,
        34,
        37,
        5,
        25,
        36,
        21,
        26,
        3,
        18,
        35,
        33,
        31,
        16,
        12,
        29,
        27,
        40,
        19,
        24,
        38,
        8,
        11,
        22,
        32,
        9,
        13,
        2,
        30,
        20,
        17,
        10,
        4,
        28,
        23,
        39,
        6
    ],
    "lkh_length": 136284,
    "lkh_time_s": 0.11549769999692217,
    "lkh_tour": [
        2,
        13,
        9,
        32,
        22,
        11,
        8,
        38,
        24,
        19,
        40,
        27,
        29,
        12,
        16,
        31,
        33,
        35,
        18,
        3,
        26,
        21,
        36,
        25,
        5,
        37,
        34,
        15,
        14,
        7,
        1,
        6,
        39,
        23,
        28,
        4,
        10,
        17,
        20,
        30
    ],
    "lkh_gap_pct": 0.0
}