{
    "instance_name": "N40_D4_G1000_corn_8",
    "n_customers": 40,
    "dimension": 4,
    "grid_size": 1000,
    "optimal_cost": 15527,
    "optimal_tour": [
        19,
        36,
        30,
        40,
        38,
        1,
        34,
        4,
        3,
        9,
        37,
        21,
        2,
        15,
        13,
        17,
        16,
        26,
        14,
        28,
        25,
        31,
        6,
        22,
        20,
        24,
        32,
        35,
        33,
        23,
        12,
        29,
        27,
        7,
        18,
        8,
        11,
        5,
        10,
        39
    ],
    "optimal_solver": "lkh",
    "instance_file_path": "c:\\TSP_ND_ML_Project\\instances\\N40_D4_G1000_corn_8.json",
    "concorde_length": 15527,
    "concorde_time_s": 1.030940999975428,
    "concorde_tour": [
        1,
        34,
        4,
        3,
        9,
        37,
        21,
        2,
        15,
        13,
        17,
        16,
        26,
        14,
        28,
        25,
        31,
        6,
        22,
        20,
        24,
        32,
        35,
        33,
        23,
        12,
        29,
        27,
        7,
        18,
        8,
        11,
        5,
        10,
        39,
        19,
        36,
        30,
        40,
        38
    ],
    "lkh_length": 15527,
    "lkh_time_s": 0.12049939995631576,
    "lkh_tour": [
        19,
        36,
        30,
        40,
        38,
        1,
        34,
        4,
        3,
        9,
        37,
        21,
        2,
        15,
        13,
        17,
        16,
        26,
        14,
        28,
        25,
        31,
        6,
        22,
        20,
        24,
        32,
        35,
        33,
        23,
        12,
        29,
        27,
        7,
        18,
        8,
        11,
        5,
        10,
        39
    ],
    "lkh_gap_pct": 0.0
}