{
    "instance_name": "N40_D5_G100_grid_17",
    "n_customers": 40,
    "dimension": 5,
    "grid_size": 100,
    "optimal_cost": 1860,
    "optimal_tour": [
        32,
        38,
        27,
        18,
        17,
        1,
        15,
        31,
        30,
        16,
        34,
        12,
        23,
        2,
        4,
        28,
        22,
        25,
        33,
        36,
        9,
        40,
        13,
        11,
        39,
        26,
        35,
        21,
        24,
        29,
        7,
        14,
        5,
        3,
        8,
        37,
        20,
        10,
        19,
        6
    ],
    "optimal_solver": "lkh",
    "instance_file_path": "c:\\TSP_ND_ML_Project\\instances\\N40_D5_G100_grid_17.json",
    "concorde_length": 1860,
    "concorde_time_s": 0.9184790999861434,
    "concorde_tour": [
        1,
        17,
        18,
        27,
        38,
        32,
        6,
        19,
        10,
        20,
        37,
        8,
        3,
        5,
        14,
        7,
        29,
        24,
        21,
        35,
        26,
        39,
        11,
        13,
        40,
        9,
        36,
        33,
        25,
        22,
        28,
        4,
        2,
        23,
        12,
        34,
        16,
        30,
        31,
        15
    ],
    "lkh_length": 1860,
    "lkh_time_s": 0.04898369999136776,
    "lkh_tour": [
        32,
        38,
        27,
        18,
        17,
        1,
        15,
        31,
        30,
        16,
        34,
        12,
        23,
        2,
        4,
        28,
        22,
        25,
        33,
        36,
        9,
        40,
        13,
        11,
        39,
        26,
        35,
        21,
        24,
        29,
        7,
        14,
        5,
        3,
        8,
        37,
        20,
        10,
        19,
        6
    ],
    "lkh_gap_pct": 0.0
}