{
    "instance_name": "N40_D3_G1000_clus_4",
    "n_customers": 40,
    "dimension": 3,
    "grid_size": 1000,
    "optimal_cost": 4574,
    "optimal_tour": [
        14,
        24,
        18,
        16,
        10,
        21,
        20,
        27,
        8,
        28,
        36,
        26,
        32,
        1,
        25,
        33,
        9,
        23,
        4,
        29,
        13,
        6,
        3,
        34,
        39,
        15,
        30,
        22,
        11,
        17,
        12,
        2,
        5,
        38,
        7,
        35,
        40,
        37,
        19,
        31
    ],
    "optimal_solver": "lkh",
    "instance_file_path": "c:\\TSP_ND_ML_Project\\instances\\N40_D3_G1000_clus_4.json",
    "concorde_length": 4574,
    "concorde_time_s": 1.3212647999753244,
    "concorde_tour": [
        1,
        25,
        33,
        9,
        23,
        4,
        29,
        13,
        6,
        3,
        34,
        39,
        15,
        30,
        22,
        11,
        17,
        12,
        2,
        5,
        38,
        7,
        35,
        40,
        37,
        19,
        31,
        14,
        24,
        18,
        16,
        10,
        21,
        20,
        27,
        8,
        28,
        36,
        26,
        32
    ],
    "lkh_length": 4574,
    "lkh_time_s": 0.09050819999538362,
    "lkh_tour": [
        14,
        24,
        18,
        16,
        10,
        21,
        20,
        27,
        8,
        28,
        36,
        26,
        32,
        1,
        25,
        33,
        9,
        23,
        4,
        29,
        13,
        6,
        3,
        34,
        39,
        15,
        30,
        22,
        11,
        17,
        12,
        2,
        5,
        38,
        7,
        35,
        40,
        37,
        19,
        31
    ],
    "lkh_gap_pct": 0.0
}