{
    "instance_name": "N40_D4_G100_clus_3",
    "n_customers": 40,
    "dimension": 4,
    "grid_size": 100,
    "optimal_cost": 598,
    "optimal_tour": [
        24,
        37,
        36,
        2,
        15,
        8,
        25,
        17,
        10,
        26,
        7,
        33,
        30,
        31,
        12,
        6,
        34,
        28,
        21,
        3,
        27,
        32,
        5,
        38,
        16,
        39,
        9,
        20,
        18,
        35,
        19,
        23,
        11,
        14,
        40,
        13,
        22,
        1,
        4,
        29
    ],
    "optimal_solver": "lkh",
    "instance_file_path": "c:\\TSP_ND_ML_Project\\instances\\N40_D4_G100_clus_3.json",
    "concorde_length": 598,
    "concorde_time_s": 0.46374609996564686,
    "concorde_tour": [
        1,
        4,
        29,
        24,
        37,
        36,
        2,
        15,
        8,
        25,
        17,
        10,
        26,
        7,
        33,
        30,
        31,
        12,
        6,
        34,
        28,
        21,
        3,
        27,
        32,
        5,
        38,
        16,
        39,
        9,
        20,
        18,
        35,
        19,
        23,
        11,
        14,
        40,
        13,
        22
    ],
    "lkh_length": 598,
    "lkh_time_s": 0.3147910000407137,
    "lkh_tour": [
        24,
        37,
        36,
        2,
        15,
        8,
        25,
        17,
        10,
        26,
        7,
        33,
        30,
        31,
        12,
        6,
        34,
        28,
        21,
        3,
        27,
        32,
        5,
        38,
        16,
        39,
        9,
        20,
        18,
        35,
        19,
        23,
        11,
        14,
        40,
        13,
        22,
        1,
        4,
        29
    ],
    "lkh_gap_pct": 0.0
}