{
    "instance_name": "N40_D5_G1000_grid_3",
    "n_customers": 40,
    "dimension": 5,
    "grid_size": 1000,
    "optimal_cost": 18262,
    "optimal_tour": [
        30,
        35,
        36,
        34,
        3,
        10,
        21,
        13,
        37,
        28,
        1,
        9,
        11,
        29,
        27,
        24,
        38,
        8,
        20,
        25,
        22,
        33,
        2,
        31,
        6,
        14,
        39,
        7,
        12,
        18,
        4,
        5,
        15,
        40,
        32,
        23,
        16,
        17,
        19,
        26
    ],
    "optimal_solver": "lkh",
    "instance_file_path": "c:\\TSP_ND_ML_Project\\instances\\N40_D5_G1000_grid_3.json",
    "concorde_length": 18262,
    "concorde_time_s": 3.405786100018304,
    "concorde_tour": [
        1,
        9,
        11,
        29,
        27,
        24,
        38,
        8,
        20,
        25,
        22,
        33,
        2,
        31,
        6,
        14,
        39,
        7,
        12,
        18,
        4,
        5,
        15,
        40,
        32,
        23,
        16,
        17,
        19,
        26,
        30,
        35,
        36,
        34,
        3,
        10,
        21,
        13,
        37,
        28
    ],
    "lkh_length": 18262,
    "lkh_time_s": 0.12138580001192167,
    "lkh_tour": [
        30,
        35,
        36,
        34,
        3,
        10,
        21,
        13,
        37,
        28,
        1,
        9,
        11,
        29,
        27,
        24,
        38,
        8,
        20,
        25,
        22,
        33,
        2,
        31,
        6,
        14,
        39,
        7,
        12,
        18,
        4,
        5,
        15,
        40,
        32,
        23,
        16,
        17,
        19,
        26
    ],
    "lkh_gap_pct": 0.0
}