{
    "instance_name": "N40_D4_G10000_ring_16",
    "n_customers": 40,
    "dimension": 4,
    "grid_size": 10000,
    "optimal_cost": 93064,
    "optimal_tour": [
        6,
        23,
        27,
        36,
        24,
        29,
        35,
        12,
        28,
        8,
        19,
        14,
        1,
        9,
        34,
        2,
        4,
        17,
        10,
        15,
        30,
        40,
        3,
        33,
        5,
        11,
        22,
        18,
        39,
        13,
        21,
        16,
        20,
        38,
        25,
        32,
        31,
        26,
        7,
        37
    ],
    "optimal_solver": "lkh",
    "instance_file_path": "c:\\TSP_ND_ML_Project\\instances\\N40_D4_G10000_ring_16.json",
    "concorde_length": 93064,
    "concorde_time_s": 0.5937581000034697,
    "concorde_tour": [
        1,
        14,
        19,
        8,
        28,
        12,
        35,
        29,
        24,
        36,
        27,
        23,
        6,
        37,
        7,
        26,
        31,
        32,
        25,
        38,
        20,
        16,
        21,
        13,
        39,
        18,
        22,
        11,
        5,
        33,
        3,
        40,
        30,
        15,
        10,
        17,
        4,
        2,
        34,
        9
    ],
    "lkh_length": 93064,
    "lkh_time_s": 0.11752009997144341,
    "lkh_tour": [
        6,
        23,
        27,
        36,
        24,
        29,
        35,
        12,
        28,
        8,
        19,
        14,
        1,
        9,
        34,
        2,
        4,
        17,
        10,
        15,
        30,
        40,
        3,
        33,
        5,
        11,
        22,
        18,
        39,
        13,
        21,
        16,
        20,
        38,
        25,
        32,
        31,
        26,
        7,
        37
    ],
    "lkh_gap_pct": 0.0
}