{
    "instance_name": "N40_D2_G100_clus_4",
    "n_customers": 40,
    "dimension": 2,
    "grid_size": 100,
    "optimal_cost": 162,
    "optimal_tour": [
        15,
        23,
        32,
        14,
        17,
        20,
        8,
        12,
        37,
        30,
        7,
        26,
        39,
        27,
        40,
        25,
        18,
        1,
        16,
        3,
        35,
        29,
        21,
        31,
        38,
        34,
        5,
        10,
        4,
        6,
        13,
        33,
        11,
        24,
        22,
        36,
        9,
        19,
        28,
        2
    ],
    "optimal_solver": "lkh",
    "instance_file_path": "c:\\TSP_ND_ML_Project\\instances\\N40_D2_G100_clus_4.json",
    "concorde_length": 162,
    "concorde_time_s": 0.7408809999760706,
    "concorde_tour": [
        1,
        18,
        25,
        40,
        27,
        39,
        26,
        7,
        30,
        37,
        12,
        8,
        17,
        20,
        14,
        32,
        23,
        15,
        2,
        28,
        19,
        9,
        36,
        22,
        11,
        24,
        33,
        13,
        6,
        4,
        10,
        5,
        34,
        31,
        21,
        38,
        29,
        35,
        3,
        16
    ],
    "lkh_length": 162,
    "lkh_time_s": 0.12768080001114868,
    "lkh_tour": [
        15,
        23,
        32,
        14,
        17,
        20,
        8,
        12,
        37,
        30,
        7,
        26,
        39,
        27,
        40,
        25,
        18,
        1,
        16,
        3,
        35,
        29,
        21,
        31,
        38,
        34,
        5,
        10,
        4,
        6,
        13,
        33,
        11,
        24,
        22,
        36,
        9,
        19,
        28,
        2
    ],
    "lkh_gap_pct": 0.0
}