{
    "instance_name": "N40_D4_G10000_corr_18",
    "n_customers": 40,
    "dimension": 4,
    "grid_size": 10000,
    "optimal_cost": 64529,
    "optimal_tour": [
        23,
        32,
        36,
        16,
        33,
        26,
        3,
        8,
        14,
        12,
        38,
        7,
        29,
        21,
        35,
        10,
        15,
        13,
        22,
        5,
        30,
        31,
        24,
        19,
        28,
        2,
        34,
        27,
        4,
        9,
        18,
        39,
        17,
        11,
        1,
        6,
        40,
        20,
        25,
        37
    ],
    "optimal_solver": "lkh",
    "instance_file_path": "c:\\TSP_ND_ML_Project\\instances\\N40_D4_G10000_corr_18.json",
    "concorde_length": 64529,
    "concorde_time_s": 0.49918559996876866,
    "concorde_tour": [
        1,
        6,
        40,
        20,
        25,
        37,
        23,
        32,
        36,
        16,
        33,
        26,
        3,
        8,
        14,
        12,
        38,
        7,
        29,
        21,
        35,
        10,
        15,
        13,
        22,
        5,
        30,
        31,
        24,
        19,
        28,
        2,
        34,
        27,
        4,
        9,
        18,
        39,
        17,
        11
    ],
    "lkh_length": 64529,
    "lkh_time_s": 0.0655904000159353,
    "lkh_tour": [
        23,
        32,
        36,
        16,
        33,
        26,
        3,
        8,
        14,
        12,
        38,
        7,
        29,
        21,
        35,
        10,
        15,
        13,
        22,
        5,
        30,
        31,
        24,
        19,
        28,
        2,
        34,
        27,
        4,
        9,
        18,
        39,
        17,
        11,
        1,
        6,
        40,
        20,
        25,
        37
    ],
    "lkh_gap_pct": 0.0
}