{
    "instance_name": "N40_D3_G10000_norm_19",
    "n_customers": 40,
    "dimension": 3,
    "grid_size": 10000,
    "optimal_cost": 62706,
    "optimal_tour": [
        4,
        11,
        24,
        25,
        36,
        35,
        8,
        28,
        29,
        33,
        31,
        19,
        9,
        34,
        1,
        3,
        40,
        26,
        21,
        22,
        38,
        17,
        18,
        23,
        14,
        37,
        10,
        5,
        7,
        15,
        20,
        16,
        13,
        39,
        2,
        6,
        30,
        32,
        27,
        12
    ],
    "optimal_solver": "lkh",
    "instance_file_path": "c:\\TSP_ND_ML_Project\\instances\\N40_D3_G10000_norm_19.json",
    "concorde_length": 62706,
    "concorde_time_s": 0.9777349999640137,
    "concorde_tour": [
        1,
        34,
        9,
        19,
        31,
        33,
        29,
        28,
        8,
        35,
        36,
        25,
        24,
        11,
        4,
        12,
        27,
        32,
        30,
        6,
        2,
        39,
        13,
        16,
        20,
        15,
        7,
        5,
        10,
        37,
        14,
        23,
        18,
        17,
        38,
        22,
        21,
        26,
        40,
        3
    ],
    "lkh_length": 62706,
    "lkh_time_s": 0.04647059994749725,
    "lkh_tour": [
        4,
        11,
        24,
        25,
        36,
        35,
        8,
        28,
        29,
        33,
        31,
        19,
        9,
        34,
        1,
        3,
        40,
        26,
        21,
        22,
        38,
        17,
        18,
        23,
        14,
        37,
        10,
        5,
        7,
        15,
        20,
        16,
        13,
        39,
        2,
        6,
        30,
        32,
        27,
        12
    ],
    "lkh_gap_pct": 0.0
}