{
    "instance_name": "N40_D2_G1000_tria_16",
    "n_customers": 40,
    "dimension": 2,
    "grid_size": 1000,
    "optimal_cost": 5062,
    "optimal_tour": [
        11,
        19,
        28,
        20,
        24,
        6,
        10,
        1,
        8,
        14,
        16,
        2,
        39,
        4,
        9,
        13,
        29,
        18,
        31,
        33,
        5,
        25,
        7,
        32,
        36,
        22,
        38,
        26,
        12,
        37,
        27,
        30,
        40,
        17,
        23,
        3,
        34,
        15,
        21,
        35
    ],
    "optimal_solver": "lkh",
    "instance_file_path": "c:\\TSP_ND_ML_Project\\instances\\N40_D2_G1000_tria_16.json",
    "concorde_length": 5062,
    "concorde_time_s": 0.9660556999733672,
    "concorde_tour": [
        1,
        10,
        6,
        24,
        20,
        28,
        19,
        11,
        35,
        21,
        15,
        34,
        3,
        23,
        17,
        40,
        30,
        27,
        37,
        12,
        26,
        38,
        22,
        36,
        32,
        7,
        25,
        5,
        33,
        31,
        18,
        29,
        13,
        9,
        4,
        39,
        2,
        16,
        14,
        8
    ],
    "lkh_length": 5062,
    "lkh_time_s": 0.08155970001826063,
    "lkh_tour": [
        11,
        19,
        28,
        20,
        24,
        6,
        10,
        1,
        8,
        14,
        16,
        2,
        39,
        4,
        9,
        13,
        29,
        18,
        31,
        33,
        5,
        25,
        7,
        32,
        36,
        22,
        38,
        26,
        12,
        37,
        27,
        30,
        40,
        17,
        23,
        3,
        34,
        15,
        21,
        35
    ],
    "lkh_gap_pct": 0.0
}