{
    "instance_name": "N40_D2_G100_ring_5",
    "n_customers": 40,
    "dimension": 2,
    "grid_size": 100,
    "optimal_cost": 303,
    "optimal_tour": [
        14,
        5,
        26,
        18,
        10,
        27,
        22,
        34,
        21,
        39,
        24,
        8,
        17,
        38,
        30,
        16,
        9,
        40,
        35,
        11,
        20,
        13,
        29,
        3,
        31,
        19,
        6,
        15,
        7,
        28,
        32,
        2,
        25,
        33,
        37,
        1,
        23,
        4,
        36,
        12
    ],
    "optimal_solver": "lkh",
    "instance_file_path": "c:\\TSP_ND_ML_Project\\instances\\N40_D2_G100_ring_5.json",
    "concorde_length": 303,
    "concorde_time_s": 0.6557861999899615,
    "concorde_tour": [
        1,
        12,
        37,
        33,
        25,
        2,
        32,
        28,
        7,
        15,
        6,
        19,
        31,
        3,
        29,
        13,
        20,
        11,
        40,
        35,
        9,
        16,
        30,
        38,
        17,
        8,
        24,
        39,
        21,
        34,
        22,
        27,
        10,
        18,
        26,
        5,
        14,
        36,
        4,
        23
    ],
    "lkh_length": 303,
    "lkh_time_s": 0.2769249999837484,
    "lkh_tour": [
        14,
        5,
        26,
        18,
        10,
        27,
        22,
        34,
        21,
        39,
        24,
        8,
        17,
        38,
        30,
        16,
        9,
        40,
        35,
        11,
        20,
        13,
        29,
        3,
        31,
        19,
        6,
        15,
        7,
        28,
        32,
        2,
        25,
        33,
        37,
        1,
        23,
        4,
        36,
        12
    ],
    "lkh_gap_pct": 0.0
}