{
    "instance_name": "N40_D2_G1000_ring_4",
    "n_customers": 40,
    "dimension": 2,
    "grid_size": 1000,
    "optimal_cost": 3000,
    "optimal_tour": [
        24,
        31,
        34,
        10,
        15,
        9,
        3,
        38,
        28,
        21,
        35,
        5,
        36,
        22,
        23,
        40,
        1,
        27,
        11,
        19,
        20,
        8,
        32,
        29,
        12,
        16,
        4,
        14,
        39,
        26,
        2,
        18,
        13,
        30,
        6,
        25,
        17,
        7,
        37,
        33
    ],
    "optimal_solver": "lkh",
    "instance_file_path": "c:\\TSP_ND_ML_Project\\instances\\N40_D2_G1000_ring_4.json",
    "concorde_length": 3000,
    "concorde_time_s": 0.562308499997016,
    "concorde_tour": [
        1,
        40,
        23,
        22,
        36,
        5,
        35,
        21,
        28,
        38,
        3,
        9,
        15,
        10,
        34,
        31,
        24,
        33,
        37,
        7,
        17,
        25,
        6,
        30,
        18,
        13,
        2,
        26,
        39,
        14,
        4,
        16,
        12,
        29,
        32,
        8,
        20,
        19,
        11,
        27
    ],
    "lkh_length": 3000,
    "lkh_time_s": 0.154701199993724,
    "lkh_tour": [
        24,
        31,
        34,
        10,
        15,
        9,
        3,
        38,
        28,
        21,
        35,
        5,
        36,
        22,
        23,
        40,
        1,
        27,
        11,
        19,
        20,
        8,
        32,
        29,
        12,
        16,
        4,
        14,
        39,
        26,
        2,
        18,
        13,
        30,
        6,
        25,
        17,
        7,
        37,
        33
    ],
    "lkh_gap_pct": 0.0
}