{
    "instance_name": "N40_D2_G10000_norm_8",
    "n_customers": 40,
    "dimension": 2,
    "grid_size": 10000,
    "optimal_cost": 35557,
    "optimal_tour": [
        5,
        21,
        25,
        11,
        26,
        13,
        7,
        17,
        1,
        14,
        24,
        9,
        16,
        20,
        3,
        12,
        40,
        33,
        35,
        27,
        6,
        32,
        28,
        4,
        8,
        15,
        36,
        10,
        18,
        30,
        38,
        23,
        31,
        29,
        37,
        22,
        2,
        39,
        19,
        34
    ],
    "optimal_solver": "lkh",
    "instance_file_path": "c:\\TSP_ND_ML_Project\\instances\\N40_D2_G10000_norm_8.json",
    "concorde_length": 35557,
    "concorde_time_s": 0.8797125999990385,
    "concorde_tour": [
        1,
        14,
        24,
        9,
        16,
        20,
        3,
        12,
        40,
        33,
        35,
        27,
        6,
        32,
        28,
        4,
        8,
        15,
        36,
        10,
        18,
        30,
        38,
        23,
        31,
        29,
        37,
        22,
        2,
        39,
        19,
        34,
        5,
        21,
        25,
        11,
        26,
        13,
        7,
        17
    ],
    "lkh_length": 35557,
    "lkh_time_s": 0.21306519999052398,
    "lkh_tour": [
        5,
        21,
        25,
        11,
        26,
        13,
        7,
        17,
        1,
        14,
        24,
        9,
        16,
        20,
        3,
        12,
        40,
        33,
        35,
        27,
        6,
        32,
        28,
        4,
        8,
        15,
        36,
        10,
        18,
        30,
        38,
        23,
        31,
        29,
        37,
        22,
        2,
        39,
        19,
        34
    ],
    "lkh_gap_pct": 0.0
}