{
    "instance_name": "N40_D5_G1000_pow_1",
    "n_customers": 40,
    "dimension": 5,
    "grid_size": 1000,
    "optimal_cost": 24828,
    "optimal_tour": [
        8,
        7,
        32,
        22,
        10,
        5,
        13,
        36,
        26,
        1,
        9,
        34,
        3,
        35,
        37,
        17,
        23,
        40,
        2,
        39,
        11,
        4,
        16,
        14,
        33,
        19,
        28,
        18,
        30,
        29,
        6,
        21,
        12,
        31,
        38,
        15,
        25,
        24,
        20,
        27
    ],
    "optimal_solver": "lkh",
    "instance_file_path": "c:\\TSP_ND_ML_Project\\instances\\N40_D5_G1000_pow_1.json",
    "concorde_length": 24828,
    "concorde_time_s": 0.886745499970857,
    "concorde_tour": [
        1,
        9,
        36,
        13,
        10,
        5,
        19,
        33,
        28,
        18,
        30,
        29,
        6,
        37,
        35,
        3,
        27,
        31,
        38,
        12,
        21,
        4,
        16,
        14,
        22,
        32,
        7,
        8,
        20,
        11,
        39,
        40,
        2,
        23,
        17,
        24,
        25,
        15,
        34,
        26
    ],
    "lkh_length": 24828,
    "lkh_time_s": 1.6096423999988474,
    "lkh_tour": [
        8,
        7,
        32,
        22,
        10,
        5,
        13,
        36,
        26,
        1,
        9,
        34,
        3,
        35,
        37,
        17,
        23,
        40,
        2,
        39,
        11,
        4,
        16,
        14,
        33,
        19,
        28,
        18,
        30,
        29,
        6,
        21,
        12,
        31,
        38,
        15,
        25,
        24,
        20,
        27
    ],
    "lkh_gap_pct": 0.0
}