{
    "instance_name": "N40_D3_G10000_pow_3",
    "n_customers": 40,
    "dimension": 3,
    "grid_size": 10000,
    "optimal_cost": 80000,
    "optimal_tour": [
        3,
        38,
        27,
        15,
        18,
        29,
        6,
        9,
        23,
        11,
        39,
        2,
        40,
        35,
        24,
        34,
        21,
        26,
        7,
        12,
        28,
        13,
        5,
        33,
        25,
        32,
        8,
        19,
        36,
        30,
        16,
        31,
        22,
        17,
        4,
        37,
        1,
        10,
        20,
        14
    ],
    "optimal_solver": "lkh",
    "instance_file_path": "c:\\TSP_ND_ML_Project\\instances\\N40_D3_G10000_pow_3.json",
    "concorde_length": 80000,
    "concorde_time_s": 1.1356462999829091,
    "concorde_tour": [
        1,
        14,
        19,
        36,
        30,
        16,
        17,
        4,
        31,
        22,
        37,
        40,
        2,
        39,
        35,
        34,
        21,
        24,
        26,
        33,
        32,
        13,
        8,
        28,
        25,
        12,
        7,
        5,
        6,
        11,
        9,
        23,
        29,
        18,
        15,
        27,
        10,
        38,
        20,
        3
    ],
    "lkh_length": 80000,
    "lkh_time_s": 0.22114979999605566,
    "lkh_tour": [
        3,
        38,
        27,
        15,
        18,
        29,
        6,
        9,
        23,
        11,
        39,
        2,
        40,
        35,
        24,
        34,
        21,
        26,
        7,
        12,
        28,
        13,
        5,
        33,
        25,
        32,
        8,
        19,
        36,
        30,
        16,
        31,
        22,
        17,
        4,
        37,
        1,
        10,
        20,
        14
    ],
    "lkh_gap_pct": 0.0
}