{
    "instance_name": "N40_D5_G1000_ring_9",
    "n_customers": 40,
    "dimension": 5,
    "grid_size": 1000,
    "optimal_cost": 13246,
    "optimal_tour": [
        15,
        28,
        27,
        39,
        29,
        37,
        18,
        34,
        11,
        2,
        31,
        4,
        20,
        26,
        14,
        33,
        19,
        17,
        38,
        10,
        21,
        9,
        23,
        32,
        16,
        12,
        36,
        35,
        1,
        30,
        13,
        6,
        8,
        25,
        40,
        7,
        5,
        22,
        24,
        3
    ],
    "optimal_solver": "lkh",
    "instance_file_path": "c:\\TSP_ND_ML_Project\\instances\\N40_D5_G1000_ring_9.json",
    "concorde_length": 13246,
    "concorde_time_s": 1.7444165999768302,
    "concorde_tour": [
        1,
        30,
        13,
        6,
        8,
        25,
        40,
        7,
        5,
        22,
        24,
        3,
        15,
        28,
        27,
        39,
        29,
        37,
        18,
        34,
        11,
        2,
        31,
        4,
        20,
        26,
        14,
        33,
        19,
        17,
        38,
        10,
        21,
        9,
        23,
        32,
        16,
        12,
        36,
        35
    ],
    "lkh_length": 13246,
    "lkh_time_s": 0.07528739998815581,
    "lkh_tour": [
        15,
        28,
        27,
        39,
        29,
        37,
        18,
        34,
        11,
        2,
        31,
        4,
        20,
        26,
        14,
        33,
        19,
        17,
        38,
        10,
        21,
        9,
        23,
        32,
        16,
        12,
        36,
        35,
        1,
        30,
        13,
        6,
        8,
        25,
        40,
        7,
        5,
        22,
        24,
        3
    ],
    "lkh_gap_pct": 0.0
}