{
    "instance_name": "N40_D2_G10000_corn_7",
    "n_customers": 40,
    "dimension": 2,
    "grid_size": 10000,
    "optimal_cost": 40457,
    "optimal_tour": [
        17,
        23,
        6,
        5,
        40,
        33,
        22,
        16,
        20,
        37,
        8,
        25,
        32,
        19,
        2,
        39,
        1,
        29,
        30,
        21,
        18,
        26,
        7,
        24,
        34,
        3,
        11,
        27,
        13,
        10,
        31,
        38,
        12,
        15,
        9,
        28,
        4,
        36,
        35,
        14
    ],
    "optimal_solver": "lkh",
    "instance_file_path": "c:\\TSP_ND_ML_Project\\instances\\N40_D2_G10000_corn_7.json",
    "concorde_length": 40457,
    "concorde_time_s": 1.0271370999980718,
    "concorde_tour": [
        1,
        29,
        30,
        21,
        18,
        7,
        3,
        26,
        34,
        24,
        11,
        27,
        13,
        12,
        38,
        15,
        4,
        9,
        10,
        31,
        28,
        36,
        35,
        14,
        17,
        23,
        6,
        5,
        40,
        33,
        22,
        16,
        20,
        37,
        8,
        25,
        32,
        19,
        2,
        39
    ],
    "lkh_length": 40457,
    "lkh_time_s": 2.311714099982055,
    "lkh_tour": [
        17,
        23,
        6,
        5,
        40,
        33,
        22,
        16,
        20,
        37,
        8,
        25,
        32,
        19,
        2,
        39,
        1,
        29,
        30,
        21,
        18,
        26,
        7,
        24,
        34,
        3,
        11,
        27,
        13,
        10,
        31,
        38,
        12,
        15,
        9,
        28,
        4,
        36,
        35,
        14
    ],
    "lkh_gap_pct": 0.0
}