{
    "instance_name": "N40_D4_G10000_pow_2",
    "n_customers": 40,
    "dimension": 4,
    "grid_size": 10000,
    "optimal_cost": 154142,
    "optimal_tour": [
        28,
        26,
        18,
        9,
        35,
        13,
        40,
        16,
        39,
        20,
        8,
        6,
        2,
        15,
        34,
        23,
        25,
        17,
        11,
        7,
        22,
        31,
        27,
        19,
        14,
        32,
        36,
        10,
        37,
        4,
        30,
        5,
        29,
        21,
        3,
        24,
        1,
        12,
        38,
        33
    ],
    "optimal_solver": "lkh",
    "instance_file_path": "c:\\TSP_ND_ML_Project\\instances\\N40_D4_G10000_pow_2.json",
    "concorde_length": 154142,
    "concorde_time_s": 0.3976496999966912,
    "concorde_tour": [
        1,
        9,
        35,
        13,
        24,
        21,
        29,
        3,
        25,
        17,
        23,
        34,
        39,
        40,
        16,
        11,
        22,
        7,
        19,
        27,
        31,
        32,
        14,
        18,
        33,
        28,
        26,
        20,
        8,
        15,
        2,
        6,
        4,
        5,
        30,
        36,
        37,
        10,
        12,
        38
    ],
    "lkh_length": 154142,
    "lkh_time_s": 0.9194596000015736,
    "lkh_tour": [
        28,
        26,
        18,
        9,
        35,
        13,
        40,
        16,
        39,
        20,
        8,
        6,
        2,
        15,
        34,
        23,
        25,
        17,
        11,
        7,
        22,
        31,
        27,
        19,
        14,
        32,
        36,
        10,
        37,
        4,
        30,
        5,
        29,
        21,
        3,
        24,
        1,
        12,
        38,
        33
    ],
    "lkh_gap_pct": 0.0
}