{
    "instance_name": "N40_D5_G10000_rand_5",
    "n_customers": 40,
    "dimension": 5,
    "grid_size": 10000,
    "optimal_cost": 174700,
    "optimal_tour": [
        29,
        30,
        38,
        26,
        21,
        19,
        35,
        1,
        27,
        3,
        25,
        5,
        8,
        10,
        16,
        23,
        34,
        12,
        32,
        39,
        40,
        37,
        13,
        31,
        22,
        24,
        36,
        17,
        7,
        33,
        14,
        15,
        18,
        6,
        20,
        28,
        4,
        9,
        11,
        2
    ],
    "optimal_solver": "lkh",
    "instance_file_path": "c:\\TSP_ND_ML_Project\\instances\\N40_D5_G10000_rand_5.json",
    "concorde_length": 174700,
    "concorde_time_s": 0.6321580000221729,
    "concorde_tour": [
        1,
        27,
        3,
        25,
        5,
        8,
        10,
        16,
        23,
        34,
        12,
        32,
        39,
        40,
        37,
        13,
        31,
        22,
        24,
        36,
        17,
        7,
        33,
        14,
        15,
        18,
        6,
        20,
        28,
        4,
        9,
        11,
        2,
        29,
        30,
        38,
        26,
        21,
        19,
        35
    ],
    "lkh_length": 174700,
    "lkh_time_s": 0.0900643999921158,
    "lkh_tour": [
        29,
        30,
        38,
        26,
        21,
        19,
        35,
        1,
        27,
        3,
        25,
        5,
        8,
        10,
        16,
        23,
        34,
        12,
        32,
        39,
        40,
        37,
        13,
        31,
        22,
        24,
        36,
        17,
        7,
        33,
        14,
        15,
        18,
        6,
        20,
        28,
        4,
        9,
        11,
        2
    ],
    "lkh_gap_pct": 0.0
}