{
    "instance_name": "N40_D4_G100_tria_10",
    "n_customers": 40,
    "dimension": 4,
    "grid_size": 100,
    "optimal_cost": 1624,
    "optimal_tour": [
        14,
        19,
        16,
        13,
        31,
        24,
        21,
        30,
        29,
        5,
        10,
        35,
        33,
        20,
        32,
        7,
        12,
        34,
        8,
        17,
        3,
        2,
        37,
        27,
        15,
        38,
        6,
        39,
        22,
        26,
        4,
        23,
        36,
        1,
        18,
        28,
        40,
        25,
        9,
        11
    ],
    "optimal_solver": "lkh",
    "instance_file_path": "c:\\TSP_ND_ML_Project\\instances\\N40_D4_G100_tria_10.json",
    "concorde_length": 1624,
    "concorde_time_s": 2.152584300027229,
    "concorde_tour": [
        1,
        18,
        28,
        40,
        25,
        9,
        11,
        14,
        19,
        16,
        13,
        31,
        27,
        15,
        37,
        2,
        3,
        17,
        8,
        34,
        12,
        7,
        32,
        20,
        33,
        35,
        10,
        5,
        29,
        30,
        21,
        24,
        38,
        6,
        39,
        22,
        26,
        4,
        23,
        36
    ],
    "lkh_length": 1624,
    "lkh_time_s": 0.12764590000733733,
    "lkh_tour": [
        14,
        19,
        16,
        13,
        31,
        24,
        21,
        30,
        29,
        5,
        10,
        35,
        33,
        20,
        32,
        7,
        12,
        34,
        8,
        17,
        3,
        2,
        37,
        27,
        15,
        38,
        6,
        39,
        22,
        26,
        4,
        23,
        36,
        1,
        18,
        28,
        40,
        25,
        9,
        11
    ],
    "lkh_gap_pct": 0.0
}