{
    "instance_name": "N40_D4_G100_pow_4",
    "n_customers": 40,
    "dimension": 4,
    "grid_size": 100,
    "optimal_cost": 1341,
    "optimal_tour": [
        5,
        14,
        18,
        7,
        16,
        9,
        20,
        3,
        6,
        32,
        40,
        37,
        29,
        31,
        19,
        28,
        13,
        38,
        1,
        2,
        35,
        4,
        25,
        17,
        21,
        36,
        11,
        30,
        12,
        33,
        15,
        8,
        39,
        26,
        27,
        34,
        24,
        10,
        22,
        23
    ],
    "optimal_solver": "lkh",
    "instance_file_path": "c:\\TSP_ND_ML_Project\\instances\\N40_D4_G100_pow_4.json",
    "concorde_length": 1341,
    "concorde_time_s": 0.4797930000349879,
    "concorde_tour": [
        1,
        4,
        13,
        38,
        19,
        28,
        20,
        9,
        3,
        8,
        39,
        15,
        12,
        33,
        34,
        26,
        27,
        24,
        22,
        10,
        5,
        16,
        7,
        14,
        18,
        23,
        32,
        6,
        40,
        11,
        17,
        36,
        21,
        30,
        37,
        31,
        29,
        25,
        2,
        35
    ],
    "lkh_length": 1341,
    "lkh_time_s": 1.696898800029885,
    "lkh_tour": [
        5,
        14,
        18,
        7,
        16,
        9,
        20,
        3,
        6,
        32,
        40,
        37,
        29,
        31,
        19,
        28,
        13,
        38,
        1,
        2,
        35,
        4,
        25,
        17,
        21,
        36,
        11,
        30,
        12,
        33,
        15,
        8,
        39,
        26,
        27,
        34,
        24,
        10,
        22,
        23
    ],
    "lkh_gap_pct": 0.0
}