{
    "instance_name": "N40_D4_G10000_norm_12",
    "n_customers": 40,
    "dimension": 4,
    "grid_size": 10000,
    "optimal_cost": 79221,
    "optimal_tour": [
        29,
        21,
        15,
        3,
        33,
        24,
        31,
        27,
        8,
        25,
        6,
        20,
        40,
        34,
        26,
        12,
        19,
        37,
        28,
        38,
        4,
        30,
        11,
        35,
        1,
        5,
        36,
        22,
        10,
        7,
        39,
        9,
        23,
        16,
        32,
        18,
        14,
        13,
        2,
        17
    ],
    "optimal_solver": "lkh",
    "instance_file_path": "c:\\TSP_ND_ML_Project\\instances\\N40_D4_G10000_norm_12.json",
    "concorde_length": 79221,
    "concorde_time_s": 1.015375100017991,
    "concorde_tour": [
        1,
        35,
        11,
        30,
        4,
        38,
        28,
        37,
        19,
        12,
        26,
        34,
        40,
        20,
        6,
        25,
        8,
        27,
        31,
        24,
        33,
        3,
        15,
        21,
        29,
        17,
        2,
        13,
        14,
        18,
        32,
        16,
        23,
        9,
        39,
        7,
        10,
        22,
        36,
        5
    ],
    "lkh_length": 79221,
    "lkh_time_s": 0.06240659998729825,
    "lkh_tour": [
        29,
        21,
        15,
        3,
        33,
        24,
        31,
        27,
        8,
        25,
        6,
        20,
        40,
        34,
        26,
        12,
        19,
        37,
        28,
        38,
        4,
        30,
        11,
        35,
        1,
        5,
        36,
        22,
        10,
        7,
        39,
        9,
        23,
        16,
        32,
        18,
        14,
        13,
        2,
        17
    ],
    "lkh_gap_pct": 0.0
}