{
    "instance_name": "N40_D5_G100_corr_17",
    "n_customers": 40,
    "dimension": 5,
    "grid_size": 100,
    "optimal_cost": 886,
    "optimal_tour": [
        14,
        9,
        39,
        15,
        21,
        40,
        1,
        31,
        7,
        8,
        20,
        30,
        34,
        26,
        12,
        36,
        13,
        33,
        17,
        35,
        19,
        37,
        27,
        6,
        4,
        23,
        18,
        24,
        25,
        32,
        22,
        28,
        3,
        38,
        5,
        2,
        29,
        11,
        10,
        16
    ],
    "optimal_solver": "lkh",
    "instance_file_path": "c:\\TSP_ND_ML_Project\\instances\\N40_D5_G100_corr_17.json",
    "concorde_length": 886,
    "concorde_time_s": 1.018872199987527,
    "concorde_tour": [
        1,
        31,
        7,
        8,
        20,
        30,
        34,
        26,
        12,
        36,
        13,
        33,
        17,
        35,
        19,
        37,
        27,
        6,
        4,
        23,
        18,
        24,
        25,
        32,
        22,
        28,
        3,
        38,
        5,
        2,
        21,
        15,
        39,
        9,
        14,
        16,
        10,
        11,
        29,
        40
    ],
    "lkh_length": 886,
    "lkh_time_s": 0.07949919998645782,
    "lkh_tour": [
        14,
        9,
        39,
        15,
        21,
        40,
        1,
        31,
        7,
        8,
        20,
        30,
        34,
        26,
        12,
        36,
        13,
        33,
        17,
        35,
        19,
        37,
        27,
        6,
        4,
        23,
        18,
        24,
        25,
        32,
        22,
        28,
        3,
        38,
        5,
        2,
        29,
        11,
        10,
        16
    ],
    "lkh_gap_pct": 0.0
}