{
    "instance_name": "N40_D3_G1000_tria_19",
    "n_customers": 40,
    "dimension": 3,
    "grid_size": 1000,
    "optimal_cost": 10218,
    "optimal_tour": [
        16,
        12,
        28,
        35,
        2,
        30,
        20,
        19,
        8,
        34,
        13,
        29,
        15,
        33,
        17,
        40,
        25,
        1,
        14,
        31,
        7,
        39,
        3,
        11,
        38,
        37,
        26,
        32,
        6,
        27,
        5,
        4,
        9,
        22,
        36,
        23,
        18,
        24,
        21,
        10
    ],
    "optimal_solver": "lkh",
    "instance_file_path": "c:\\TSP_ND_ML_Project\\instances\\N40_D3_G1000_tria_19.json",
    "concorde_length": 10218,
    "concorde_time_s": 0.9770990000106394,
    "concorde_tour": [
        1,
        14,
        31,
        7,
        39,
        3,
        11,
        38,
        37,
        26,
        32,
        6,
        27,
        5,
        4,
        9,
        22,
        36,
        23,
        18,
        24,
        21,
        10,
        16,
        12,
        28,
        35,
        2,
        30,
        20,
        19,
        8,
        34,
        13,
        29,
        15,
        33,
        17,
        40,
        25
    ],
    "lkh_length": 10218,
    "lkh_time_s": 0.05903120001312345,
    "lkh_tour": [
        16,
        12,
        28,
        35,
        2,
        30,
        20,
        19,
        8,
        34,
        13,
        29,
        15,
        33,
        17,
        40,
        25,
        1,
        14,
        31,
        7,
        39,
        3,
        11,
        38,
        37,
        26,
        32,
        6,
        27,
        5,
        4,
        9,
        22,
        36,
        23,
        18,
        24,
        21,
        10
    ],
    "lkh_gap_pct": 0.0
}