{
    "instance_name": "N40_D3_G10000_tria_20",
    "n_customers": 40,
    "dimension": 3,
    "grid_size": 10000,
    "optimal_cost": 106979,
    "optimal_tour": [
        29,
        28,
        3,
        10,
        9,
        1,
        8,
        38,
        25,
        30,
        7,
        23,
        32,
        39,
        19,
        31,
        34,
        16,
        5,
        17,
        18,
        27,
        33,
        11,
        40,
        35,
        21,
        2,
        20,
        6,
        14,
        22,
        26,
        12,
        24,
        13,
        15,
        36,
        37,
        4
    ],
    "optimal_solver": "lkh",
    "instance_file_path": "c:\\TSP_ND_ML_Project\\instances\\N40_D3_G10000_tria_20.json",
    "concorde_length": 106979,
    "concorde_time_s": 2.0443915999494493,
    "concorde_tour": [
        1,
        8,
        38,
        25,
        30,
        7,
        23,
        32,
        39,
        19,
        31,
        34,
        16,
        5,
        17,
        18,
        27,
        33,
        11,
        40,
        35,
        21,
        2,
        20,
        6,
        14,
        22,
        26,
        12,
        24,
        13,
        15,
        36,
        37,
        4,
        29,
        28,
        3,
        10,
        9
    ],
    "lkh_length": 106979,
    "lkh_time_s": 0.09875020000617951,
    "lkh_tour": [
        29,
        28,
        3,
        10,
        9,
        1,
        8,
        38,
        25,
        30,
        7,
        23,
        32,
        39,
        19,
        31,
        34,
        16,
        5,
        17,
        18,
        27,
        33,
        11,
        40,
        35,
        21,
        2,
        20,
        6,
        14,
        22,
        26,
        12,
        24,
        13,
        15,
        36,
        37,
        4
    ],
    "lkh_gap_pct": 0.0
}