{
    "instance_name": "N40_D5_G10000_corr_1",
    "n_customers": 40,
    "dimension": 5,
    "grid_size": 10000,
    "optimal_cost": 83317,
    "optimal_tour": [
        18,
        19,
        17,
        16,
        33,
        2,
        13,
        6,
        40,
        34,
        30,
        10,
        15,
        8,
        39,
        32,
        38,
        21,
        4,
        7,
        23,
        11,
        28,
        31,
        29,
        24,
        22,
        37,
        1,
        3,
        5,
        25,
        26,
        27,
        20,
        36,
        12,
        35,
        14,
        9
    ],
    "optimal_solver": "lkh",
    "instance_file_path": "c:\\TSP_ND_ML_Project\\instances\\N40_D5_G10000_corr_1.json",
    "concorde_length": 83317,
    "concorde_time_s": 0.7749792999820784,
    "concorde_tour": [
        1,
        3,
        5,
        25,
        26,
        27,
        20,
        36,
        12,
        35,
        14,
        9,
        18,
        19,
        17,
        16,
        33,
        2,
        13,
        6,
        40,
        34,
        30,
        10,
        15,
        8,
        39,
        32,
        38,
        21,
        4,
        7,
        23,
        11,
        28,
        31,
        29,
        24,
        22,
        37
    ],
    "lkh_length": 83317,
    "lkh_time_s": 0.0595397999859415,
    "lkh_tour": [
        18,
        19,
        17,
        16,
        33,
        2,
        13,
        6,
        40,
        34,
        30,
        10,
        15,
        8,
        39,
        32,
        38,
        21,
        4,
        7,
        23,
        11,
        28,
        31,
        29,
        24,
        22,
        37,
        1,
        3,
        5,
        25,
        26,
        27,
        20,
        36,
        12,
        35,
        14,
        9
    ],
    "lkh_gap_pct": 0.0
}