{
    "instance_name": "N40_D5_G100_ring_20",
    "n_customers": 40,
    "dimension": 5,
    "grid_size": 100,
    "optimal_cost": 1217,
    "optimal_tour": [
        39,
        40,
        34,
        19,
        16,
        10,
        38,
        26,
        13,
        37,
        30,
        6,
        18,
        4,
        32,
        29,
        22,
        17,
        14,
        23,
        35,
        27,
        11,
        7,
        33,
        1,
        8,
        3,
        15,
        36,
        25,
        24,
        31,
        5,
        12,
        20,
        21,
        2,
        28,
        9
    ],
    "optimal_solver": "lkh",
    "instance_file_path": "c:\\TSP_ND_ML_Project\\instances\\N40_D5_G100_ring_20.json",
    "concorde_length": 1217,
    "concorde_time_s": 2.660586499958299,
    "concorde_tour": [
        1,
        8,
        3,
        15,
        36,
        25,
        24,
        31,
        5,
        12,
        20,
        21,
        2,
        28,
        9,
        39,
        40,
        34,
        19,
        16,
        10,
        38,
        26,
        13,
        37,
        30,
        6,
        18,
        4,
        32,
        29,
        22,
        17,
        14,
        23,
        35,
        27,
        11,
        7,
        33
    ],
    "lkh_length": 1217,
    "lkh_time_s": 0.09208829991985112,
    "lkh_tour": [
        39,
        40,
        34,
        19,
        16,
        10,
        38,
        26,
        13,
        37,
        30,
        6,
        18,
        4,
        32,
        29,
        22,
        17,
        14,
        23,
        35,
        27,
        11,
        7,
        33,
        1,
        8,
        3,
        15,
        36,
        25,
        24,
        31,
        5,
        12,
        20,
        21,
        2,
        28,
        9
    ],
    "lkh_gap_pct": 0.0
}