{
    "instance_name": "N40_D4_G1000_corr_4",
    "n_customers": 40,
    "dimension": 4,
    "grid_size": 1000,
    "optimal_cost": 6588,
    "optimal_tour": [
        40,
        8,
        5,
        20,
        36,
        10,
        30,
        39,
        4,
        18,
        7,
        26,
        28,
        24,
        25,
        12,
        15,
        27,
        22,
        29,
        16,
        9,
        38,
        31,
        17,
        1,
        3,
        23,
        19,
        37,
        6,
        34,
        14,
        21,
        35,
        11,
        33,
        2,
        13,
        32
    ],
    "optimal_solver": "lkh",
    "instance_file_path": "c:\\TSP_ND_ML_Project\\instances\\N40_D4_G1000_corr_4.json",
    "concorde_length": 6588,
    "concorde_time_s": 1.2278743000351824,
    "concorde_tour": [
        1,
        17,
        31,
        38,
        9,
        16,
        29,
        22,
        27,
        15,
        12,
        25,
        24,
        28,
        26,
        7,
        18,
        4,
        39,
        30,
        10,
        36,
        20,
        5,
        8,
        40,
        32,
        13,
        2,
        33,
        11,
        35,
        21,
        14,
        34,
        6,
        37,
        19,
        23,
        3
    ],
    "lkh_length": 6588,
    "lkh_time_s": 0.0633203000179492,
    "lkh_tour": [
        40,
        8,
        5,
        20,
        36,
        10,
        30,
        39,
        4,
        18,
        7,
        26,
        28,
        24,
        25,
        12,
        15,
        27,
        22,
        29,
        16,
        9,
        38,
        31,
        17,
        1,
        3,
        23,
        19,
        37,
        6,
        34,
        14,
        21,
        35,
        11,
        33,
        2,
        13,
        32
    ],
    "lkh_gap_pct": 0.0
}