{
    "instance_name": "N40_D3_G1000_grid_6",
    "n_customers": 40,
    "dimension": 3,
    "grid_size": 1000,
    "optimal_cost": 10402,
    "optimal_tour": [
        22,
        8,
        33,
        10,
        24,
        39,
        30,
        17,
        34,
        1,
        4,
        14,
        29,
        19,
        20,
        3,
        15,
        9,
        5,
        16,
        7,
        28,
        26,
        11,
        35,
        36,
        18,
        37,
        40,
        32,
        6,
        2,
        31,
        25,
        23,
        12,
        21,
        13,
        38,
        27
    ],
    "optimal_solver": "lkh",
    "instance_file_path": "c:\\TSP_ND_ML_Project\\instances\\N40_D3_G1000_grid_6.json",
    "concorde_length": 10402,
    "concorde_time_s": 1.1144223000155762,
    "concorde_tour": [
        1,
        34,
        17,
        30,
        39,
        24,
        10,
        33,
        8,
        22,
        27,
        38,
        13,
        21,
        12,
        23,
        25,
        31,
        2,
        6,
        32,
        40,
        37,
        18,
        36,
        35,
        11,
        26,
        28,
        7,
        16,
        5,
        9,
        15,
        3,
        20,
        19,
        29,
        14,
        4
    ],
    "lkh_length": 10402,
    "lkh_time_s": 0.049523099965881556,
    "lkh_tour": [
        22,
        8,
        33,
        10,
        24,
        39,
        30,
        17,
        34,
        1,
        4,
        14,
        29,
        19,
        20,
        3,
        15,
        9,
        5,
        16,
        7,
        28,
        26,
        11,
        35,
        36,
        18,
        37,
        40,
        32,
        6,
        2,
        31,
        25,
        23,
        12,
        21,
        13,
        38,
        27
    ],
    "lkh_gap_pct": 0.0
}