{
    "instance_name": "N40_D4_G1000_corr_6",
    "n_customers": 40,
    "dimension": 4,
    "grid_size": 1000,
    "optimal_cost": 6847,
    "optimal_tour": [
        15,
        24,
        10,
        13,
        36,
        6,
        3,
        31,
        30,
        7,
        38,
        35,
        20,
        9,
        23,
        34,
        22,
        16,
        5,
        19,
        39,
        32,
        1,
        4,
        26,
        21,
        17,
        28,
        18,
        8,
        40,
        29,
        14,
        33,
        12,
        11,
        25,
        37,
        27,
        2
    ],
    "optimal_solver": "lkh",
    "instance_file_path": "c:\\TSP_ND_ML_Project\\instances\\N40_D4_G1000_corr_6.json",
    "concorde_length": 6847,
    "concorde_time_s": 0.7554713999852538,
    "concorde_tour": [
        1,
        32,
        39,
        19,
        5,
        16,
        22,
        34,
        23,
        9,
        20,
        35,
        38,
        7,
        30,
        31,
        3,
        6,
        36,
        13,
        10,
        24,
        15,
        2,
        27,
        37,
        25,
        11,
        12,
        33,
        14,
        29,
        40,
        8,
        18,
        28,
        17,
        21,
        26,
        4
    ],
    "lkh_length": 6847,
    "lkh_time_s": 0.07280389999505132,
    "lkh_tour": [
        15,
        24,
        10,
        13,
        36,
        6,
        3,
        31,
        30,
        7,
        38,
        35,
        20,
        9,
        23,
        34,
        22,
        16,
        5,
        19,
        39,
        32,
        1,
        4,
        26,
        21,
        17,
        28,
        18,
        8,
        40,
        29,
        14,
        33,
        12,
        11,
        25,
        37,
        27,
        2
    ],
    "lkh_gap_pct": 0.0
}