{
    "instance_name": "N40_D3_G100_corr_15",
    "n_customers": 40,
    "dimension": 3,
    "grid_size": 100,
    "optimal_cost": 466,
    "optimal_tour": [
        22,
        11,
        31,
        34,
        1,
        25,
        35,
        15,
        12,
        16,
        24,
        6,
        29,
        28,
        40,
        36,
        38,
        33,
        37,
        9,
        30,
        10,
        18,
        8,
        2,
        5,
        21,
        14,
        27,
        13,
        32,
        7,
        26,
        17,
        23,
        20,
        39,
        4,
        19,
        3
    ],
    "optimal_solver": "lkh",
    "instance_file_path": "c:\\TSP_ND_ML_Project\\instances\\N40_D3_G100_corr_15.json",
    "concorde_length": 466,
    "concorde_time_s": 1.1021805999916978,
    "concorde_tour": [
        1,
        25,
        35,
        15,
        12,
        16,
        24,
        6,
        29,
        28,
        40,
        36,
        38,
        33,
        23,
        37,
        9,
        30,
        10,
        18,
        8,
        2,
        5,
        21,
        14,
        27,
        13,
        32,
        7,
        26,
        17,
        20,
        39,
        19,
        4,
        3,
        22,
        11,
        31,
        34
    ],
    "lkh_length": 466,
    "lkh_time_s": 0.23357490001944825,
    "lkh_tour": [
        22,
        11,
        31,
        34,
        1,
        25,
        35,
        15,
        12,
        16,
        24,
        6,
        29,
        28,
        40,
        36,
        38,
        33,
        37,
        9,
        30,
        10,
        18,
        8,
        2,
        5,
        21,
        14,
        27,
        13,
        32,
        7,
        26,
        17,
        23,
        20,
        39,
        4,
        19,
        3
    ],
    "lkh_gap_pct": 0.0
}