{
    "instance_name": "N40_D5_G10000_corn_4",
    "n_customers": 40,
    "dimension": 5,
    "grid_size": 10000,
    "optimal_cost": 227595,
    "optimal_tour": [
        20,
        28,
        3,
        9,
        15,
        34,
        23,
        30,
        18,
        25,
        4,
        16,
        33,
        27,
        38,
        12,
        31,
        6,
        13,
        21,
        37,
        35,
        32,
        17,
        14,
        19,
        29,
        26,
        2,
        24,
        40,
        36,
        7,
        5,
        22,
        39,
        1,
        10,
        11,
        8
    ],
    "optimal_solver": "lkh",
    "instance_file_path": "c:\\TSP_ND_ML_Project\\instances\\N40_D5_G10000_corn_4.json",
    "concorde_length": 227595,
    "concorde_time_s": 1.358256799983792,
    "concorde_tour": [
        1,
        10,
        11,
        8,
        20,
        28,
        3,
        9,
        15,
        34,
        23,
        30,
        18,
        25,
        4,
        16,
        33,
        27,
        38,
        12,
        31,
        6,
        13,
        21,
        37,
        35,
        32,
        17,
        14,
        19,
        29,
        26,
        2,
        24,
        40,
        36,
        7,
        5,
        22,
        39
    ],
    "lkh_length": 227595,
    "lkh_time_s": 0.0542029999778606,
    "lkh_tour": [
        20,
        28,
        3,
        9,
        15,
        34,
        23,
        30,
        18,
        25,
        4,
        16,
        33,
        27,
        38,
        12,
        31,
        6,
        13,
        21,
        37,
        35,
        32,
        17,
        14,
        19,
        29,
        26,
        2,
        24,
        40,
        36,
        7,
        5,
        22,
        39,
        1,
        10,
        11,
        8
    ],
    "lkh_gap_pct": 0.0
}