{
    "instance_name": "N40_D5_G10000_clus_12",
    "n_customers": 40,
    "dimension": 5,
    "grid_size": 10000,
    "optimal_cost": 59982,
    "optimal_tour": [
        40,
        27,
        39,
        11,
        15,
        24,
        14,
        23,
        13,
        2,
        26,
        10,
        5,
        33,
        37,
        31,
        9,
        17,
        38,
        4,
        29,
        16,
        30,
        6,
        18,
        34,
        35,
        19,
        32,
        28,
        1,
        8,
        3,
        20,
        7,
        21,
        36,
        12,
        22,
        25
    ],
    "optimal_solver": "lkh",
    "instance_file_path": "c:\\TSP_ND_ML_Project\\instances\\N40_D5_G10000_clus_12.json",
    "concorde_length": 59982,
    "concorde_time_s": 1.2241650999640115,
    "concorde_tour": [
        1,
        8,
        3,
        20,
        7,
        21,
        36,
        12,
        22,
        25,
        40,
        27,
        39,
        11,
        15,
        24,
        14,
        23,
        13,
        2,
        26,
        10,
        5,
        33,
        37,
        31,
        9,
        17,
        38,
        4,
        29,
        16,
        30,
        6,
        18,
        34,
        35,
        19,
        32,
        28
    ],
    "lkh_length": 59982,
    "lkh_time_s": 0.09746339998673648,
    "lkh_tour": [
        40,
        27,
        39,
        11,
        15,
        24,
        14,
        23,
        13,
        2,
        26,
        10,
        5,
        33,
        37,
        31,
        9,
        17,
        38,
        4,
        29,
        16,
        30,
        6,
        18,
        34,
        35,
        19,
        32,
        28,
        1,
        8,
        3,
        20,
        7,
        21,
        36,
        12,
        22,
        25
    ],
    "lkh_gap_pct": 0.0
}