{
    "instance_name": "N40_D5_G10000_clus_6",
    "n_customers": 40,
    "dimension": 5,
    "grid_size": 10000,
    "optimal_cost": 67210,
    "optimal_tour": [
        16,
        40,
        20,
        13,
        39,
        18,
        29,
        31,
        12,
        14,
        1,
        2,
        32,
        38,
        24,
        5,
        36,
        10,
        21,
        37,
        11,
        25,
        3,
        23,
        4,
        22,
        6,
        27,
        28,
        33,
        30,
        19,
        17,
        35,
        9,
        8,
        34,
        26,
        7,
        15
    ],
    "optimal_solver": "lkh",
    "instance_file_path": "c:\\TSP_ND_ML_Project\\instances\\N40_D5_G10000_clus_6.json",
    "concorde_length": 67210,
    "concorde_time_s": 1.5878237999859266,
    "concorde_tour": [
        1,
        14,
        12,
        31,
        29,
        18,
        39,
        13,
        20,
        40,
        16,
        15,
        7,
        26,
        34,
        8,
        9,
        35,
        17,
        19,
        30,
        33,
        28,
        27,
        6,
        22,
        4,
        23,
        3,
        25,
        11,
        37,
        21,
        10,
        36,
        5,
        24,
        38,
        32,
        2
    ],
    "lkh_length": 67210,
    "lkh_time_s": 0.08145309996325523,
    "lkh_tour": [
        16,
        40,
        20,
        13,
        39,
        18,
        29,
        31,
        12,
        14,
        1,
        2,
        32,
        38,
        24,
        5,
        36,
        10,
        21,
        37,
        11,
        25,
        3,
        23,
        4,
        22,
        6,
        27,
        28,
        33,
        30,
        19,
        17,
        35,
        9,
        8,
        34,
        26,
        7,
        15
    ],
    "lkh_gap_pct": 0.0
}