{
    "instance_name": "N40_D5_G100_norm_12",
    "n_customers": 40,
    "dimension": 5,
    "grid_size": 100,
    "optimal_cost": 1018,
    "optimal_tour": [
        38,
        1,
        22,
        14,
        12,
        30,
        20,
        25,
        19,
        4,
        27,
        35,
        21,
        15,
        10,
        29,
        24,
        28,
        6,
        32,
        7,
        33,
        40,
        17,
        13,
        11,
        16,
        2,
        37,
        9,
        31,
        3,
        36,
        39,
        34,
        26,
        8,
        5,
        23,
        18
    ],
    "optimal_solver": "lkh",
    "instance_file_path": "c:\\TSP_ND_ML_Project\\instances\\N40_D5_G100_norm_12.json",
    "concorde_length": 1018,
    "concorde_time_s": 1.2919774999609217,
    "concorde_tour": [
        1,
        38,
        23,
        18,
        24,
        28,
        6,
        5,
        8,
        26,
        34,
        39,
        36,
        3,
        31,
        9,
        37,
        2,
        16,
        11,
        13,
        17,
        40,
        33,
        7,
        32,
        15,
        21,
        10,
        29,
        35,
        27,
        4,
        19,
        25,
        20,
        30,
        12,
        14,
        22
    ],
    "lkh_length": 1018,
    "lkh_time_s": 0.09804950002580881,
    "lkh_tour": [
        38,
        1,
        22,
        14,
        12,
        30,
        20,
        25,
        19,
        4,
        27,
        35,
        21,
        15,
        10,
        29,
        24,
        28,
        6,
        32,
        7,
        33,
        40,
        17,
        13,
        11,
        16,
        2,
        37,
        9,
        31,
        3,
        36,
        39,
        34,
        26,
        8,
        5,
        23,
        18
    ],
    "lkh_gap_pct": 0.0
}