{
    "instance_name": "N40_D5_G10000_tria_7",
    "n_customers": 40,
    "dimension": 5,
    "grid_size": 10000,
    "optimal_cost": 205890,
    "optimal_tour": [
        4,
        21,
        23,
        3,
        17,
        15,
        7,
        2,
        12,
        39,
        6,
        33,
        32,
        27,
        34,
        18,
        40,
        13,
        28,
        11,
        8,
        37,
        22,
        26,
        38,
        19,
        36,
        25,
        20,
        31,
        1,
        9,
        5,
        10,
        24,
        29,
        16,
        30,
        14,
        35
    ],
    "optimal_solver": "lkh",
    "instance_file_path": "c:\\TSP_ND_ML_Project\\instances\\N40_D5_G10000_tria_7.json",
    "concorde_length": 205890,
    "concorde_time_s": 0.9306311999680474,
    "concorde_tour": [
        1,
        9,
        5,
        10,
        24,
        29,
        16,
        30,
        14,
        35,
        4,
        21,
        23,
        3,
        17,
        15,
        7,
        2,
        12,
        39,
        6,
        33,
        32,
        27,
        34,
        18,
        40,
        13,
        28,
        11,
        8,
        37,
        22,
        26,
        38,
        19,
        36,
        25,
        20,
        31
    ],
    "lkh_length": 205890,
    "lkh_time_s": 0.0646785999997519,
    "lkh_tour": [
        4,
        21,
        23,
        3,
        17,
        15,
        7,
        2,
        12,
        39,
        6,
        33,
        32,
        27,
        34,
        18,
        40,
        13,
        28,
        11,
        8,
        37,
        22,
        26,
        38,
        19,
        36,
        25,
        20,
        31,
        1,
        9,
        5,
        10,
        24,
        29,
        16,
        30,
        14,
        35
    ],
    "lkh_gap_pct": 0.0
}