{
    "instance_name": "N40_D4_G1000_grid_17",
    "n_customers": 40,
    "dimension": 4,
    "grid_size": 1000,
    "optimal_cost": 14394,
    "optimal_tour": [
        5,
        18,
        4,
        23,
        2,
        26,
        9,
        21,
        12,
        17,
        1,
        11,
        25,
        13,
        24,
        10,
        40,
        32,
        6,
        29,
        37,
        20,
        39,
        35,
        22,
        14,
        33,
        16,
        27,
        19,
        7,
        38,
        34,
        36,
        28,
        8,
        31,
        3,
        30,
        15
    ],
    "optimal_solver": "lkh",
    "instance_file_path": "c:\\TSP_ND_ML_Project\\instances\\N40_D4_G1000_grid_17.json",
    "concorde_length": 14394,
    "concorde_time_s": 0.9262840999872424,
    "concorde_tour": [
        1,
        11,
        25,
        13,
        24,
        10,
        40,
        32,
        6,
        29,
        37,
        20,
        39,
        35,
        22,
        14,
        33,
        16,
        27,
        19,
        7,
        38,
        34,
        36,
        28,
        8,
        31,
        3,
        30,
        15,
        5,
        18,
        4,
        23,
        2,
        26,
        9,
        21,
        12,
        17
    ],
    "lkh_length": 14394,
    "lkh_time_s": 0.04931229999056086,
    "lkh_tour": [
        5,
        18,
        4,
        23,
        2,
        26,
        9,
        21,
        12,
        17,
        1,
        11,
        25,
        13,
        24,
        10,
        40,
        32,
        6,
        29,
        37,
        20,
        39,
        35,
        22,
        14,
        33,
        16,
        27,
        19,
        7,
        38,
        34,
        36,
        28,
        8,
        31,
        3,
        30,
        15
    ],
    "lkh_gap_pct": 0.0
}