{
    "instance_name": "N40_D2_G1000_pow_19",
    "n_customers": 40,
    "dimension": 2,
    "grid_size": 1000,
    "optimal_cost": 4000,
    "optimal_tour": [
        1,
        9,
        24,
        5,
        25,
        13,
        26,
        30,
        28,
        7,
        17,
        36,
        21,
        6,
        34,
        12,
        33,
        35,
        14,
        8,
        16,
        19,
        23,
        20,
        40,
        4,
        11,
        18,
        3,
        39,
        15,
        29,
        37,
        32,
        10,
        27,
        38,
        31,
        2,
        22
    ],
    "optimal_solver": "lkh",
    "instance_file_path": "c:\\TSP_ND_ML_Project\\instances\\N40_D2_G1000_pow_19.json",
    "concorde_length": 4000,
    "concorde_time_s": 1.5543097000045236,
    "concorde_tour": [
        1,
        5,
        6,
        14,
        7,
        17,
        30,
        35,
        36,
        33,
        28,
        34,
        21,
        12,
        23,
        16,
        4,
        3,
        8,
        18,
        20,
        40,
        19,
        11,
        38,
        31,
        10,
        15,
        32,
        27,
        37,
        29,
        39,
        22,
        2,
        26,
        25,
        24,
        13,
        9
    ],
    "lkh_length": 4000,
    "lkh_time_s": 1.386116800014861,
    "lkh_tour": [
        1,
        9,
        24,
        5,
        25,
        13,
        26,
        30,
        28,
        7,
        17,
        36,
        21,
        6,
        34,
        12,
        33,
        35,
        14,
        8,
        16,
        19,
        23,
        20,
        40,
        4,
        11,
        18,
        3,
        39,
        15,
        29,
        37,
        32,
        10,
        27,
        38,
        31,
        2,
        22
    ],
    "lkh_gap_pct": 0.0
}