{
    "instance_name": "N40_D4_G100_pow_13",
    "n_customers": 40,
    "dimension": 4,
    "grid_size": 100,
    "optimal_cost": 1541,
    "optimal_tour": [
        17,
        24,
        33,
        16,
        26,
        20,
        10,
        36,
        30,
        1,
        25,
        5,
        27,
        15,
        35,
        9,
        12,
        23,
        6,
        18,
        39,
        7,
        19,
        13,
        34,
        40,
        14,
        4,
        21,
        3,
        38,
        32,
        11,
        28,
        8,
        22,
        37,
        29,
        31,
        2
    ],
    "optimal_solver": "lkh",
    "instance_file_path": "c:\\TSP_ND_ML_Project\\instances\\N40_D4_G100_pow_13.json",
    "concorde_length": 1541,
    "concorde_time_s": 0.869473900005687,
    "concorde_tour": [
        1,
        5,
        25,
        27,
        22,
        8,
        11,
        32,
        28,
        38,
        26,
        16,
        20,
        33,
        40,
        14,
        4,
        21,
        3,
        13,
        34,
        23,
        9,
        15,
        35,
        12,
        19,
        7,
        18,
        39,
        6,
        37,
        29,
        24,
        31,
        17,
        2,
        10,
        36,
        30
    ],
    "lkh_length": 1541,
    "lkh_time_s": 1.3123115999624133,
    "lkh_tour": [
        17,
        24,
        33,
        16,
        26,
        20,
        10,
        36,
        30,
        1,
        25,
        5,
        27,
        15,
        35,
        9,
        12,
        23,
        6,
        18,
        39,
        7,
        19,
        13,
        34,
        40,
        14,
        4,
        21,
        3,
        38,
        32,
        11,
        28,
        8,
        22,
        37,
        29,
        31,
        2
    ],
    "lkh_gap_pct": 0.0
}