{
    "instance_name": "N40_D2_G10000_grid_15",
    "n_customers": 40,
    "dimension": 2,
    "grid_size": 10000,
    "optimal_cost": 53295,
    "optimal_tour": [
        28,
        24,
        18,
        32,
        38,
        25,
        14,
        3,
        6,
        8,
        23,
        40,
        26,
        27,
        16,
        9,
        12,
        5,
        37,
        19,
        29,
        2,
        11,
        15,
        33,
        13,
        21,
        36,
        7,
        39,
        1,
        22,
        31,
        34,
        35,
        30,
        20,
        17,
        10,
        4
    ],
    "optimal_solver": "lkh",
    "instance_file_path": "c:\\TSP_ND_ML_Project\\instances\\N40_D2_G10000_grid_15.json",
    "concorde_length": 53295,
    "concorde_time_s": 1.0639674999983981,
    "concorde_tour": [
        1,
        39,
        7,
        36,
        21,
        13,
        33,
        15,
        11,
        2,
        29,
        19,
        37,
        5,
        12,
        9,
        16,
        27,
        26,
        40,
        23,
        8,
        6,
        3,
        14,
        25,
        38,
        32,
        18,
        24,
        28,
        4,
        10,
        17,
        20,
        30,
        35,
        34,
        31,
        22
    ],
    "lkh_length": 53295,
    "lkh_time_s": 0.09157659998163581,
    "lkh_tour": [
        28,
        24,
        18,
        32,
        38,
        25,
        14,
        3,
        6,
        8,
        23,
        40,
        26,
        27,
        16,
        9,
        12,
        5,
        37,
        19,
        29,
        2,
        11,
        15,
        33,
        13,
        21,
        36,
        7,
        39,
        1,
        22,
        31,
        34,
        35,
        30,
        20,
        17,
        10,
        4
    ],
    "lkh_gap_pct": 0.0
}