{
    "instance_name": "N40_D3_G100_ring_8",
    "n_customers": 40,
    "dimension": 3,
    "grid_size": 100,
    "optimal_cost": 574,
    "optimal_tour": [
        24,
        38,
        12,
        31,
        8,
        40,
        3,
        10,
        18,
        27,
        33,
        36,
        22,
        19,
        29,
        15,
        37,
        23,
        28,
        9,
        14,
        13,
        35,
        1,
        21,
        4,
        16,
        30,
        6,
        2,
        20,
        32,
        26,
        5,
        17,
        34,
        11,
        7,
        25,
        39
    ],
    "optimal_solver": "lkh",
    "instance_file_path": "c:\\TSP_ND_ML_Project\\instances\\N40_D3_G100_ring_8.json",
    "concorde_length": 574,
    "concorde_time_s": 1.0187997000175528,
    "concorde_tour": [
        1,
        35,
        13,
        14,
        9,
        28,
        23,
        37,
        15,
        29,
        19,
        22,
        36,
        33,
        27,
        18,
        10,
        3,
        40,
        8,
        31,
        38,
        12,
        24,
        39,
        25,
        7,
        11,
        34,
        17,
        5,
        26,
        32,
        20,
        2,
        6,
        30,
        16,
        4,
        21
    ],
    "lkh_length": 574,
    "lkh_time_s": 0.08843699999852106,
    "lkh_tour": [
        24,
        38,
        12,
        31,
        8,
        40,
        3,
        10,
        18,
        27,
        33,
        36,
        22,
        19,
        29,
        15,
        37,
        23,
        28,
        9,
        14,
        13,
        35,
        1,
        21,
        4,
        16,
        30,
        6,
        2,
        20,
        32,
        26,
        5,
        17,
        34,
        11,
        7,
        25,
        39
    ],
    "lkh_gap_pct": 0.0
}