{
    "instance_name": "N40_D4_G100_norm_20",
    "n_customers": 40,
    "dimension": 4,
    "grid_size": 100,
    "optimal_cost": 891,
    "optimal_tour": [
        4,
        21,
        31,
        19,
        13,
        32,
        40,
        35,
        20,
        16,
        27,
        2,
        34,
        6,
        8,
        30,
        24,
        28,
        39,
        33,
        25,
        9,
        23,
        29,
        26,
        12,
        22,
        18,
        15,
        10,
        3,
        38,
        1,
        36,
        11,
        17,
        37,
        14,
        5,
        7
    ],
    "optimal_solver": "lkh",
    "instance_file_path": "c:\\TSP_ND_ML_Project\\instances\\N40_D4_G100_norm_20.json",
    "concorde_length": 891,
    "concorde_time_s": 0.7743545999983326,
    "concorde_tour": [
        1,
        36,
        11,
        17,
        37,
        14,
        5,
        7,
        4,
        21,
        31,
        19,
        13,
        32,
        40,
        35,
        20,
        16,
        27,
        2,
        34,
        6,
        8,
        30,
        24,
        28,
        39,
        33,
        25,
        9,
        23,
        29,
        26,
        12,
        22,
        18,
        15,
        10,
        3,
        38
    ],
    "lkh_length": 891,
    "lkh_time_s": 0.08765919995494187,
    "lkh_tour": [
        4,
        21,
        31,
        19,
        13,
        32,
        40,
        35,
        20,
        16,
        27,
        2,
        34,
        6,
        8,
        30,
        24,
        28,
        39,
        33,
        25,
        9,
        23,
        29,
        26,
        12,
        22,
        18,
        15,
        10,
        3,
        38,
        1,
        36,
        11,
        17,
        37,
        14,
        5,
        7
    ],
    "lkh_gap_pct": 0.0
}