{
    "instance_name": "N40_D5_G1000_grid_15",
    "n_customers": 40,
    "dimension": 5,
    "grid_size": 1000,
    "optimal_cost": 17318,
    "optimal_tour": [
        32,
        5,
        35,
        30,
        38,
        23,
        2,
        6,
        17,
        31,
        26,
        7,
        29,
        34,
        15,
        10,
        4,
        11,
        25,
        33,
        18,
        16,
        27,
        8,
        36,
        12,
        13,
        14,
        40,
        39,
        28,
        20,
        24,
        37,
        1,
        3,
        22,
        9,
        19,
        21
    ],
    "optimal_solver": "lkh",
    "instance_file_path": "c:\\TSP_ND_ML_Project\\instances\\N40_D5_G1000_grid_15.json",
    "concorde_length": 17318,
    "concorde_time_s": 1.3228690000250936,
    "concorde_tour": [
        1,
        3,
        22,
        9,
        19,
        21,
        32,
        5,
        35,
        30,
        38,
        23,
        2,
        6,
        17,
        31,
        26,
        7,
        29,
        34,
        15,
        10,
        4,
        11,
        25,
        33,
        18,
        16,
        27,
        8,
        36,
        12,
        13,
        14,
        40,
        39,
        28,
        20,
        24,
        37
    ],
    "lkh_length": 17318,
    "lkh_time_s": 0.11061759997392073,
    "lkh_tour": [
        32,
        5,
        35,
        30,
        38,
        23,
        2,
        6,
        17,
        31,
        26,
        7,
        29,
        34,
        15,
        10,
        4,
        11,
        25,
        33,
        18,
        16,
        27,
        8,
        36,
        12,
        13,
        14,
        40,
        39,
        28,
        20,
        24,
        37,
        1,
        3,
        22,
        9,
        19,
        21
    ],
    "lkh_gap_pct": 0.0
}