{
    "instance_name": "N40_D2_G100_corn_19",
    "n_customers": 40,
    "dimension": 2,
    "grid_size": 100,
    "optimal_cost": 406,
    "optimal_tour": [
        2,
        34,
        14,
        16,
        8,
        3,
        17,
        12,
        32,
        38,
        24,
        33,
        23,
        1,
        19,
        27,
        18,
        20,
        11,
        21,
        15,
        6,
        25,
        35,
        29,
        26,
        22,
        5,
        28,
        31,
        13,
        4,
        7,
        40,
        39,
        10,
        30,
        9,
        36,
        37
    ],
    "optimal_solver": "lkh",
    "instance_file_path": "c:\\TSP_ND_ML_Project\\instances\\N40_D2_G100_corn_19.json",
    "concorde_length": 406,
    "concorde_time_s": 1.0120548999984749,
    "concorde_tour": [
        1,
        23,
        32,
        12,
        17,
        8,
        3,
        16,
        14,
        34,
        2,
        37,
        36,
        9,
        30,
        40,
        39,
        10,
        7,
        4,
        31,
        26,
        29,
        22,
        5,
        28,
        35,
        25,
        6,
        13,
        15,
        21,
        11,
        18,
        20,
        27,
        19,
        38,
        24,
        33
    ],
    "lkh_length": 406,
    "lkh_time_s": 1.5291046999918763,
    "lkh_tour": [
        2,
        34,
        14,
        16,
        8,
        3,
        17,
        12,
        32,
        38,
        24,
        33,
        23,
        1,
        19,
        27,
        18,
        20,
        11,
        21,
        15,
        6,
        25,
        35,
        29,
        26,
        22,
        5,
        28,
        31,
        13,
        4,
        7,
        40,
        39,
        10,
        30,
        9,
        36,
        37
    ],
    "lkh_gap_pct": 0.0
}