{
    "instance_name": "N40_D4_G10000_corn_14",
    "n_customers": 40,
    "dimension": 4,
    "grid_size": 10000,
    "optimal_cost": 154121,
    "optimal_tour": [
        3,
        40,
        17,
        31,
        35,
        5,
        6,
        2,
        28,
        25,
        13,
        14,
        33,
        11,
        1,
        4,
        38,
        32,
        19,
        10,
        36,
        24,
        20,
        23,
        37,
        26,
        30,
        9,
        27,
        15,
        12,
        18,
        16,
        39,
        7,
        29,
        34,
        22,
        21,
        8
    ],
    "optimal_solver": "lkh",
    "instance_file_path": "c:\\TSP_ND_ML_Project\\instances\\N40_D4_G10000_corn_14.json",
    "concorde_length": 154121,
    "concorde_time_s": 0.7600171999656595,
    "concorde_tour": [
        1,
        4,
        38,
        32,
        19,
        10,
        36,
        24,
        20,
        23,
        37,
        26,
        30,
        9,
        27,
        15,
        12,
        18,
        16,
        39,
        7,
        29,
        34,
        22,
        21,
        8,
        3,
        40,
        17,
        31,
        35,
        5,
        6,
        2,
        28,
        25,
        13,
        14,
        33,
        11
    ],
    "lkh_length": 154121,
    "lkh_time_s": 0.1040583000285551,
    "lkh_tour": [
        3,
        40,
        17,
        31,
        35,
        5,
        6,
        2,
        28,
        25,
        13,
        14,
        33,
        11,
        1,
        4,
        38,
        32,
        19,
        10,
        36,
        24,
        20,
        23,
        37,
        26,
        30,
        9,
        27,
        15,
        12,
        18,
        16,
        39,
        7,
        29,
        34,
        22,
        21,
        8
    ],
    "lkh_gap_pct": 0.0
}