{
    "instance_name": "N40_D2_G1000_clus_3",
    "n_customers": 40,
    "dimension": 2,
    "grid_size": 1000,
    "optimal_cost": 1330,
    "optimal_tour": [
        9,
        34,
        25,
        6,
        35,
        38,
        32,
        7,
        27,
        19,
        31,
        39,
        30,
        28,
        4,
        12,
        14,
        29,
        1,
        20,
        24,
        10,
        22,
        37,
        3,
        13,
        21,
        8,
        15,
        23,
        5,
        16,
        17,
        36,
        2,
        18,
        11,
        33,
        26,
        40
    ],
    "optimal_solver": "lkh",
    "instance_file_path": "c:\\TSP_ND_ML_Project\\instances\\N40_D2_G1000_clus_3.json",
    "concorde_length": 1330,
    "concorde_time_s": 0.5521540000045206,
    "concorde_tour": [
        1,
        29,
        14,
        12,
        4,
        28,
        30,
        39,
        31,
        19,
        27,
        7,
        32,
        38,
        35,
        6,
        25,
        34,
        9,
        40,
        26,
        33,
        11,
        18,
        2,
        36,
        17,
        16,
        5,
        23,
        15,
        8,
        21,
        13,
        3,
        37,
        22,
        10,
        24,
        20
    ],
    "lkh_length": 1330,
    "lkh_time_s": 0.24497470000642352,
    "lkh_tour": [
        9,
        34,
        25,
        6,
        35,
        38,
        32,
        7,
        27,
        19,
        31,
        39,
        30,
        28,
        4,
        12,
        14,
        29,
        1,
        20,
        24,
        10,
        22,
        37,
        3,
        13,
        21,
        8,
        15,
        23,
        5,
        16,
        17,
        36,
        2,
        18,
        11,
        33,
        26,
        40
    ],
    "lkh_gap_pct": 0.0
}