{
    "instance_name": "N40_D4_G1000_corn_7",
    "n_customers": 40,
    "dimension": 4,
    "grid_size": 1000,
    "optimal_cost": 14934,
    "optimal_tour": [
        18,
        10,
        25,
        8,
        38,
        22,
        35,
        20,
        13,
        7,
        39,
        17,
        19,
        28,
        33,
        14,
        3,
        27,
        40,
        34,
        5,
        26,
        12,
        16,
        21,
        9,
        31,
        4,
        29,
        30,
        6,
        23,
        1,
        2,
        32,
        37,
        36,
        15,
        11,
        24
    ],
    "optimal_solver": "lkh",
    "instance_file_path": "c:\\TSP_ND_ML_Project\\instances\\N40_D4_G1000_corn_7.json",
    "concorde_length": 14934,
    "concorde_time_s": 1.619141099974513,
    "concorde_tour": [
        1,
        2,
        37,
        32,
        36,
        15,
        11,
        24,
        18,
        10,
        25,
        8,
        38,
        22,
        35,
        20,
        13,
        39,
        7,
        5,
        26,
        12,
        16,
        21,
        31,
        9,
        14,
        33,
        28,
        19,
        17,
        3,
        27,
        40,
        34,
        29,
        30,
        4,
        6,
        23
    ],
    "lkh_length": 14934,
    "lkh_time_s": 0.15086599998176098,
    "lkh_tour": [
        18,
        10,
        25,
        8,
        38,
        22,
        35,
        20,
        13,
        7,
        39,
        17,
        19,
        28,
        33,
        14,
        3,
        27,
        40,
        34,
        5,
        26,
        12,
        16,
        21,
        9,
        31,
        4,
        29,
        30,
        6,
        23,
        1,
        2,
        32,
        37,
        36,
        15,
        11,
        24
    ],
    "lkh_gap_pct": 0.0
}