{
    "instance_name": "N40_D2_G10000_corn_20",
    "n_customers": 40,
    "dimension": 2,
    "grid_size": 10000,
    "optimal_cost": 40503,
    "optimal_tour": [
        15,
        11,
        34,
        19,
        40,
        33,
        20,
        10,
        14,
        16,
        2,
        30,
        24,
        7,
        17,
        23,
        5,
        32,
        39,
        18,
        26,
        31,
        38,
        27,
        35,
        1,
        22,
        37,
        25,
        29,
        12,
        28,
        21,
        6,
        8,
        3,
        13,
        36,
        9,
        4
    ],
    "optimal_solver": "lkh",
    "instance_file_path": "c:\\TSP_ND_ML_Project\\instances\\N40_D2_G10000_corn_20.json",
    "concorde_length": 40503,
    "concorde_time_s": 1.0762681000051089,
    "concorde_tour": [
        1,
        35,
        27,
        38,
        31,
        26,
        18,
        39,
        32,
        5,
        23,
        17,
        7,
        24,
        30,
        2,
        16,
        14,
        20,
        10,
        33,
        40,
        19,
        34,
        11,
        15,
        4,
        9,
        36,
        13,
        3,
        8,
        6,
        21,
        28,
        12,
        29,
        25,
        37,
        22
    ],
    "lkh_length": 40503,
    "lkh_time_s": 0.43901000000187196,
    "lkh_tour": [
        15,
        11,
        34,
        19,
        40,
        33,
        20,
        10,
        14,
        16,
        2,
        30,
        24,
        7,
        17,
        23,
        5,
        32,
        39,
        18,
        26,
        31,
        38,
        27,
        35,
        1,
        22,
        37,
        25,
        29,
        12,
        28,
        21,
        6,
        8,
        3,
        13,
        36,
        9,
        4
    ],
    "lkh_gap_pct": 0.0
}