{
    "instance_name": "N40_D3_G1000_corn_1",
    "n_customers": 40,
    "dimension": 3,
    "grid_size": 1000,
    "optimal_cost": 8141,
    "optimal_tour": [
        6,
        9,
        26,
        14,
        31,
        24,
        30,
        5,
        28,
        11,
        1,
        2,
        20,
        39,
        38,
        13,
        27,
        40,
        19,
        25,
        34,
        29,
        7,
        21,
        10,
        12,
        15,
        16,
        36,
        32,
        22,
        18,
        33,
        17,
        3,
        4,
        35,
        37,
        8,
        23
    ],
    "optimal_solver": "lkh",
    "instance_file_path": "c:\\TSP_ND_ML_Project\\instances\\N40_D3_G1000_corn_1.json",
    "concorde_length": 8141,
    "concorde_time_s": 1.45549399999436,
    "concorde_tour": [
        1,
        39,
        2,
        20,
        38,
        13,
        27,
        40,
        25,
        19,
        34,
        29,
        7,
        21,
        12,
        10,
        15,
        16,
        36,
        32,
        22,
        18,
        17,
        33,
        3,
        4,
        35,
        37,
        8,
        23,
        6,
        9,
        26,
        14,
        31,
        24,
        30,
        5,
        28,
        11
    ],
    "lkh_length": 8141,
    "lkh_time_s": 0.18821270001353696,
    "lkh_tour": [
        6,
        9,
        26,
        14,
        31,
        24,
        30,
        5,
        28,
        11,
        1,
        2,
        20,
        39,
        38,
        13,
        27,
        40,
        19,
        25,
        34,
        29,
        7,
        21,
        10,
        12,
        15,
        16,
        36,
        32,
        22,
        18,
        33,
        17,
        3,
        4,
        35,
        37,
        8,
        23
    ],
    "lkh_gap_pct": 0.0
}