{
    "instance_name": "N40_D3_G1000_ring_7",
    "n_customers": 40,
    "dimension": 3,
    "grid_size": 1000,
    "optimal_cost": 5849,
    "optimal_tour": [
        29,
        14,
        33,
        7,
        38,
        10,
        12,
        30,
        28,
        6,
        13,
        25,
        39,
        1,
        20,
        31,
        3,
        27,
        9,
        11,
        37,
        16,
        34,
        36,
        8,
        15,
        19,
        24,
        5,
        23,
        22,
        40,
        18,
        2,
        26,
        4,
        32,
        35,
        17,
        21
    ],
    "optimal_solver": "lkh",
    "instance_file_path": "c:\\TSP_ND_ML_Project\\instances\\N40_D3_G1000_ring_7.json",
    "concorde_length": 5849,
    "concorde_time_s": 1.082255300018005,
    "concorde_tour": [
        1,
        20,
        31,
        3,
        27,
        9,
        11,
        37,
        16,
        34,
        36,
        8,
        15,
        19,
        24,
        5,
        23,
        22,
        40,
        18,
        2,
        26,
        4,
        32,
        35,
        17,
        21,
        29,
        14,
        33,
        7,
        38,
        10,
        12,
        30,
        28,
        6,
        13,
        25,
        39
    ],
    "lkh_length": 5849,
    "lkh_time_s": 0.04565109999384731,
    "lkh_tour": [
        29,
        14,
        33,
        7,
        38,
        10,
        12,
        30,
        28,
        6,
        13,
        25,
        39,
        1,
        20,
        31,
        3,
        27,
        9,
        11,
        37,
        16,
        34,
        36,
        8,
        15,
        19,
        24,
        5,
        23,
        22,
        40,
        18,
        2,
        26,
        4,
        32,
        35,
        17,
        21
    ],
    "lkh_gap_pct": 0.0
}