{
    "instance_name": "N40_D3_G1000_tria_18",
    "n_customers": 40,
    "dimension": 3,
    "grid_size": 1000,
    "optimal_cost": 9812,
    "optimal_tour": [
        13,
        37,
        32,
        34,
        35,
        7,
        2,
        20,
        9,
        27,
        38,
        23,
        22,
        28,
        30,
        11,
        24,
        1,
        19,
        29,
        4,
        18,
        25,
        31,
        14,
        17,
        3,
        15,
        33,
        40,
        10,
        39,
        36,
        5,
        21,
        26,
        12,
        16,
        8,
        6
    ],
    "optimal_solver": "lkh",
    "instance_file_path": "c:\\TSP_ND_ML_Project\\instances\\N40_D3_G1000_tria_18.json",
    "concorde_length": 9812,
    "concorde_time_s": 1.0170937000075355,
    "concorde_tour": [
        1,
        19,
        29,
        4,
        18,
        25,
        31,
        14,
        17,
        3,
        15,
        33,
        40,
        10,
        39,
        36,
        5,
        21,
        26,
        12,
        16,
        8,
        6,
        13,
        37,
        32,
        34,
        35,
        7,
        2,
        20,
        9,
        27,
        38,
        23,
        22,
        28,
        30,
        11,
        24
    ],
    "lkh_length": 9812,
    "lkh_time_s": 0.058289999957196414,
    "lkh_tour": [
        13,
        37,
        32,
        34,
        35,
        7,
        2,
        20,
        9,
        27,
        38,
        23,
        22,
        28,
        30,
        11,
        24,
        1,
        19,
        29,
        4,
        18,
        25,
        31,
        14,
        17,
        3,
        15,
        33,
        40,
        10,
        39,
        36,
        5,
        21,
        26,
        12,
        16,
        8,
        6
    ],
    "lkh_gap_pct": 0.0
}