{
    "instance_name": "N40_D2_G100_pow_16",
    "n_customers": 40,
    "dimension": 2,
    "grid_size": 100,
    "optimal_cost": 400,
    "optimal_tour": [
        23,
        30,
        6,
        5,
        38,
        37,
        28,
        15,
        27,
        3,
        19,
        39,
        11,
        36,
        31,
        34,
        2,
        10,
        20,
        9,
        25,
        18,
        26,
        8,
        16,
        32,
        4,
        7,
        17,
        40,
        13,
        24,
        33,
        1,
        12,
        14,
        21,
        29,
        22,
        35
    ],
    "optimal_solver": "lkh",
    "instance_file_path": "c:\\TSP_ND_ML_Project\\instances\\N40_D2_G100_pow_16.json",
    "concorde_length": 400,
    "concorde_time_s": 1.7622264999954496,
    "concorde_tour": [
        1,
        4,
        7,
        9,
        8,
        40,
        26,
        17,
        24,
        18,
        32,
        13,
        25,
        16,
        11,
        31,
        39,
        36,
        3,
        20,
        10,
        2,
        19,
        27,
        34,
        37,
        22,
        30,
        35,
        28,
        29,
        15,
        5,
        6,
        38,
        23,
        21,
        14,
        12,
        33
    ],
    "lkh_length": 400,
    "lkh_time_s": 1.809542999981204,
    "lkh_tour": [
        23,
        30,
        6,
        5,
        38,
        37,
        28,
        15,
        27,
        3,
        19,
        39,
        11,
        36,
        31,
        34,
        2,
        10,
        20,
        9,
        25,
        18,
        26,
        8,
        16,
        32,
        4,
        7,
        17,
        40,
        13,
        24,
        33,
        1,
        12,
        14,
        21,
        29,
        22,
        35
    ],
    "lkh_gap_pct": 0.0
}