{
    "instance_name": "N40_D2_G100_clus_19",
    "n_customers": 40,
    "dimension": 2,
    "grid_size": 100,
    "optimal_cost": 243,
    "optimal_tour": [
        16,
        28,
        35,
        29,
        7,
        20,
        40,
        36,
        24,
        32,
        34,
        11,
        13,
        6,
        31,
        14,
        17,
        21,
        23,
        38,
        12,
        15,
        27,
        1,
        19,
        10,
        3,
        9,
        22,
        8,
        2,
        25,
        37,
        18,
        33,
        5,
        39,
        30,
        4,
        26
    ],
    "optimal_solver": "lkh",
    "instance_file_path": "c:\\TSP_ND_ML_Project\\instances\\N40_D2_G100_clus_19.json",
    "concorde_length": 243,
    "concorde_time_s": 0.7041689000034239,
    "concorde_tour": [
        1,
        27,
        12,
        15,
        38,
        23,
        21,
        17,
        14,
        6,
        31,
        13,
        11,
        34,
        32,
        24,
        36,
        40,
        20,
        7,
        29,
        35,
        16,
        28,
        26,
        4,
        30,
        39,
        5,
        33,
        18,
        37,
        25,
        3,
        9,
        2,
        8,
        22,
        10,
        19
    ],
    "lkh_length": 243,
    "lkh_time_s": 0.24152109998976812,
    "lkh_tour": [
        16,
        28,
        35,
        29,
        7,
        20,
        40,
        36,
        24,
        32,
        34,
        11,
        13,
        6,
        31,
        14,
        17,
        21,
        23,
        38,
        12,
        15,
        27,
        1,
        19,
        10,
        3,
        9,
        22,
        8,
        2,
        25,
        37,
        18,
        33,
        5,
        39,
        30,
        4,
        26
    ],
    "lkh_gap_pct": 0.0
}