{
    "instance_name": "N40_D4_G10000_pow_3",
    "n_customers": 40,
    "dimension": 4,
    "grid_size": 10000,
    "optimal_cost": 160000,
    "optimal_tour": [
        13,
        27,
        11,
        24,
        10,
        12,
        2,
        9,
        18,
        31,
        30,
        32,
        6,
        39,
        1,
        19,
        23,
        38,
        7,
        34,
        37,
        29,
        36,
        26,
        33,
        4,
        14,
        5,
        28,
        40,
        3,
        15,
        25,
        35,
        16,
        22,
        8,
        20,
        17,
        21
    ],
    "optimal_solver": "lkh",
    "instance_file_path": "c:\\TSP_ND_ML_Project\\instances\\N40_D4_G10000_pow_3.json",
    "concorde_length": 160000,
    "concorde_time_s": 0.6384443000424653,
    "concorde_tour": [
        1,
        9,
        18,
        12,
        2,
        10,
        24,
        15,
        16,
        25,
        35,
        23,
        38,
        19,
        34,
        7,
        40,
        3,
        28,
        26,
        29,
        36,
        37,
        6,
        39,
        32,
        30,
        31,
        22,
        17,
        8,
        20,
        21,
        11,
        13,
        27,
        33,
        4,
        14,
        5
    ],
    "lkh_length": 160000,
    "lkh_time_s": 0.22376409999560565,
    "lkh_tour": [
        13,
        27,
        11,
        24,
        10,
        12,
        2,
        9,
        18,
        31,
        30,
        32,
        6,
        39,
        1,
        19,
        23,
        38,
        7,
        34,
        37,
        29,
        36,
        26,
        33,
        4,
        14,
        5,
        28,
        40,
        3,
        15,
        25,
        35,
        16,
        22,
        8,
        20,
        17,
        21
    ],
    "lkh_gap_pct": 0.0
}