{
    "instance_name": "N40_D5_G10000_corr_11",
    "n_customers": 40,
    "dimension": 5,
    "grid_size": 10000,
    "optimal_cost": 79726,
    "optimal_tour": [
        24,
        15,
        5,
        4,
        40,
        6,
        38,
        30,
        21,
        3,
        34,
        17,
        9,
        13,
        22,
        32,
        1,
        19,
        27,
        18,
        23,
        12,
        35,
        39,
        26,
        31,
        20,
        28,
        37,
        14,
        7,
        33,
        11,
        29,
        16,
        2,
        36,
        8,
        25,
        10
    ],
    "optimal_solver": "lkh",
    "instance_file_path": "c:\\TSP_ND_ML_Project\\instances\\N40_D5_G10000_corr_11.json",
    "concorde_length": 79726,
    "concorde_time_s": 1.4152850999962538,
    "concorde_tour": [
        1,
        32,
        22,
        13,
        9,
        17,
        34,
        3,
        21,
        30,
        38,
        6,
        40,
        4,
        5,
        15,
        24,
        10,
        25,
        8,
        36,
        2,
        16,
        29,
        11,
        33,
        7,
        14,
        37,
        28,
        20,
        31,
        26,
        39,
        35,
        12,
        23,
        18,
        27,
        19
    ],
    "lkh_length": 79726,
    "lkh_time_s": 0.049097999988589436,
    "lkh_tour": [
        24,
        15,
        5,
        4,
        40,
        6,
        38,
        30,
        21,
        3,
        34,
        17,
        9,
        13,
        22,
        32,
        1,
        19,
        27,
        18,
        23,
        12,
        35,
        39,
        26,
        31,
        20,
        28,
        37,
        14,
        7,
        33,
        11,
        29,
        16,
        2,
        36,
        8,
        25,
        10
    ],
    "lkh_gap_pct": 0.0
}