{
    "instance_name": "N50_D2_G100_ring_9",
    "n_customers": 50,
    "dimension": 2,
    "grid_size": 100,
    "optimal_cost": 352,
    "optimal_tour": [
        23,
        49,
        44,
        41,
        20,
        45,
        2,
        30,
        3,
        7,
        34,
        35,
        6,
        11,
        48,
        19,
        14,
        12,
        33,
        28,
        25,
        18,
        36,
        1,
        10,
        50,
        46,
        5,
        37,
        21,
        29,
        26,
        40,
        15,
        8,
        9,
        4,
        43,
        31,
        24,
        22,
        39,
        13,
        17,
        16,
        27,
        32,
        47,
        42,
        38
    ],
    "optimal_solver": "lkh",
    "instance_file_path": "c:\\TSP_ND_ML_Project\\instances\\N50_D2_G100_ring_9.json",
    "concorde_length": 352,
    "concorde_time_s": 1.280581999977585,
    "concorde_tour": [
        1,
        10,
        50,
        46,
        5,
        37,
        28,
        33,
        21,
        29,
        26,
        40,
        9,
        8,
        15,
        4,
        43,
        31,
        24,
        22,
        16,
        17,
        27,
        13,
        39,
        47,
        32,
        42,
        38,
        23,
        49,
        44,
        41,
        20,
        45,
        2,
        30,
        3,
        34,
        7,
        35,
        6,
        48,
        11,
        19,
        14,
        12,
        25,
        18,
        36
    ],
    "lkh_length": 352,
    "lkh_time_s": 0.19634120003320277,
    "lkh_tour": [
        23,
        49,
        44,
        41,
        20,
        45,
        2,
        30,
        3,
        7,
        34,
        35,
        6,
        11,
        48,
        19,
        14,
        12,
        33,
        28,
        25,
        18,
        36,
        1,
        10,
        50,
        46,
        5,
        37,
        21,
        29,
        26,
        40,
        15,
        8,
        9,
        4,
        43,
        31,
        24,
        22,
        39,
        13,
        17,
        16,
        27,
        32,
        47,
        42,
        38
    ],
    "lkh_gap_pct": 0.0
}