{
    "instance_name": "N50_D4_G1000_rand_18",
    "n_customers": 50,
    "dimension": 4,
    "grid_size": 1000,
    "optimal_cost": 17004,
    "optimal_tour": [
        35,
        9,
        2,
        37,
        43,
        1,
        38,
        49,
        11,
        31,
        5,
        33,
        20,
        46,
        30,
        45,
        27,
        23,
        25,
        39,
        34,
        26,
        29,
        4,
        28,
        13,
        48,
        16,
        7,
        47,
        22,
        21,
        10,
        3,
        18,
        42,
        40,
        24,
        8,
        17,
        50,
        32,
        14,
        44,
        19,
        15,
        6,
        41,
        12,
        36
    ],
    "optimal_solver": "lkh",
    "instance_file_path": "c:\\TSP_ND_ML_Project\\instances\\N50_D4_G1000_rand_18.json",
    "concorde_length": 17004,
    "concorde_time_s": 0.9646646999754012,
    "concorde_tour": [
        1,
        43,
        37,
        2,
        9,
        35,
        36,
        12,
        41,
        6,
        15,
        19,
        44,
        14,
        32,
        50,
        17,
        8,
        24,
        40,
        42,
        18,
        3,
        10,
        21,
        22,
        47,
        7,
        16,
        48,
        13,
        28,
        4,
        29,
        26,
        34,
        39,
        25,
        23,
        27,
        45,
        30,
        46,
        20,
        33,
        5,
        31,
        11,
        49,
        38
    ],
    "lkh_length": 17004,
    "lkh_time_s": 0.15615730005083606,
    "lkh_tour": [
        35,
        9,
        2,
        37,
        43,
        1,
        38,
        49,
        11,
        31,
        5,
        33,
        20,
        46,
        30,
        45,
        27,
        23,
        25,
        39,
        34,
        26,
        29,
        4,
        28,
        13,
        48,
        16,
        7,
        47,
        22,
        21,
        10,
        3,
        18,
        42,
        40,
        24,
        8,
        17,
        50,
        32,
        14,
        44,
        19,
        15,
        6,
        41,
        12,
        36
    ],
    "lkh_gap_pct": 0.0
}