{
    "instance_name": "N50_D5_G1000_rand_12",
    "n_customers": 50,
    "dimension": 5,
    "grid_size": 1000,
    "optimal_cost": 20767,
    "optimal_tour": [
        6,
        37,
        35,
        42,
        44,
        28,
        48,
        2,
        41,
        23,
        16,
        38,
        25,
        50,
        5,
        15,
        30,
        26,
        46,
        34,
        13,
        18,
        36,
        24,
        32,
        43,
        33,
        9,
        14,
        47,
        1,
        27,
        22,
        45,
        39,
        10,
        8,
        11,
        7,
        49,
        4,
        12,
        21,
        29,
        40,
        31,
        20,
        17,
        19,
        3
    ],
    "optimal_solver": "lkh",
    "instance_file_path": "c:\\TSP_ND_ML_Project\\instances\\N50_D5_G1000_rand_12.json",
    "concorde_length": 20767,
    "concorde_time_s": 1.115869199973531,
    "concorde_tour": [
        1,
        47,
        14,
        9,
        33,
        43,
        32,
        24,
        36,
        18,
        13,
        34,
        46,
        26,
        30,
        15,
        5,
        50,
        25,
        38,
        16,
        23,
        41,
        2,
        48,
        28,
        44,
        42,
        35,
        37,
        6,
        3,
        19,
        17,
        20,
        31,
        40,
        49,
        4,
        12,
        21,
        29,
        7,
        11,
        8,
        10,
        39,
        45,
        22,
        27
    ],
    "lkh_length": 20767,
    "lkh_time_s": 0.12087019998580217,
    "lkh_tour": [
        6,
        37,
        35,
        42,
        44,
        28,
        48,
        2,
        41,
        23,
        16,
        38,
        25,
        50,
        5,
        15,
        30,
        26,
        46,
        34,
        13,
        18,
        36,
        24,
        32,
        43,
        33,
        9,
        14,
        47,
        1,
        27,
        22,
        45,
        39,
        10,
        8,
        11,
        7,
        49,
        4,
        12,
        21,
        29,
        40,
        31,
        20,
        17,
        19,
        3
    ],
    "lkh_gap_pct": 0.0
}