{
    "instance_name": "N50_D4_G1000_corn_9",
    "n_customers": 50,
    "dimension": 4,
    "grid_size": 1000,
    "optimal_cost": 15739,
    "optimal_tour": [
        40,
        4,
        25,
        11,
        12,
        30,
        37,
        15,
        26,
        20,
        49,
        17,
        31,
        47,
        46,
        5,
        10,
        3,
        29,
        28,
        38,
        44,
        18,
        21,
        33,
        8,
        22,
        7,
        45,
        50,
        16,
        48,
        1,
        13,
        9,
        35,
        39,
        41,
        6,
        19,
        24,
        32,
        23,
        14,
        42,
        43,
        27,
        34,
        36,
        2
    ],
    "optimal_solver": "lkh",
    "instance_file_path": "c:\\TSP_ND_ML_Project\\instances\\N50_D4_G1000_corn_9.json",
    "concorde_length": 15739,
    "concorde_time_s": 0.4545568999601528,
    "concorde_tour": [
        1,
        48,
        16,
        50,
        45,
        7,
        22,
        8,
        33,
        21,
        18,
        44,
        38,
        28,
        29,
        3,
        10,
        5,
        46,
        47,
        31,
        17,
        49,
        20,
        26,
        15,
        37,
        30,
        12,
        11,
        25,
        4,
        40,
        2,
        36,
        34,
        27,
        43,
        42,
        14,
        23,
        32,
        24,
        19,
        6,
        41,
        39,
        35,
        9,
        13
    ],
    "lkh_length": 15739,
    "lkh_time_s": 0.10262879997026175,
    "lkh_tour": [
        40,
        4,
        25,
        11,
        12,
        30,
        37,
        15,
        26,
        20,
        49,
        17,
        31,
        47,
        46,
        5,
        10,
        3,
        29,
        28,
        38,
        44,
        18,
        21,
        33,
        8,
        22,
        7,
        45,
        50,
        16,
        48,
        1,
        13,
        9,
        35,
        39,
        41,
        6,
        19,
        24,
        32,
        23,
        14,
        42,
        43,
        27,
        34,
        36,
        2
    ],
    "lkh_gap_pct": 0.0
}