{
    "instance_name": "N50_D2_G1000_clus_8",
    "n_customers": 50,
    "dimension": 2,
    "grid_size": 1000,
    "optimal_cost": 1922,
    "optimal_tour": [
        5,
        11,
        12,
        20,
        37,
        9,
        50,
        30,
        40,
        44,
        8,
        31,
        21,
        18,
        7,
        16,
        49,
        1,
        46,
        47,
        15,
        45,
        19,
        42,
        48,
        22,
        23,
        3,
        41,
        6,
        29,
        35,
        33,
        2,
        38,
        13,
        36,
        10,
        28,
        24,
        26,
        32,
        25,
        14,
        39,
        27,
        43,
        34,
        17,
        4
    ],
    "optimal_solver": "lkh",
    "instance_file_path": "c:\\TSP_ND_ML_Project\\instances\\N50_D2_G1000_clus_8.json",
    "concorde_length": 1922,
    "concorde_time_s": 1.2153272000141442,
    "concorde_tour": [
        1,
        46,
        47,
        15,
        45,
        19,
        42,
        48,
        22,
        23,
        3,
        41,
        6,
        29,
        38,
        2,
        35,
        33,
        13,
        36,
        10,
        28,
        24,
        26,
        32,
        25,
        14,
        39,
        27,
        43,
        34,
        17,
        4,
        5,
        11,
        12,
        20,
        37,
        9,
        50,
        30,
        40,
        44,
        8,
        31,
        21,
        18,
        7,
        16,
        49
    ],
    "lkh_length": 1922,
    "lkh_time_s": 0.144018099992536,
    "lkh_tour": [
        5,
        11,
        12,
        20,
        37,
        9,
        50,
        30,
        40,
        44,
        8,
        31,
        21,
        18,
        7,
        16,
        49,
        1,
        46,
        47,
        15,
        45,
        19,
        42,
        48,
        22,
        23,
        3,
        41,
        6,
        29,
        35,
        33,
        2,
        38,
        13,
        36,
        10,
        28,
        24,
        26,
        32,
        25,
        14,
        39,
        27,
        43,
        34,
        17,
        4
    ],
    "lkh_gap_pct": 0.0
}