{
    "instance_name": "N50_D2_G100_norm_14",
    "n_customers": 50,
    "dimension": 2,
    "grid_size": 100,
    "optimal_cost": 390,
    "optimal_tour": [
        38,
        11,
        19,
        8,
        31,
        6,
        46,
        18,
        21,
        13,
        45,
        1,
        32,
        49,
        3,
        47,
        36,
        7,
        34,
        39,
        30,
        15,
        5,
        35,
        50,
        14,
        43,
        12,
        2,
        17,
        40,
        42,
        28,
        25,
        16,
        9,
        27,
        23,
        4,
        22,
        33,
        20,
        41,
        37,
        44,
        10,
        24,
        48,
        29,
        26
    ],
    "optimal_solver": "lkh",
    "instance_file_path": "c:\\TSP_ND_ML_Project\\instances\\N50_D2_G100_norm_14.json",
    "concorde_length": 390,
    "concorde_time_s": 0.795736100000795,
    "concorde_tour": [
        1,
        45,
        13,
        21,
        18,
        46,
        6,
        31,
        8,
        19,
        11,
        38,
        26,
        29,
        48,
        24,
        10,
        37,
        44,
        41,
        20,
        33,
        22,
        4,
        23,
        27,
        9,
        28,
        16,
        25,
        42,
        40,
        17,
        2,
        12,
        43,
        14,
        50,
        35,
        5,
        15,
        30,
        39,
        34,
        7,
        36,
        47,
        3,
        49,
        32
    ],
    "lkh_length": 390,
    "lkh_time_s": 0.17099339998094365,
    "lkh_tour": [
        38,
        11,
        19,
        8,
        31,
        6,
        46,
        18,
        21,
        13,
        45,
        1,
        32,
        49,
        3,
        47,
        36,
        7,
        34,
        39,
        30,
        15,
        5,
        35,
        50,
        14,
        43,
        12,
        2,
        17,
        40,
        42,
        28,
        25,
        16,
        9,
        27,
        23,
        4,
        22,
        33,
        20,
        41,
        37,
        44,
        10,
        24,
        48,
        29,
        26
    ],
    "lkh_gap_pct": 0.0
}