{
    "instance_name": "N50_D2_G1000_pow_2",
    "n_customers": 50,
    "dimension": 2,
    "grid_size": 1000,
    "optimal_cost": 4000,
    "optimal_tour": [
        19,
        38,
        36,
        50,
        1,
        10,
        34,
        9,
        21,
        22,
        5,
        25,
        16,
        13,
        11,
        3,
        18,
        27,
        30,
        32,
        20,
        15,
        29,
        2,
        6,
        41,
        8,
        31,
        35,
        12,
        39,
        44,
        47,
        26,
        24,
        23,
        49,
        48,
        33,
        28,
        7,
        37,
        42,
        40,
        45,
        43,
        4,
        46,
        14,
        17
    ],
    "optimal_solver": "lkh",
    "instance_file_path": "c:\\TSP_ND_ML_Project\\instances\\N50_D2_G1000_pow_2.json",
    "concorde_length": 4000,
    "concorde_time_s": 2.4754154999973252,
    "concorde_tour": [
        1,
        17,
        3,
        6,
        13,
        5,
        11,
        25,
        32,
        8,
        15,
        18,
        27,
        20,
        29,
        22,
        30,
        16,
        2,
        41,
        12,
        31,
        44,
        26,
        39,
        47,
        35,
        24,
        23,
        4,
        42,
        49,
        40,
        33,
        43,
        48,
        45,
        7,
        28,
        37,
        19,
        38,
        34,
        36,
        50,
        46,
        21,
        14,
        9,
        10
    ],
    "lkh_length": 4000,
    "lkh_time_s": 2.037191100011114,
    "lkh_tour": [
        19,
        38,
        36,
        50,
        1,
        10,
        34,
        9,
        21,
        22,
        5,
        25,
        16,
        13,
        11,
        3,
        18,
        27,
        30,
        32,
        20,
        15,
        29,
        2,
        6,
        41,
        8,
        31,
        35,
        12,
        39,
        44,
        47,
        26,
        24,
        23,
        49,
        48,
        33,
        28,
        7,
        37,
        42,
        40,
        45,
        43,
        4,
        46,
        14,
        17
    ],
    "lkh_gap_pct": 0.0
}