{
    "instance_name": "N50_D5_G100_rand_18",
    "n_customers": 50,
    "dimension": 5,
    "grid_size": 100,
    "optimal_cost": 2116,
    "optimal_tour": [
        44,
        4,
        27,
        5,
        43,
        41,
        8,
        37,
        30,
        23,
        33,
        31,
        40,
        10,
        24,
        42,
        16,
        17,
        38,
        29,
        11,
        47,
        15,
        32,
        49,
        3,
        14,
        22,
        21,
        6,
        7,
        39,
        34,
        26,
        12,
        20,
        1,
        2,
        48,
        19,
        50,
        36,
        9,
        35,
        25,
        28,
        18,
        46,
        45,
        13
    ],
    "optimal_solver": "lkh",
    "instance_file_path": "c:\\TSP_ND_ML_Project\\instances\\N50_D5_G100_rand_18.json",
    "concorde_length": 2116,
    "concorde_time_s": 1.0179065999691375,
    "concorde_tour": [
        1,
        20,
        12,
        26,
        34,
        39,
        7,
        6,
        21,
        22,
        14,
        3,
        49,
        32,
        15,
        47,
        11,
        29,
        38,
        17,
        16,
        42,
        24,
        10,
        40,
        31,
        33,
        23,
        30,
        37,
        8,
        41,
        43,
        5,
        27,
        4,
        44,
        13,
        45,
        46,
        18,
        28,
        25,
        35,
        9,
        36,
        50,
        19,
        48,
        2
    ],
    "lkh_length": 2116,
    "lkh_time_s": 0.08209909999277443,
    "lkh_tour": [
        44,
        4,
        27,
        5,
        43,
        41,
        8,
        37,
        30,
        23,
        33,
        31,
        40,
        10,
        24,
        42,
        16,
        17,
        38,
        29,
        11,
        47,
        15,
        32,
        49,
        3,
        14,
        22,
        21,
        6,
        7,
        39,
        34,
        26,
        12,
        20,
        1,
        2,
        48,
        19,
        50,
        36,
        9,
        35,
        25,
        28,
        18,
        46,
        45,
        13
    ],
    "lkh_gap_pct": 0.0
}