{
    "instance_name": "N50_D4_G1000_clus_9",
    "n_customers": 50,
    "dimension": 4,
    "grid_size": 1000,
    "optimal_cost": 6571,
    "optimal_tour": [
        9,
        5,
        42,
        34,
        32,
        21,
        40,
        15,
        47,
        1,
        8,
        10,
        46,
        38,
        13,
        2,
        25,
        19,
        6,
        28,
        20,
        37,
        24,
        50,
        17,
        30,
        3,
        16,
        23,
        12,
        29,
        48,
        44,
        11,
        22,
        36,
        18,
        31,
        4,
        39,
        7,
        41,
        27,
        14,
        26,
        43,
        45,
        33,
        49,
        35
    ],
    "optimal_solver": "lkh",
    "instance_file_path": "c:\\TSP_ND_ML_Project\\instances\\N50_D4_G1000_clus_9.json",
    "concorde_length": 6571,
    "concorde_time_s": 1.2272855000337586,
    "concorde_tour": [
        1,
        47,
        15,
        40,
        21,
        32,
        34,
        42,
        5,
        9,
        35,
        49,
        33,
        45,
        43,
        26,
        14,
        27,
        41,
        7,
        39,
        4,
        31,
        18,
        36,
        22,
        11,
        44,
        48,
        29,
        12,
        23,
        16,
        3,
        30,
        17,
        50,
        24,
        37,
        20,
        28,
        6,
        19,
        25,
        2,
        13,
        38,
        46,
        10,
        8
    ],
    "lkh_length": 6571,
    "lkh_time_s": 0.07797230000142008,
    "lkh_tour": [
        9,
        5,
        42,
        34,
        32,
        21,
        40,
        15,
        47,
        1,
        8,
        10,
        46,
        38,
        13,
        2,
        25,
        19,
        6,
        28,
        20,
        37,
        24,
        50,
        17,
        30,
        3,
        16,
        23,
        12,
        29,
        48,
        44,
        11,
        22,
        36,
        18,
        31,
        4,
        39,
        7,
        41,
        27,
        14,
        26,
        43,
        45,
        33,
        49,
        35
    ],
    "lkh_gap_pct": 0.0
}