{
    "instance_name": "N50_D3_G1000_clus_8",
    "n_customers": 50,
    "dimension": 3,
    "grid_size": 1000,
    "optimal_cost": 5157,
    "optimal_tour": [
        11,
        8,
        15,
        36,
        47,
        49,
        2,
        21,
        7,
        14,
        16,
        25,
        6,
        23,
        40,
        46,
        9,
        35,
        29,
        10,
        20,
        39,
        22,
        44,
        34,
        13,
        42,
        41,
        12,
        33,
        45,
        1,
        3,
        43,
        26,
        31,
        5,
        17,
        4,
        28,
        30,
        24,
        27,
        48,
        19,
        38,
        50,
        37,
        32,
        18
    ],
    "optimal_solver": "lkh",
    "instance_file_path": "c:\\TSP_ND_ML_Project\\instances\\N50_D3_G1000_clus_8.json",
    "concorde_length": 5157,
    "concorde_time_s": 0.9549379000090994,
    "concorde_tour": [
        1,
        45,
        33,
        12,
        41,
        42,
        13,
        34,
        44,
        22,
        39,
        20,
        10,
        29,
        35,
        9,
        46,
        40,
        23,
        6,
        25,
        16,
        14,
        7,
        21,
        2,
        49,
        47,
        36,
        15,
        8,
        11,
        18,
        32,
        37,
        50,
        38,
        19,
        48,
        27,
        24,
        30,
        28,
        4,
        17,
        5,
        31,
        26,
        43,
        3
    ],
    "lkh_length": 5157,
    "lkh_time_s": 0.19088260002899915,
    "lkh_tour": [
        11,
        8,
        15,
        36,
        47,
        49,
        2,
        21,
        7,
        14,
        16,
        25,
        6,
        23,
        40,
        46,
        9,
        35,
        29,
        10,
        20,
        39,
        22,
        44,
        34,
        13,
        42,
        41,
        12,
        33,
        45,
        1,
        3,
        43,
        26,
        31,
        5,
        17,
        4,
        28,
        30,
        24,
        27,
        48,
        19,
        38,
        50,
        37,
        32,
        18
    ],
    "lkh_gap_pct": 0.0
}