{
    "instance_name": "N50_D4_G100_clus_20",
    "n_customers": 50,
    "dimension": 4,
    "grid_size": 100,
    "optimal_cost": 478,
    "optimal_tour": [
        13,
        17,
        3,
        33,
        1,
        27,
        46,
        43,
        7,
        36,
        50,
        2,
        23,
        16,
        47,
        30,
        40,
        49,
        19,
        39,
        34,
        11,
        28,
        25,
        14,
        8,
        37,
        35,
        18,
        4,
        32,
        38,
        12,
        31,
        20,
        6,
        10,
        21,
        41,
        22,
        15,
        29,
        9,
        26,
        44,
        24,
        45,
        5,
        42,
        48
    ],
    "optimal_solver": "lkh",
    "instance_file_path": "c:\\TSP_ND_ML_Project\\instances\\N50_D4_G100_clus_20.json",
    "concorde_length": 478,
    "concorde_time_s": 4.661283100023866,
    "concorde_tour": [
        1,
        27,
        43,
        46,
        7,
        23,
        16,
        19,
        39,
        34,
        11,
        28,
        4,
        18,
        35,
        37,
        25,
        8,
        14,
        49,
        40,
        30,
        47,
        17,
        13,
        48,
        42,
        5,
        45,
        24,
        44,
        26,
        9,
        29,
        15,
        22,
        41,
        21,
        10,
        6,
        20,
        31,
        12,
        38,
        32,
        36,
        50,
        2,
        3,
        33
    ],
    "lkh_length": 478,
    "lkh_time_s": 0.14423659996828064,
    "lkh_tour": [
        13,
        17,
        3,
        33,
        1,
        27,
        46,
        43,
        7,
        36,
        50,
        2,
        23,
        16,
        47,
        30,
        40,
        49,
        19,
        39,
        34,
        11,
        28,
        25,
        14,
        8,
        37,
        35,
        18,
        4,
        32,
        38,
        12,
        31,
        20,
        6,
        10,
        21,
        41,
        22,
        15,
        29,
        9,
        26,
        44,
        24,
        45,
        5,
        42,
        48
    ],
    "lkh_gap_pct": 0.0
}