{
    "instance_name": "N50_D4_G10000_corn_1",
    "n_customers": 50,
    "dimension": 4,
    "grid_size": 10000,
    "optimal_cost": 155245,
    "optimal_tour": [
        45,
        22,
        34,
        29,
        18,
        26,
        6,
        47,
        19,
        38,
        44,
        31,
        28,
        30,
        7,
        3,
        11,
        36,
        24,
        43,
        9,
        40,
        23,
        37,
        14,
        27,
        33,
        42,
        1,
        20,
        13,
        32,
        5,
        41,
        4,
        10,
        46,
        35,
        2,
        8,
        12,
        49,
        21,
        17,
        48,
        16,
        39,
        25,
        15,
        50
    ],
    "optimal_solver": "lkh",
    "instance_file_path": "c:\\TSP_ND_ML_Project\\instances\\N50_D4_G10000_corn_1.json",
    "concorde_length": 155245,
    "concorde_time_s": 1.0179692000383511,
    "concorde_tour": [
        1,
        20,
        13,
        32,
        5,
        41,
        4,
        10,
        46,
        35,
        2,
        8,
        12,
        49,
        21,
        17,
        48,
        16,
        39,
        25,
        15,
        50,
        45,
        22,
        34,
        29,
        18,
        26,
        6,
        47,
        19,
        38,
        44,
        31,
        28,
        30,
        7,
        3,
        11,
        36,
        24,
        43,
        9,
        40,
        23,
        37,
        14,
        27,
        33,
        42
    ],
    "lkh_length": 155245,
    "lkh_time_s": 0.22633500001393259,
    "lkh_tour": [
        45,
        22,
        34,
        29,
        18,
        26,
        6,
        47,
        19,
        38,
        44,
        31,
        28,
        30,
        7,
        3,
        11,
        36,
        24,
        43,
        9,
        40,
        23,
        37,
        14,
        27,
        33,
        42,
        1,
        20,
        13,
        32,
        5,
        41,
        4,
        10,
        46,
        35,
        2,
        8,
        12,
        49,
        21,
        17,
        48,
        16,
        39,
        25,
        15,
        50
    ],
    "lkh_gap_pct": 0.0
}