{
    "instance_name": "N50_D4_G1000_pow_11",
    "n_customers": 50,
    "dimension": 4,
    "grid_size": 1000,
    "optimal_cost": 16000,
    "optimal_tour": [
        36,
        17,
        47,
        12,
        21,
        46,
        35,
        34,
        20,
        33,
        18,
        1,
        14,
        38,
        45,
        4,
        2,
        10,
        42,
        26,
        28,
        3,
        13,
        32,
        29,
        49,
        25,
        7,
        5,
        50,
        37,
        39,
        40,
        24,
        19,
        27,
        22,
        30,
        6,
        31,
        15,
        43,
        11,
        9,
        8,
        41,
        23,
        16,
        44,
        48
    ],
    "optimal_solver": "lkh",
    "instance_file_path": "c:\\TSP_ND_ML_Project\\instances\\N50_D4_G1000_pow_11.json",
    "concorde_length": 16000,
    "concorde_time_s": 0.7772515999968164,
    "concorde_tour": [
        1,
        14,
        33,
        18,
        35,
        34,
        20,
        24,
        19,
        27,
        17,
        47,
        36,
        46,
        21,
        12,
        11,
        9,
        15,
        43,
        31,
        6,
        30,
        22,
        23,
        44,
        48,
        41,
        8,
        16,
        13,
        32,
        45,
        38,
        4,
        2,
        10,
        26,
        28,
        42,
        3,
        39,
        37,
        40,
        5,
        29,
        25,
        50,
        49,
        7
    ],
    "lkh_length": 16000,
    "lkh_time_s": 0.4103200999670662,
    "lkh_tour": [
        36,
        17,
        47,
        12,
        21,
        46,
        35,
        34,
        20,
        33,
        18,
        1,
        14,
        38,
        45,
        4,
        2,
        10,
        42,
        26,
        28,
        3,
        13,
        32,
        29,
        49,
        25,
        7,
        5,
        50,
        37,
        39,
        40,
        24,
        19,
        27,
        22,
        30,
        6,
        31,
        15,
        43,
        11,
        9,
        8,
        41,
        23,
        16,
        44,
        48
    ],
    "lkh_gap_pct": 0.0
}