{
    "instance_name": "N50_D4_G100_clus_8",
    "n_customers": 50,
    "dimension": 4,
    "grid_size": 100,
    "optimal_cost": 549,
    "optimal_tour": [
        20,
        22,
        44,
        12,
        3,
        19,
        38,
        14,
        28,
        16,
        5,
        50,
        4,
        26,
        8,
        15,
        6,
        30,
        2,
        32,
        7,
        10,
        34,
        45,
        41,
        39,
        40,
        9,
        21,
        36,
        33,
        18,
        11,
        49,
        42,
        37,
        31,
        46,
        25,
        13,
        23,
        35,
        27,
        48,
        24,
        47,
        17,
        43,
        1,
        29
    ],
    "optimal_solver": "lkh",
    "instance_file_path": "c:\\TSP_ND_ML_Project\\instances\\N50_D4_G100_clus_8.json",
    "concorde_length": 549,
    "concorde_time_s": 1.5009495999547653,
    "concorde_tour": [
        1,
        29,
        20,
        22,
        44,
        12,
        23,
        35,
        27,
        24,
        48,
        13,
        25,
        46,
        31,
        37,
        42,
        49,
        11,
        18,
        33,
        36,
        21,
        9,
        40,
        39,
        41,
        45,
        34,
        7,
        10,
        32,
        2,
        30,
        6,
        15,
        8,
        26,
        4,
        50,
        5,
        16,
        28,
        14,
        38,
        3,
        19,
        47,
        17,
        43
    ],
    "lkh_length": 549,
    "lkh_time_s": 0.3672550999908708,
    "lkh_tour": [
        20,
        22,
        44,
        12,
        3,
        19,
        38,
        14,
        28,
        16,
        5,
        50,
        4,
        26,
        8,
        15,
        6,
        30,
        2,
        32,
        7,
        10,
        34,
        45,
        41,
        39,
        40,
        9,
        21,
        36,
        33,
        18,
        11,
        49,
        42,
        37,
        31,
        46,
        25,
        13,
        23,
        35,
        27,
        48,
        24,
        47,
        17,
        43,
        1,
        29
    ],
    "lkh_gap_pct": 0.0
}