{
    "instance_name": "N50_D5_G1000_rand_7",
    "n_customers": 50,
    "dimension": 5,
    "grid_size": 1000,
    "optimal_cost": 21068,
    "optimal_tour": [
        12,
        40,
        49,
        41,
        24,
        15,
        7,
        16,
        39,
        27,
        26,
        11,
        25,
        8,
        10,
        20,
        45,
        31,
        42,
        28,
        1,
        9,
        19,
        23,
        5,
        34,
        3,
        4,
        47,
        30,
        50,
        21,
        6,
        38,
        43,
        2,
        13,
        32,
        37,
        35,
        29,
        48,
        18,
        36,
        17,
        22,
        44,
        46,
        14,
        33
    ],
    "optimal_solver": "lkh",
    "instance_file_path": "c:\\TSP_ND_ML_Project\\instances\\N50_D5_G1000_rand_7.json",
    "concorde_length": 21068,
    "concorde_time_s": 3.4961624999996275,
    "concorde_tour": [
        1,
        9,
        19,
        23,
        5,
        34,
        3,
        4,
        47,
        30,
        50,
        21,
        6,
        38,
        43,
        2,
        13,
        32,
        37,
        35,
        29,
        48,
        18,
        36,
        17,
        22,
        44,
        46,
        14,
        33,
        12,
        40,
        49,
        41,
        24,
        15,
        7,
        16,
        39,
        27,
        26,
        11,
        25,
        8,
        10,
        20,
        45,
        31,
        42,
        28
    ],
    "lkh_length": 21068,
    "lkh_time_s": 0.20516800007317215,
    "lkh_tour": [
        12,
        40,
        49,
        41,
        24,
        15,
        7,
        16,
        39,
        27,
        26,
        11,
        25,
        8,
        10,
        20,
        45,
        31,
        42,
        28,
        1,
        9,
        19,
        23,
        5,
        34,
        3,
        4,
        47,
        30,
        50,
        21,
        6,
        38,
        43,
        2,
        13,
        32,
        37,
        35,
        29,
        48,
        18,
        36,
        17,
        22,
        44,
        46,
        14,
        33
    ],
    "lkh_gap_pct": 0.0
}