{
    "instance_name": "N50_D2_G100_corn_6",
    "n_customers": 50,
    "dimension": 2,
    "grid_size": 100,
    "optimal_cost": 406,
    "optimal_tour": [
        30,
        27,
        33,
        41,
        19,
        43,
        37,
        1,
        28,
        18,
        15,
        36,
        29,
        45,
        7,
        49,
        13,
        35,
        39,
        23,
        38,
        3,
        22,
        31,
        2,
        48,
        10,
        26,
        12,
        6,
        25,
        42,
        5,
        34,
        20,
        40,
        44,
        11,
        24,
        32,
        8,
        14,
        46,
        17,
        4,
        50,
        21,
        47,
        16,
        9
    ],
    "optimal_solver": "lkh",
    "instance_file_path": "c:\\TSP_ND_ML_Project\\instances\\N50_D2_G100_corn_6.json",
    "concorde_length": 406,
    "concorde_time_s": 0.7892393000074662,
    "concorde_tour": [
        1,
        43,
        37,
        28,
        29,
        15,
        36,
        18,
        45,
        7,
        49,
        35,
        13,
        39,
        23,
        38,
        3,
        22,
        2,
        31,
        48,
        10,
        26,
        12,
        6,
        25,
        42,
        5,
        34,
        20,
        40,
        44,
        47,
        16,
        14,
        50,
        21,
        4,
        17,
        46,
        8,
        11,
        32,
        24,
        30,
        9,
        27,
        33,
        41,
        19
    ],
    "lkh_length": 406,
    "lkh_time_s": 2.978423799999291,
    "lkh_tour": [
        30,
        27,
        33,
        41,
        19,
        43,
        37,
        1,
        28,
        18,
        15,
        36,
        29,
        45,
        7,
        49,
        13,
        35,
        39,
        23,
        38,
        3,
        22,
        31,
        2,
        48,
        10,
        26,
        12,
        6,
        25,
        42,
        5,
        34,
        20,
        40,
        44,
        11,
        24,
        32,
        8,
        14,
        46,
        17,
        4,
        50,
        21,
        47,
        16,
        9
    ],
    "lkh_gap_pct": 0.0
}