{
    "instance_name": "N50_D3_G100_grid_9",
    "n_customers": 50,
    "dimension": 3,
    "grid_size": 100,
    "optimal_cost": 1027,
    "optimal_tour": [
        17,
        36,
        19,
        35,
        47,
        8,
        13,
        33,
        11,
        37,
        6,
        16,
        4,
        24,
        2,
        7,
        10,
        29,
        48,
        31,
        42,
        3,
        27,
        1,
        14,
        5,
        38,
        15,
        20,
        49,
        44,
        23,
        9,
        28,
        21,
        18,
        46,
        26,
        40,
        34,
        50,
        30,
        32,
        45,
        41,
        39,
        12,
        43,
        25,
        22
    ],
    "optimal_solver": "lkh",
    "instance_file_path": "c:\\TSP_ND_ML_Project\\instances\\N50_D3_G100_grid_9.json",
    "concorde_length": 1027,
    "concorde_time_s": 1.2419925999711268,
    "concorde_tour": [
        1,
        14,
        5,
        38,
        15,
        20,
        49,
        44,
        23,
        9,
        28,
        21,
        18,
        46,
        26,
        40,
        34,
        50,
        30,
        32,
        45,
        41,
        39,
        12,
        43,
        25,
        22,
        17,
        36,
        19,
        35,
        47,
        8,
        13,
        33,
        11,
        37,
        6,
        16,
        4,
        24,
        2,
        7,
        10,
        29,
        48,
        31,
        42,
        3,
        27
    ],
    "lkh_length": 1027,
    "lkh_time_s": 0.2174467000295408,
    "lkh_tour": [
        17,
        36,
        19,
        35,
        47,
        8,
        13,
        33,
        11,
        37,
        6,
        16,
        4,
        24,
        2,
        7,
        10,
        29,
        48,
        31,
        42,
        3,
        27,
        1,
        14,
        5,
        38,
        15,
        20,
        49,
        44,
        23,
        9,
        28,
        21,
        18,
        46,
        26,
        40,
        34,
        50,
        30,
        32,
        45,
        41,
        39,
        12,
        43,
        25,
        22
    ],
    "lkh_gap_pct": 0.0
}