{
    "instance_name": "N50_D2_G100_ring_1",
    "n_customers": 50,
    "dimension": 2,
    "grid_size": 100,
    "optimal_cost": 328,
    "optimal_tour": [
        13,
        25,
        42,
        16,
        37,
        2,
        30,
        38,
        50,
        28,
        49,
        10,
        5,
        46,
        23,
        40,
        35,
        6,
        19,
        33,
        31,
        12,
        22,
        9,
        17,
        29,
        7,
        41,
        8,
        34,
        3,
        4,
        21,
        32,
        39,
        18,
        36,
        14,
        24,
        45,
        47,
        1,
        15,
        20,
        44,
        27,
        48,
        26,
        43,
        11
    ],
    "optimal_solver": "lkh",
    "instance_file_path": "c:\\TSP_ND_ML_Project\\instances\\N50_D2_G100_ring_1.json",
    "concorde_length": 328,
    "concorde_time_s": 0.6706906000035815,
    "concorde_tour": [
        1,
        15,
        20,
        44,
        27,
        48,
        26,
        43,
        11,
        13,
        25,
        42,
        16,
        37,
        2,
        30,
        38,
        50,
        28,
        49,
        10,
        5,
        46,
        23,
        40,
        6,
        35,
        19,
        33,
        31,
        12,
        22,
        9,
        17,
        29,
        7,
        41,
        8,
        34,
        3,
        4,
        21,
        32,
        39,
        18,
        36,
        45,
        24,
        14,
        47
    ],
    "lkh_length": 328,
    "lkh_time_s": 0.3086819000018295,
    "lkh_tour": [
        13,
        25,
        42,
        16,
        37,
        2,
        30,
        38,
        50,
        28,
        49,
        10,
        5,
        46,
        23,
        40,
        35,
        6,
        19,
        33,
        31,
        12,
        22,
        9,
        17,
        29,
        7,
        41,
        8,
        34,
        3,
        4,
        21,
        32,
        39,
        18,
        36,
        14,
        24,
        45,
        47,
        1,
        15,
        20,
        44,
        27,
        48,
        26,
        43,
        11
    ],
    "lkh_gap_pct": 0.0
}