{
    "instance_name": "N50_D3_G1000_grid_4",
    "n_customers": 50,
    "dimension": 3,
    "grid_size": 1000,
    "optimal_cost": 11181,
    "optimal_tour": [
        14,
        50,
        19,
        17,
        33,
        5,
        16,
        21,
        32,
        26,
        18,
        43,
        7,
        20,
        25,
        1,
        8,
        31,
        46,
        37,
        15,
        9,
        49,
        48,
        13,
        22,
        11,
        6,
        29,
        34,
        27,
        30,
        39,
        45,
        47,
        36,
        10,
        41,
        42,
        24,
        35,
        3,
        12,
        2,
        4,
        40,
        28,
        23,
        38,
        44
    ],
    "optimal_solver": "lkh",
    "instance_file_path": "c:\\TSP_ND_ML_Project\\instances\\N50_D3_G1000_grid_4.json",
    "concorde_length": 11181,
    "concorde_time_s": 1.0661132999812253,
    "concorde_tour": [
        1,
        8,
        31,
        46,
        37,
        15,
        9,
        49,
        48,
        13,
        22,
        11,
        6,
        29,
        34,
        27,
        30,
        39,
        45,
        47,
        36,
        10,
        41,
        42,
        24,
        35,
        3,
        12,
        2,
        4,
        40,
        28,
        23,
        38,
        44,
        14,
        50,
        19,
        17,
        33,
        5,
        16,
        21,
        32,
        26,
        18,
        43,
        7,
        20,
        25
    ],
    "lkh_length": 11181,
    "lkh_time_s": 0.11948940000729635,
    "lkh_tour": [
        14,
        50,
        19,
        17,
        33,
        5,
        16,
        21,
        32,
        26,
        18,
        43,
        7,
        20,
        25,
        1,
        8,
        31,
        46,
        37,
        15,
        9,
        49,
        48,
        13,
        22,
        11,
        6,
        29,
        34,
        27,
        30,
        39,
        45,
        47,
        36,
        10,
        41,
        42,
        24,
        35,
        3,
        12,
        2,
        4,
        40,
        28,
        23,
        38,
        44
    ],
    "lkh_gap_pct": 0.0
}