{
    "instance_name": "N50_D2_G100_clus_11",
    "n_customers": 50,
    "dimension": 2,
    "grid_size": 100,
    "optimal_cost": 277,
    "optimal_tour": [
        3,
        46,
        34,
        22,
        27,
        31,
        26,
        7,
        30,
        40,
        18,
        29,
        25,
        21,
        41,
        32,
        42,
        13,
        20,
        35,
        11,
        17,
        24,
        38,
        12,
        14,
        49,
        4,
        44,
        1,
        15,
        10,
        23,
        9,
        47,
        48,
        2,
        43,
        39,
        50,
        28,
        33,
        16,
        45,
        19,
        6,
        5,
        36,
        37,
        8
    ],
    "optimal_solver": "lkh",
    "instance_file_path": "c:\\TSP_ND_ML_Project\\instances\\N50_D2_G100_clus_11.json",
    "concorde_length": 277,
    "concorde_time_s": 0.6713267000159249,
    "concorde_tour": [
        1,
        44,
        4,
        49,
        14,
        12,
        38,
        24,
        17,
        11,
        35,
        20,
        13,
        42,
        32,
        41,
        21,
        25,
        29,
        18,
        40,
        30,
        7,
        26,
        31,
        27,
        22,
        46,
        34,
        3,
        8,
        37,
        36,
        5,
        6,
        19,
        45,
        16,
        33,
        28,
        50,
        39,
        2,
        43,
        48,
        47,
        9,
        23,
        10,
        15
    ],
    "lkh_length": 277,
    "lkh_time_s": 0.48332190001383424,
    "lkh_tour": [
        3,
        46,
        34,
        22,
        27,
        31,
        26,
        7,
        30,
        40,
        18,
        29,
        25,
        21,
        41,
        32,
        42,
        13,
        20,
        35,
        11,
        17,
        24,
        38,
        12,
        14,
        49,
        4,
        44,
        1,
        15,
        10,
        23,
        9,
        47,
        48,
        2,
        43,
        39,
        50,
        28,
        33,
        16,
        45,
        19,
        6,
        5,
        36,
        37,
        8
    ],
    "lkh_gap_pct": 0.0
}