{
    "instance_name": "N50_D2_G100_norm_13",
    "n_customers": 50,
    "dimension": 2,
    "grid_size": 100,
    "optimal_cost": 346,
    "optimal_tour": [
        12,
        16,
        47,
        42,
        10,
        6,
        34,
        8,
        3,
        7,
        49,
        37,
        2,
        23,
        15,
        48,
        1,
        43,
        17,
        20,
        18,
        46,
        4,
        19,
        26,
        9,
        35,
        27,
        31,
        25,
        29,
        40,
        24,
        14,
        39,
        30,
        38,
        22,
        28,
        13,
        5,
        41,
        45,
        11,
        36,
        21,
        44,
        33,
        32,
        50
    ],
    "optimal_solver": "lkh",
    "instance_file_path": "c:\\TSP_ND_ML_Project\\instances\\N50_D2_G100_norm_13.json",
    "concorde_length": 346,
    "concorde_time_s": 0.7437909999862313,
    "concorde_tour": [
        1,
        48,
        15,
        23,
        2,
        37,
        49,
        3,
        7,
        8,
        34,
        6,
        10,
        42,
        47,
        16,
        12,
        50,
        32,
        33,
        44,
        21,
        36,
        11,
        45,
        41,
        5,
        13,
        28,
        22,
        38,
        39,
        30,
        14,
        24,
        40,
        29,
        25,
        31,
        27,
        35,
        9,
        26,
        19,
        4,
        46,
        18,
        20,
        17,
        43
    ],
    "lkh_length": 346,
    "lkh_time_s": 0.3074030000134371,
    "lkh_tour": [
        12,
        16,
        47,
        42,
        10,
        6,
        34,
        8,
        3,
        7,
        49,
        37,
        2,
        23,
        15,
        48,
        1,
        43,
        17,
        20,
        18,
        46,
        4,
        19,
        26,
        9,
        35,
        27,
        31,
        25,
        29,
        40,
        24,
        14,
        39,
        30,
        38,
        22,
        28,
        13,
        5,
        41,
        45,
        11,
        36,
        21,
        44,
        33,
        32,
        50
    ],
    "lkh_gap_pct": 0.0
}