{
    "instance_name": "N50_D2_G1000_rand_7",
    "n_customers": 50,
    "dimension": 2,
    "grid_size": 1000,
    "optimal_cost": 5868,
    "optimal_tour": [
        10,
        13,
        8,
        45,
        32,
        24,
        20,
        21,
        34,
        1,
        5,
        7,
        50,
        2,
        35,
        30,
        49,
        25,
        12,
        22,
        28,
        47,
        27,
        46,
        18,
        29,
        31,
        37,
        43,
        33,
        38,
        23,
        40,
        26,
        19,
        17,
        39,
        41,
        3,
        36,
        42,
        11,
        6,
        4,
        44,
        48,
        14,
        15,
        9,
        16
    ],
    "optimal_solver": "lkh",
    "instance_file_path": "c:\\TSP_ND_ML_Project\\instances\\N50_D2_G1000_rand_7.json",
    "concorde_length": 5868,
    "concorde_time_s": 0.8555703999882098,
    "concorde_tour": [
        1,
        5,
        7,
        50,
        2,
        35,
        30,
        49,
        25,
        12,
        22,
        28,
        47,
        27,
        46,
        18,
        29,
        31,
        37,
        43,
        33,
        38,
        23,
        40,
        26,
        19,
        17,
        39,
        41,
        3,
        36,
        42,
        11,
        6,
        4,
        44,
        48,
        14,
        15,
        9,
        16,
        10,
        13,
        8,
        45,
        32,
        24,
        20,
        21,
        34
    ],
    "lkh_length": 5868,
    "lkh_time_s": 0.17586170000140555,
    "lkh_tour": [
        10,
        13,
        8,
        45,
        32,
        24,
        20,
        21,
        34,
        1,
        5,
        7,
        50,
        2,
        35,
        30,
        49,
        25,
        12,
        22,
        28,
        47,
        27,
        46,
        18,
        29,
        31,
        37,
        43,
        33,
        38,
        23,
        40,
        26,
        19,
        17,
        39,
        41,
        3,
        36,
        42,
        11,
        6,
        4,
        44,
        48,
        14,
        15,
        9,
        16
    ],
    "lkh_gap_pct": 0.0
}