{
    "instance_name": "N50_D3_G1000_pow_18",
    "n_customers": 50,
    "dimension": 3,
    "grid_size": 1000,
    "optimal_cost": 8000,
    "optimal_tour": [
        32,
        33,
        12,
        46,
        34,
        17,
        14,
        47,
        50,
        38,
        10,
        49,
        20,
        8,
        36,
        45,
        9,
        31,
        6,
        19,
        24,
        42,
        21,
        30,
        43,
        2,
        18,
        11,
        23,
        4,
        41,
        1,
        13,
        48,
        40,
        27,
        39,
        35,
        37,
        25,
        15,
        16,
        28,
        3,
        22,
        29,
        5,
        26,
        7,
        44
    ],
    "optimal_solver": "lkh",
    "instance_file_path": "c:\\TSP_ND_ML_Project\\instances\\N50_D3_G1000_pow_18.json",
    "concorde_length": 8000,
    "concorde_time_s": 1.3489919999847189,
    "concorde_tour": [
        1,
        4,
        40,
        13,
        41,
        48,
        2,
        18,
        24,
        11,
        21,
        43,
        30,
        42,
        22,
        29,
        5,
        26,
        7,
        15,
        3,
        25,
        37,
        35,
        16,
        28,
        39,
        27,
        46,
        17,
        14,
        34,
        33,
        12,
        32,
        44,
        36,
        31,
        6,
        19,
        45,
        9,
        50,
        49,
        47,
        20,
        10,
        8,
        38,
        23
    ],
    "lkh_length": 8000,
    "lkh_time_s": 2.6070102999801748,
    "lkh_tour": [
        32,
        33,
        12,
        46,
        34,
        17,
        14,
        47,
        50,
        38,
        10,
        49,
        20,
        8,
        36,
        45,
        9,
        31,
        6,
        19,
        24,
        42,
        21,
        30,
        43,
        2,
        18,
        11,
        23,
        4,
        41,
        1,
        13,
        48,
        40,
        27,
        39,
        35,
        37,
        25,
        15,
        16,
        28,
        3,
        22,
        29,
        5,
        26,
        7,
        44
    ],
    "lkh_gap_pct": 0.0
}