{
    "instance_name": "N50_D5_G10000_pow_17",
    "n_customers": 50,
    "dimension": 5,
    "grid_size": 10000,
    "optimal_cost": 254142,
    "optimal_tour": [
        24,
        27,
        28,
        17,
        6,
        26,
        43,
        14,
        22,
        34,
        33,
        37,
        46,
        36,
        5,
        23,
        12,
        31,
        9,
        10,
        29,
        47,
        41,
        50,
        11,
        40,
        18,
        19,
        25,
        38,
        35,
        39,
        8,
        15,
        44,
        30,
        48,
        49,
        7,
        21,
        1,
        13,
        42,
        20,
        45,
        2,
        16,
        3,
        4,
        32
    ],
    "optimal_solver": "lkh",
    "instance_file_path": "c:\\TSP_ND_ML_Project\\instances\\N50_D5_G10000_pow_17.json",
    "concorde_length": 254142,
    "concorde_time_s": 0.8311060999985784,
    "concorde_tour": [
        1,
        2,
        20,
        45,
        42,
        25,
        19,
        38,
        39,
        35,
        8,
        15,
        44,
        30,
        21,
        49,
        7,
        48,
        32,
        4,
        3,
        16,
        24,
        27,
        17,
        28,
        26,
        43,
        6,
        22,
        14,
        33,
        34,
        18,
        40,
        41,
        29,
        10,
        47,
        50,
        11,
        36,
        46,
        37,
        5,
        12,
        23,
        31,
        9,
        13
    ],
    "lkh_length": 254142,
    "lkh_time_s": 1.627496200031601,
    "lkh_tour": [
        24,
        27,
        28,
        17,
        6,
        26,
        43,
        14,
        22,
        34,
        33,
        37,
        46,
        36,
        5,
        23,
        12,
        31,
        9,
        10,
        29,
        47,
        41,
        50,
        11,
        40,
        18,
        19,
        25,
        38,
        35,
        39,
        8,
        15,
        44,
        30,
        48,
        49,
        7,
        21,
        1,
        13,
        42,
        20,
        45,
        2,
        16,
        3,
        4,
        32
    ],
    "lkh_gap_pct": 0.0
}