{
    "instance_name": "N50_D2_G100_norm_11",
    "n_customers": 50,
    "dimension": 2,
    "grid_size": 100,
    "optimal_cost": 382,
    "optimal_tour": [
        39,
        49,
        18,
        20,
        31,
        28,
        32,
        1,
        7,
        17,
        13,
        37,
        2,
        5,
        29,
        35,
        41,
        26,
        45,
        42,
        12,
        30,
        8,
        15,
        38,
        48,
        27,
        19,
        25,
        40,
        11,
        21,
        9,
        46,
        6,
        3,
        50,
        14,
        10,
        33,
        44,
        4,
        24,
        36,
        47,
        22,
        23,
        16,
        43,
        34
    ],
    "optimal_solver": "lkh",
    "instance_file_path": "c:\\TSP_ND_ML_Project\\instances\\N50_D2_G100_norm_11.json",
    "concorde_length": 382,
    "concorde_time_s": 0.5387228000035975,
    "concorde_tour": [
        1,
        7,
        17,
        13,
        2,
        37,
        5,
        29,
        35,
        41,
        26,
        45,
        42,
        12,
        30,
        15,
        8,
        38,
        48,
        27,
        19,
        25,
        40,
        11,
        21,
        9,
        46,
        6,
        3,
        50,
        14,
        10,
        33,
        44,
        4,
        24,
        36,
        47,
        22,
        23,
        16,
        43,
        34,
        39,
        49,
        18,
        20,
        31,
        28,
        32
    ],
    "lkh_length": 382,
    "lkh_time_s": 0.19055659999139607,
    "lkh_tour": [
        39,
        49,
        18,
        20,
        31,
        28,
        32,
        1,
        7,
        17,
        13,
        37,
        2,
        5,
        29,
        35,
        41,
        26,
        45,
        42,
        12,
        30,
        8,
        15,
        38,
        48,
        27,
        19,
        25,
        40,
        11,
        21,
        9,
        46,
        6,
        3,
        50,
        14,
        10,
        33,
        44,
        4,
        24,
        36,
        47,
        22,
        23,
        16,
        43,
        34
    ],
    "lkh_gap_pct": 0.0
}