{
    "instance_name": "N50_D2_G10000_clus_4",
    "n_customers": 50,
    "dimension": 2,
    "grid_size": 10000,
    "optimal_cost": 28649,
    "optimal_tour": [
        11,
        8,
        31,
        24,
        41,
        28,
        6,
        47,
        18,
        42,
        26,
        9,
        43,
        37,
        1,
        30,
        36,
        15,
        7,
        21,
        17,
        44,
        48,
        32,
        25,
        3,
        50,
        33,
        20,
        16,
        14,
        13,
        4,
        2,
        29,
        5,
        35,
        22,
        12,
        46,
        10,
        40,
        19,
        34,
        45,
        27,
        49,
        38,
        23,
        39
    ],
    "optimal_solver": "lkh",
    "instance_file_path": "c:\\TSP_ND_ML_Project\\instances\\N50_D2_G10000_clus_4.json",
    "concorde_length": 28649,
    "concorde_time_s": 0.8844761000073049,
    "concorde_tour": [
        1,
        37,
        43,
        9,
        26,
        42,
        18,
        47,
        6,
        28,
        41,
        24,
        31,
        8,
        11,
        39,
        23,
        38,
        49,
        27,
        45,
        34,
        19,
        40,
        10,
        46,
        12,
        22,
        35,
        5,
        29,
        2,
        4,
        13,
        14,
        16,
        20,
        33,
        50,
        3,
        25,
        32,
        48,
        44,
        17,
        21,
        7,
        15,
        36,
        30
    ],
    "lkh_length": 28649,
    "lkh_time_s": 0.09474540001247078,
    "lkh_tour": [
        11,
        8,
        31,
        24,
        41,
        28,
        6,
        47,
        18,
        42,
        26,
        9,
        43,
        37,
        1,
        30,
        36,
        15,
        7,
        21,
        17,
        44,
        48,
        32,
        25,
        3,
        50,
        33,
        20,
        16,
        14,
        13,
        4,
        2,
        29,
        5,
        35,
        22,
        12,
        46,
        10,
        40,
        19,
        34,
        45,
        27,
        49,
        38,
        23,
        39
    ],
    "lkh_gap_pct": 0.0
}