{
    "instance_name": "N50_D3_G100_corr_5",
    "n_customers": 50,
    "dimension": 3,
    "grid_size": 100,
    "optimal_cost": 544,
    "optimal_tour": [
        9,
        2,
        22,
        49,
        43,
        28,
        32,
        41,
        27,
        24,
        31,
        46,
        1,
        11,
        3,
        33,
        47,
        14,
        6,
        36,
        12,
        20,
        15,
        26,
        44,
        19,
        25,
        35,
        21,
        50,
        38,
        37,
        16,
        30,
        8,
        7,
        34,
        29,
        5,
        10,
        48,
        4,
        40,
        18,
        17,
        39,
        23,
        45,
        13,
        42
    ],
    "optimal_solver": "lkh",
    "instance_file_path": "c:\\TSP_ND_ML_Project\\instances\\N50_D3_G100_corr_5.json",
    "concorde_length": 544,
    "concorde_time_s": 0.8167200000025332,
    "concorde_tour": [
        1,
        46,
        31,
        24,
        27,
        41,
        32,
        28,
        43,
        49,
        22,
        2,
        9,
        42,
        13,
        45,
        23,
        39,
        17,
        18,
        40,
        4,
        48,
        10,
        5,
        29,
        34,
        7,
        8,
        30,
        16,
        37,
        38,
        50,
        21,
        35,
        25,
        19,
        44,
        26,
        15,
        20,
        12,
        36,
        6,
        14,
        47,
        33,
        3,
        11
    ],
    "lkh_length": 544,
    "lkh_time_s": 0.12159029999747872,
    "lkh_tour": [
        9,
        2,
        22,
        49,
        43,
        28,
        32,
        41,
        27,
        24,
        31,
        46,
        1,
        11,
        3,
        33,
        47,
        14,
        6,
        36,
        12,
        20,
        15,
        26,
        44,
        19,
        25,
        35,
        21,
        50,
        38,
        37,
        16,
        30,
        8,
        7,
        34,
        29,
        5,
        10,
        48,
        4,
        40,
        18,
        17,
        39,
        23,
        45,
        13,
        42
    ],
    "lkh_gap_pct": 0.0
}