{
    "instance_name": "N50_D2_G10000_corn_3",
    "n_customers": 50,
    "dimension": 2,
    "grid_size": 10000,
    "optimal_cost": 40398,
    "optimal_tour": [
        37,
        32,
        23,
        42,
        29,
        34,
        4,
        27,
        35,
        17,
        25,
        1,
        13,
        24,
        38,
        36,
        40,
        41,
        43,
        5,
        7,
        16,
        6,
        49,
        12,
        18,
        14,
        31,
        20,
        47,
        21,
        26,
        19,
        33,
        44,
        9,
        22,
        15,
        45,
        48,
        46,
        10,
        50,
        2,
        8,
        28,
        39,
        3,
        30,
        11
    ],
    "optimal_solver": "lkh",
    "instance_file_path": "c:\\TSP_ND_ML_Project\\instances\\N50_D2_G10000_corn_3.json",
    "concorde_length": 40398,
    "concorde_time_s": 0.9563997999939602,
    "concorde_tour": [
        1,
        13,
        24,
        38,
        36,
        43,
        40,
        41,
        5,
        7,
        16,
        6,
        49,
        12,
        18,
        20,
        31,
        14,
        47,
        21,
        26,
        19,
        33,
        44,
        9,
        22,
        15,
        45,
        48,
        46,
        10,
        50,
        2,
        8,
        28,
        39,
        3,
        30,
        32,
        37,
        42,
        11,
        23,
        29,
        34,
        4,
        27,
        35,
        17,
        25
    ],
    "lkh_length": 40398,
    "lkh_time_s": 0.43163910001749173,
    "lkh_tour": [
        37,
        32,
        23,
        42,
        29,
        34,
        4,
        27,
        35,
        17,
        25,
        1,
        13,
        24,
        38,
        36,
        40,
        41,
        43,
        5,
        7,
        16,
        6,
        49,
        12,
        18,
        14,
        31,
        20,
        47,
        21,
        26,
        19,
        33,
        44,
        9,
        22,
        15,
        45,
        48,
        46,
        10,
        50,
        2,
        8,
        28,
        39,
        3,
        30,
        11
    ],
    "lkh_gap_pct": 0.0
}