{
    "instance_name": "N50_D5_G1000_norm_2",
    "n_customers": 50,
    "dimension": 5,
    "grid_size": 1000,
    "optimal_cost": 12427,
    "optimal_tour": [
        4,
        26,
        36,
        1,
        23,
        8,
        10,
        16,
        5,
        19,
        22,
        37,
        32,
        20,
        7,
        24,
        9,
        28,
        38,
        35,
        15,
        49,
        13,
        44,
        29,
        3,
        40,
        50,
        34,
        42,
        45,
        18,
        2,
        14,
        39,
        25,
        17,
        27,
        47,
        33,
        43,
        31,
        21,
        48,
        41,
        30,
        11,
        12,
        6,
        46
    ],
    "optimal_solver": "lkh",
    "instance_file_path": "c:\\TSP_ND_ML_Project\\instances\\N50_D5_G1000_norm_2.json",
    "concorde_length": 12427,
    "concorde_time_s": 1.3801645999774337,
    "concorde_tour": [
        1,
        36,
        26,
        4,
        46,
        6,
        12,
        11,
        30,
        41,
        48,
        21,
        31,
        43,
        33,
        47,
        27,
        17,
        25,
        39,
        14,
        2,
        18,
        45,
        42,
        34,
        50,
        40,
        3,
        29,
        44,
        13,
        49,
        15,
        35,
        38,
        28,
        9,
        24,
        7,
        20,
        32,
        37,
        22,
        19,
        5,
        16,
        10,
        8,
        23
    ],
    "lkh_length": 12427,
    "lkh_time_s": 0.09909789997618645,
    "lkh_tour": [
        4,
        26,
        36,
        1,
        23,
        8,
        10,
        16,
        5,
        19,
        22,
        37,
        32,
        20,
        7,
        24,
        9,
        28,
        38,
        35,
        15,
        49,
        13,
        44,
        29,
        3,
        40,
        50,
        34,
        42,
        45,
        18,
        2,
        14,
        39,
        25,
        17,
        27,
        47,
        33,
        43,
        31,
        21,
        48,
        41,
        30,
        11,
        12,
        6,
        46
    ],
    "lkh_gap_pct": 0.0
}