{
    "instance_name": "N50_D4_G10000_rand_17",
    "n_customers": 50,
    "dimension": 4,
    "grid_size": 10000,
    "optimal_cost": 163771,
    "optimal_tour": [
        30,
        26,
        21,
        11,
        23,
        19,
        40,
        49,
        46,
        9,
        34,
        39,
        28,
        25,
        32,
        15,
        41,
        6,
        7,
        10,
        18,
        31,
        13,
        47,
        14,
        17,
        37,
        38,
        42,
        35,
        43,
        12,
        22,
        50,
        2,
        44,
        4,
        33,
        36,
        20,
        5,
        16,
        45,
        8,
        27,
        3,
        29,
        48,
        1,
        24
    ],
    "optimal_solver": "lkh",
    "instance_file_path": "c:\\TSP_ND_ML_Project\\instances\\N50_D4_G10000_rand_17.json",
    "concorde_length": 163771,
    "concorde_time_s": 1.4863667000317946,
    "concorde_tour": [
        1,
        48,
        29,
        3,
        27,
        8,
        45,
        16,
        5,
        20,
        36,
        33,
        4,
        44,
        2,
        50,
        22,
        12,
        43,
        35,
        42,
        38,
        37,
        17,
        14,
        47,
        13,
        31,
        18,
        10,
        7,
        6,
        41,
        15,
        32,
        25,
        28,
        39,
        34,
        9,
        46,
        49,
        40,
        19,
        23,
        11,
        21,
        26,
        30,
        24
    ],
    "lkh_length": 163771,
    "lkh_time_s": 0.1698571000015363,
    "lkh_tour": [
        30,
        26,
        21,
        11,
        23,
        19,
        40,
        49,
        46,
        9,
        34,
        39,
        28,
        25,
        32,
        15,
        41,
        6,
        7,
        10,
        18,
        31,
        13,
        47,
        14,
        17,
        37,
        38,
        42,
        35,
        43,
        12,
        22,
        50,
        2,
        44,
        4,
        33,
        36,
        20,
        5,
        16,
        45,
        8,
        27,
        3,
        29,
        48,
        1,
        24
    ],
    "lkh_gap_pct": 0.0
}