{
    "instance_name": "N50_D5_G10000_grid_11",
    "n_customers": 50,
    "dimension": 5,
    "grid_size": 10000,
    "optimal_cost": 221187,
    "optimal_tour": [
        3,
        34,
        44,
        2,
        21,
        29,
        11,
        35,
        20,
        26,
        16,
        50,
        38,
        45,
        18,
        42,
        33,
        8,
        4,
        25,
        24,
        13,
        9,
        5,
        47,
        49,
        1,
        10,
        40,
        46,
        6,
        14,
        39,
        36,
        22,
        43,
        41,
        32,
        30,
        37,
        48,
        12,
        15,
        31,
        17,
        28,
        19,
        23,
        7,
        27
    ],
    "optimal_solver": "lkh",
    "instance_file_path": "c:\\TSP_ND_ML_Project\\instances\\N50_D5_G10000_grid_11.json",
    "concorde_length": 221187,
    "concorde_time_s": 3.4474095000186935,
    "concorde_tour": [
        1,
        49,
        47,
        5,
        9,
        13,
        24,
        25,
        4,
        8,
        33,
        42,
        18,
        45,
        38,
        50,
        16,
        26,
        20,
        35,
        11,
        29,
        21,
        2,
        44,
        34,
        3,
        27,
        7,
        23,
        19,
        28,
        17,
        31,
        15,
        12,
        48,
        37,
        30,
        32,
        41,
        43,
        22,
        36,
        39,
        14,
        6,
        46,
        40,
        10
    ],
    "lkh_length": 221187,
    "lkh_time_s": 0.11464169999817386,
    "lkh_tour": [
        3,
        34,
        44,
        2,
        21,
        29,
        11,
        35,
        20,
        26,
        16,
        50,
        38,
        45,
        18,
        42,
        33,
        8,
        4,
        25,
        24,
        13,
        9,
        5,
        47,
        49,
        1,
        10,
        40,
        46,
        6,
        14,
        39,
        36,
        22,
        43,
        41,
        32,
        30,
        37,
        48,
        12,
        15,
        31,
        17,
        28,
        19,
        23,
        7,
        27
    ],
    "lkh_gap_pct": 0.0
}