{
    "instance_name": "N50_D5_G100_norm_4",
    "n_customers": 50,
    "dimension": 5,
    "grid_size": 100,
    "optimal_cost": 1348,
    "optimal_tour": [
        6,
        31,
        40,
        33,
        48,
        16,
        27,
        1,
        21,
        2,
        50,
        5,
        43,
        4,
        18,
        10,
        32,
        35,
        45,
        9,
        14,
        41,
        13,
        46,
        26,
        25,
        7,
        49,
        39,
        17,
        37,
        30,
        15,
        22,
        29,
        20,
        11,
        12,
        19,
        36,
        38,
        44,
        8,
        23,
        47,
        24,
        34,
        3,
        28,
        42
    ],
    "optimal_solver": "lkh",
    "instance_file_path": "c:\\TSP_ND_ML_Project\\instances\\N50_D5_G100_norm_4.json",
    "concorde_length": 1348,
    "concorde_time_s": 2.335500600049272,
    "concorde_tour": [
        1,
        27,
        16,
        48,
        33,
        40,
        31,
        6,
        42,
        28,
        3,
        34,
        24,
        47,
        23,
        8,
        44,
        38,
        36,
        19,
        12,
        11,
        20,
        29,
        22,
        15,
        30,
        37,
        17,
        39,
        49,
        7,
        25,
        26,
        46,
        13,
        41,
        14,
        9,
        45,
        35,
        32,
        10,
        18,
        4,
        43,
        5,
        50,
        2,
        21
    ],
    "lkh_length": 1348,
    "lkh_time_s": 0.11786850000498816,
    "lkh_tour": [
        6,
        31,
        40,
        33,
        48,
        16,
        27,
        1,
        21,
        2,
        50,
        5,
        43,
        4,
        18,
        10,
        32,
        35,
        45,
        9,
        14,
        41,
        13,
        46,
        26,
        25,
        7,
        49,
        39,
        17,
        37,
        30,
        15,
        22,
        29,
        20,
        11,
        12,
        19,
        36,
        38,
        44,
        8,
        23,
        47,
        24,
        34,
        3,
        28,
        42
    ],
    "lkh_gap_pct": 0.0
}