{
    "instance_name": "N50_D2_G10000_corn_1",
    "n_customers": 50,
    "dimension": 2,
    "grid_size": 10000,
    "optimal_cost": 40805,
    "optimal_tour": [
        25,
        14,
        12,
        41,
        30,
        38,
        44,
        4,
        13,
        7,
        40,
        39,
        1,
        11,
        43,
        16,
        2,
        6,
        33,
        15,
        42,
        22,
        18,
        21,
        45,
        5,
        19,
        32,
        27,
        49,
        48,
        46,
        37,
        47,
        34,
        23,
        17,
        50,
        24,
        29,
        26,
        8,
        3,
        35,
        10,
        31,
        28,
        20,
        9,
        36
    ],
    "optimal_solver": "lkh",
    "instance_file_path": "c:\\TSP_ND_ML_Project\\instances\\N50_D2_G10000_corn_1.json",
    "concorde_length": 40805,
    "concorde_time_s": 1.0547203999885824,
    "concorde_tour": [
        1,
        11,
        43,
        16,
        2,
        33,
        6,
        15,
        42,
        22,
        18,
        21,
        45,
        5,
        19,
        32,
        27,
        49,
        48,
        46,
        23,
        47,
        37,
        34,
        17,
        50,
        24,
        29,
        26,
        8,
        3,
        35,
        10,
        31,
        28,
        20,
        9,
        36,
        25,
        14,
        12,
        41,
        30,
        38,
        44,
        4,
        13,
        7,
        40,
        39
    ],
    "lkh_length": 40805,
    "lkh_time_s": 0.9795721000118647,
    "lkh_tour": [
        25,
        14,
        12,
        41,
        30,
        38,
        44,
        4,
        13,
        7,
        40,
        39,
        1,
        11,
        43,
        16,
        2,
        6,
        33,
        15,
        42,
        22,
        18,
        21,
        45,
        5,
        19,
        32,
        27,
        49,
        48,
        46,
        37,
        47,
        34,
        23,
        17,
        50,
        24,
        29,
        26,
        8,
        3,
        35,
        10,
        31,
        28,
        20,
        9,
        36
    ],
    "lkh_gap_pct": 0.0
}