{
    "instance_name": "N50_D5_G1000_corn_15",
    "n_customers": 50,
    "dimension": 5,
    "grid_size": 1000,
    "optimal_cost": 27800,
    "optimal_tour": [
        35,
        15,
        4,
        42,
        6,
        16,
        40,
        43,
        2,
        25,
        50,
        29,
        45,
        3,
        39,
        17,
        20,
        48,
        9,
        22,
        33,
        21,
        38,
        1,
        5,
        31,
        47,
        41,
        18,
        27,
        19,
        36,
        10,
        24,
        26,
        23,
        11,
        37,
        14,
        49,
        32,
        12,
        8,
        28,
        46,
        34,
        44,
        30,
        7,
        13
    ],
    "optimal_solver": "lkh",
    "instance_file_path": "c:\\TSP_ND_ML_Project\\instances\\N50_D5_G1000_corn_15.json",
    "concorde_length": 27800,
    "concorde_time_s": 0.551556599966716,
    "concorde_tour": [
        1,
        38,
        21,
        33,
        22,
        9,
        48,
        20,
        17,
        39,
        28,
        46,
        34,
        44,
        30,
        7,
        13,
        35,
        15,
        4,
        42,
        6,
        16,
        40,
        43,
        2,
        25,
        50,
        29,
        3,
        45,
        8,
        12,
        32,
        49,
        14,
        37,
        11,
        23,
        26,
        24,
        10,
        36,
        19,
        27,
        18,
        41,
        47,
        31,
        5
    ],
    "lkh_length": 27800,
    "lkh_time_s": 0.14035299996612594,
    "lkh_tour": [
        35,
        15,
        4,
        42,
        6,
        16,
        40,
        43,
        2,
        25,
        50,
        29,
        45,
        3,
        39,
        17,
        20,
        48,
        9,
        22,
        33,
        21,
        38,
        1,
        5,
        31,
        47,
        41,
        18,
        27,
        19,
        36,
        10,
        24,
        26,
        23,
        11,
        37,
        14,
        49,
        32,
        12,
        8,
        28,
        46,
        34,
        44,
        30,
        7,
        13
    ],
    "lkh_gap_pct": 0.0
}