{
    "instance_name": "N50_D3_G100_rand_8",
    "n_customers": 50,
    "dimension": 3,
    "grid_size": 100,
    "optimal_cost": 1032,
    "optimal_tour": [
        33,
        4,
        17,
        24,
        15,
        38,
        20,
        32,
        25,
        34,
        3,
        42,
        39,
        31,
        37,
        12,
        19,
        47,
        28,
        26,
        40,
        10,
        50,
        35,
        46,
        14,
        44,
        5,
        43,
        45,
        36,
        18,
        6,
        48,
        30,
        8,
        2,
        13,
        27,
        23,
        29,
        49,
        11,
        16,
        41,
        7,
        22,
        21,
        1,
        9
    ],
    "optimal_solver": "lkh",
    "instance_file_path": "c:\\TSP_ND_ML_Project\\instances\\N50_D3_G100_rand_8.json",
    "concorde_length": 1032,
    "concorde_time_s": 0.8123754999833182,
    "concorde_tour": [
        1,
        21,
        22,
        7,
        41,
        16,
        11,
        49,
        29,
        23,
        27,
        13,
        2,
        8,
        30,
        48,
        6,
        18,
        36,
        45,
        43,
        5,
        44,
        14,
        46,
        35,
        50,
        10,
        40,
        26,
        28,
        47,
        19,
        12,
        37,
        31,
        39,
        42,
        3,
        34,
        25,
        32,
        20,
        38,
        15,
        24,
        17,
        4,
        33,
        9
    ],
    "lkh_length": 1032,
    "lkh_time_s": 0.1014994999859482,
    "lkh_tour": [
        33,
        4,
        17,
        24,
        15,
        38,
        20,
        32,
        25,
        34,
        3,
        42,
        39,
        31,
        37,
        12,
        19,
        47,
        28,
        26,
        40,
        10,
        50,
        35,
        46,
        14,
        44,
        5,
        43,
        45,
        36,
        18,
        6,
        48,
        30,
        8,
        2,
        13,
        27,
        23,
        29,
        49,
        11,
        16,
        41,
        7,
        22,
        21,
        1,
        9
    ],
    "lkh_gap_pct": 0.0
}