{
    "instance_name": "N50_D4_G1000_rand_11",
    "n_customers": 50,
    "dimension": 4,
    "grid_size": 1000,
    "optimal_cost": 16088,
    "optimal_tour": [
        5,
        6,
        34,
        2,
        47,
        27,
        45,
        37,
        13,
        7,
        8,
        18,
        22,
        15,
        9,
        31,
        11,
        36,
        32,
        25,
        3,
        41,
        1,
        26,
        46,
        12,
        33,
        16,
        39,
        24,
        10,
        4,
        29,
        30,
        38,
        49,
        44,
        35,
        42,
        17,
        20,
        48,
        14,
        50,
        23,
        43,
        21,
        40,
        19,
        28
    ],
    "optimal_solver": "lkh",
    "instance_file_path": "c:\\TSP_ND_ML_Project\\instances\\N50_D4_G1000_rand_11.json",
    "concorde_length": 16088,
    "concorde_time_s": 1.1132770999683999,
    "concorde_tour": [
        1,
        26,
        46,
        12,
        33,
        16,
        39,
        24,
        10,
        4,
        29,
        30,
        38,
        49,
        44,
        35,
        42,
        17,
        20,
        48,
        14,
        50,
        23,
        43,
        21,
        40,
        19,
        28,
        5,
        6,
        34,
        2,
        47,
        27,
        45,
        37,
        13,
        7,
        8,
        18,
        22,
        15,
        9,
        31,
        11,
        36,
        32,
        25,
        3,
        41
    ],
    "lkh_length": 16088,
    "lkh_time_s": 0.09875929995905608,
    "lkh_tour": [
        5,
        6,
        34,
        2,
        47,
        27,
        45,
        37,
        13,
        7,
        8,
        18,
        22,
        15,
        9,
        31,
        11,
        36,
        32,
        25,
        3,
        41,
        1,
        26,
        46,
        12,
        33,
        16,
        39,
        24,
        10,
        4,
        29,
        30,
        38,
        49,
        44,
        35,
        42,
        17,
        20,
        48,
        14,
        50,
        23,
        43,
        21,
        40,
        19,
        28
    ],
    "lkh_gap_pct": 0.0
}