{
    "instance_name": "N50_D4_G10000_grid_16",
    "n_customers": 50,
    "dimension": 4,
    "grid_size": 10000,
    "optimal_cost": 158773,
    "optimal_tour": [
        7,
        37,
        5,
        17,
        50,
        1,
        13,
        31,
        22,
        3,
        29,
        38,
        45,
        24,
        25,
        40,
        33,
        4,
        27,
        26,
        46,
        43,
        28,
        15,
        12,
        44,
        20,
        34,
        30,
        14,
        39,
        11,
        18,
        6,
        41,
        9,
        36,
        21,
        8,
        19,
        23,
        32,
        48,
        49,
        16,
        10,
        2,
        42,
        47,
        35
    ],
    "optimal_solver": "lkh",
    "instance_file_path": "c:\\TSP_ND_ML_Project\\instances\\N50_D4_G10000_grid_16.json",
    "concorde_length": 158773,
    "concorde_time_s": 2.957310499972664,
    "concorde_tour": [
        1,
        50,
        17,
        5,
        37,
        7,
        35,
        47,
        42,
        2,
        10,
        16,
        49,
        48,
        32,
        23,
        19,
        8,
        21,
        36,
        9,
        41,
        6,
        18,
        11,
        39,
        14,
        30,
        34,
        20,
        44,
        12,
        15,
        28,
        43,
        46,
        26,
        27,
        4,
        33,
        40,
        25,
        24,
        45,
        38,
        29,
        3,
        22,
        31,
        13
    ],
    "lkh_length": 158773,
    "lkh_time_s": 0.0962693999754265,
    "lkh_tour": [
        7,
        37,
        5,
        17,
        50,
        1,
        13,
        31,
        22,
        3,
        29,
        38,
        45,
        24,
        25,
        40,
        33,
        4,
        27,
        26,
        46,
        43,
        28,
        15,
        12,
        44,
        20,
        34,
        30,
        14,
        39,
        11,
        18,
        6,
        41,
        9,
        36,
        21,
        8,
        19,
        23,
        32,
        48,
        49,
        16,
        10,
        2,
        42,
        47,
        35
    ],
    "lkh_gap_pct": 0.0
}