{
    "instance_name": "N50_D3_G10000_clus_5",
    "n_customers": 50,
    "dimension": 3,
    "grid_size": 10000,
    "optimal_cost": 38266,
    "optimal_tour": [
        31,
        13,
        22,
        17,
        7,
        11,
        37,
        3,
        35,
        30,
        6,
        4,
        36,
        45,
        10,
        40,
        42,
        23,
        18,
        20,
        34,
        41,
        32,
        12,
        39,
        21,
        50,
        14,
        29,
        26,
        27,
        44,
        9,
        48,
        8,
        5,
        24,
        25,
        33,
        2,
        28,
        15,
        19,
        47,
        43,
        1,
        16,
        46,
        38,
        49
    ],
    "optimal_solver": "lkh",
    "instance_file_path": "c:\\TSP_ND_ML_Project\\instances\\N50_D3_G10000_clus_5.json",
    "concorde_length": 38266,
    "concorde_time_s": 1.1368147000321187,
    "concorde_tour": [
        1,
        43,
        47,
        19,
        15,
        28,
        2,
        33,
        25,
        24,
        5,
        8,
        48,
        9,
        44,
        27,
        26,
        29,
        14,
        50,
        21,
        39,
        12,
        32,
        41,
        34,
        20,
        18,
        23,
        42,
        40,
        10,
        45,
        36,
        4,
        6,
        30,
        35,
        3,
        37,
        11,
        7,
        17,
        22,
        13,
        31,
        49,
        38,
        46,
        16
    ],
    "lkh_length": 38266,
    "lkh_time_s": 0.06837140000425279,
    "lkh_tour": [
        31,
        13,
        22,
        17,
        7,
        11,
        37,
        3,
        35,
        30,
        6,
        4,
        36,
        45,
        10,
        40,
        42,
        23,
        18,
        20,
        34,
        41,
        32,
        12,
        39,
        21,
        50,
        14,
        29,
        26,
        27,
        44,
        9,
        48,
        8,
        5,
        24,
        25,
        33,
        2,
        28,
        15,
        19,
        47,
        43,
        1,
        16,
        46,
        38,
        49
    ],
    "lkh_gap_pct": 0.0
}