{
    "instance_name": "N50_D4_G1000_pow_17",
    "n_customers": 50,
    "dimension": 4,
    "grid_size": 1000,
    "optimal_cost": 16000,
    "optimal_tour": [
        9,
        28,
        35,
        24,
        14,
        40,
        43,
        22,
        6,
        7,
        13,
        8,
        15,
        50,
        19,
        23,
        37,
        16,
        25,
        46,
        38,
        18,
        29,
        39,
        17,
        48,
        27,
        3,
        34,
        32,
        36,
        1,
        10,
        2,
        49,
        30,
        41,
        31,
        26,
        44,
        42,
        12,
        4,
        47,
        45,
        11,
        21,
        33,
        5,
        20
    ],
    "optimal_solver": "lkh",
    "instance_file_path": "c:\\TSP_ND_ML_Project\\instances\\N50_D4_G1000_pow_17.json",
    "concorde_length": 16000,
    "concorde_time_s": 0.8615512999822386,
    "concorde_tour": [
        1,
        34,
        32,
        30,
        10,
        49,
        2,
        41,
        33,
        47,
        11,
        45,
        5,
        21,
        35,
        20,
        28,
        9,
        8,
        15,
        13,
        7,
        6,
        40,
        24,
        22,
        14,
        43,
        48,
        17,
        3,
        27,
        19,
        50,
        37,
        23,
        18,
        29,
        38,
        39,
        46,
        31,
        26,
        44,
        42,
        12,
        4,
        16,
        25,
        36
    ],
    "lkh_length": 16000,
    "lkh_time_s": 0.3987982000107877,
    "lkh_tour": [
        9,
        28,
        35,
        24,
        14,
        40,
        43,
        22,
        6,
        7,
        13,
        8,
        15,
        50,
        19,
        23,
        37,
        16,
        25,
        46,
        38,
        18,
        29,
        39,
        17,
        48,
        27,
        3,
        34,
        32,
        36,
        1,
        10,
        2,
        49,
        30,
        41,
        31,
        26,
        44,
        42,
        12,
        4,
        47,
        45,
        11,
        21,
        33,
        5,
        20
    ],
    "lkh_gap_pct": 0.0
}