{
    "instance_name": "N50_D4_G100_ring_16",
    "n_customers": 50,
    "dimension": 4,
    "grid_size": 100,
    "optimal_cost": 1019,
    "optimal_tour": [
        18,
        40,
        10,
        7,
        6,
        37,
        15,
        24,
        30,
        44,
        35,
        34,
        33,
        32,
        8,
        42,
        43,
        41,
        48,
        20,
        28,
        23,
        21,
        50,
        13,
        47,
        31,
        5,
        25,
        12,
        16,
        46,
        38,
        36,
        2,
        4,
        27,
        39,
        1,
        3,
        26,
        45,
        11,
        14,
        19,
        17,
        9,
        29,
        49,
        22
    ],
    "optimal_solver": "lkh",
    "instance_file_path": "c:\\TSP_ND_ML_Project\\instances\\N50_D4_G100_ring_16.json",
    "concorde_length": 1019,
    "concorde_time_s": 0.6690983000444248,
    "concorde_tour": [
        1,
        3,
        26,
        45,
        11,
        14,
        19,
        17,
        9,
        29,
        49,
        22,
        18,
        10,
        40,
        7,
        6,
        24,
        15,
        37,
        30,
        44,
        35,
        34,
        33,
        32,
        8,
        42,
        43,
        41,
        48,
        20,
        28,
        23,
        21,
        50,
        13,
        47,
        31,
        5,
        25,
        12,
        16,
        46,
        38,
        36,
        2,
        4,
        27,
        39
    ],
    "lkh_length": 1019,
    "lkh_time_s": 0.11244339996483177,
    "lkh_tour": [
        18,
        40,
        10,
        7,
        6,
        37,
        15,
        24,
        30,
        44,
        35,
        34,
        33,
        32,
        8,
        42,
        43,
        41,
        48,
        20,
        28,
        23,
        21,
        50,
        13,
        47,
        31,
        5,
        25,
        12,
        16,
        46,
        38,
        36,
        2,
        4,
        27,
        39,
        1,
        3,
        26,
        45,
        11,
        14,
        19,
        17,
        9,
        29,
        49,
        22
    ],
    "lkh_gap_pct": 0.0
}