{
    "instance_name": "N50_D2_G100_tria_6",
    "n_customers": 50,
    "dimension": 2,
    "grid_size": 100,
    "optimal_cost": 562,
    "optimal_tour": [
        12,
        31,
        48,
        30,
        19,
        10,
        9,
        25,
        33,
        45,
        8,
        42,
        23,
        16,
        22,
        38,
        3,
        47,
        13,
        35,
        40,
        34,
        41,
        24,
        49,
        43,
        26,
        39,
        46,
        17,
        32,
        2,
        29,
        21,
        11,
        50,
        44,
        37,
        7,
        4,
        15,
        6,
        5,
        20,
        36,
        27,
        18,
        28,
        1,
        14
    ],
    "optimal_solver": "lkh",
    "instance_file_path": "c:\\TSP_ND_ML_Project\\instances\\N50_D2_G100_tria_6.json",
    "concorde_length": 562,
    "concorde_time_s": 0.5431661000184249,
    "concorde_tour": [
        1,
        28,
        18,
        27,
        36,
        20,
        5,
        6,
        15,
        4,
        7,
        37,
        44,
        50,
        21,
        11,
        29,
        2,
        32,
        17,
        46,
        39,
        26,
        43,
        49,
        24,
        41,
        34,
        40,
        35,
        13,
        47,
        3,
        38,
        22,
        16,
        23,
        42,
        8,
        45,
        33,
        25,
        9,
        10,
        19,
        30,
        48,
        31,
        12,
        14
    ],
    "lkh_length": 562,
    "lkh_time_s": 0.0960194000217598,
    "lkh_tour": [
        12,
        31,
        48,
        30,
        19,
        10,
        9,
        25,
        33,
        45,
        8,
        42,
        23,
        16,
        22,
        38,
        3,
        47,
        13,
        35,
        40,
        34,
        41,
        24,
        49,
        43,
        26,
        39,
        46,
        17,
        32,
        2,
        29,
        21,
        11,
        50,
        44,
        37,
        7,
        4,
        15,
        6,
        5,
        20,
        36,
        27,
        18,
        28,
        1,
        14
    ],
    "lkh_gap_pct": 0.0
}