{
    "instance_name": "N50_D3_G10000_clus_6",
    "n_customers": 50,
    "dimension": 3,
    "grid_size": 10000,
    "optimal_cost": 52496,
    "optimal_tour": [
        19,
        47,
        13,
        50,
        1,
        15,
        20,
        44,
        41,
        25,
        3,
        36,
        7,
        34,
        38,
        17,
        5,
        28,
        32,
        21,
        9,
        46,
        40,
        43,
        10,
        45,
        24,
        6,
        2,
        26,
        29,
        37,
        48,
        18,
        14,
        39,
        16,
        12,
        49,
        11,
        42,
        27,
        33,
        4,
        35,
        23,
        31,
        30,
        22,
        8
    ],
    "optimal_solver": "lkh",
    "instance_file_path": "c:\\TSP_ND_ML_Project\\instances\\N50_D3_G10000_clus_6.json",
    "concorde_length": 52496,
    "concorde_time_s": 0.9496644000755623,
    "concorde_tour": [
        1,
        15,
        20,
        44,
        41,
        25,
        3,
        36,
        7,
        34,
        38,
        17,
        5,
        28,
        32,
        21,
        9,
        46,
        40,
        43,
        10,
        45,
        24,
        6,
        2,
        26,
        29,
        37,
        48,
        18,
        14,
        39,
        16,
        12,
        49,
        11,
        42,
        27,
        33,
        4,
        35,
        23,
        31,
        30,
        22,
        8,
        19,
        47,
        13,
        50
    ],
    "lkh_length": 52496,
    "lkh_time_s": 0.07001919997856021,
    "lkh_tour": [
        19,
        47,
        13,
        50,
        1,
        15,
        20,
        44,
        41,
        25,
        3,
        36,
        7,
        34,
        38,
        17,
        5,
        28,
        32,
        21,
        9,
        46,
        40,
        43,
        10,
        45,
        24,
        6,
        2,
        26,
        29,
        37,
        48,
        18,
        14,
        39,
        16,
        12,
        49,
        11,
        42,
        27,
        33,
        4,
        35,
        23,
        31,
        30,
        22,
        8
    ],
    "lkh_gap_pct": 0.0
}