{
    "instance_name": "N50_D3_G100_corn_13",
    "n_customers": 50,
    "dimension": 3,
    "grid_size": 100,
    "optimal_cost": 821,
    "optimal_tour": [
        39,
        38,
        46,
        22,
        28,
        34,
        40,
        18,
        44,
        43,
        23,
        27,
        21,
        45,
        1,
        8,
        6,
        24,
        31,
        35,
        5,
        4,
        3,
        49,
        32,
        30,
        50,
        15,
        33,
        26,
        41,
        13,
        9,
        42,
        47,
        2,
        12,
        16,
        19,
        48,
        29,
        36,
        7,
        37,
        10,
        20,
        25,
        14,
        11,
        17
    ],
    "optimal_solver": "lkh",
    "instance_file_path": "c:\\TSP_ND_ML_Project\\instances\\N50_D3_G100_corn_13.json",
    "concorde_length": 821,
    "concorde_time_s": 0.8418656999710947,
    "concorde_tour": [
        1,
        45,
        21,
        27,
        23,
        43,
        44,
        18,
        40,
        34,
        28,
        22,
        46,
        38,
        17,
        39,
        11,
        14,
        25,
        20,
        7,
        37,
        10,
        36,
        48,
        29,
        19,
        16,
        12,
        2,
        47,
        42,
        9,
        13,
        41,
        26,
        15,
        33,
        30,
        50,
        32,
        49,
        3,
        4,
        5,
        35,
        31,
        24,
        6,
        8
    ],
    "lkh_length": 821,
    "lkh_time_s": 0.2819925000658259,
    "lkh_tour": [
        39,
        38,
        46,
        22,
        28,
        34,
        40,
        18,
        44,
        43,
        23,
        27,
        21,
        45,
        1,
        8,
        6,
        24,
        31,
        35,
        5,
        4,
        3,
        49,
        32,
        30,
        50,
        15,
        33,
        26,
        41,
        13,
        9,
        42,
        47,
        2,
        12,
        16,
        19,
        48,
        29,
        36,
        7,
        37,
        10,
        20,
        25,
        14,
        11,
        17
    ],
    "lkh_gap_pct": 0.0
}