{
    "instance_name": "N50_D2_G100_corr_13",
    "n_customers": 50,
    "dimension": 2,
    "grid_size": 100,
    "optimal_cost": 341,
    "optimal_tour": [
        39,
        20,
        12,
        10,
        30,
        15,
        35,
        2,
        26,
        41,
        27,
        32,
        14,
        22,
        43,
        5,
        42,
        18,
        4,
        25,
        7,
        47,
        1,
        16,
        34,
        37,
        50,
        17,
        31,
        11,
        13,
        29,
        21,
        28,
        40,
        46,
        3,
        49,
        48,
        36,
        38,
        6,
        8,
        24,
        33,
        23,
        44,
        19,
        45,
        9
    ],
    "optimal_solver": "lkh",
    "instance_file_path": "c:\\TSP_ND_ML_Project\\instances\\N50_D2_G100_corr_13.json",
    "concorde_length": 341,
    "concorde_time_s": 0.980008699989412,
    "concorde_tour": [
        1,
        16,
        34,
        37,
        50,
        17,
        31,
        11,
        13,
        29,
        21,
        28,
        40,
        46,
        3,
        49,
        48,
        36,
        38,
        6,
        8,
        24,
        33,
        23,
        44,
        19,
        45,
        9,
        39,
        20,
        12,
        10,
        30,
        15,
        35,
        2,
        26,
        41,
        27,
        32,
        14,
        22,
        43,
        5,
        42,
        18,
        4,
        25,
        7,
        47
    ],
    "lkh_length": 341,
    "lkh_time_s": 0.655909299995983,
    "lkh_tour": [
        39,
        20,
        12,
        10,
        30,
        15,
        35,
        2,
        26,
        41,
        27,
        32,
        14,
        22,
        43,
        5,
        42,
        18,
        4,
        25,
        7,
        47,
        1,
        16,
        34,
        37,
        50,
        17,
        31,
        11,
        13,
        29,
        21,
        28,
        40,
        46,
        3,
        49,
        48,
        36,
        38,
        6,
        8,
        24,
        33,
        23,
        44,
        19,
        45,
        9
    ],
    "lkh_gap_pct": 0.0
}