{
    "instance_name": "N50_D5_G100_corn_1",
    "n_customers": 50,
    "dimension": 5,
    "grid_size": 100,
    "optimal_cost": 2223,
    "optimal_tour": [
        17,
        37,
        3,
        38,
        22,
        34,
        43,
        19,
        47,
        15,
        25,
        45,
        21,
        18,
        12,
        39,
        48,
        50,
        1,
        29,
        31,
        10,
        23,
        13,
        35,
        46,
        42,
        4,
        27,
        6,
        24,
        28,
        41,
        30,
        36,
        16,
        5,
        32,
        20,
        44,
        14,
        9,
        7,
        8,
        49,
        26,
        11,
        2,
        33,
        40
    ],
    "optimal_solver": "lkh",
    "instance_file_path": "c:\\TSP_ND_ML_Project\\instances\\N50_D5_G100_corn_1.json",
    "concorde_length": 2223,
    "concorde_time_s": 0.9422760999877937,
    "concorde_tour": [
        1,
        29,
        31,
        10,
        23,
        13,
        35,
        46,
        42,
        4,
        27,
        6,
        24,
        28,
        41,
        30,
        36,
        16,
        5,
        32,
        44,
        20,
        14,
        9,
        7,
        8,
        49,
        26,
        11,
        2,
        33,
        17,
        40,
        37,
        3,
        38,
        22,
        34,
        43,
        47,
        19,
        15,
        25,
        45,
        21,
        18,
        12,
        39,
        48,
        50
    ],
    "lkh_length": 2223,
    "lkh_time_s": 0.16349210002226755,
    "lkh_tour": [
        17,
        37,
        3,
        38,
        22,
        34,
        43,
        19,
        47,
        15,
        25,
        45,
        21,
        18,
        12,
        39,
        48,
        50,
        1,
        29,
        31,
        10,
        23,
        13,
        35,
        46,
        42,
        4,
        27,
        6,
        24,
        28,
        41,
        30,
        36,
        16,
        5,
        32,
        20,
        44,
        14,
        9,
        7,
        8,
        49,
        26,
        11,
        2,
        33,
        40
    ],
    "lkh_gap_pct": 0.0
}