{
    "instance_name": "N50_D5_G100_clus_4",
    "n_customers": 50,
    "dimension": 5,
    "grid_size": 100,
    "optimal_cost": 761,
    "optimal_tour": [
        4,
        48,
        36,
        12,
        24,
        30,
        41,
        16,
        45,
        23,
        42,
        18,
        47,
        11,
        35,
        2,
        43,
        13,
        37,
        1,
        9,
        26,
        22,
        49,
        38,
        5,
        6,
        44,
        25,
        46,
        28,
        10,
        31,
        17,
        32,
        50,
        33,
        7,
        14,
        15,
        34,
        40,
        8,
        20,
        27,
        3,
        29,
        39,
        21,
        19
    ],
    "optimal_solver": "lkh",
    "instance_file_path": "c:\\TSP_ND_ML_Project\\instances\\N50_D5_G100_clus_4.json",
    "concorde_length": 761,
    "concorde_time_s": 1.3294147999840789,
    "concorde_tour": [
        1,
        9,
        37,
        13,
        43,
        2,
        35,
        11,
        47,
        18,
        42,
        23,
        41,
        30,
        16,
        45,
        24,
        12,
        36,
        48,
        4,
        19,
        21,
        39,
        29,
        3,
        27,
        40,
        8,
        34,
        20,
        15,
        14,
        7,
        33,
        50,
        32,
        17,
        31,
        28,
        10,
        46,
        25,
        44,
        6,
        5,
        38,
        49,
        22,
        26
    ],
    "lkh_length": 761,
    "lkh_time_s": 0.5943164000054821,
    "lkh_tour": [
        4,
        48,
        36,
        12,
        24,
        30,
        41,
        16,
        45,
        23,
        42,
        18,
        47,
        11,
        35,
        2,
        43,
        13,
        37,
        1,
        9,
        26,
        22,
        49,
        38,
        5,
        6,
        44,
        25,
        46,
        28,
        10,
        31,
        17,
        32,
        50,
        33,
        7,
        14,
        15,
        34,
        40,
        8,
        20,
        27,
        3,
        29,
        39,
        21,
        19
    ],
    "lkh_gap_pct": 0.0
}