{
    "instance_name": "N50_D2_G10000_corr_13",
    "n_customers": 50,
    "dimension": 2,
    "grid_size": 10000,
    "optimal_cost": 36285,
    "optimal_tour": [
        22,
        44,
        36,
        38,
        37,
        18,
        3,
        15,
        34,
        26,
        30,
        46,
        11,
        27,
        8,
        29,
        45,
        28,
        40,
        10,
        49,
        19,
        14,
        39,
        5,
        33,
        7,
        12,
        20,
        48,
        25,
        31,
        1,
        24,
        47,
        21,
        41,
        50,
        35,
        17,
        32,
        16,
        13,
        42,
        4,
        6,
        2,
        9,
        23,
        43
    ],
    "optimal_solver": "lkh",
    "instance_file_path": "c:\\TSP_ND_ML_Project\\instances\\N50_D2_G10000_corr_13.json",
    "concorde_length": 36285,
    "concorde_time_s": 0.8507642000040505,
    "concorde_tour": [
        1,
        24,
        47,
        21,
        41,
        50,
        35,
        17,
        32,
        16,
        13,
        42,
        4,
        6,
        2,
        9,
        23,
        43,
        22,
        44,
        36,
        38,
        37,
        18,
        3,
        15,
        34,
        26,
        30,
        46,
        11,
        27,
        8,
        29,
        45,
        28,
        40,
        10,
        49,
        19,
        14,
        39,
        5,
        33,
        7,
        12,
        20,
        48,
        25,
        31
    ],
    "lkh_length": 36285,
    "lkh_time_s": 0.07720930001232773,
    "lkh_tour": [
        22,
        44,
        36,
        38,
        37,
        18,
        3,
        15,
        34,
        26,
        30,
        46,
        11,
        27,
        8,
        29,
        45,
        28,
        40,
        10,
        49,
        19,
        14,
        39,
        5,
        33,
        7,
        12,
        20,
        48,
        25,
        31,
        1,
        24,
        47,
        21,
        41,
        50,
        35,
        17,
        32,
        16,
        13,
        42,
        4,
        6,
        2,
        9,
        23,
        43
    ],
    "lkh_gap_pct": 0.0
}