{
    "instance_name": "N50_D4_G1000_norm_5",
    "n_customers": 50,
    "dimension": 4,
    "grid_size": 1000,
    "optimal_cost": 10475,
    "optimal_tour": [
        23,
        11,
        1,
        10,
        48,
        9,
        34,
        39,
        27,
        2,
        31,
        38,
        40,
        7,
        50,
        3,
        43,
        22,
        4,
        6,
        24,
        44,
        41,
        8,
        49,
        33,
        12,
        5,
        13,
        16,
        32,
        18,
        26,
        15,
        35,
        19,
        21,
        25,
        30,
        28,
        37,
        36,
        46,
        14,
        29,
        42,
        47,
        45,
        20,
        17
    ],
    "optimal_solver": "lkh",
    "instance_file_path": "c:\\TSP_ND_ML_Project\\instances\\N50_D4_G1000_norm_5.json",
    "concorde_length": 10475,
    "concorde_time_s": 1.1389434000011533,
    "concorde_tour": [
        1,
        11,
        23,
        17,
        20,
        45,
        47,
        42,
        29,
        14,
        46,
        36,
        37,
        28,
        30,
        25,
        21,
        19,
        35,
        15,
        26,
        18,
        32,
        16,
        13,
        5,
        12,
        33,
        49,
        8,
        41,
        44,
        24,
        6,
        4,
        22,
        43,
        3,
        50,
        7,
        40,
        38,
        31,
        2,
        27,
        39,
        34,
        9,
        48,
        10
    ],
    "lkh_length": 10475,
    "lkh_time_s": 0.12985279998974875,
    "lkh_tour": [
        23,
        11,
        1,
        10,
        48,
        9,
        34,
        39,
        27,
        2,
        31,
        38,
        40,
        7,
        50,
        3,
        43,
        22,
        4,
        6,
        24,
        44,
        41,
        8,
        49,
        33,
        12,
        5,
        13,
        16,
        32,
        18,
        26,
        15,
        35,
        19,
        21,
        25,
        30,
        28,
        37,
        36,
        46,
        14,
        29,
        42,
        47,
        45,
        20,
        17
    ],
    "lkh_gap_pct": 0.0
}