{
    "instance_name": "N50_D4_G100_norm_19",
    "n_customers": 50,
    "dimension": 4,
    "grid_size": 100,
    "optimal_cost": 981,
    "optimal_tour": [
        31,
        27,
        46,
        37,
        24,
        23,
        28,
        35,
        43,
        17,
        30,
        39,
        48,
        33,
        7,
        4,
        41,
        18,
        47,
        13,
        15,
        25,
        50,
        22,
        12,
        6,
        45,
        10,
        42,
        36,
        11,
        2,
        8,
        9,
        49,
        21,
        19,
        16,
        40,
        44,
        1,
        32,
        38,
        34,
        5,
        20,
        14,
        3,
        29,
        26
    ],
    "optimal_solver": "lkh",
    "instance_file_path": "c:\\TSP_ND_ML_Project\\instances\\N50_D4_G100_norm_19.json",
    "concorde_length": 981,
    "concorde_time_s": 1.101305499963928,
    "concorde_tour": [
        1,
        44,
        40,
        16,
        19,
        21,
        49,
        9,
        8,
        2,
        11,
        36,
        42,
        10,
        45,
        6,
        12,
        22,
        50,
        25,
        15,
        13,
        18,
        47,
        41,
        4,
        7,
        33,
        48,
        39,
        30,
        17,
        43,
        35,
        28,
        23,
        24,
        37,
        46,
        27,
        31,
        26,
        29,
        3,
        14,
        20,
        5,
        34,
        38,
        32
    ],
    "lkh_length": 981,
    "lkh_time_s": 0.10777830000733957,
    "lkh_tour": [
        31,
        27,
        46,
        37,
        24,
        23,
        28,
        35,
        43,
        17,
        30,
        39,
        48,
        33,
        7,
        4,
        41,
        18,
        47,
        13,
        15,
        25,
        50,
        22,
        12,
        6,
        45,
        10,
        42,
        36,
        11,
        2,
        8,
        9,
        49,
        21,
        19,
        16,
        40,
        44,
        1,
        32,
        38,
        34,
        5,
        20,
        14,
        3,
        29,
        26
    ],
    "lkh_gap_pct": 0.0
}