{
    "instance_name": "N50_D2_G1000_norm_9",
    "n_customers": 50,
    "dimension": 2,
    "grid_size": 1000,
    "optimal_cost": 4275,
    "optimal_tour": [
        20,
        1,
        8,
        4,
        37,
        46,
        32,
        19,
        44,
        2,
        34,
        5,
        48,
        40,
        30,
        11,
        29,
        31,
        45,
        23,
        12,
        36,
        7,
        15,
        47,
        41,
        50,
        21,
        38,
        39,
        28,
        9,
        42,
        13,
        6,
        43,
        18,
        16,
        27,
        33,
        10,
        26,
        24,
        14,
        22,
        17,
        25,
        35,
        3,
        49
    ],
    "optimal_solver": "lkh",
    "instance_file_path": "c:\\TSP_ND_ML_Project\\instances\\N50_D2_G1000_norm_9.json",
    "concorde_length": 4275,
    "concorde_time_s": 1.4305674000061117,
    "concorde_tour": [
        1,
        8,
        4,
        37,
        46,
        32,
        19,
        44,
        2,
        34,
        5,
        48,
        40,
        30,
        11,
        29,
        31,
        45,
        23,
        12,
        36,
        7,
        15,
        47,
        41,
        50,
        21,
        38,
        39,
        28,
        9,
        42,
        13,
        6,
        43,
        18,
        16,
        27,
        33,
        10,
        26,
        24,
        14,
        22,
        17,
        25,
        35,
        3,
        49,
        20
    ],
    "lkh_length": 4275,
    "lkh_time_s": 0.22710899999947287,
    "lkh_tour": [
        20,
        1,
        8,
        4,
        37,
        46,
        32,
        19,
        44,
        2,
        34,
        5,
        48,
        40,
        30,
        11,
        29,
        31,
        45,
        23,
        12,
        36,
        7,
        15,
        47,
        41,
        50,
        21,
        38,
        39,
        28,
        9,
        42,
        13,
        6,
        43,
        18,
        16,
        27,
        33,
        10,
        26,
        24,
        14,
        22,
        17,
        25,
        35,
        3,
        49
    ],
    "lkh_gap_pct": 0.0
}