{
    "instance_name": "N50_D5_G10000_grid_12",
    "n_customers": 50,
    "dimension": 5,
    "grid_size": 10000,
    "optimal_cost": 215262,
    "optimal_tour": [
        25,
        23,
        40,
        7,
        6,
        49,
        2,
        15,
        38,
        33,
        12,
        4,
        28,
        47,
        44,
        48,
        43,
        27,
        31,
        30,
        19,
        10,
        24,
        36,
        26,
        20,
        13,
        3,
        5,
        11,
        9,
        39,
        16,
        29,
        50,
        32,
        46,
        35,
        37,
        45,
        18,
        21,
        1,
        17,
        22,
        8,
        42,
        41,
        14,
        34
    ],
    "optimal_solver": "lkh",
    "instance_file_path": "c:\\TSP_ND_ML_Project\\instances\\N50_D5_G10000_grid_12.json",
    "concorde_length": 215262,
    "concorde_time_s": 1.7765773000428453,
    "concorde_tour": [
        1,
        21,
        18,
        45,
        37,
        35,
        46,
        32,
        50,
        29,
        16,
        39,
        9,
        11,
        5,
        3,
        13,
        20,
        26,
        36,
        24,
        10,
        19,
        30,
        31,
        27,
        43,
        48,
        44,
        47,
        28,
        4,
        12,
        33,
        38,
        15,
        2,
        49,
        6,
        7,
        40,
        23,
        25,
        34,
        14,
        41,
        42,
        8,
        22,
        17
    ],
    "lkh_length": 215262,
    "lkh_time_s": 0.13973429996985942,
    "lkh_tour": [
        25,
        23,
        40,
        7,
        6,
        49,
        2,
        15,
        38,
        33,
        12,
        4,
        28,
        47,
        44,
        48,
        43,
        27,
        31,
        30,
        19,
        10,
        24,
        36,
        26,
        20,
        13,
        3,
        5,
        11,
        9,
        39,
        16,
        29,
        50,
        32,
        46,
        35,
        37,
        45,
        18,
        21,
        1,
        17,
        22,
        8,
        42,
        41,
        14,
        34
    ],
    "lkh_gap_pct": 0.0
}