{
    "instance_name": "N50_D5_G1000_clus_19",
    "n_customers": 50,
    "dimension": 5,
    "grid_size": 1000,
    "optimal_cost": 9865,
    "optimal_tour": [
        16,
        20,
        4,
        45,
        42,
        17,
        30,
        31,
        35,
        6,
        39,
        3,
        18,
        2,
        33,
        47,
        41,
        9,
        34,
        28,
        19,
        40,
        12,
        1,
        5,
        48,
        44,
        24,
        11,
        36,
        46,
        26,
        27,
        22,
        14,
        38,
        21,
        32,
        50,
        25,
        37,
        49,
        10,
        7,
        43,
        13,
        15,
        8,
        29,
        23
    ],
    "optimal_solver": "lkh",
    "instance_file_path": "c:\\TSP_ND_ML_Project\\instances\\N50_D5_G1000_clus_19.json",
    "concorde_length": 9865,
    "concorde_time_s": 1.0935796999838203,
    "concorde_tour": [
        1,
        12,
        40,
        19,
        28,
        34,
        9,
        41,
        47,
        33,
        2,
        18,
        3,
        39,
        6,
        35,
        31,
        30,
        17,
        42,
        45,
        4,
        20,
        16,
        23,
        29,
        8,
        15,
        13,
        43,
        7,
        10,
        49,
        37,
        25,
        50,
        32,
        21,
        38,
        14,
        22,
        27,
        26,
        46,
        36,
        11,
        24,
        44,
        48,
        5
    ],
    "lkh_length": 9865,
    "lkh_time_s": 0.0580566999851726,
    "lkh_tour": [
        16,
        20,
        4,
        45,
        42,
        17,
        30,
        31,
        35,
        6,
        39,
        3,
        18,
        2,
        33,
        47,
        41,
        9,
        34,
        28,
        19,
        40,
        12,
        1,
        5,
        48,
        44,
        24,
        11,
        36,
        46,
        26,
        27,
        22,
        14,
        38,
        21,
        32,
        50,
        25,
        37,
        49,
        10,
        7,
        43,
        13,
        15,
        8,
        29,
        23
    ],
    "lkh_gap_pct": 0.0
}