{
    "instance_name": "N50_D3_G100_rand_6",
    "n_customers": 50,
    "dimension": 3,
    "grid_size": 100,
    "optimal_cost": 1020,
    "optimal_tour": [
        32,
        47,
        3,
        10,
        4,
        45,
        50,
        26,
        42,
        33,
        6,
        40,
        43,
        22,
        28,
        23,
        37,
        15,
        16,
        38,
        17,
        24,
        44,
        19,
        29,
        25,
        34,
        2,
        48,
        27,
        12,
        11,
        13,
        1,
        5,
        46,
        41,
        35,
        39,
        20,
        9,
        14,
        31,
        18,
        36,
        8,
        21,
        49,
        7,
        30
    ],
    "optimal_solver": "lkh",
    "instance_file_path": "c:\\TSP_ND_ML_Project\\instances\\N50_D3_G100_rand_6.json",
    "concorde_length": 1020,
    "concorde_time_s": 1.0734335000161082,
    "concorde_tour": [
        1,
        13,
        11,
        12,
        27,
        48,
        2,
        34,
        25,
        29,
        19,
        44,
        24,
        17,
        38,
        16,
        15,
        37,
        23,
        28,
        22,
        43,
        40,
        6,
        33,
        42,
        26,
        50,
        45,
        4,
        10,
        3,
        47,
        32,
        30,
        7,
        49,
        21,
        36,
        8,
        18,
        31,
        14,
        9,
        20,
        39,
        35,
        41,
        46,
        5
    ],
    "lkh_length": 1020,
    "lkh_time_s": 0.10552830004598945,
    "lkh_tour": [
        32,
        47,
        3,
        10,
        4,
        45,
        50,
        26,
        42,
        33,
        6,
        40,
        43,
        22,
        28,
        23,
        37,
        15,
        16,
        38,
        17,
        24,
        44,
        19,
        29,
        25,
        34,
        2,
        48,
        27,
        12,
        11,
        13,
        1,
        5,
        46,
        41,
        35,
        39,
        20,
        9,
        14,
        31,
        18,
        36,
        8,
        21,
        49,
        7,
        30
    ],
    "lkh_gap_pct": 0.0
}