{
    "instance_name": "N50_D3_G1000_corn_9",
    "n_customers": 50,
    "dimension": 3,
    "grid_size": 1000,
    "optimal_cost": 8289,
    "optimal_tour": [
        16,
        38,
        49,
        47,
        5,
        31,
        15,
        13,
        20,
        43,
        7,
        11,
        33,
        25,
        2,
        35,
        27,
        44,
        8,
        23,
        45,
        18,
        41,
        14,
        39,
        1,
        30,
        12,
        21,
        37,
        19,
        36,
        24,
        42,
        4,
        29,
        6,
        46,
        40,
        28,
        17,
        3,
        34,
        48,
        50,
        32,
        10,
        22,
        9,
        26
    ],
    "optimal_solver": "lkh",
    "instance_file_path": "c:\\TSP_ND_ML_Project\\instances\\N50_D3_G1000_corn_9.json",
    "concorde_length": 8289,
    "concorde_time_s": 1.0410497999982908,
    "concorde_tour": [
        1,
        30,
        12,
        21,
        37,
        19,
        36,
        24,
        42,
        4,
        29,
        6,
        46,
        28,
        40,
        17,
        3,
        34,
        48,
        32,
        50,
        10,
        22,
        9,
        26,
        16,
        38,
        49,
        47,
        5,
        31,
        15,
        13,
        20,
        43,
        7,
        11,
        33,
        25,
        2,
        35,
        27,
        44,
        8,
        23,
        45,
        18,
        41,
        14,
        39
    ],
    "lkh_length": 8289,
    "lkh_time_s": 0.18209760001627728,
    "lkh_tour": [
        16,
        38,
        49,
        47,
        5,
        31,
        15,
        13,
        20,
        43,
        7,
        11,
        33,
        25,
        2,
        35,
        27,
        44,
        8,
        23,
        45,
        18,
        41,
        14,
        39,
        1,
        30,
        12,
        21,
        37,
        19,
        36,
        24,
        42,
        4,
        29,
        6,
        46,
        40,
        28,
        17,
        3,
        34,
        48,
        50,
        32,
        10,
        22,
        9,
        26
    ],
    "lkh_gap_pct": 0.0
}