{
    "instance_name": "N50_D5_G100_corn_15",
    "n_customers": 50,
    "dimension": 5,
    "grid_size": 100,
    "optimal_cost": 2198,
    "optimal_tour": [
        1,
        13,
        48,
        17,
        37,
        5,
        22,
        14,
        44,
        24,
        12,
        36,
        32,
        20,
        18,
        50,
        40,
        28,
        3,
        10,
        43,
        7,
        19,
        11,
        16,
        47,
        46,
        23,
        6,
        42,
        4,
        45,
        33,
        15,
        8,
        41,
        2,
        38,
        31,
        25,
        30,
        21,
        27,
        39,
        35,
        9,
        34,
        49,
        29,
        26
    ],
    "optimal_solver": "lkh",
    "instance_file_path": "c:\\TSP_ND_ML_Project\\instances\\N50_D5_G100_corn_15.json",
    "concorde_length": 2198,
    "concorde_time_s": 0.858632999996189,
    "concorde_tour": [
        1,
        48,
        13,
        17,
        37,
        5,
        22,
        14,
        44,
        24,
        12,
        36,
        32,
        20,
        18,
        50,
        40,
        28,
        3,
        10,
        43,
        7,
        19,
        11,
        16,
        47,
        46,
        23,
        6,
        42,
        4,
        45,
        33,
        15,
        8,
        41,
        2,
        38,
        31,
        30,
        25,
        21,
        27,
        39,
        35,
        9,
        34,
        49,
        29,
        26
    ],
    "lkh_length": 2198,
    "lkh_time_s": 0.1482368999859318,
    "lkh_tour": [
        1,
        13,
        48,
        17,
        37,
        5,
        22,
        14,
        44,
        24,
        12,
        36,
        32,
        20,
        18,
        50,
        40,
        28,
        3,
        10,
        43,
        7,
        19,
        11,
        16,
        47,
        46,
        23,
        6,
        42,
        4,
        45,
        33,
        15,
        8,
        41,
        2,
        38,
        31,
        25,
        30,
        21,
        27,
        39,
        35,
        9,
        34,
        49,
        29,
        26
    ],
    "lkh_gap_pct": 0.0
}