{
    "instance_name": "N50_D3_G10000_grid_17",
    "n_customers": 50,
    "dimension": 3,
    "grid_size": 10000,
    "optimal_cost": 112743,
    "optimal_tour": [
        37,
        8,
        15,
        45,
        1,
        20,
        35,
        6,
        48,
        7,
        36,
        10,
        17,
        25,
        21,
        34,
        28,
        31,
        23,
        12,
        41,
        38,
        24,
        42,
        39,
        14,
        46,
        30,
        43,
        11,
        50,
        47,
        27,
        44,
        16,
        22,
        2,
        29,
        40,
        33,
        5,
        49,
        19,
        9,
        4,
        13,
        26,
        18,
        32,
        3
    ],
    "optimal_solver": "lkh",
    "instance_file_path": "c:\\TSP_ND_ML_Project\\instances\\N50_D3_G10000_grid_17.json",
    "concorde_length": 112743,
    "concorde_time_s": 1.1268122000037692,
    "concorde_tour": [
        1,
        45,
        15,
        8,
        37,
        3,
        32,
        18,
        26,
        13,
        4,
        9,
        19,
        49,
        5,
        33,
        40,
        29,
        2,
        22,
        16,
        44,
        27,
        47,
        50,
        11,
        43,
        30,
        46,
        14,
        39,
        42,
        24,
        38,
        41,
        12,
        23,
        31,
        28,
        34,
        21,
        25,
        17,
        10,
        36,
        7,
        48,
        6,
        35,
        20
    ],
    "lkh_length": 112743,
    "lkh_time_s": 0.05754830001387745,
    "lkh_tour": [
        37,
        8,
        15,
        45,
        1,
        20,
        35,
        6,
        48,
        7,
        36,
        10,
        17,
        25,
        21,
        34,
        28,
        31,
        23,
        12,
        41,
        38,
        24,
        42,
        39,
        14,
        46,
        30,
        43,
        11,
        50,
        47,
        27,
        44,
        16,
        22,
        2,
        29,
        40,
        33,
        5,
        49,
        19,
        9,
        4,
        13,
        26,
        18,
        32,
        3
    ],
    "lkh_gap_pct": 0.0
}