{
    "instance_name": "N50_D3_G100_corr_15",
    "n_customers": 50,
    "dimension": 3,
    "grid_size": 100,
    "optimal_cost": 585,
    "optimal_tour": [
        7,
        13,
        42,
        34,
        2,
        14,
        25,
        15,
        33,
        24,
        16,
        48,
        47,
        20,
        17,
        9,
        36,
        3,
        35,
        23,
        31,
        22,
        18,
        6,
        38,
        19,
        30,
        43,
        49,
        32,
        12,
        26,
        5,
        50,
        8,
        11,
        46,
        40,
        27,
        1,
        10,
        39,
        37,
        21,
        4,
        28,
        45,
        29,
        41,
        44
    ],
    "optimal_solver": "lkh",
    "instance_file_path": "c:\\TSP_ND_ML_Project\\instances\\N50_D3_G100_corr_15.json",
    "concorde_length": 585,
    "concorde_time_s": 0.7583096000016667,
    "concorde_tour": [
        1,
        10,
        39,
        37,
        21,
        4,
        28,
        45,
        29,
        41,
        44,
        7,
        13,
        42,
        34,
        2,
        14,
        25,
        15,
        24,
        33,
        16,
        48,
        47,
        20,
        17,
        9,
        36,
        3,
        35,
        31,
        23,
        22,
        18,
        6,
        38,
        19,
        30,
        43,
        49,
        32,
        12,
        26,
        5,
        50,
        8,
        11,
        46,
        40,
        27
    ],
    "lkh_length": 585,
    "lkh_time_s": 0.16468669997993857,
    "lkh_tour": [
        7,
        13,
        42,
        34,
        2,
        14,
        25,
        15,
        33,
        24,
        16,
        48,
        47,
        20,
        17,
        9,
        36,
        3,
        35,
        23,
        31,
        22,
        18,
        6,
        38,
        19,
        30,
        43,
        49,
        32,
        12,
        26,
        5,
        50,
        8,
        11,
        46,
        40,
        27,
        1,
        10,
        39,
        37,
        21,
        4,
        28,
        45,
        29,
        41,
        44
    ],
    "lkh_gap_pct": 0.0
}