{
    "instance_name": "N50_D2_G100_corn_7",
    "n_customers": 50,
    "dimension": 2,
    "grid_size": 100,
    "optimal_cost": 403,
    "optimal_tour": [
        34,
        24,
        46,
        22,
        44,
        4,
        23,
        29,
        50,
        1,
        14,
        21,
        25,
        7,
        17,
        32,
        10,
        30,
        47,
        28,
        31,
        2,
        19,
        48,
        43,
        12,
        49,
        3,
        33,
        18,
        41,
        13,
        45,
        20,
        27,
        38,
        36,
        37,
        26,
        40,
        5,
        42,
        8,
        6,
        39,
        9,
        11,
        35,
        16,
        15
    ],
    "optimal_solver": "lkh",
    "instance_file_path": "c:\\TSP_ND_ML_Project\\instances\\N50_D2_G100_corn_7.json",
    "concorde_length": 403,
    "concorde_time_s": 0.8627339999948163,
    "concorde_tour": [
        1,
        14,
        21,
        25,
        7,
        17,
        10,
        32,
        30,
        47,
        28,
        19,
        48,
        2,
        31,
        43,
        49,
        12,
        27,
        45,
        20,
        41,
        33,
        13,
        18,
        3,
        38,
        36,
        26,
        37,
        40,
        5,
        42,
        8,
        9,
        6,
        39,
        35,
        11,
        15,
        16,
        34,
        24,
        22,
        44,
        4,
        29,
        46,
        23,
        50
    ],
    "lkh_length": 403,
    "lkh_time_s": 2.360443799989298,
    "lkh_tour": [
        34,
        24,
        46,
        22,
        44,
        4,
        23,
        29,
        50,
        1,
        14,
        21,
        25,
        7,
        17,
        32,
        10,
        30,
        47,
        28,
        31,
        2,
        19,
        48,
        43,
        12,
        49,
        3,
        33,
        18,
        41,
        13,
        45,
        20,
        27,
        38,
        36,
        37,
        26,
        40,
        5,
        42,
        8,
        6,
        39,
        9,
        11,
        35,
        16,
        15
    ],
    "lkh_gap_pct": 0.0
}