{
    "instance_name": "N50_D5_G1000_tria_18",
    "n_customers": 50,
    "dimension": 5,
    "grid_size": 1000,
    "optimal_cost": 25221,
    "optimal_tour": [
        46,
        12,
        32,
        34,
        17,
        41,
        38,
        50,
        37,
        49,
        26,
        40,
        11,
        31,
        9,
        45,
        28,
        27,
        20,
        21,
        4,
        39,
        15,
        29,
        19,
        1,
        14,
        2,
        48,
        23,
        44,
        36,
        5,
        18,
        13,
        24,
        3,
        8,
        16,
        47,
        33,
        7,
        42,
        10,
        6,
        22,
        35,
        43,
        25,
        30
    ],
    "optimal_solver": "lkh",
    "instance_file_path": "c:\\TSP_ND_ML_Project\\instances\\N50_D5_G1000_tria_18.json",
    "concorde_length": 25221,
    "concorde_time_s": 1.448657099972479,
    "concorde_tour": [
        1,
        14,
        2,
        48,
        23,
        44,
        36,
        5,
        18,
        13,
        24,
        3,
        8,
        16,
        47,
        33,
        7,
        42,
        10,
        6,
        22,
        35,
        43,
        25,
        30,
        46,
        12,
        32,
        34,
        17,
        41,
        38,
        50,
        37,
        49,
        26,
        40,
        11,
        31,
        9,
        45,
        28,
        27,
        20,
        21,
        4,
        39,
        15,
        29,
        19
    ],
    "lkh_length": 25221,
    "lkh_time_s": 0.11871559999417514,
    "lkh_tour": [
        46,
        12,
        32,
        34,
        17,
        41,
        38,
        50,
        37,
        49,
        26,
        40,
        11,
        31,
        9,
        45,
        28,
        27,
        20,
        21,
        4,
        39,
        15,
        29,
        19,
        1,
        14,
        2,
        48,
        23,
        44,
        36,
        5,
        18,
        13,
        24,
        3,
        8,
        16,
        47,
        33,
        7,
        42,
        10,
        6,
        22,
        35,
        43,
        25,
        30
    ],
    "lkh_gap_pct": 0.0
}