{
    "instance_name": "N50_D2_G100_clus_16",
    "n_customers": 50,
    "dimension": 2,
    "grid_size": 100,
    "optimal_cost": 144,
    "optimal_tour": [
        28,
        25,
        24,
        49,
        2,
        6,
        44,
        47,
        33,
        30,
        8,
        36,
        10,
        37,
        35,
        39,
        15,
        26,
        48,
        1,
        16,
        20,
        4,
        45,
        12,
        11,
        5,
        9,
        3,
        31,
        38,
        32,
        29,
        13,
        23,
        46,
        34,
        27,
        19,
        50,
        14,
        22,
        40,
        17,
        41,
        42,
        21,
        43,
        18,
        7
    ],
    "optimal_solver": "lkh",
    "instance_file_path": "c:\\TSP_ND_ML_Project\\instances\\N50_D2_G100_clus_16.json",
    "concorde_length": 144,
    "concorde_time_s": 0.8424609000212513,
    "concorde_tour": [
        1,
        16,
        20,
        4,
        45,
        12,
        11,
        5,
        9,
        3,
        31,
        38,
        29,
        32,
        13,
        23,
        46,
        34,
        27,
        19,
        50,
        14,
        22,
        40,
        17,
        42,
        41,
        21,
        43,
        18,
        7,
        28,
        25,
        24,
        49,
        2,
        6,
        44,
        47,
        33,
        30,
        8,
        36,
        10,
        37,
        35,
        39,
        15,
        26,
        48
    ],
    "lkh_length": 144,
    "lkh_time_s": 0.1802439000166487,
    "lkh_tour": [
        28,
        25,
        24,
        49,
        2,
        6,
        44,
        47,
        33,
        30,
        8,
        36,
        10,
        37,
        35,
        39,
        15,
        26,
        48,
        1,
        16,
        20,
        4,
        45,
        12,
        11,
        5,
        9,
        3,
        31,
        38,
        32,
        29,
        13,
        23,
        46,
        34,
        27,
        19,
        50,
        14,
        22,
        40,
        17,
        41,
        42,
        21,
        43,
        18,
        7
    ],
    "lkh_gap_pct": 0.0
}