{
    "instance_name": "N50_D5_G1000_clus_14",
    "n_customers": 50,
    "dimension": 5,
    "grid_size": 1000,
    "optimal_cost": 11121,
    "optimal_tour": [
        4,
        25,
        7,
        27,
        20,
        19,
        39,
        14,
        10,
        17,
        50,
        45,
        6,
        42,
        48,
        13,
        3,
        49,
        34,
        1,
        29,
        46,
        36,
        33,
        15,
        38,
        16,
        35,
        28,
        30,
        23,
        40,
        2,
        21,
        12,
        37,
        18,
        8,
        47,
        31,
        43,
        22,
        11,
        26,
        32,
        9,
        41,
        44,
        24,
        5
    ],
    "optimal_solver": "lkh",
    "instance_file_path": "c:\\TSP_ND_ML_Project\\instances\\N50_D5_G1000_clus_14.json",
    "concorde_length": 11121,
    "concorde_time_s": 0.9166118999710307,
    "concorde_tour": [
        1,
        29,
        46,
        36,
        33,
        15,
        38,
        16,
        35,
        28,
        30,
        23,
        40,
        2,
        21,
        12,
        37,
        18,
        8,
        47,
        31,
        43,
        22,
        11,
        26,
        32,
        9,
        41,
        44,
        24,
        5,
        4,
        25,
        7,
        27,
        20,
        19,
        39,
        14,
        10,
        17,
        50,
        45,
        6,
        42,
        48,
        13,
        3,
        49,
        34
    ],
    "lkh_length": 11121,
    "lkh_time_s": 0.12075240002013743,
    "lkh_tour": [
        4,
        25,
        7,
        27,
        20,
        19,
        39,
        14,
        10,
        17,
        50,
        45,
        6,
        42,
        48,
        13,
        3,
        49,
        34,
        1,
        29,
        46,
        36,
        33,
        15,
        38,
        16,
        35,
        28,
        30,
        23,
        40,
        2,
        21,
        12,
        37,
        18,
        8,
        47,
        31,
        43,
        22,
        11,
        26,
        32,
        9,
        41,
        44,
        24,
        5
    ],
    "lkh_gap_pct": 0.0
}