{
    "instance_name": "N50_D4_G100_corn_19",
    "n_customers": 50,
    "dimension": 4,
    "grid_size": 100,
    "optimal_cost": 1610,
    "optimal_tour": [
        16,
        42,
        14,
        8,
        3,
        35,
        20,
        49,
        26,
        28,
        45,
        30,
        13,
        33,
        17,
        27,
        43,
        23,
        9,
        40,
        21,
        41,
        4,
        25,
        38,
        24,
        39,
        22,
        32,
        1,
        19,
        31,
        15,
        34,
        44,
        46,
        12,
        2,
        7,
        5,
        29,
        47,
        18,
        37,
        50,
        36,
        11,
        6,
        48,
        10
    ],
    "optimal_solver": "lkh",
    "instance_file_path": "c:\\TSP_ND_ML_Project\\instances\\N50_D4_G100_corn_19.json",
    "concorde_length": 1610,
    "concorde_time_s": 1.0944796000258066,
    "concorde_tour": [
        1,
        19,
        31,
        15,
        34,
        44,
        46,
        12,
        2,
        29,
        5,
        7,
        47,
        18,
        37,
        50,
        11,
        36,
        6,
        48,
        10,
        16,
        42,
        14,
        8,
        3,
        35,
        20,
        49,
        26,
        28,
        45,
        30,
        13,
        33,
        17,
        27,
        43,
        23,
        9,
        40,
        21,
        41,
        4,
        25,
        38,
        24,
        39,
        22,
        32
    ],
    "lkh_length": 1610,
    "lkh_time_s": 0.10451920004561543,
    "lkh_tour": [
        16,
        42,
        14,
        8,
        3,
        35,
        20,
        49,
        26,
        28,
        45,
        30,
        13,
        33,
        17,
        27,
        43,
        23,
        9,
        40,
        21,
        41,
        4,
        25,
        38,
        24,
        39,
        22,
        32,
        1,
        19,
        31,
        15,
        34,
        44,
        46,
        12,
        2,
        7,
        5,
        29,
        47,
        18,
        37,
        50,
        36,
        11,
        6,
        48,
        10
    ],
    "lkh_gap_pct": 0.0
}