{
    "instance_name": "N50_D4_G100_rand_13",
    "n_customers": 50,
    "dimension": 4,
    "grid_size": 100,
    "optimal_cost": 1603,
    "optimal_tour": [
        45,
        44,
        48,
        8,
        39,
        13,
        46,
        36,
        27,
        31,
        28,
        17,
        34,
        33,
        42,
        49,
        47,
        22,
        12,
        14,
        30,
        19,
        41,
        26,
        35,
        11,
        40,
        4,
        20,
        3,
        24,
        1,
        2,
        9,
        16,
        50,
        29,
        5,
        38,
        25,
        6,
        21,
        7,
        18,
        37,
        10,
        15,
        32,
        23,
        43
    ],
    "optimal_solver": "lkh",
    "instance_file_path": "c:\\TSP_ND_ML_Project\\instances\\N50_D4_G100_rand_13.json",
    "concorde_length": 1603,
    "concorde_time_s": 0.9655899999779649,
    "concorde_tour": [
        1,
        24,
        3,
        20,
        4,
        40,
        11,
        35,
        26,
        41,
        19,
        30,
        14,
        12,
        22,
        47,
        49,
        42,
        33,
        34,
        28,
        17,
        31,
        27,
        36,
        46,
        13,
        39,
        8,
        48,
        44,
        45,
        43,
        23,
        32,
        15,
        10,
        37,
        18,
        7,
        21,
        6,
        25,
        38,
        5,
        29,
        50,
        16,
        9,
        2
    ],
    "lkh_length": 1603,
    "lkh_time_s": 0.10815859999274835,
    "lkh_tour": [
        45,
        44,
        48,
        8,
        39,
        13,
        46,
        36,
        27,
        31,
        28,
        17,
        34,
        33,
        42,
        49,
        47,
        22,
        12,
        14,
        30,
        19,
        41,
        26,
        35,
        11,
        40,
        4,
        20,
        3,
        24,
        1,
        2,
        9,
        16,
        50,
        29,
        5,
        38,
        25,
        6,
        21,
        7,
        18,
        37,
        10,
        15,
        32,
        23,
        43
    ],
    "lkh_gap_pct": 0.0
}