{
    "instance_name": "N50_D2_G1000_ring_8",
    "n_customers": 50,
    "dimension": 2,
    "grid_size": 1000,
    "optimal_cost": 3199,
    "optimal_tour": [
        30,
        45,
        23,
        44,
        16,
        6,
        11,
        20,
        21,
        24,
        40,
        18,
        25,
        39,
        29,
        49,
        19,
        27,
        2,
        36,
        47,
        26,
        1,
        5,
        34,
        31,
        8,
        15,
        12,
        50,
        10,
        42,
        48,
        13,
        7,
        41,
        38,
        35,
        33,
        9,
        4,
        28,
        37,
        22,
        46,
        3,
        14,
        17,
        32,
        43
    ],
    "optimal_solver": "lkh",
    "instance_file_path": "c:\\TSP_ND_ML_Project\\instances\\N50_D2_G1000_ring_8.json",
    "concorde_length": 3199,
    "concorde_time_s": 0.6299588000110816,
    "concorde_tour": [
        1,
        5,
        34,
        31,
        8,
        15,
        12,
        50,
        10,
        42,
        48,
        13,
        7,
        41,
        38,
        35,
        33,
        9,
        4,
        28,
        37,
        22,
        46,
        3,
        14,
        17,
        32,
        43,
        30,
        45,
        23,
        44,
        16,
        6,
        11,
        20,
        21,
        24,
        40,
        18,
        25,
        39,
        29,
        49,
        19,
        27,
        2,
        36,
        47,
        26
    ],
    "lkh_length": 3199,
    "lkh_time_s": 0.14962119999108836,
    "lkh_tour": [
        30,
        45,
        23,
        44,
        16,
        6,
        11,
        20,
        21,
        24,
        40,
        18,
        25,
        39,
        29,
        49,
        19,
        27,
        2,
        36,
        47,
        26,
        1,
        5,
        34,
        31,
        8,
        15,
        12,
        50,
        10,
        42,
        48,
        13,
        7,
        41,
        38,
        35,
        33,
        9,
        4,
        28,
        37,
        22,
        46,
        3,
        14,
        17,
        32,
        43
    ],
    "lkh_gap_pct": 0.0
}