{
    "instance_name": "N50_D4_G100_ring_18",
    "n_customers": 50,
    "dimension": 4,
    "grid_size": 100,
    "optimal_cost": 989,
    "optimal_tour": [
        9,
        30,
        45,
        12,
        43,
        44,
        23,
        17,
        49,
        4,
        22,
        40,
        3,
        8,
        10,
        47,
        19,
        41,
        36,
        35,
        5,
        39,
        34,
        48,
        50,
        21,
        6,
        33,
        27,
        16,
        38,
        13,
        42,
        46,
        24,
        37,
        1,
        20,
        26,
        25,
        31,
        28,
        11,
        18,
        14,
        2,
        15,
        29,
        7,
        32
    ],
    "optimal_solver": "lkh",
    "instance_file_path": "c:\\TSP_ND_ML_Project\\instances\\N50_D4_G100_ring_18.json",
    "concorde_length": 989,
    "concorde_time_s": 1.5120772999944165,
    "concorde_tour": [
        1,
        20,
        26,
        25,
        31,
        28,
        11,
        18,
        14,
        2,
        15,
        7,
        29,
        32,
        9,
        30,
        45,
        12,
        43,
        44,
        23,
        17,
        49,
        4,
        22,
        40,
        3,
        8,
        10,
        47,
        19,
        41,
        36,
        35,
        5,
        39,
        34,
        48,
        50,
        21,
        27,
        6,
        33,
        16,
        38,
        42,
        13,
        46,
        24,
        37
    ],
    "lkh_length": 989,
    "lkh_time_s": 0.09229199995752424,
    "lkh_tour": [
        9,
        30,
        45,
        12,
        43,
        44,
        23,
        17,
        49,
        4,
        22,
        40,
        3,
        8,
        10,
        47,
        19,
        41,
        36,
        35,
        5,
        39,
        34,
        48,
        50,
        21,
        6,
        33,
        27,
        16,
        38,
        13,
        42,
        46,
        24,
        37,
        1,
        20,
        26,
        25,
        31,
        28,
        11,
        18,
        14,
        2,
        15,
        29,
        7,
        32
    ],
    "lkh_gap_pct": 0.0
}