{
    "instance_name": "N50_D3_G1000_norm_13",
    "n_customers": 50,
    "dimension": 3,
    "grid_size": 1000,
    "optimal_cost": 6609,
    "optimal_tour": [
        50,
        11,
        23,
        47,
        3,
        42,
        34,
        39,
        7,
        48,
        20,
        25,
        13,
        35,
        44,
        38,
        43,
        29,
        49,
        36,
        1,
        17,
        21,
        6,
        32,
        30,
        4,
        10,
        16,
        33,
        18,
        24,
        28,
        31,
        9,
        45,
        5,
        14,
        12,
        2,
        26,
        27,
        46,
        8,
        37,
        19,
        15,
        41,
        40,
        22
    ],
    "optimal_solver": "lkh",
    "instance_file_path": "c:\\TSP_ND_ML_Project\\instances\\N50_D3_G1000_norm_13.json",
    "concorde_length": 6609,
    "concorde_time_s": 1.1569172000163235,
    "concorde_tour": [
        1,
        36,
        49,
        29,
        43,
        38,
        44,
        35,
        13,
        25,
        20,
        48,
        7,
        39,
        34,
        42,
        3,
        47,
        23,
        11,
        50,
        22,
        40,
        41,
        15,
        19,
        37,
        8,
        46,
        27,
        26,
        2,
        12,
        14,
        5,
        45,
        9,
        31,
        28,
        24,
        18,
        33,
        16,
        10,
        4,
        30,
        32,
        6,
        21,
        17
    ],
    "lkh_length": 6609,
    "lkh_time_s": 0.05315839999821037,
    "lkh_tour": [
        50,
        11,
        23,
        47,
        3,
        42,
        34,
        39,
        7,
        48,
        20,
        25,
        13,
        35,
        44,
        38,
        43,
        29,
        49,
        36,
        1,
        17,
        21,
        6,
        32,
        30,
        4,
        10,
        16,
        33,
        18,
        24,
        28,
        31,
        9,
        45,
        5,
        14,
        12,
        2,
        26,
        27,
        46,
        8,
        37,
        19,
        15,
        41,
        40,
        22
    ],
    "lkh_gap_pct": 0.0
}