{
    "instance_name": "N50_D5_G1000_corn_9",
    "n_customers": 50,
    "dimension": 5,
    "grid_size": 1000,
    "optimal_cost": 28358,
    "optimal_tour": [
        4,
        36,
        24,
        46,
        8,
        47,
        41,
        20,
        17,
        29,
        22,
        32,
        18,
        15,
        43,
        25,
        10,
        38,
        14,
        28,
        42,
        7,
        26,
        35,
        23,
        19,
        37,
        5,
        34,
        12,
        9,
        21,
        48,
        16,
        6,
        49,
        13,
        1,
        3,
        39,
        33,
        30,
        44,
        50,
        45,
        2,
        11,
        31,
        27,
        40
    ],
    "optimal_solver": "lkh",
    "instance_file_path": "c:\\TSP_ND_ML_Project\\instances\\N50_D5_G1000_corn_9.json",
    "concorde_length": 28358,
    "concorde_time_s": 0.6169099000399001,
    "concorde_tour": [
        1,
        3,
        39,
        33,
        30,
        44,
        50,
        45,
        2,
        11,
        31,
        27,
        40,
        4,
        36,
        24,
        46,
        8,
        47,
        41,
        20,
        17,
        29,
        22,
        32,
        18,
        15,
        43,
        25,
        10,
        38,
        14,
        28,
        42,
        7,
        26,
        35,
        23,
        19,
        37,
        5,
        34,
        12,
        9,
        21,
        48,
        16,
        6,
        49,
        13
    ],
    "lkh_length": 28358,
    "lkh_time_s": 0.09618150000460446,
    "lkh_tour": [
        4,
        36,
        24,
        46,
        8,
        47,
        41,
        20,
        17,
        29,
        22,
        32,
        18,
        15,
        43,
        25,
        10,
        38,
        14,
        28,
        42,
        7,
        26,
        35,
        23,
        19,
        37,
        5,
        34,
        12,
        9,
        21,
        48,
        16,
        6,
        49,
        13,
        1,
        3,
        39,
        33,
        30,
        44,
        50,
        45,
        2,
        11,
        31,
        27,
        40
    ],
    "lkh_gap_pct": 0.0
}