{
    "instance_name": "N50_D2_G100_pow_6",
    "n_customers": 50,
    "dimension": 2,
    "grid_size": 100,
    "optimal_cost": 400,
    "optimal_tour": [
        9,
        28,
        33,
        24,
        35,
        34,
        39,
        19,
        2,
        3,
        23,
        31,
        10,
        43,
        12,
        45,
        11,
        17,
        27,
        38,
        16,
        30,
        41,
        26,
        32,
        21,
        13,
        42,
        22,
        8,
        46,
        36,
        4,
        6,
        14,
        5,
        44,
        25,
        48,
        49,
        7,
        47,
        1,
        37,
        40,
        15,
        29,
        18,
        50,
        20
    ],
    "optimal_solver": "lkh",
    "instance_file_path": "c:\\TSP_ND_ML_Project\\instances\\N50_D2_G100_pow_6.json",
    "concorde_length": 400,
    "concorde_time_s": 2.33650650002528,
    "concorde_tour": [
        1,
        7,
        3,
        9,
        33,
        31,
        35,
        39,
        28,
        24,
        34,
        10,
        2,
        19,
        23,
        20,
        43,
        30,
        27,
        16,
        38,
        45,
        41,
        17,
        12,
        11,
        8,
        14,
        6,
        21,
        42,
        22,
        13,
        5,
        4,
        46,
        36,
        26,
        32,
        15,
        25,
        48,
        50,
        47,
        37,
        40,
        49,
        44,
        29,
        18
    ],
    "lkh_length": 400,
    "lkh_time_s": 2.360144499980379,
    "lkh_tour": [
        9,
        28,
        33,
        24,
        35,
        34,
        39,
        19,
        2,
        3,
        23,
        31,
        10,
        43,
        12,
        45,
        11,
        17,
        27,
        38,
        16,
        30,
        41,
        26,
        32,
        21,
        13,
        42,
        22,
        8,
        46,
        36,
        4,
        6,
        14,
        5,
        44,
        25,
        48,
        49,
        7,
        47,
        1,
        37,
        40,
        15,
        29,
        18,
        50,
        20
    ],
    "lkh_gap_pct": 0.0
}