{
    "instance_name": "N50_D4_G1000_ring_14",
    "n_customers": 50,
    "dimension": 4,
    "grid_size": 1000,
    "optimal_cost": 10296,
    "optimal_tour": [
        20,
        1,
        2,
        10,
        34,
        9,
        45,
        24,
        14,
        40,
        30,
        23,
        3,
        43,
        16,
        22,
        11,
        26,
        35,
        29,
        6,
        44,
        49,
        8,
        50,
        15,
        41,
        47,
        42,
        33,
        13,
        37,
        7,
        28,
        12,
        4,
        31,
        25,
        5,
        48,
        32,
        38,
        36,
        21,
        46,
        19,
        18,
        27,
        17,
        39
    ],
    "optimal_solver": "lkh",
    "instance_file_path": "c:\\TSP_ND_ML_Project\\instances\\N50_D4_G1000_ring_14.json",
    "concorde_length": 10296,
    "concorde_time_s": 1.3869985999772325,
    "concorde_tour": [
        1,
        20,
        39,
        17,
        27,
        18,
        19,
        46,
        21,
        36,
        38,
        32,
        48,
        5,
        25,
        31,
        4,
        12,
        28,
        7,
        37,
        13,
        33,
        42,
        47,
        41,
        15,
        50,
        8,
        49,
        44,
        6,
        29,
        35,
        26,
        11,
        22,
        16,
        43,
        3,
        23,
        30,
        40,
        14,
        24,
        45,
        9,
        34,
        10,
        2
    ],
    "lkh_length": 10296,
    "lkh_time_s": 0.06289479997940361,
    "lkh_tour": [
        20,
        1,
        2,
        10,
        34,
        9,
        45,
        24,
        14,
        40,
        30,
        23,
        3,
        43,
        16,
        22,
        11,
        26,
        35,
        29,
        6,
        44,
        49,
        8,
        50,
        15,
        41,
        47,
        42,
        33,
        13,
        37,
        7,
        28,
        12,
        4,
        31,
        25,
        5,
        48,
        32,
        38,
        36,
        21,
        46,
        19,
        18,
        27,
        17,
        39
    ],
    "lkh_gap_pct": 0.0
}