{
    "instance_name": "N50_D5_G1000_tria_14",
    "n_customers": 50,
    "dimension": 5,
    "grid_size": 1000,
    "optimal_cost": 25286,
    "optimal_tour": [
        30,
        12,
        3,
        22,
        46,
        10,
        21,
        41,
        29,
        40,
        7,
        28,
        36,
        27,
        8,
        50,
        1,
        31,
        33,
        47,
        14,
        20,
        11,
        9,
        44,
        15,
        24,
        19,
        4,
        39,
        42,
        5,
        6,
        25,
        26,
        38,
        37,
        17,
        16,
        23,
        18,
        35,
        49,
        2,
        32,
        48,
        13,
        34,
        45,
        43
    ],
    "optimal_solver": "lkh",
    "instance_file_path": "c:\\TSP_ND_ML_Project\\instances\\N50_D5_G1000_tria_14.json",
    "concorde_length": 25286,
    "concorde_time_s": 1.888650199980475,
    "concorde_tour": [
        1,
        50,
        8,
        27,
        36,
        28,
        7,
        40,
        29,
        41,
        21,
        10,
        46,
        22,
        3,
        12,
        30,
        43,
        45,
        34,
        13,
        48,
        32,
        2,
        49,
        35,
        18,
        23,
        16,
        17,
        37,
        38,
        26,
        25,
        6,
        5,
        42,
        39,
        4,
        19,
        24,
        15,
        44,
        9,
        11,
        20,
        14,
        47,
        33,
        31
    ],
    "lkh_length": 25286,
    "lkh_time_s": 0.0921993000083603,
    "lkh_tour": [
        30,
        12,
        3,
        22,
        46,
        10,
        21,
        41,
        29,
        40,
        7,
        28,
        36,
        27,
        8,
        50,
        1,
        31,
        33,
        47,
        14,
        20,
        11,
        9,
        44,
        15,
        24,
        19,
        4,
        39,
        42,
        5,
        6,
        25,
        26,
        38,
        37,
        17,
        16,
        23,
        18,
        35,
        49,
        2,
        32,
        48,
        13,
        34,
        45,
        43
    ],
    "lkh_gap_pct": 0.0
}