{
    "instance_name": "N50_D3_G1000_tria_18",
    "n_customers": 50,
    "dimension": 3,
    "grid_size": 1000,
    "optimal_cost": 11702,
    "optimal_tour": [
        44,
        4,
        47,
        8,
        34,
        30,
        31,
        37,
        41,
        25,
        24,
        40,
        1,
        16,
        5,
        20,
        3,
        21,
        17,
        14,
        15,
        9,
        2,
        43,
        26,
        42,
        29,
        12,
        19,
        35,
        36,
        33,
        22,
        48,
        38,
        49,
        50,
        27,
        46,
        23,
        28,
        18,
        7,
        45,
        13,
        32,
        39,
        6,
        11,
        10
    ],
    "optimal_solver": "lkh",
    "instance_file_path": "c:\\TSP_ND_ML_Project\\instances\\N50_D3_G1000_tria_18.json",
    "concorde_length": 11702,
    "concorde_time_s": 1.317252300097607,
    "concorde_tour": [
        1,
        16,
        5,
        20,
        3,
        21,
        17,
        14,
        15,
        9,
        2,
        43,
        26,
        42,
        29,
        12,
        19,
        35,
        36,
        33,
        22,
        48,
        38,
        49,
        50,
        27,
        46,
        23,
        28,
        18,
        7,
        45,
        13,
        32,
        39,
        6,
        11,
        10,
        44,
        4,
        47,
        8,
        34,
        30,
        31,
        37,
        41,
        25,
        24,
        40
    ],
    "lkh_length": 11702,
    "lkh_time_s": 0.18036150000989437,
    "lkh_tour": [
        44,
        4,
        47,
        8,
        34,
        30,
        31,
        37,
        41,
        25,
        24,
        40,
        1,
        16,
        5,
        20,
        3,
        21,
        17,
        14,
        15,
        9,
        2,
        43,
        26,
        42,
        29,
        12,
        19,
        35,
        36,
        33,
        22,
        48,
        38,
        49,
        50,
        27,
        46,
        23,
        28,
        18,
        7,
        45,
        13,
        32,
        39,
        6,
        11,
        10
    ],
    "lkh_gap_pct": 0.0
}