{
    "instance_name": "N50_D5_G100_grid_12",
    "n_customers": 50,
    "dimension": 5,
    "grid_size": 100,
    "optimal_cost": 2100,
    "optimal_tour": [
        20,
        30,
        39,
        9,
        46,
        37,
        4,
        48,
        34,
        6,
        43,
        5,
        2,
        21,
        12,
        15,
        14,
        44,
        8,
        13,
        7,
        22,
        24,
        25,
        31,
        38,
        42,
        19,
        36,
        32,
        17,
        49,
        41,
        1,
        35,
        50,
        33,
        27,
        11,
        26,
        47,
        18,
        3,
        28,
        29,
        40,
        10,
        23,
        16,
        45
    ],
    "optimal_solver": "lkh",
    "instance_file_path": "c:\\TSP_ND_ML_Project\\instances\\N50_D5_G100_grid_12.json",
    "concorde_length": 2100,
    "concorde_time_s": 1.0096812999690883,
    "concorde_tour": [
        1,
        35,
        50,
        33,
        27,
        11,
        26,
        47,
        18,
        3,
        28,
        29,
        40,
        10,
        23,
        16,
        45,
        20,
        30,
        39,
        9,
        46,
        37,
        4,
        48,
        34,
        6,
        43,
        5,
        2,
        21,
        12,
        15,
        14,
        44,
        8,
        13,
        7,
        22,
        24,
        25,
        31,
        38,
        42,
        19,
        36,
        32,
        17,
        49,
        41
    ],
    "lkh_length": 2100,
    "lkh_time_s": 0.11996650003129616,
    "lkh_tour": [
        20,
        30,
        39,
        9,
        46,
        37,
        4,
        48,
        34,
        6,
        43,
        5,
        2,
        21,
        12,
        15,
        14,
        44,
        8,
        13,
        7,
        22,
        24,
        25,
        31,
        38,
        42,
        19,
        36,
        32,
        17,
        49,
        41,
        1,
        35,
        50,
        33,
        27,
        11,
        26,
        47,
        18,
        3,
        28,
        29,
        40,
        10,
        23,
        16,
        45
    ],
    "lkh_gap_pct": 0.0
}