{
    "instance_name": "N50_D5_G1000_corr_1",
    "n_customers": 50,
    "dimension": 5,
    "grid_size": 1000,
    "optimal_cost": 9597,
    "optimal_tour": [
        21,
        27,
        24,
        17,
        7,
        5,
        6,
        42,
        10,
        13,
        36,
        49,
        1,
        20,
        19,
        4,
        46,
        23,
        50,
        22,
        48,
        47,
        9,
        16,
        32,
        34,
        41,
        44,
        26,
        39,
        18,
        12,
        38,
        29,
        31,
        8,
        40,
        35,
        2,
        30,
        37,
        45,
        3,
        33,
        15,
        14,
        28,
        43,
        11,
        25
    ],
    "optimal_solver": "lkh",
    "instance_file_path": "c:\\TSP_ND_ML_Project\\instances\\N50_D5_G1000_corr_1.json",
    "concorde_length": 9597,
    "concorde_time_s": 1.0619904000195675,
    "concorde_tour": [
        1,
        20,
        19,
        4,
        46,
        23,
        50,
        22,
        48,
        47,
        9,
        16,
        32,
        34,
        41,
        44,
        26,
        39,
        18,
        12,
        38,
        29,
        31,
        8,
        40,
        35,
        2,
        30,
        37,
        45,
        3,
        33,
        15,
        14,
        28,
        43,
        11,
        25,
        21,
        27,
        24,
        17,
        7,
        5,
        6,
        42,
        10,
        13,
        36,
        49
    ],
    "lkh_length": 9597,
    "lkh_time_s": 0.05136819998733699,
    "lkh_tour": [
        21,
        27,
        24,
        17,
        7,
        5,
        6,
        42,
        10,
        13,
        36,
        49,
        1,
        20,
        19,
        4,
        46,
        23,
        50,
        22,
        48,
        47,
        9,
        16,
        32,
        34,
        41,
        44,
        26,
        39,
        18,
        12,
        38,
        29,
        31,
        8,
        40,
        35,
        2,
        30,
        37,
        45,
        3,
        33,
        15,
        14,
        28,
        43,
        11,
        25
    ],
    "lkh_gap_pct": 0.0
}