{
    "instance_name": "N50_D2_G10000_ring_5",
    "n_customers": 50,
    "dimension": 2,
    "grid_size": 10000,
    "optimal_cost": 33878,
    "optimal_tour": [
        24,
        26,
        16,
        15,
        21,
        3,
        41,
        25,
        38,
        34,
        4,
        46,
        43,
        9,
        28,
        50,
        42,
        22,
        14,
        36,
        29,
        35,
        32,
        48,
        20,
        10,
        30,
        7,
        6,
        44,
        12,
        18,
        2,
        39,
        37,
        49,
        17,
        8,
        27,
        47,
        40,
        31,
        1,
        19,
        33,
        13,
        23,
        11,
        5,
        45
    ],
    "optimal_solver": "lkh",
    "instance_file_path": "c:\\TSP_ND_ML_Project\\instances\\N50_D2_G10000_ring_5.json",
    "concorde_length": 33878,
    "concorde_time_s": 0.9109502000210341,
    "concorde_tour": [
        1,
        19,
        33,
        13,
        23,
        11,
        5,
        45,
        24,
        26,
        16,
        15,
        21,
        3,
        41,
        25,
        38,
        34,
        4,
        46,
        43,
        9,
        28,
        50,
        42,
        22,
        14,
        36,
        29,
        35,
        32,
        48,
        20,
        10,
        30,
        7,
        6,
        44,
        12,
        18,
        2,
        39,
        37,
        49,
        17,
        8,
        27,
        47,
        40,
        31
    ],
    "lkh_length": 33878,
    "lkh_time_s": 0.09078600001521409,
    "lkh_tour": [
        24,
        26,
        16,
        15,
        21,
        3,
        41,
        25,
        38,
        34,
        4,
        46,
        43,
        9,
        28,
        50,
        42,
        22,
        14,
        36,
        29,
        35,
        32,
        48,
        20,
        10,
        30,
        7,
        6,
        44,
        12,
        18,
        2,
        39,
        37,
        49,
        17,
        8,
        27,
        47,
        40,
        31,
        1,
        19,
        33,
        13,
        23,
        11,
        5,
        45
    ],
    "lkh_gap_pct": 0.0
}