{
    "instance_name": "N50_D4_G100_tria_14",
    "n_customers": 50,
    "dimension": 4,
    "grid_size": 100,
    "optimal_cost": 1852,
    "optimal_tour": [
        25,
        43,
        31,
        32,
        21,
        14,
        9,
        36,
        13,
        44,
        30,
        15,
        45,
        4,
        5,
        8,
        46,
        27,
        26,
        17,
        6,
        11,
        10,
        2,
        34,
        37,
        29,
        28,
        38,
        42,
        47,
        50,
        3,
        39,
        33,
        7,
        48,
        16,
        40,
        49,
        23,
        22,
        1,
        19,
        20,
        24,
        12,
        41,
        35,
        18
    ],
    "optimal_solver": "lkh",
    "instance_file_path": "c:\\TSP_ND_ML_Project\\instances\\N50_D4_G100_tria_14.json",
    "concorde_length": 1852,
    "concorde_time_s": 1.1617822000407614,
    "concorde_tour": [
        1,
        22,
        23,
        49,
        40,
        16,
        48,
        7,
        33,
        39,
        3,
        50,
        47,
        42,
        38,
        28,
        29,
        37,
        34,
        2,
        10,
        11,
        6,
        17,
        26,
        27,
        46,
        8,
        5,
        4,
        45,
        15,
        30,
        44,
        13,
        36,
        9,
        14,
        21,
        32,
        31,
        43,
        25,
        18,
        35,
        41,
        12,
        24,
        20,
        19
    ],
    "lkh_length": 1852,
    "lkh_time_s": 0.10079160000896081,
    "lkh_tour": [
        25,
        43,
        31,
        32,
        21,
        14,
        9,
        36,
        13,
        44,
        30,
        15,
        45,
        4,
        5,
        8,
        46,
        27,
        26,
        17,
        6,
        11,
        10,
        2,
        34,
        37,
        29,
        28,
        38,
        42,
        47,
        50,
        3,
        39,
        33,
        7,
        48,
        16,
        40,
        49,
        23,
        22,
        1,
        19,
        20,
        24,
        12,
        41,
        35,
        18
    ],
    "lkh_gap_pct": 0.0
}