{
    "instance_name": "N50_D2_G100_clus_4",
    "n_customers": 50,
    "dimension": 2,
    "grid_size": 100,
    "optimal_cost": 245,
    "optimal_tour": [
        32,
        46,
        28,
        4,
        31,
        30,
        49,
        16,
        22,
        48,
        43,
        42,
        45,
        44,
        34,
        20,
        18,
        14,
        41,
        12,
        7,
        8,
        40,
        35,
        33,
        24,
        15,
        36,
        9,
        47,
        29,
        25,
        21,
        2,
        50,
        3,
        39,
        13,
        37,
        1,
        17,
        27,
        11,
        19,
        38,
        23,
        26,
        5,
        10,
        6
    ],
    "optimal_solver": "lkh",
    "instance_file_path": "c:\\TSP_ND_ML_Project\\instances\\N50_D2_G100_clus_4.json",
    "concorde_length": 245,
    "concorde_time_s": 0.7255550999834668,
    "concorde_tour": [
        1,
        17,
        27,
        11,
        19,
        38,
        23,
        5,
        10,
        6,
        32,
        46,
        28,
        4,
        31,
        30,
        49,
        16,
        26,
        22,
        48,
        43,
        42,
        44,
        45,
        34,
        20,
        18,
        14,
        41,
        12,
        7,
        8,
        40,
        35,
        33,
        24,
        15,
        36,
        9,
        47,
        29,
        25,
        21,
        2,
        50,
        3,
        39,
        13,
        37
    ],
    "lkh_length": 245,
    "lkh_time_s": 0.17676019997452386,
    "lkh_tour": [
        32,
        46,
        28,
        4,
        31,
        30,
        49,
        16,
        22,
        48,
        43,
        42,
        45,
        44,
        34,
        20,
        18,
        14,
        41,
        12,
        7,
        8,
        40,
        35,
        33,
        24,
        15,
        36,
        9,
        47,
        29,
        25,
        21,
        2,
        50,
        3,
        39,
        13,
        37,
        1,
        17,
        27,
        11,
        19,
        38,
        23,
        26,
        5,
        10,
        6
    ],
    "lkh_gap_pct": 0.0
}