{
    "instance_name": "N50_D4_G1000_rand_3",
    "n_customers": 50,
    "dimension": 4,
    "grid_size": 1000,
    "optimal_cost": 16416,
    "optimal_tour": [
        20,
        40,
        30,
        3,
        37,
        46,
        45,
        43,
        47,
        14,
        10,
        28,
        50,
        31,
        44,
        22,
        36,
        7,
        27,
        35,
        32,
        29,
        34,
        2,
        49,
        1,
        13,
        15,
        38,
        25,
        24,
        17,
        48,
        9,
        26,
        16,
        11,
        33,
        41,
        8,
        23,
        42,
        4,
        39,
        12,
        21,
        19,
        5,
        6,
        18
    ],
    "optimal_solver": "lkh",
    "instance_file_path": "c:\\TSP_ND_ML_Project\\instances\\N50_D4_G1000_rand_3.json",
    "concorde_length": 16416,
    "concorde_time_s": 0.838797899952624,
    "concorde_tour": [
        1,
        13,
        15,
        38,
        25,
        24,
        17,
        48,
        9,
        26,
        16,
        11,
        33,
        41,
        8,
        23,
        42,
        4,
        39,
        12,
        21,
        19,
        5,
        6,
        18,
        20,
        40,
        30,
        3,
        37,
        46,
        45,
        43,
        47,
        14,
        10,
        28,
        50,
        31,
        44,
        22,
        36,
        7,
        27,
        35,
        32,
        29,
        34,
        2,
        49
    ],
    "lkh_length": 16416,
    "lkh_time_s": 0.14382419997127727,
    "lkh_tour": [
        20,
        40,
        30,
        3,
        37,
        46,
        45,
        43,
        47,
        14,
        10,
        28,
        50,
        31,
        44,
        22,
        36,
        7,
        27,
        35,
        32,
        29,
        34,
        2,
        49,
        1,
        13,
        15,
        38,
        25,
        24,
        17,
        48,
        9,
        26,
        16,
        11,
        33,
        41,
        8,
        23,
        42,
        4,
        39,
        12,
        21,
        19,
        5,
        6,
        18
    ],
    "lkh_gap_pct": 0.0
}