{
    "instance_name": "N50_D3_G100_norm_7",
    "n_customers": 50,
    "dimension": 3,
    "grid_size": 100,
    "optimal_cost": 642,
    "optimal_tour": [
        27,
        24,
        5,
        50,
        20,
        3,
        23,
        44,
        43,
        15,
        22,
        31,
        25,
        10,
        13,
        8,
        47,
        49,
        11,
        18,
        2,
        17,
        45,
        28,
        26,
        4,
        39,
        35,
        9,
        48,
        42,
        29,
        33,
        32,
        12,
        37,
        21,
        14,
        38,
        41,
        1,
        36,
        16,
        40,
        34,
        7,
        19,
        6,
        46,
        30
    ],
    "optimal_solver": "lkh",
    "instance_file_path": "c:\\TSP_ND_ML_Project\\instances\\N50_D3_G100_norm_7.json",
    "concorde_length": 642,
    "concorde_time_s": 0.6452354000066407,
    "concorde_tour": [
        1,
        41,
        38,
        14,
        21,
        37,
        12,
        32,
        33,
        29,
        42,
        48,
        9,
        35,
        39,
        4,
        26,
        28,
        45,
        17,
        2,
        18,
        11,
        49,
        47,
        8,
        13,
        10,
        25,
        31,
        22,
        15,
        43,
        44,
        23,
        3,
        20,
        50,
        5,
        24,
        27,
        30,
        46,
        6,
        19,
        7,
        34,
        40,
        16,
        36
    ],
    "lkh_length": 642,
    "lkh_time_s": 0.08906779997050762,
    "lkh_tour": [
        27,
        24,
        5,
        50,
        20,
        3,
        23,
        44,
        43,
        15,
        22,
        31,
        25,
        10,
        13,
        8,
        47,
        49,
        11,
        18,
        2,
        17,
        45,
        28,
        26,
        4,
        39,
        35,
        9,
        48,
        42,
        29,
        33,
        32,
        12,
        37,
        21,
        14,
        38,
        41,
        1,
        36,
        16,
        40,
        34,
        7,
        19,
        6,
        46,
        30
    ],
    "lkh_gap_pct": 0.0
}