{
    "instance_name": "N50_D3_G100_corr_11",
    "n_customers": 50,
    "dimension": 3,
    "grid_size": 100,
    "optimal_cost": 563,
    "optimal_tour": [
        50,
        12,
        6,
        11,
        31,
        45,
        46,
        19,
        1,
        7,
        15,
        38,
        9,
        4,
        23,
        29,
        33,
        16,
        44,
        37,
        30,
        10,
        36,
        43,
        35,
        34,
        42,
        21,
        5,
        47,
        48,
        14,
        39,
        26,
        20,
        25,
        27,
        3,
        49,
        17,
        2,
        22,
        41,
        8,
        32,
        18,
        28,
        40,
        24,
        13
    ],
    "optimal_solver": "lkh",
    "instance_file_path": "c:\\TSP_ND_ML_Project\\instances\\N50_D3_G100_corr_11.json",
    "concorde_length": 2752,
    "concorde_time_s": 4.30148620007094,
    "concorde_tour": [
        1,
        7,
        41,
        31,
        42,
        9,
        44,
        49,
        4,
        38,
        33,
        2,
        19,
        39,
        25,
        3,
        6,
        24,
        34,
        21,
        11,
        48,
        26,
        28,
        37,
        15,
        17,
        14,
        8,
        22,
        47,
        46,
        5,
        43,
        18,
        20,
        36,
        16,
        13,
        35,
        32,
        27,
        30,
        29,
        10,
        50,
        23,
        12,
        45,
        40
    ],
    "lkh_length": 563,
    "lkh_time_s": 0.20238179992884398,
    "lkh_tour": [
        50,
        12,
        6,
        11,
        31,
        45,
        46,
        19,
        1,
        7,
        15,
        38,
        9,
        4,
        23,
        29,
        33,
        16,
        44,
        37,
        30,
        10,
        36,
        43,
        35,
        34,
        42,
        21,
        5,
        47,
        48,
        14,
        39,
        26,
        20,
        25,
        27,
        3,
        49,
        17,
        2,
        22,
        41,
        8,
        32,
        18,
        28,
        40,
        24,
        13
    ],
    "lkh_gap_pct": -79.5421511627907
}