{
    "instance_name": "N50_D2_G100_ring_3",
    "n_customers": 50,
    "dimension": 2,
    "grid_size": 100,
    "optimal_cost": 303,
    "optimal_tour": [
        27,
        41,
        45,
        31,
        5,
        12,
        33,
        34,
        23,
        26,
        4,
        18,
        9,
        44,
        1,
        25,
        14,
        3,
        21,
        32,
        15,
        11,
        2,
        49,
        19,
        39,
        7,
        30,
        10,
        50,
        43,
        8,
        37,
        36,
        20,
        28,
        16,
        22,
        24,
        40,
        35,
        29,
        46,
        47,
        13,
        42,
        17,
        6,
        38,
        48
    ],
    "optimal_solver": "lkh",
    "instance_file_path": "c:\\TSP_ND_ML_Project\\instances\\N50_D2_G100_ring_3.json",
    "concorde_length": 303,
    "concorde_time_s": 1.1210494000115432,
    "concorde_tour": [
        1,
        44,
        9,
        18,
        4,
        26,
        23,
        34,
        33,
        12,
        5,
        31,
        45,
        41,
        27,
        48,
        38,
        6,
        17,
        42,
        13,
        47,
        46,
        29,
        35,
        40,
        24,
        22,
        16,
        28,
        20,
        36,
        37,
        8,
        43,
        50,
        10,
        30,
        7,
        39,
        49,
        19,
        32,
        2,
        11,
        15,
        21,
        3,
        14,
        25
    ],
    "lkh_length": 303,
    "lkh_time_s": 0.4278537000063807,
    "lkh_tour": [
        27,
        41,
        45,
        31,
        5,
        12,
        33,
        34,
        23,
        26,
        4,
        18,
        9,
        44,
        1,
        25,
        14,
        3,
        21,
        32,
        15,
        11,
        2,
        49,
        19,
        39,
        7,
        30,
        10,
        50,
        43,
        8,
        37,
        36,
        20,
        28,
        16,
        22,
        24,
        40,
        35,
        29,
        46,
        47,
        13,
        42,
        17,
        6,
        38,
        48
    ],
    "lkh_gap_pct": 0.0
}