{
    "instance_name": "N50_D4_G10000_ring_16",
    "n_customers": 50,
    "dimension": 4,
    "grid_size": 10000,
    "optimal_cost": 108763,
    "optimal_tour": [
        49,
        33,
        21,
        17,
        4,
        26,
        16,
        13,
        46,
        7,
        18,
        36,
        20,
        23,
        30,
        25,
        47,
        9,
        3,
        38,
        31,
        2,
        12,
        19,
        37,
        1,
        22,
        8,
        42,
        40,
        6,
        43,
        45,
        44,
        32,
        14,
        41,
        29,
        10,
        27,
        11,
        15,
        35,
        28,
        50,
        34,
        48,
        5,
        39,
        24
    ],
    "optimal_solver": "lkh",
    "instance_file_path": "c:\\TSP_ND_ML_Project\\instances\\N50_D4_G10000_ring_16.json",
    "concorde_length": 108763,
    "concorde_time_s": 1.1302935000276193,
    "concorde_tour": [
        1,
        22,
        8,
        42,
        40,
        6,
        43,
        45,
        44,
        32,
        14,
        41,
        29,
        10,
        27,
        11,
        15,
        35,
        28,
        50,
        34,
        48,
        5,
        39,
        24,
        49,
        33,
        21,
        17,
        4,
        26,
        16,
        13,
        46,
        7,
        18,
        36,
        20,
        23,
        30,
        25,
        47,
        9,
        3,
        38,
        31,
        2,
        12,
        19,
        37
    ],
    "lkh_length": 108763,
    "lkh_time_s": 0.06266080000204965,
    "lkh_tour": [
        49,
        33,
        21,
        17,
        4,
        26,
        16,
        13,
        46,
        7,
        18,
        36,
        20,
        23,
        30,
        25,
        47,
        9,
        3,
        38,
        31,
        2,
        12,
        19,
        37,
        1,
        22,
        8,
        42,
        40,
        6,
        43,
        45,
        44,
        32,
        14,
        41,
        29,
        10,
        27,
        11,
        15,
        35,
        28,
        50,
        34,
        48,
        5,
        39,
        24
    ],
    "lkh_gap_pct": 0.0
}