{
    "instance_name": "N50_D4_G10000_rand_8",
    "n_customers": 50,
    "dimension": 4,
    "grid_size": 10000,
    "optimal_cost": 154585,
    "optimal_tour": [
        37,
        8,
        43,
        4,
        35,
        9,
        33,
        41,
        23,
        27,
        36,
        6,
        14,
        44,
        2,
        29,
        24,
        46,
        28,
        5,
        40,
        7,
        39,
        20,
        32,
        47,
        38,
        19,
        30,
        34,
        10,
        22,
        26,
        11,
        12,
        25,
        45,
        15,
        50,
        16,
        13,
        49,
        42,
        48,
        1,
        21,
        31,
        3,
        17,
        18
    ],
    "optimal_solver": "lkh",
    "instance_file_path": "c:\\TSP_ND_ML_Project\\instances\\N50_D4_G10000_rand_8.json",
    "concorde_length": 154585,
    "concorde_time_s": 0.45947529998375103,
    "concorde_tour": [
        1,
        48,
        42,
        49,
        13,
        16,
        50,
        15,
        45,
        25,
        12,
        11,
        26,
        22,
        10,
        34,
        30,
        19,
        38,
        47,
        32,
        20,
        39,
        7,
        40,
        5,
        28,
        46,
        24,
        29,
        2,
        44,
        14,
        6,
        36,
        27,
        23,
        41,
        33,
        9,
        35,
        4,
        43,
        8,
        37,
        18,
        17,
        3,
        31,
        21
    ],
    "lkh_length": 154585,
    "lkh_time_s": 0.18952319998061284,
    "lkh_tour": [
        37,
        8,
        43,
        4,
        35,
        9,
        33,
        41,
        23,
        27,
        36,
        6,
        14,
        44,
        2,
        29,
        24,
        46,
        28,
        5,
        40,
        7,
        39,
        20,
        32,
        47,
        38,
        19,
        30,
        34,
        10,
        22,
        26,
        11,
        12,
        25,
        45,
        15,
        50,
        16,
        13,
        49,
        42,
        48,
        1,
        21,
        31,
        3,
        17,
        18
    ],
    "lkh_gap_pct": 0.0
}