{
    "instance_name": "N50_D5_G1000_corn_19",
    "n_customers": 50,
    "dimension": 5,
    "grid_size": 1000,
    "optimal_cost": 28623,
    "optimal_tour": [
        4,
        28,
        8,
        15,
        16,
        3,
        23,
        12,
        42,
        37,
        30,
        39,
        14,
        32,
        38,
        35,
        2,
        19,
        13,
        7,
        21,
        9,
        29,
        17,
        31,
        50,
        20,
        46,
        43,
        36,
        34,
        33,
        1,
        10,
        45,
        47,
        25,
        18,
        48,
        11,
        5,
        44,
        6,
        27,
        26,
        49,
        41,
        40,
        22,
        24
    ],
    "optimal_solver": "lkh",
    "instance_file_path": "c:\\TSP_ND_ML_Project\\instances\\N50_D5_G1000_corn_19.json",
    "concorde_length": 28623,
    "concorde_time_s": 1.4612981000100262,
    "concorde_tour": [
        1,
        10,
        45,
        47,
        25,
        18,
        48,
        11,
        5,
        44,
        6,
        27,
        26,
        49,
        41,
        40,
        22,
        24,
        4,
        28,
        8,
        15,
        16,
        3,
        23,
        12,
        42,
        37,
        30,
        39,
        14,
        32,
        38,
        35,
        2,
        19,
        13,
        7,
        21,
        9,
        29,
        17,
        31,
        50,
        20,
        46,
        43,
        36,
        34,
        33
    ],
    "lkh_length": 28623,
    "lkh_time_s": 0.12846589996479452,
    "lkh_tour": [
        4,
        28,
        8,
        15,
        16,
        3,
        23,
        12,
        42,
        37,
        30,
        39,
        14,
        32,
        38,
        35,
        2,
        19,
        13,
        7,
        21,
        9,
        29,
        17,
        31,
        50,
        20,
        46,
        43,
        36,
        34,
        33,
        1,
        10,
        45,
        47,
        25,
        18,
        48,
        11,
        5,
        44,
        6,
        27,
        26,
        49,
        41,
        40,
        22,
        24
    ],
    "lkh_gap_pct": 0.0
}