{
    "instance_name": "N50_D4_G1000_corr_1",
    "n_customers": 50,
    "dimension": 4,
    "grid_size": 1000,
    "optimal_cost": 7653,
    "optimal_tour": [
        7,
        19,
        5,
        38,
        24,
        49,
        11,
        39,
        28,
        6,
        50,
        29,
        41,
        46,
        20,
        33,
        1,
        25,
        23,
        37,
        22,
        40,
        12,
        21,
        2,
        34,
        3,
        27,
        16,
        48,
        10,
        43,
        32,
        15,
        14,
        47,
        44,
        4,
        26,
        17,
        45,
        8,
        13,
        31,
        42,
        36,
        35,
        30,
        9,
        18
    ],
    "optimal_solver": "lkh",
    "instance_file_path": "c:\\TSP_ND_ML_Project\\instances\\N50_D4_G1000_corr_1.json",
    "concorde_length": 7653,
    "concorde_time_s": 0.9790101000107825,
    "concorde_tour": [
        1,
        25,
        23,
        37,
        22,
        40,
        12,
        21,
        2,
        34,
        3,
        27,
        16,
        48,
        10,
        43,
        32,
        15,
        14,
        47,
        44,
        4,
        26,
        17,
        45,
        8,
        13,
        31,
        42,
        36,
        35,
        30,
        9,
        18,
        7,
        19,
        5,
        38,
        24,
        49,
        11,
        39,
        28,
        6,
        50,
        29,
        41,
        46,
        20,
        33
    ],
    "lkh_length": 7653,
    "lkh_time_s": 0.058070899976883084,
    "lkh_tour": [
        7,
        19,
        5,
        38,
        24,
        49,
        11,
        39,
        28,
        6,
        50,
        29,
        41,
        46,
        20,
        33,
        1,
        25,
        23,
        37,
        22,
        40,
        12,
        21,
        2,
        34,
        3,
        27,
        16,
        48,
        10,
        43,
        32,
        15,
        14,
        47,
        44,
        4,
        26,
        17,
        45,
        8,
        13,
        31,
        42,
        36,
        35,
        30,
        9,
        18
    ],
    "lkh_gap_pct": 0.0
}