{
    "instance_name": "N50_D3_G100_pow_16",
    "n_customers": 50,
    "dimension": 3,
    "grid_size": 100,
    "optimal_cost": 800,
    "optimal_tour": [
        12,
        25,
        6,
        22,
        47,
        33,
        38,
        40,
        37,
        5,
        13,
        32,
        4,
        19,
        24,
        16,
        45,
        15,
        26,
        42,
        14,
        3,
        50,
        43,
        23,
        29,
        2,
        7,
        30,
        20,
        21,
        17,
        36,
        35,
        31,
        48,
        34,
        10,
        28,
        41,
        27,
        1,
        9,
        46,
        11,
        44,
        39,
        8,
        18,
        49
    ],
    "optimal_solver": "lkh",
    "instance_file_path": "c:\\TSP_ND_ML_Project\\instances\\N50_D3_G100_pow_16.json",
    "concorde_length": 800,
    "concorde_time_s": 1.361797400051728,
    "concorde_tour": [
        1,
        28,
        34,
        41,
        10,
        11,
        46,
        44,
        39,
        18,
        8,
        14,
        3,
        15,
        32,
        26,
        16,
        4,
        50,
        45,
        24,
        42,
        19,
        23,
        43,
        7,
        29,
        2,
        30,
        48,
        21,
        17,
        20,
        31,
        35,
        36,
        33,
        13,
        40,
        37,
        38,
        5,
        6,
        22,
        47,
        12,
        49,
        25,
        9,
        27
    ],
    "lkh_length": 800,
    "lkh_time_s": 0.3094054000102915,
    "lkh_tour": [
        12,
        25,
        6,
        22,
        47,
        33,
        38,
        40,
        37,
        5,
        13,
        32,
        4,
        19,
        24,
        16,
        45,
        15,
        26,
        42,
        14,
        3,
        50,
        43,
        23,
        29,
        2,
        7,
        30,
        20,
        21,
        17,
        36,
        35,
        31,
        48,
        34,
        10,
        28,
        41,
        27,
        1,
        9,
        46,
        11,
        44,
        39,
        8,
        18,
        49
    ],
    "lkh_gap_pct": 0.0
}