{
    "instance_name": "N50_D2_G1000_rand_6",
    "n_customers": 50,
    "dimension": 2,
    "grid_size": 1000,
    "optimal_cost": 6085,
    "optimal_tour": [
        10,
        39,
        50,
        16,
        43,
        9,
        28,
        37,
        33,
        25,
        41,
        22,
        36,
        21,
        31,
        8,
        49,
        27,
        18,
        29,
        45,
        46,
        14,
        35,
        4,
        17,
        3,
        5,
        13,
        19,
        32,
        40,
        30,
        2,
        38,
        11,
        12,
        15,
        1,
        6,
        26,
        7,
        44,
        23,
        34,
        20,
        47,
        48,
        24,
        42
    ],
    "optimal_solver": "lkh",
    "instance_file_path": "c:\\TSP_ND_ML_Project\\instances\\N50_D2_G1000_rand_6.json",
    "concorde_length": 6085,
    "concorde_time_s": 0.7379115000076126,
    "concorde_tour": [
        1,
        15,
        12,
        11,
        38,
        2,
        30,
        40,
        32,
        19,
        13,
        5,
        3,
        17,
        4,
        35,
        14,
        46,
        45,
        29,
        18,
        27,
        49,
        8,
        31,
        21,
        36,
        22,
        41,
        25,
        33,
        37,
        28,
        9,
        43,
        16,
        50,
        39,
        10,
        42,
        24,
        48,
        47,
        20,
        34,
        23,
        44,
        7,
        26,
        6
    ],
    "lkh_length": 6085,
    "lkh_time_s": 0.14656200000899844,
    "lkh_tour": [
        10,
        39,
        50,
        16,
        43,
        9,
        28,
        37,
        33,
        25,
        41,
        22,
        36,
        21,
        31,
        8,
        49,
        27,
        18,
        29,
        45,
        46,
        14,
        35,
        4,
        17,
        3,
        5,
        13,
        19,
        32,
        40,
        30,
        2,
        38,
        11,
        12,
        15,
        1,
        6,
        26,
        7,
        44,
        23,
        34,
        20,
        47,
        48,
        24,
        42
    ],
    "lkh_gap_pct": 0.0
}