{
    "instance_name": "N50_D3_G10000_corr_5",
    "n_customers": 50,
    "dimension": 3,
    "grid_size": 10000,
    "optimal_cost": 60928,
    "optimal_tour": [
        15,
        37,
        7,
        49,
        33,
        18,
        16,
        20,
        38,
        9,
        23,
        2,
        42,
        32,
        1,
        19,
        5,
        3,
        17,
        43,
        41,
        50,
        45,
        13,
        28,
        40,
        26,
        27,
        46,
        11,
        35,
        47,
        25,
        30,
        48,
        6,
        12,
        8,
        22,
        39,
        10,
        36,
        29,
        34,
        4,
        21,
        31,
        44,
        14,
        24
    ],
    "optimal_solver": "lkh",
    "instance_file_path": "c:\\TSP_ND_ML_Project\\instances\\N50_D3_G10000_corr_5.json",
    "concorde_length": 60928,
    "concorde_time_s": 0.8331899999757297,
    "concorde_tour": [
        1,
        19,
        5,
        3,
        17,
        43,
        41,
        50,
        45,
        13,
        28,
        40,
        26,
        27,
        46,
        11,
        35,
        47,
        25,
        30,
        48,
        6,
        12,
        8,
        22,
        39,
        10,
        36,
        29,
        34,
        4,
        21,
        31,
        44,
        14,
        24,
        15,
        37,
        7,
        49,
        33,
        18,
        16,
        20,
        38,
        9,
        23,
        2,
        42,
        32
    ],
    "lkh_length": 60928,
    "lkh_time_s": 0.05854420003015548,
    "lkh_tour": [
        15,
        37,
        7,
        49,
        33,
        18,
        16,
        20,
        38,
        9,
        23,
        2,
        42,
        32,
        1,
        19,
        5,
        3,
        17,
        43,
        41,
        50,
        45,
        13,
        28,
        40,
        26,
        27,
        46,
        11,
        35,
        47,
        25,
        30,
        48,
        6,
        12,
        8,
        22,
        39,
        10,
        36,
        29,
        34,
        4,
        21,
        31,
        44,
        14,
        24
    ],
    "lkh_gap_pct": 0.0
}