{
    "instance_name": "N50_D5_G100_grid_17",
    "n_customers": 50,
    "dimension": 5,
    "grid_size": 100,
    "optimal_cost": 2139,
    "optimal_tour": [
        35,
        1,
        28,
        50,
        18,
        33,
        49,
        31,
        32,
        43,
        23,
        17,
        11,
        20,
        13,
        25,
        45,
        36,
        37,
        48,
        9,
        40,
        29,
        14,
        21,
        16,
        39,
        47,
        10,
        19,
        12,
        44,
        4,
        26,
        42,
        22,
        38,
        6,
        27,
        5,
        15,
        2,
        8,
        30,
        41,
        7,
        34,
        24,
        3,
        46
    ],
    "optimal_solver": "lkh",
    "instance_file_path": "c:\\TSP_ND_ML_Project\\instances\\N50_D5_G100_grid_17.json",
    "concorde_length": 2139,
    "concorde_time_s": 1.0575502999708988,
    "concorde_tour": [
        1,
        35,
        46,
        3,
        24,
        34,
        7,
        41,
        30,
        8,
        2,
        15,
        5,
        27,
        6,
        38,
        22,
        42,
        26,
        4,
        44,
        12,
        19,
        10,
        47,
        39,
        16,
        21,
        14,
        29,
        40,
        9,
        48,
        37,
        36,
        45,
        25,
        13,
        20,
        11,
        17,
        23,
        43,
        32,
        31,
        49,
        33,
        18,
        50,
        28
    ],
    "lkh_length": 2139,
    "lkh_time_s": 0.06633639999199659,
    "lkh_tour": [
        35,
        1,
        28,
        50,
        18,
        33,
        49,
        31,
        32,
        43,
        23,
        17,
        11,
        20,
        13,
        25,
        45,
        36,
        37,
        48,
        9,
        40,
        29,
        14,
        21,
        16,
        39,
        47,
        10,
        19,
        12,
        44,
        4,
        26,
        42,
        22,
        38,
        6,
        27,
        5,
        15,
        2,
        8,
        30,
        41,
        7,
        34,
        24,
        3,
        46
    ],
    "lkh_gap_pct": 0.0
}