{
    "instance_name": "N50_D4_G1000_corr_10",
    "n_customers": 50,
    "dimension": 4,
    "grid_size": 1000,
    "optimal_cost": 7350,
    "optimal_tour": [
        19,
        21,
        14,
        4,
        18,
        41,
        16,
        36,
        39,
        3,
        17,
        20,
        50,
        46,
        10,
        31,
        34,
        44,
        33,
        1,
        26,
        27,
        32,
        5,
        48,
        23,
        2,
        42,
        11,
        13,
        15,
        22,
        37,
        35,
        30,
        28,
        25,
        40,
        38,
        7,
        6,
        43,
        47,
        49,
        12,
        24,
        9,
        8,
        45,
        29
    ],
    "optimal_solver": "lkh",
    "instance_file_path": "c:\\TSP_ND_ML_Project\\instances\\N50_D4_G1000_corr_10.json",
    "concorde_length": 7350,
    "concorde_time_s": 1.7366316000116058,
    "concorde_tour": [
        1,
        33,
        44,
        34,
        31,
        10,
        46,
        50,
        20,
        17,
        3,
        39,
        36,
        16,
        41,
        18,
        4,
        14,
        21,
        19,
        29,
        45,
        8,
        9,
        24,
        12,
        49,
        47,
        43,
        6,
        7,
        38,
        40,
        25,
        28,
        30,
        35,
        37,
        22,
        15,
        13,
        11,
        42,
        2,
        23,
        48,
        5,
        32,
        27,
        26
    ],
    "lkh_length": 7350,
    "lkh_time_s": 0.12285039998823777,
    "lkh_tour": [
        19,
        21,
        14,
        4,
        18,
        41,
        16,
        36,
        39,
        3,
        17,
        20,
        50,
        46,
        10,
        31,
        34,
        44,
        33,
        1,
        26,
        27,
        32,
        5,
        48,
        23,
        2,
        42,
        11,
        13,
        15,
        22,
        37,
        35,
        30,
        28,
        25,
        40,
        38,
        7,
        6,
        43,
        47,
        49,
        12,
        24,
        9,
        8,
        45,
        29
    ],
    "lkh_gap_pct": 0.0
}