{
    "instance_name": "N50_D2_G100_corn_20",
    "n_customers": 50,
    "dimension": 2,
    "grid_size": 100,
    "optimal_cost": 408,
    "optimal_tour": [
        43,
        3,
        25,
        21,
        44,
        40,
        4,
        17,
        12,
        22,
        45,
        23,
        36,
        34,
        33,
        26,
        13,
        47,
        10,
        46,
        1,
        6,
        11,
        50,
        29,
        15,
        14,
        7,
        27,
        39,
        2,
        16,
        20,
        5,
        19,
        37,
        18,
        32,
        8,
        35,
        41,
        38,
        24,
        49,
        42,
        9,
        48,
        30,
        28,
        31
    ],
    "optimal_solver": "lkh",
    "instance_file_path": "c:\\TSP_ND_ML_Project\\instances\\N50_D2_G100_corn_20.json",
    "concorde_length": 408,
    "concorde_time_s": 1.3150587999843992,
    "concorde_tour": [
        1,
        46,
        10,
        47,
        13,
        26,
        33,
        36,
        34,
        12,
        4,
        17,
        45,
        22,
        23,
        44,
        40,
        21,
        25,
        3,
        31,
        43,
        28,
        24,
        9,
        35,
        41,
        49,
        42,
        48,
        38,
        30,
        8,
        32,
        18,
        37,
        19,
        2,
        16,
        5,
        20,
        39,
        27,
        7,
        14,
        15,
        29,
        50,
        6,
        11
    ],
    "lkh_length": 408,
    "lkh_time_s": 3.66061850002734,
    "lkh_tour": [
        43,
        3,
        25,
        21,
        44,
        40,
        4,
        17,
        12,
        22,
        45,
        23,
        36,
        34,
        33,
        26,
        13,
        47,
        10,
        46,
        1,
        6,
        11,
        50,
        29,
        15,
        14,
        7,
        27,
        39,
        2,
        16,
        20,
        5,
        19,
        37,
        18,
        32,
        8,
        35,
        41,
        38,
        24,
        49,
        42,
        9,
        48,
        30,
        28,
        31
    ],
    "lkh_gap_pct": 0.0
}