{
    "instance_name": "N50_D2_G10000_corn_13",
    "n_customers": 50,
    "dimension": 2,
    "grid_size": 10000,
    "optimal_cost": 41088,
    "optimal_tour": [
        16,
        45,
        28,
        10,
        15,
        6,
        38,
        31,
        37,
        34,
        19,
        11,
        32,
        5,
        25,
        48,
        1,
        8,
        36,
        22,
        2,
        14,
        3,
        17,
        9,
        21,
        23,
        26,
        18,
        24,
        29,
        12,
        20,
        39,
        50,
        33,
        13,
        47,
        49,
        41,
        7,
        35,
        44,
        4,
        46,
        42,
        43,
        27,
        40,
        30
    ],
    "optimal_solver": "lkh",
    "instance_file_path": "c:\\TSP_ND_ML_Project\\instances\\N50_D2_G10000_corn_13.json",
    "concorde_length": 41088,
    "concorde_time_s": 1.1083022000093479,
    "concorde_tour": [
        1,
        8,
        48,
        36,
        2,
        22,
        25,
        5,
        32,
        11,
        19,
        34,
        37,
        31,
        38,
        6,
        15,
        10,
        28,
        45,
        16,
        30,
        40,
        27,
        43,
        42,
        46,
        4,
        41,
        47,
        49,
        44,
        7,
        35,
        13,
        33,
        50,
        39,
        20,
        12,
        29,
        24,
        18,
        26,
        23,
        21,
        9,
        17,
        3,
        14
    ],
    "lkh_length": 41088,
    "lkh_time_s": 1.9964713999943342,
    "lkh_tour": [
        16,
        45,
        28,
        10,
        15,
        6,
        38,
        31,
        37,
        34,
        19,
        11,
        32,
        5,
        25,
        48,
        1,
        8,
        36,
        22,
        2,
        14,
        3,
        17,
        9,
        21,
        23,
        26,
        18,
        24,
        29,
        12,
        20,
        39,
        50,
        33,
        13,
        47,
        49,
        41,
        7,
        35,
        44,
        4,
        46,
        42,
        43,
        27,
        40,
        30
    ],
    "lkh_gap_pct": 0.0
}