{
    "instance_name": "N50_D4_G10000_rand_20",
    "n_customers": 50,
    "dimension": 4,
    "grid_size": 10000,
    "optimal_cost": 164200,
    "optimal_tour": [
        12,
        48,
        21,
        34,
        50,
        8,
        31,
        10,
        43,
        44,
        1,
        23,
        18,
        11,
        45,
        25,
        33,
        17,
        38,
        36,
        7,
        19,
        13,
        35,
        42,
        39,
        27,
        49,
        47,
        22,
        46,
        6,
        37,
        9,
        40,
        32,
        14,
        29,
        4,
        20,
        41,
        28,
        24,
        5,
        16,
        3,
        2,
        15,
        26,
        30
    ],
    "optimal_solver": "lkh",
    "instance_file_path": "c:\\TSP_ND_ML_Project\\instances\\N50_D4_G10000_rand_20.json",
    "concorde_length": 164200,
    "concorde_time_s": 1.8012618999928236,
    "concorde_tour": [
        1,
        23,
        18,
        11,
        45,
        25,
        33,
        17,
        38,
        36,
        7,
        19,
        13,
        35,
        42,
        39,
        27,
        49,
        47,
        22,
        46,
        6,
        37,
        9,
        40,
        32,
        14,
        29,
        4,
        20,
        41,
        28,
        24,
        5,
        16,
        3,
        2,
        15,
        26,
        30,
        12,
        48,
        21,
        34,
        50,
        8,
        31,
        10,
        43,
        44
    ],
    "lkh_length": 164200,
    "lkh_time_s": 0.11910700000589713,
    "lkh_tour": [
        12,
        48,
        21,
        34,
        50,
        8,
        31,
        10,
        43,
        44,
        1,
        23,
        18,
        11,
        45,
        25,
        33,
        17,
        38,
        36,
        7,
        19,
        13,
        35,
        42,
        39,
        27,
        49,
        47,
        22,
        46,
        6,
        37,
        9,
        40,
        32,
        14,
        29,
        4,
        20,
        41,
        28,
        24,
        5,
        16,
        3,
        2,
        15,
        26,
        30
    ],
    "lkh_gap_pct": 0.0
}