{
    "instance_name": "N50_D3_G1000_norm_18",
    "n_customers": 50,
    "dimension": 3,
    "grid_size": 1000,
    "optimal_cost": 6900,
    "optimal_tour": [
        45,
        42,
        9,
        17,
        8,
        48,
        22,
        49,
        6,
        2,
        14,
        13,
        35,
        31,
        27,
        30,
        12,
        32,
        41,
        5,
        10,
        37,
        1,
        15,
        18,
        38,
        39,
        44,
        7,
        20,
        40,
        3,
        16,
        19,
        28,
        21,
        11,
        50,
        47,
        23,
        43,
        34,
        33,
        29,
        46,
        36,
        24,
        4,
        26,
        25
    ],
    "optimal_solver": "lkh",
    "instance_file_path": "c:\\TSP_ND_ML_Project\\instances\\N50_D3_G1000_norm_18.json",
    "concorde_length": 6900,
    "concorde_time_s": 0.9882671000086702,
    "concorde_tour": [
        1,
        37,
        10,
        5,
        41,
        32,
        12,
        30,
        27,
        31,
        35,
        13,
        14,
        2,
        6,
        49,
        22,
        48,
        8,
        17,
        9,
        42,
        45,
        25,
        26,
        4,
        24,
        36,
        46,
        29,
        33,
        34,
        43,
        23,
        47,
        50,
        11,
        21,
        28,
        19,
        16,
        3,
        40,
        20,
        7,
        44,
        39,
        38,
        18,
        15
    ],
    "lkh_length": 6900,
    "lkh_time_s": 0.11668490001466125,
    "lkh_tour": [
        45,
        42,
        9,
        17,
        8,
        48,
        22,
        49,
        6,
        2,
        14,
        13,
        35,
        31,
        27,
        30,
        12,
        32,
        41,
        5,
        10,
        37,
        1,
        15,
        18,
        38,
        39,
        44,
        7,
        20,
        40,
        3,
        16,
        19,
        28,
        21,
        11,
        50,
        47,
        23,
        43,
        34,
        33,
        29,
        46,
        36,
        24,
        4,
        26,
        25
    ],
    "lkh_gap_pct": 0.0
}