{
    "instance_name": "N50_D5_G1000_corn_10",
    "n_customers": 50,
    "dimension": 5,
    "grid_size": 1000,
    "optimal_cost": 26739,
    "optimal_tour": [
        7,
        41,
        49,
        35,
        18,
        25,
        3,
        6,
        34,
        32,
        26,
        28,
        20,
        19,
        21,
        4,
        5,
        48,
        39,
        2,
        29,
        10,
        37,
        23,
        44,
        1,
        31,
        15,
        14,
        33,
        42,
        9,
        13,
        30,
        16,
        43,
        27,
        36,
        50,
        22,
        46,
        11,
        47,
        45,
        24,
        12,
        17,
        40,
        8,
        38
    ],
    "optimal_solver": "lkh",
    "instance_file_path": "c:\\TSP_ND_ML_Project\\instances\\N50_D5_G1000_corn_10.json",
    "concorde_length": 26739,
    "concorde_time_s": 0.7553194999927655,
    "concorde_tour": [
        1,
        44,
        23,
        37,
        10,
        29,
        2,
        39,
        48,
        5,
        4,
        21,
        19,
        20,
        28,
        26,
        32,
        34,
        6,
        3,
        25,
        18,
        35,
        49,
        41,
        7,
        38,
        8,
        40,
        17,
        12,
        24,
        45,
        47,
        11,
        46,
        22,
        50,
        36,
        27,
        43,
        16,
        30,
        13,
        9,
        42,
        33,
        14,
        15,
        31
    ],
    "lkh_length": 26739,
    "lkh_time_s": 0.06128329993225634,
    "lkh_tour": [
        7,
        41,
        49,
        35,
        18,
        25,
        3,
        6,
        34,
        32,
        26,
        28,
        20,
        19,
        21,
        4,
        5,
        48,
        39,
        2,
        29,
        10,
        37,
        23,
        44,
        1,
        31,
        15,
        14,
        33,
        42,
        9,
        13,
        30,
        16,
        43,
        27,
        36,
        50,
        22,
        46,
        11,
        47,
        45,
        24,
        12,
        17,
        40,
        8,
        38
    ],
    "lkh_gap_pct": 0.0
}