{
    "instance_name": "N50_D5_G1000_rand_6",
    "n_customers": 50,
    "dimension": 5,
    "grid_size": 1000,
    "optimal_cost": 21599,
    "optimal_tour": [
        35,
        28,
        5,
        21,
        45,
        22,
        6,
        9,
        36,
        10,
        25,
        48,
        1,
        8,
        37,
        11,
        46,
        43,
        14,
        26,
        31,
        20,
        29,
        34,
        3,
        12,
        27,
        47,
        17,
        2,
        33,
        42,
        16,
        15,
        44,
        41,
        50,
        7,
        49,
        13,
        24,
        18,
        4,
        23,
        19,
        30,
        39,
        40,
        32,
        38
    ],
    "optimal_solver": "lkh",
    "instance_file_path": "c:\\TSP_ND_ML_Project\\instances\\N50_D5_G1000_rand_6.json",
    "concorde_length": 21599,
    "concorde_time_s": 0.8165963000501506,
    "concorde_tour": [
        1,
        8,
        37,
        11,
        46,
        43,
        14,
        26,
        31,
        20,
        29,
        34,
        3,
        12,
        27,
        47,
        17,
        2,
        33,
        42,
        16,
        15,
        44,
        41,
        50,
        7,
        49,
        13,
        24,
        18,
        4,
        23,
        19,
        30,
        39,
        40,
        32,
        38,
        35,
        28,
        5,
        21,
        45,
        22,
        6,
        9,
        36,
        10,
        25,
        48
    ],
    "lkh_length": 21599,
    "lkh_time_s": 0.08698530000401661,
    "lkh_tour": [
        35,
        28,
        5,
        21,
        45,
        22,
        6,
        9,
        36,
        10,
        25,
        48,
        1,
        8,
        37,
        11,
        46,
        43,
        14,
        26,
        31,
        20,
        29,
        34,
        3,
        12,
        27,
        47,
        17,
        2,
        33,
        42,
        16,
        15,
        44,
        41,
        50,
        7,
        49,
        13,
        24,
        18,
        4,
        23,
        19,
        30,
        39,
        40,
        32,
        38
    ],
    "lkh_gap_pct": 0.0
}