{
    "instance_name": "N50_D4_G10000_corn_11",
    "n_customers": 50,
    "dimension": 4,
    "grid_size": 10000,
    "optimal_cost": 162050,
    "optimal_tour": [
        39,
        25,
        18,
        30,
        17,
        42,
        13,
        37,
        3,
        21,
        34,
        49,
        31,
        9,
        33,
        6,
        35,
        10,
        46,
        14,
        19,
        28,
        23,
        11,
        4,
        40,
        45,
        20,
        29,
        50,
        24,
        44,
        36,
        27,
        12,
        43,
        47,
        5,
        41,
        16,
        8,
        38,
        32,
        22,
        26,
        48,
        15,
        1,
        7,
        2
    ],
    "optimal_solver": "lkh",
    "instance_file_path": "c:\\TSP_ND_ML_Project\\instances\\N50_D4_G10000_corn_11.json",
    "concorde_length": 162050,
    "concorde_time_s": 0.8676422999706119,
    "concorde_tour": [
        1,
        7,
        2,
        39,
        25,
        18,
        30,
        17,
        42,
        13,
        37,
        3,
        21,
        34,
        49,
        31,
        9,
        33,
        6,
        35,
        10,
        46,
        14,
        19,
        28,
        23,
        11,
        4,
        40,
        45,
        20,
        29,
        50,
        24,
        44,
        36,
        27,
        12,
        43,
        47,
        5,
        41,
        16,
        8,
        38,
        32,
        22,
        26,
        48,
        15
    ],
    "lkh_length": 162050,
    "lkh_time_s": 0.05347809998784214,
    "lkh_tour": [
        39,
        25,
        18,
        30,
        17,
        42,
        13,
        37,
        3,
        21,
        34,
        49,
        31,
        9,
        33,
        6,
        35,
        10,
        46,
        14,
        19,
        28,
        23,
        11,
        4,
        40,
        45,
        20,
        29,
        50,
        24,
        44,
        36,
        27,
        12,
        43,
        47,
        5,
        41,
        16,
        8,
        38,
        32,
        22,
        26,
        48,
        15,
        1,
        7,
        2
    ],
    "lkh_gap_pct": 0.0
}