{
    "instance_name": "N50_D5_G10000_corr_16",
    "n_customers": 50,
    "dimension": 5,
    "grid_size": 10000,
    "optimal_cost": 91674,
    "optimal_tour": [
        10,
        5,
        12,
        45,
        16,
        3,
        18,
        26,
        24,
        6,
        15,
        2,
        28,
        19,
        23,
        48,
        21,
        29,
        50,
        9,
        34,
        49,
        35,
        47,
        17,
        36,
        33,
        39,
        8,
        11,
        13,
        4,
        27,
        42,
        14,
        25,
        37,
        7,
        43,
        30,
        40,
        31,
        44,
        1,
        20,
        32,
        46,
        22,
        41,
        38
    ],
    "optimal_solver": "lkh",
    "instance_file_path": "c:\\TSP_ND_ML_Project\\instances\\N50_D5_G10000_corr_16.json",
    "concorde_length": 91674,
    "concorde_time_s": 0.918424200033769,
    "concorde_tour": [
        1,
        20,
        32,
        46,
        22,
        41,
        38,
        10,
        5,
        12,
        45,
        16,
        3,
        18,
        26,
        24,
        6,
        15,
        2,
        28,
        19,
        23,
        48,
        21,
        29,
        50,
        9,
        34,
        49,
        35,
        47,
        17,
        36,
        33,
        39,
        8,
        11,
        13,
        4,
        27,
        42,
        14,
        25,
        37,
        7,
        43,
        30,
        40,
        31,
        44
    ],
    "lkh_length": 91674,
    "lkh_time_s": 0.07011830003466457,
    "lkh_tour": [
        10,
        5,
        12,
        45,
        16,
        3,
        18,
        26,
        24,
        6,
        15,
        2,
        28,
        19,
        23,
        48,
        21,
        29,
        50,
        9,
        34,
        49,
        35,
        47,
        17,
        36,
        33,
        39,
        8,
        11,
        13,
        4,
        27,
        42,
        14,
        25,
        37,
        7,
        43,
        30,
        40,
        31,
        44,
        1,
        20,
        32,
        46,
        22,
        41,
        38
    ],
    "lkh_gap_pct": 0.0
}