{
    "instance_name": "N50_D2_G1000_ring_12",
    "n_customers": 50,
    "dimension": 2,
    "grid_size": 1000,
    "optimal_cost": 3416,
    "optimal_tour": [
        19,
        28,
        18,
        29,
        25,
        23,
        24,
        44,
        22,
        8,
        31,
        6,
        36,
        21,
        50,
        4,
        41,
        5,
        27,
        49,
        43,
        14,
        48,
        16,
        30,
        40,
        32,
        20,
        34,
        9,
        12,
        45,
        42,
        46,
        13,
        33,
        11,
        37,
        35,
        7,
        3,
        2,
        38,
        1,
        26,
        15,
        10,
        17,
        47,
        39
    ],
    "optimal_solver": "lkh",
    "instance_file_path": "c:\\TSP_ND_ML_Project\\instances\\N50_D2_G1000_ring_12.json",
    "concorde_length": 3416,
    "concorde_time_s": 0.8244718000059947,
    "concorde_tour": [
        1,
        38,
        2,
        3,
        7,
        35,
        37,
        11,
        33,
        13,
        46,
        42,
        45,
        12,
        9,
        34,
        20,
        32,
        30,
        16,
        48,
        14,
        43,
        49,
        40,
        27,
        5,
        41,
        4,
        50,
        21,
        36,
        6,
        31,
        8,
        22,
        44,
        24,
        23,
        25,
        29,
        18,
        28,
        19,
        39,
        47,
        17,
        10,
        15,
        26
    ],
    "lkh_length": 3416,
    "lkh_time_s": 0.11140159997739829,
    "lkh_tour": [
        19,
        28,
        18,
        29,
        25,
        23,
        24,
        44,
        22,
        8,
        31,
        6,
        36,
        21,
        50,
        4,
        41,
        5,
        27,
        49,
        43,
        14,
        48,
        16,
        30,
        40,
        32,
        20,
        34,
        9,
        12,
        45,
        42,
        46,
        13,
        33,
        11,
        37,
        35,
        7,
        3,
        2,
        38,
        1,
        26,
        15,
        10,
        17,
        47,
        39
    ],
    "lkh_gap_pct": 0.0
}