{
    "instance_name": "N50_D3_G1000_rand_4",
    "n_customers": 50,
    "dimension": 3,
    "grid_size": 1000,
    "optimal_cost": 11621,
    "optimal_tour": [
        10,
        21,
        8,
        11,
        27,
        2,
        12,
        34,
        50,
        49,
        1,
        28,
        35,
        14,
        25,
        39,
        15,
        24,
        3,
        40,
        46,
        23,
        22,
        43,
        5,
        6,
        44,
        9,
        29,
        47,
        26,
        18,
        48,
        17,
        31,
        38,
        16,
        41,
        37,
        20,
        36,
        19,
        13,
        42,
        30,
        33,
        32,
        4,
        45,
        7
    ],
    "optimal_solver": "lkh",
    "instance_file_path": "c:\\TSP_ND_ML_Project\\instances\\N50_D3_G1000_rand_4.json",
    "concorde_length": 11621,
    "concorde_time_s": 3.0897543000173755,
    "concorde_tour": [
        1,
        28,
        35,
        14,
        25,
        39,
        15,
        24,
        3,
        40,
        46,
        23,
        22,
        43,
        5,
        6,
        44,
        9,
        29,
        47,
        26,
        18,
        48,
        17,
        31,
        38,
        16,
        41,
        37,
        20,
        36,
        19,
        13,
        42,
        30,
        33,
        32,
        4,
        45,
        7,
        10,
        21,
        8,
        11,
        27,
        2,
        12,
        34,
        50,
        49
    ],
    "lkh_length": 11621,
    "lkh_time_s": 0.09470180002972484,
    "lkh_tour": [
        10,
        21,
        8,
        11,
        27,
        2,
        12,
        34,
        50,
        49,
        1,
        28,
        35,
        14,
        25,
        39,
        15,
        24,
        3,
        40,
        46,
        23,
        22,
        43,
        5,
        6,
        44,
        9,
        29,
        47,
        26,
        18,
        48,
        17,
        31,
        38,
        16,
        41,
        37,
        20,
        36,
        19,
        13,
        42,
        30,
        33,
        32,
        4,
        45,
        7
    ],
    "lkh_gap_pct": 0.0
}