{
    "instance_name": "N50_D4_G1000_corn_3",
    "n_customers": 50,
    "dimension": 4,
    "grid_size": 1000,
    "optimal_cost": 15516,
    "optimal_tour": [
        36,
        13,
        43,
        19,
        39,
        23,
        4,
        50,
        41,
        17,
        42,
        2,
        27,
        10,
        31,
        5,
        16,
        38,
        44,
        12,
        30,
        6,
        47,
        18,
        11,
        21,
        7,
        35,
        46,
        32,
        1,
        8,
        28,
        25,
        37,
        20,
        49,
        9,
        34,
        45,
        15,
        26,
        22,
        3,
        40,
        14,
        48,
        29,
        24,
        33
    ],
    "optimal_solver": "lkh",
    "instance_file_path": "c:\\TSP_ND_ML_Project\\instances\\N50_D4_G1000_corn_3.json",
    "concorde_length": 15516,
    "concorde_time_s": 0.7863175999955274,
    "concorde_tour": [
        1,
        8,
        28,
        25,
        37,
        20,
        49,
        9,
        34,
        45,
        15,
        26,
        22,
        3,
        40,
        14,
        48,
        29,
        24,
        33,
        36,
        13,
        43,
        19,
        39,
        23,
        4,
        50,
        41,
        17,
        42,
        2,
        27,
        10,
        31,
        5,
        16,
        38,
        44,
        12,
        30,
        6,
        47,
        18,
        11,
        21,
        7,
        35,
        46,
        32
    ],
    "lkh_length": 15516,
    "lkh_time_s": 0.09585590002825484,
    "lkh_tour": [
        36,
        13,
        43,
        19,
        39,
        23,
        4,
        50,
        41,
        17,
        42,
        2,
        27,
        10,
        31,
        5,
        16,
        38,
        44,
        12,
        30,
        6,
        47,
        18,
        11,
        21,
        7,
        35,
        46,
        32,
        1,
        8,
        28,
        25,
        37,
        20,
        49,
        9,
        34,
        45,
        15,
        26,
        22,
        3,
        40,
        14,
        48,
        29,
        24,
        33
    ],
    "lkh_gap_pct": 0.0
}