{
    "instance_name": "N50_D4_G100_corn_7",
    "n_customers": 50,
    "dimension": 4,
    "grid_size": 100,
    "optimal_cost": 1563,
    "optimal_tour": [
        15,
        5,
        18,
        31,
        16,
        22,
        19,
        40,
        41,
        32,
        37,
        2,
        43,
        26,
        17,
        3,
        7,
        38,
        33,
        42,
        29,
        14,
        39,
        27,
        24,
        6,
        50,
        4,
        35,
        12,
        36,
        11,
        47,
        30,
        34,
        48,
        21,
        46,
        1,
        28,
        9,
        8,
        45,
        25,
        20,
        23,
        44,
        10,
        13,
        49
    ],
    "optimal_solver": "lkh",
    "instance_file_path": "c:\\TSP_ND_ML_Project\\instances\\N50_D4_G100_corn_7.json",
    "concorde_length": 1563,
    "concorde_time_s": 1.8398770000203513,
    "concorde_tour": [
        1,
        28,
        9,
        8,
        45,
        25,
        20,
        23,
        44,
        10,
        13,
        49,
        15,
        5,
        18,
        31,
        16,
        22,
        19,
        40,
        41,
        32,
        37,
        2,
        43,
        26,
        17,
        3,
        7,
        38,
        33,
        42,
        29,
        14,
        39,
        24,
        27,
        4,
        50,
        6,
        35,
        12,
        36,
        11,
        47,
        30,
        34,
        48,
        21,
        46
    ],
    "lkh_length": 1563,
    "lkh_time_s": 0.24309790000552312,
    "lkh_tour": [
        15,
        5,
        18,
        31,
        16,
        22,
        19,
        40,
        41,
        32,
        37,
        2,
        43,
        26,
        17,
        3,
        7,
        38,
        33,
        42,
        29,
        14,
        39,
        27,
        24,
        6,
        50,
        4,
        35,
        12,
        36,
        11,
        47,
        30,
        34,
        48,
        21,
        46,
        1,
        28,
        9,
        8,
        45,
        25,
        20,
        23,
        44,
        10,
        13,
        49
    ],
    "lkh_gap_pct": 0.0
}