{
    "instance_name": "N50_D5_G100_corr_11",
    "n_customers": 50,
    "dimension": 5,
    "grid_size": 100,
    "optimal_cost": 968,
    "optimal_tour": [
        15,
        12,
        36,
        28,
        50,
        48,
        32,
        49,
        10,
        7,
        27,
        18,
        9,
        42,
        45,
        29,
        4,
        26,
        39,
        19,
        17,
        35,
        6,
        13,
        20,
        37,
        38,
        23,
        25,
        24,
        11,
        47,
        46,
        30,
        5,
        33,
        41,
        43,
        8,
        1,
        2,
        44,
        40,
        21,
        16,
        22,
        34,
        31,
        14,
        3
    ],
    "optimal_solver": "lkh",
    "instance_file_path": "c:\\TSP_ND_ML_Project\\instances\\N50_D5_G100_corr_11.json",
    "concorde_length": 968,
    "concorde_time_s": 1.3368121999665163,
    "concorde_tour": [
        1,
        2,
        44,
        40,
        21,
        16,
        22,
        34,
        31,
        15,
        3,
        14,
        12,
        36,
        28,
        50,
        48,
        32,
        49,
        10,
        7,
        27,
        18,
        9,
        42,
        45,
        29,
        4,
        26,
        39,
        19,
        17,
        35,
        6,
        13,
        20,
        37,
        38,
        23,
        25,
        24,
        11,
        47,
        46,
        30,
        5,
        33,
        41,
        43,
        8
    ],
    "lkh_length": 968,
    "lkh_time_s": 0.09709100000327453,
    "lkh_tour": [
        15,
        12,
        36,
        28,
        50,
        48,
        32,
        49,
        10,
        7,
        27,
        18,
        9,
        42,
        45,
        29,
        4,
        26,
        39,
        19,
        17,
        35,
        6,
        13,
        20,
        37,
        38,
        23,
        25,
        24,
        11,
        47,
        46,
        30,
        5,
        33,
        41,
        43,
        8,
        1,
        2,
        44,
        40,
        21,
        16,
        22,
        34,
        31,
        14,
        3
    ],
    "lkh_gap_pct": 0.0
}