{
    "instance_name": "N50_D4_G1000_rand_4",
    "n_customers": 50,
    "dimension": 4,
    "grid_size": 1000,
    "optimal_cost": 15419,
    "optimal_tour": [
        37,
        47,
        34,
        44,
        1,
        23,
        19,
        35,
        16,
        14,
        21,
        10,
        6,
        2,
        18,
        38,
        5,
        12,
        49,
        13,
        3,
        46,
        48,
        41,
        4,
        27,
        28,
        17,
        31,
        11,
        20,
        7,
        32,
        26,
        42,
        45,
        22,
        9,
        36,
        40,
        33,
        25,
        30,
        29,
        43,
        39,
        50,
        8,
        24,
        15
    ],
    "optimal_solver": "lkh",
    "instance_file_path": "c:\\TSP_ND_ML_Project\\instances\\N50_D4_G1000_rand_4.json",
    "concorde_length": 15419,
    "concorde_time_s": 1.0683161999913864,
    "concorde_tour": [
        1,
        9,
        22,
        45,
        42,
        26,
        32,
        7,
        20,
        11,
        31,
        17,
        28,
        27,
        4,
        41,
        48,
        46,
        3,
        13,
        49,
        12,
        5,
        38,
        18,
        2,
        6,
        10,
        21,
        14,
        16,
        35,
        19,
        23,
        36,
        40,
        33,
        25,
        30,
        29,
        43,
        39,
        50,
        8,
        24,
        15,
        37,
        47,
        34,
        44
    ],
    "lkh_length": 15419,
    "lkh_time_s": 0.14548270002705976,
    "lkh_tour": [
        37,
        47,
        34,
        44,
        1,
        23,
        19,
        35,
        16,
        14,
        21,
        10,
        6,
        2,
        18,
        38,
        5,
        12,
        49,
        13,
        3,
        46,
        48,
        41,
        4,
        27,
        28,
        17,
        31,
        11,
        20,
        7,
        32,
        26,
        42,
        45,
        22,
        9,
        36,
        40,
        33,
        25,
        30,
        29,
        43,
        39,
        50,
        8,
        24,
        15
    ],
    "lkh_gap_pct": 0.0
}