{
    "instance_name": "N50_D3_G1000_clus_4",
    "n_customers": 50,
    "dimension": 3,
    "grid_size": 1000,
    "optimal_cost": 3543,
    "optimal_tour": [
        48,
        17,
        3,
        49,
        39,
        12,
        24,
        5,
        10,
        42,
        1,
        20,
        7,
        46,
        8,
        34,
        2,
        6,
        41,
        36,
        43,
        4,
        18,
        33,
        27,
        32,
        31,
        40,
        30,
        35,
        9,
        16,
        19,
        14,
        11,
        22,
        29,
        50,
        21,
        15,
        37,
        38,
        44,
        23,
        26,
        25,
        47,
        13,
        45,
        28
    ],
    "optimal_solver": "lkh",
    "instance_file_path": "c:\\TSP_ND_ML_Project\\instances\\N50_D3_G1000_clus_4.json",
    "concorde_length": 3543,
    "concorde_time_s": 0.8509510000003502,
    "concorde_tour": [
        1,
        42,
        10,
        5,
        24,
        12,
        39,
        49,
        3,
        17,
        48,
        28,
        45,
        13,
        47,
        25,
        26,
        23,
        44,
        38,
        37,
        15,
        21,
        50,
        29,
        22,
        11,
        14,
        19,
        16,
        9,
        35,
        30,
        40,
        31,
        32,
        27,
        33,
        18,
        4,
        43,
        36,
        41,
        6,
        2,
        34,
        8,
        46,
        7,
        20
    ],
    "lkh_length": 3543,
    "lkh_time_s": 0.1007005000137724,
    "lkh_tour": [
        48,
        17,
        3,
        49,
        39,
        12,
        24,
        5,
        10,
        42,
        1,
        20,
        7,
        46,
        8,
        34,
        2,
        6,
        41,
        36,
        43,
        4,
        18,
        33,
        27,
        32,
        31,
        40,
        30,
        35,
        9,
        16,
        19,
        14,
        11,
        22,
        29,
        50,
        21,
        15,
        37,
        38,
        44,
        23,
        26,
        25,
        47,
        13,
        45,
        28
    ],
    "lkh_gap_pct": 0.0
}