{
    "instance_name": "N50_D5_G1000_norm_5",
    "n_customers": 50,
    "dimension": 5,
    "grid_size": 1000,
    "optimal_cost": 12556,
    "optimal_tour": [
        1,
        7,
        39,
        5,
        38,
        8,
        22,
        9,
        27,
        24,
        50,
        35,
        21,
        34,
        40,
        15,
        45,
        2,
        32,
        41,
        29,
        11,
        48,
        43,
        47,
        23,
        36,
        17,
        10,
        16,
        31,
        42,
        18,
        3,
        14,
        49,
        13,
        26,
        28,
        4,
        33,
        37,
        12,
        46,
        19,
        30,
        20,
        25,
        6,
        44
    ],
    "optimal_solver": "lkh",
    "instance_file_path": "c:\\TSP_ND_ML_Project\\instances\\N50_D5_G1000_norm_5.json",
    "concorde_length": 12556,
    "concorde_time_s": 0.914395899977535,
    "concorde_tour": [
        1,
        7,
        39,
        5,
        38,
        8,
        22,
        9,
        27,
        24,
        50,
        35,
        21,
        34,
        40,
        15,
        45,
        2,
        32,
        41,
        29,
        11,
        48,
        43,
        47,
        23,
        36,
        17,
        10,
        16,
        31,
        42,
        18,
        3,
        14,
        49,
        13,
        26,
        28,
        4,
        33,
        37,
        12,
        46,
        19,
        30,
        20,
        25,
        6,
        44
    ],
    "lkh_length": 12556,
    "lkh_time_s": 0.0715290000080131,
    "lkh_tour": [
        1,
        7,
        39,
        5,
        38,
        8,
        22,
        9,
        27,
        24,
        50,
        35,
        21,
        34,
        40,
        15,
        45,
        2,
        32,
        41,
        29,
        11,
        48,
        43,
        47,
        23,
        36,
        17,
        10,
        16,
        31,
        42,
        18,
        3,
        14,
        49,
        13,
        26,
        28,
        4,
        33,
        37,
        12,
        46,
        19,
        30,
        20,
        25,
        6,
        44
    ],
    "lkh_gap_pct": 0.0
}