{
    "instance_name": "N50_D5_G10000_pow_3",
    "n_customers": 50,
    "dimension": 5,
    "grid_size": 10000,
    "optimal_cost": 262426,
    "optimal_tour": [
        14,
        46,
        11,
        2,
        38,
        21,
        36,
        29,
        17,
        49,
        41,
        6,
        44,
        30,
        33,
        10,
        19,
        20,
        39,
        26,
        5,
        42,
        13,
        40,
        18,
        45,
        34,
        24,
        12,
        48,
        7,
        16,
        35,
        4,
        28,
        15,
        37,
        50,
        27,
        23,
        1,
        22,
        32,
        8,
        31,
        3,
        47,
        25,
        9,
        43
    ],
    "optimal_solver": "lkh",
    "instance_file_path": "c:\\TSP_ND_ML_Project\\instances\\N50_D5_G10000_pow_3.json",
    "concorde_length": 262426,
    "concorde_time_s": 0.5591338000376709,
    "concorde_tour": [
        1,
        13,
        5,
        42,
        12,
        48,
        34,
        24,
        4,
        16,
        7,
        35,
        50,
        43,
        9,
        14,
        46,
        11,
        2,
        25,
        15,
        37,
        28,
        40,
        45,
        18,
        21,
        36,
        38,
        29,
        31,
        3,
        8,
        20,
        39,
        26,
        19,
        30,
        33,
        10,
        17,
        49,
        44,
        6,
        41,
        47,
        27,
        23,
        32,
        22
    ],
    "lkh_length": 262426,
    "lkh_time_s": 2.69692869996652,
    "lkh_tour": [
        14,
        46,
        11,
        2,
        38,
        21,
        36,
        29,
        17,
        49,
        41,
        6,
        44,
        30,
        33,
        10,
        19,
        20,
        39,
        26,
        5,
        42,
        13,
        40,
        18,
        45,
        34,
        24,
        12,
        48,
        7,
        16,
        35,
        4,
        28,
        15,
        37,
        50,
        27,
        23,
        1,
        22,
        32,
        8,
        31,
        3,
        47,
        25,
        9,
        43
    ],
    "lkh_gap_pct": 0.0
}