{
    "instance_name": "N50_D4_G100_clus_3",
    "n_customers": 50,
    "dimension": 4,
    "grid_size": 100,
    "optimal_cost": 702,
    "optimal_tour": [
        25,
        30,
        47,
        10,
        40,
        15,
        27,
        19,
        1,
        2,
        24,
        37,
        41,
        14,
        3,
        4,
        12,
        21,
        18,
        38,
        8,
        36,
        44,
        6,
        45,
        39,
        46,
        17,
        26,
        48,
        20,
        49,
        28,
        22,
        7,
        13,
        23,
        34,
        9,
        29,
        31,
        35,
        11,
        32,
        42,
        50,
        16,
        33,
        5,
        43
    ],
    "optimal_solver": "lkh",
    "instance_file_path": "c:\\TSP_ND_ML_Project\\instances\\N50_D4_G100_clus_3.json",
    "concorde_length": 702,
    "concorde_time_s": 1.1836515000322834,
    "concorde_tour": [
        1,
        2,
        24,
        37,
        41,
        14,
        3,
        4,
        12,
        21,
        18,
        38,
        8,
        36,
        44,
        6,
        45,
        39,
        46,
        17,
        26,
        48,
        20,
        49,
        28,
        22,
        7,
        13,
        23,
        34,
        9,
        29,
        31,
        35,
        11,
        32,
        42,
        50,
        16,
        33,
        5,
        43,
        25,
        30,
        47,
        10,
        40,
        15,
        27,
        19
    ],
    "lkh_length": 702,
    "lkh_time_s": 0.14360489998944104,
    "lkh_tour": [
        25,
        30,
        47,
        10,
        40,
        15,
        27,
        19,
        1,
        2,
        24,
        37,
        41,
        14,
        3,
        4,
        12,
        21,
        18,
        38,
        8,
        36,
        44,
        6,
        45,
        39,
        46,
        17,
        26,
        48,
        20,
        49,
        28,
        22,
        7,
        13,
        23,
        34,
        9,
        29,
        31,
        35,
        11,
        32,
        42,
        50,
        16,
        33,
        5,
        43
    ],
    "lkh_gap_pct": 0.0
}