{
    "instance_name": "N50_D2_G1000_norm_13",
    "n_customers": 50,
    "dimension": 2,
    "grid_size": 1000,
    "optimal_cost": 3356,
    "optimal_tour": [
        3,
        49,
        46,
        34,
        2,
        39,
        20,
        38,
        47,
        12,
        11,
        31,
        27,
        22,
        36,
        6,
        43,
        15,
        40,
        23,
        21,
        50,
        5,
        35,
        7,
        26,
        28,
        8,
        25,
        16,
        19,
        41,
        4,
        45,
        33,
        37,
        9,
        44,
        29,
        32,
        24,
        1,
        18,
        10,
        42,
        30,
        14,
        13,
        48,
        17
    ],
    "optimal_solver": "lkh",
    "instance_file_path": "c:\\TSP_ND_ML_Project\\instances\\N50_D2_G1000_norm_13.json",
    "concorde_length": 3356,
    "concorde_time_s": 0.9375918000005186,
    "concorde_tour": [
        1,
        24,
        32,
        29,
        44,
        9,
        37,
        33,
        45,
        4,
        41,
        19,
        16,
        25,
        8,
        28,
        26,
        7,
        35,
        5,
        50,
        21,
        23,
        40,
        15,
        43,
        6,
        36,
        22,
        27,
        31,
        11,
        12,
        47,
        38,
        20,
        39,
        2,
        34,
        46,
        49,
        3,
        17,
        48,
        13,
        14,
        30,
        42,
        10,
        18
    ],
    "lkh_length": 3356,
    "lkh_time_s": 0.09232090000296012,
    "lkh_tour": [
        3,
        49,
        46,
        34,
        2,
        39,
        20,
        38,
        47,
        12,
        11,
        31,
        27,
        22,
        36,
        6,
        43,
        15,
        40,
        23,
        21,
        50,
        5,
        35,
        7,
        26,
        28,
        8,
        25,
        16,
        19,
        41,
        4,
        45,
        33,
        37,
        9,
        44,
        29,
        32,
        24,
        1,
        18,
        10,
        42,
        30,
        14,
        13,
        48,
        17
    ],
    "lkh_gap_pct": 0.0
}