{
    "instance_name": "N50_D3_G10000_rand_15",
    "n_customers": 50,
    "dimension": 3,
    "grid_size": 10000,
    "optimal_cost": 120560,
    "optimal_tour": [
        42,
        45,
        3,
        44,
        27,
        21,
        48,
        1,
        41,
        49,
        17,
        2,
        11,
        31,
        35,
        34,
        22,
        30,
        32,
        6,
        33,
        43,
        4,
        50,
        25,
        16,
        18,
        13,
        47,
        40,
        37,
        8,
        20,
        26,
        24,
        29,
        46,
        15,
        39,
        7,
        19,
        14,
        12,
        36,
        28,
        23,
        9,
        10,
        38,
        5
    ],
    "optimal_solver": "lkh",
    "instance_file_path": "c:\\TSP_ND_ML_Project\\instances\\N50_D3_G10000_rand_15.json",
    "concorde_length": 120560,
    "concorde_time_s": 1.0260880999849178,
    "concorde_tour": [
        1,
        48,
        21,
        27,
        44,
        3,
        45,
        42,
        5,
        38,
        10,
        9,
        23,
        28,
        36,
        12,
        14,
        19,
        7,
        39,
        15,
        46,
        29,
        24,
        26,
        20,
        8,
        37,
        40,
        47,
        13,
        18,
        16,
        25,
        50,
        4,
        43,
        33,
        6,
        32,
        30,
        22,
        34,
        35,
        31,
        11,
        2,
        17,
        49,
        41
    ],
    "lkh_length": 120560,
    "lkh_time_s": 0.05255530000431463,
    "lkh_tour": [
        42,
        45,
        3,
        44,
        27,
        21,
        48,
        1,
        41,
        49,
        17,
        2,
        11,
        31,
        35,
        34,
        22,
        30,
        32,
        6,
        33,
        43,
        4,
        50,
        25,
        16,
        18,
        13,
        47,
        40,
        37,
        8,
        20,
        26,
        24,
        29,
        46,
        15,
        39,
        7,
        19,
        14,
        12,
        36,
        28,
        23,
        9,
        10,
        38,
        5
    ],
    "lkh_gap_pct": 0.0
}