{
    "instance_name": "N50_D4_G10000_norm_8",
    "n_customers": 50,
    "dimension": 4,
    "grid_size": 10000,
    "optimal_cost": 107325,
    "optimal_tour": [
        19,
        20,
        45,
        14,
        36,
        44,
        9,
        29,
        13,
        25,
        27,
        37,
        39,
        33,
        35,
        3,
        21,
        17,
        43,
        31,
        48,
        28,
        49,
        8,
        24,
        50,
        10,
        41,
        4,
        11,
        26,
        42,
        1,
        40,
        23,
        5,
        38,
        22,
        18,
        46,
        30,
        34,
        2,
        7,
        15,
        12,
        32,
        16,
        6,
        47
    ],
    "optimal_solver": "lkh",
    "instance_file_path": "c:\\TSP_ND_ML_Project\\instances\\N50_D4_G10000_norm_8.json",
    "concorde_length": 107325,
    "concorde_time_s": 1.4441874999902211,
    "concorde_tour": [
        1,
        42,
        26,
        11,
        4,
        41,
        10,
        50,
        24,
        8,
        49,
        28,
        48,
        31,
        43,
        17,
        21,
        3,
        35,
        33,
        39,
        37,
        27,
        25,
        13,
        29,
        9,
        44,
        36,
        14,
        45,
        20,
        19,
        47,
        6,
        16,
        32,
        12,
        15,
        7,
        2,
        34,
        30,
        46,
        18,
        22,
        38,
        5,
        23,
        40
    ],
    "lkh_length": 107325,
    "lkh_time_s": 0.29448490001959726,
    "lkh_tour": [
        19,
        20,
        45,
        14,
        36,
        44,
        9,
        29,
        13,
        25,
        27,
        37,
        39,
        33,
        35,
        3,
        21,
        17,
        43,
        31,
        48,
        28,
        49,
        8,
        24,
        50,
        10,
        41,
        4,
        11,
        26,
        42,
        1,
        40,
        23,
        5,
        38,
        22,
        18,
        46,
        30,
        34,
        2,
        7,
        15,
        12,
        32,
        16,
        6,
        47
    ],
    "lkh_gap_pct": 0.0
}