{
    "instance_name": "N50_D4_G1000_ring_6",
    "n_customers": 50,
    "dimension": 4,
    "grid_size": 1000,
    "optimal_cost": 9455,
    "optimal_tour": [
        35,
        21,
        30,
        40,
        19,
        1,
        6,
        43,
        20,
        29,
        9,
        42,
        28,
        45,
        25,
        3,
        18,
        38,
        39,
        2,
        47,
        14,
        11,
        50,
        24,
        26,
        13,
        44,
        17,
        15,
        46,
        4,
        49,
        5,
        10,
        8,
        32,
        27,
        12,
        48,
        34,
        36,
        41,
        16,
        33,
        7,
        23,
        31,
        22,
        37
    ],
    "optimal_solver": "lkh",
    "instance_file_path": "c:\\TSP_ND_ML_Project\\instances\\N50_D4_G1000_ring_6.json",
    "concorde_length": 9455,
    "concorde_time_s": 1.4262940000044182,
    "concorde_tour": [
        1,
        6,
        43,
        20,
        29,
        9,
        42,
        28,
        45,
        25,
        3,
        18,
        38,
        39,
        2,
        47,
        14,
        11,
        50,
        24,
        26,
        13,
        44,
        17,
        15,
        46,
        4,
        49,
        5,
        10,
        8,
        32,
        27,
        12,
        48,
        34,
        36,
        41,
        16,
        33,
        7,
        23,
        31,
        22,
        37,
        35,
        21,
        30,
        40,
        19
    ],
    "lkh_length": 9455,
    "lkh_time_s": 0.21479130000807345,
    "lkh_tour": [
        35,
        21,
        30,
        40,
        19,
        1,
        6,
        43,
        20,
        29,
        9,
        42,
        28,
        45,
        25,
        3,
        18,
        38,
        39,
        2,
        47,
        14,
        11,
        50,
        24,
        26,
        13,
        44,
        17,
        15,
        46,
        4,
        49,
        5,
        10,
        8,
        32,
        27,
        12,
        48,
        34,
        36,
        41,
        16,
        33,
        7,
        23,
        31,
        22,
        37
    ],
    "lkh_gap_pct": 0.0
}