{
    "instance_name": "N50_D5_G100_norm_15",
    "n_customers": 50,
    "dimension": 5,
    "grid_size": 100,
    "optimal_cost": 1261,
    "optimal_tour": [
        39,
        12,
        14,
        8,
        21,
        7,
        45,
        50,
        23,
        44,
        16,
        3,
        18,
        24,
        36,
        19,
        49,
        2,
        28,
        43,
        33,
        6,
        48,
        25,
        46,
        13,
        29,
        38,
        4,
        31,
        9,
        11,
        40,
        37,
        30,
        35,
        1,
        17,
        27,
        34,
        32,
        5,
        22,
        20,
        10,
        41,
        47,
        15,
        42,
        26
    ],
    "optimal_solver": "lkh",
    "instance_file_path": "c:\\TSP_ND_ML_Project\\instances\\N50_D5_G100_norm_15.json",
    "concorde_length": 1261,
    "concorde_time_s": 0.9982894999557175,
    "concorde_tour": [
        1,
        35,
        30,
        37,
        40,
        11,
        9,
        31,
        4,
        38,
        29,
        13,
        46,
        25,
        48,
        6,
        33,
        43,
        28,
        2,
        49,
        19,
        36,
        24,
        18,
        3,
        16,
        44,
        23,
        50,
        45,
        7,
        21,
        8,
        14,
        12,
        39,
        26,
        42,
        15,
        47,
        41,
        10,
        20,
        22,
        5,
        32,
        34,
        27,
        17
    ],
    "lkh_length": 1261,
    "lkh_time_s": 0.09533889999147505,
    "lkh_tour": [
        39,
        12,
        14,
        8,
        21,
        7,
        45,
        50,
        23,
        44,
        16,
        3,
        18,
        24,
        36,
        19,
        49,
        2,
        28,
        43,
        33,
        6,
        48,
        25,
        46,
        13,
        29,
        38,
        4,
        31,
        9,
        11,
        40,
        37,
        30,
        35,
        1,
        17,
        27,
        34,
        32,
        5,
        22,
        20,
        10,
        41,
        47,
        15,
        42,
        26
    ],
    "lkh_gap_pct": 0.0
}