{
    "instance_name": "N50_D3_G1000_rand_16",
    "n_customers": 50,
    "dimension": 3,
    "grid_size": 1000,
    "optimal_cost": 11073,
    "optimal_tour": [
        4,
        21,
        7,
        11,
        34,
        13,
        46,
        16,
        6,
        31,
        36,
        27,
        47,
        35,
        40,
        50,
        18,
        32,
        17,
        44,
        23,
        15,
        1,
        9,
        3,
        39,
        28,
        37,
        25,
        2,
        12,
        29,
        38,
        24,
        8,
        33,
        14,
        19,
        42,
        22,
        45,
        41,
        10,
        30,
        43,
        20,
        48,
        26,
        49,
        5
    ],
    "optimal_solver": "lkh",
    "instance_file_path": "c:\\TSP_ND_ML_Project\\instances\\N50_D3_G1000_rand_16.json",
    "concorde_length": 11073,
    "concorde_time_s": 1.0448800000012852,
    "concorde_tour": [
        1,
        15,
        23,
        44,
        17,
        32,
        18,
        50,
        40,
        35,
        47,
        27,
        36,
        31,
        6,
        16,
        46,
        13,
        34,
        11,
        7,
        21,
        4,
        5,
        49,
        26,
        48,
        20,
        43,
        30,
        10,
        41,
        45,
        22,
        42,
        19,
        14,
        33,
        8,
        24,
        38,
        29,
        12,
        2,
        25,
        37,
        28,
        39,
        3,
        9
    ],
    "lkh_length": 11073,
    "lkh_time_s": 0.13219549995847046,
    "lkh_tour": [
        4,
        21,
        7,
        11,
        34,
        13,
        46,
        16,
        6,
        31,
        36,
        27,
        47,
        35,
        40,
        50,
        18,
        32,
        17,
        44,
        23,
        15,
        1,
        9,
        3,
        39,
        28,
        37,
        25,
        2,
        12,
        29,
        38,
        24,
        8,
        33,
        14,
        19,
        42,
        22,
        45,
        41,
        10,
        30,
        43,
        20,
        48,
        26,
        49,
        5
    ],
    "lkh_gap_pct": 0.0
}