{
    "instance_name": "N50_D4_G100_ring_10",
    "n_customers": 50,
    "dimension": 4,
    "grid_size": 100,
    "optimal_cost": 1088,
    "optimal_tour": [
        14,
        4,
        19,
        21,
        24,
        25,
        41,
        45,
        22,
        9,
        13,
        39,
        23,
        27,
        17,
        48,
        34,
        40,
        47,
        26,
        38,
        30,
        12,
        37,
        31,
        15,
        36,
        50,
        42,
        8,
        20,
        43,
        49,
        29,
        32,
        28,
        10,
        33,
        18,
        11,
        16,
        6,
        2,
        35,
        5,
        7,
        46,
        1,
        44,
        3
    ],
    "optimal_solver": "lkh",
    "instance_file_path": "c:\\TSP_ND_ML_Project\\instances\\N50_D4_G100_ring_10.json",
    "concorde_length": 1088,
    "concorde_time_s": 1.1130333000328392,
    "concorde_tour": [
        1,
        44,
        3,
        14,
        4,
        19,
        21,
        24,
        25,
        41,
        45,
        22,
        9,
        13,
        39,
        23,
        27,
        17,
        48,
        34,
        40,
        47,
        26,
        38,
        30,
        12,
        37,
        31,
        15,
        36,
        50,
        42,
        8,
        20,
        43,
        49,
        29,
        32,
        28,
        10,
        33,
        18,
        11,
        16,
        6,
        2,
        35,
        5,
        7,
        46
    ],
    "lkh_length": 1088,
    "lkh_time_s": 0.06422110000858083,
    "lkh_tour": [
        14,
        4,
        19,
        21,
        24,
        25,
        41,
        45,
        22,
        9,
        13,
        39,
        23,
        27,
        17,
        48,
        34,
        40,
        47,
        26,
        38,
        30,
        12,
        37,
        31,
        15,
        36,
        50,
        42,
        8,
        20,
        43,
        49,
        29,
        32,
        28,
        10,
        33,
        18,
        11,
        16,
        6,
        2,
        35,
        5,
        7,
        46,
        1,
        44,
        3
    ],
    "lkh_gap_pct": 0.0
}