{
    "instance_name": "N50_D3_G100_norm_16",
    "n_customers": 50,
    "dimension": 3,
    "grid_size": 100,
    "optimal_cost": 715,
    "optimal_tour": [
        37,
        33,
        14,
        45,
        44,
        42,
        40,
        28,
        39,
        21,
        43,
        34,
        49,
        26,
        17,
        19,
        1,
        16,
        47,
        2,
        12,
        5,
        29,
        38,
        31,
        4,
        25,
        6,
        3,
        10,
        46,
        18,
        8,
        11,
        23,
        36,
        32,
        9,
        27,
        30,
        50,
        35,
        22,
        48,
        7,
        13,
        24,
        41,
        15,
        20
    ],
    "optimal_solver": "lkh",
    "instance_file_path": "c:\\TSP_ND_ML_Project\\instances\\N50_D3_G100_norm_16.json",
    "concorde_length": 715,
    "concorde_time_s": 1.7698420999804512,
    "concorde_tour": [
        1,
        16,
        47,
        2,
        12,
        5,
        29,
        38,
        31,
        4,
        44,
        42,
        40,
        49,
        34,
        43,
        21,
        39,
        28,
        45,
        14,
        33,
        37,
        20,
        15,
        41,
        24,
        13,
        7,
        25,
        46,
        10,
        18,
        8,
        11,
        23,
        3,
        6,
        9,
        32,
        36,
        35,
        50,
        27,
        30,
        48,
        22,
        26,
        17,
        19
    ],
    "lkh_length": 715,
    "lkh_time_s": 0.2541730999946594,
    "lkh_tour": [
        37,
        33,
        14,
        45,
        44,
        42,
        40,
        28,
        39,
        21,
        43,
        34,
        49,
        26,
        17,
        19,
        1,
        16,
        47,
        2,
        12,
        5,
        29,
        38,
        31,
        4,
        25,
        6,
        3,
        10,
        46,
        18,
        8,
        11,
        23,
        36,
        32,
        9,
        27,
        30,
        50,
        35,
        22,
        48,
        7,
        13,
        24,
        41,
        15,
        20
    ],
    "lkh_gap_pct": 0.0
}