{
    "instance_name": "N50_D5_G1000_corr_6",
    "n_customers": 50,
    "dimension": 5,
    "grid_size": 1000,
    "optimal_cost": 9273,
    "optimal_tour": [
        31,
        40,
        11,
        9,
        48,
        3,
        23,
        26,
        25,
        47,
        16,
        24,
        21,
        19,
        36,
        32,
        22,
        8,
        29,
        41,
        37,
        34,
        44,
        45,
        13,
        17,
        12,
        50,
        42,
        2,
        49,
        20,
        30,
        15,
        6,
        43,
        27,
        1,
        4,
        39,
        10,
        38,
        18,
        5,
        14,
        46,
        35,
        33,
        7,
        28
    ],
    "optimal_solver": "lkh",
    "instance_file_path": "c:\\TSP_ND_ML_Project\\instances\\N50_D5_G1000_corr_6.json",
    "concorde_length": 9273,
    "concorde_time_s": 0.46591860009357333,
    "concorde_tour": [
        1,
        27,
        43,
        6,
        15,
        30,
        20,
        49,
        2,
        42,
        50,
        12,
        17,
        13,
        45,
        44,
        34,
        37,
        41,
        29,
        8,
        22,
        32,
        36,
        19,
        21,
        24,
        16,
        47,
        25,
        26,
        23,
        3,
        48,
        9,
        11,
        40,
        31,
        28,
        7,
        33,
        35,
        46,
        14,
        5,
        18,
        38,
        10,
        39,
        4
    ],
    "lkh_length": 9273,
    "lkh_time_s": 0.1221075999783352,
    "lkh_tour": [
        31,
        40,
        11,
        9,
        48,
        3,
        23,
        26,
        25,
        47,
        16,
        24,
        21,
        19,
        36,
        32,
        22,
        8,
        29,
        41,
        37,
        34,
        44,
        45,
        13,
        17,
        12,
        50,
        42,
        2,
        49,
        20,
        30,
        15,
        6,
        43,
        27,
        1,
        4,
        39,
        10,
        38,
        18,
        5,
        14,
        46,
        35,
        33,
        7,
        28
    ],
    "lkh_gap_pct": 0.0
}