{
    "instance_name": "N50_D4_G10000_pow_8",
    "n_customers": 50,
    "dimension": 4,
    "grid_size": 10000,
    "optimal_cost": 154142,
    "optimal_tour": [
        18,
        20,
        41,
        23,
        35,
        37,
        44,
        9,
        2,
        24,
        7,
        46,
        22,
        47,
        50,
        5,
        28,
        4,
        26,
        27,
        45,
        14,
        6,
        13,
        32,
        36,
        15,
        1,
        3,
        39,
        34,
        25,
        12,
        49,
        40,
        31,
        17,
        48,
        10,
        30,
        29,
        38,
        16,
        42,
        43,
        11,
        8,
        33,
        21,
        19
    ],
    "optimal_solver": "lkh",
    "instance_file_path": "c:\\TSP_ND_ML_Project\\instances\\N50_D4_G10000_pow_8.json",
    "concorde_length": 154142,
    "concorde_time_s": 1.0511382999829948,
    "concorde_tour": [
        1,
        15,
        36,
        17,
        12,
        49,
        31,
        40,
        39,
        34,
        25,
        3,
        2,
        9,
        35,
        37,
        46,
        44,
        24,
        7,
        48,
        30,
        29,
        10,
        8,
        11,
        42,
        38,
        43,
        16,
        18,
        19,
        21,
        33,
        45,
        27,
        26,
        14,
        13,
        6,
        32,
        23,
        41,
        20,
        4,
        28,
        5,
        50,
        22,
        47
    ],
    "lkh_length": 154142,
    "lkh_time_s": 3.829652599990368,
    "lkh_tour": [
        18,
        20,
        41,
        23,
        35,
        37,
        44,
        9,
        2,
        24,
        7,
        46,
        22,
        47,
        50,
        5,
        28,
        4,
        26,
        27,
        45,
        14,
        6,
        13,
        32,
        36,
        15,
        1,
        3,
        39,
        34,
        25,
        12,
        49,
        40,
        31,
        17,
        48,
        10,
        30,
        29,
        38,
        16,
        42,
        43,
        11,
        8,
        33,
        21,
        19
    ],
    "lkh_gap_pct": 0.0
}