{
    "instance_name": "N50_D5_G100_grid_16",
    "n_customers": 50,
    "dimension": 5,
    "grid_size": 100,
    "optimal_cost": 2286,
    "optimal_tour": [
        45,
        42,
        21,
        1,
        10,
        49,
        36,
        40,
        12,
        7,
        4,
        14,
        3,
        50,
        35,
        33,
        43,
        44,
        9,
        37,
        39,
        5,
        23,
        2,
        48,
        6,
        13,
        27,
        47,
        16,
        38,
        22,
        11,
        29,
        31,
        25,
        32,
        17,
        8,
        20,
        26,
        15,
        18,
        46,
        34,
        30,
        24,
        41,
        19,
        28
    ],
    "optimal_solver": "lkh",
    "instance_file_path": "c:\\TSP_ND_ML_Project\\instances\\N50_D5_G100_grid_16.json",
    "concorde_length": 2286,
    "concorde_time_s": 1.1096088999765925,
    "concorde_tour": [
        1,
        21,
        42,
        45,
        28,
        19,
        41,
        24,
        30,
        34,
        46,
        18,
        15,
        26,
        20,
        8,
        17,
        32,
        25,
        31,
        29,
        11,
        22,
        38,
        16,
        47,
        27,
        13,
        6,
        48,
        2,
        23,
        5,
        39,
        37,
        9,
        44,
        43,
        33,
        35,
        50,
        3,
        14,
        4,
        7,
        12,
        40,
        36,
        49,
        10
    ],
    "lkh_length": 2286,
    "lkh_time_s": 0.06798720004735515,
    "lkh_tour": [
        45,
        42,
        21,
        1,
        10,
        49,
        36,
        40,
        12,
        7,
        4,
        14,
        3,
        50,
        35,
        33,
        43,
        44,
        9,
        37,
        39,
        5,
        23,
        2,
        48,
        6,
        13,
        27,
        47,
        16,
        38,
        22,
        11,
        29,
        31,
        25,
        32,
        17,
        8,
        20,
        26,
        15,
        18,
        46,
        34,
        30,
        24,
        41,
        19,
        28
    ],
    "lkh_gap_pct": 0.0
}