{
    "instance_name": "N50_D4_G100_tria_20",
    "n_customers": 50,
    "dimension": 4,
    "grid_size": 100,
    "optimal_cost": 1808,
    "optimal_tour": [
        28,
        41,
        27,
        50,
        5,
        3,
        17,
        20,
        1,
        18,
        47,
        35,
        37,
        36,
        40,
        21,
        46,
        12,
        48,
        6,
        42,
        4,
        45,
        38,
        15,
        7,
        44,
        25,
        19,
        23,
        24,
        49,
        9,
        29,
        8,
        31,
        39,
        16,
        32,
        43,
        2,
        34,
        30,
        14,
        13,
        26,
        10,
        33,
        11,
        22
    ],
    "optimal_solver": "lkh",
    "instance_file_path": "c:\\TSP_ND_ML_Project\\instances\\N50_D4_G100_tria_20.json",
    "concorde_length": 1808,
    "concorde_time_s": 1.4361948000150733,
    "concorde_tour": [
        1,
        18,
        47,
        35,
        37,
        36,
        40,
        21,
        46,
        12,
        48,
        6,
        42,
        4,
        45,
        38,
        15,
        7,
        44,
        25,
        19,
        23,
        24,
        49,
        9,
        29,
        8,
        31,
        39,
        16,
        32,
        43,
        2,
        34,
        30,
        14,
        13,
        26,
        10,
        33,
        11,
        22,
        28,
        41,
        27,
        50,
        5,
        3,
        17,
        20
    ],
    "lkh_length": 1808,
    "lkh_time_s": 0.11620510002830997,
    "lkh_tour": [
        28,
        41,
        27,
        50,
        5,
        3,
        17,
        20,
        1,
        18,
        47,
        35,
        37,
        36,
        40,
        21,
        46,
        12,
        48,
        6,
        42,
        4,
        45,
        38,
        15,
        7,
        44,
        25,
        19,
        23,
        24,
        49,
        9,
        29,
        8,
        31,
        39,
        16,
        32,
        43,
        2,
        34,
        30,
        14,
        13,
        26,
        10,
        33,
        11,
        22
    ],
    "lkh_gap_pct": 0.0
}