{
    "instance_name": "N50_D2_G10000_corr_12",
    "n_customers": 50,
    "dimension": 2,
    "grid_size": 10000,
    "optimal_cost": 39453,
    "optimal_tour": [
        8,
        21,
        23,
        25,
        44,
        48,
        35,
        38,
        18,
        28,
        11,
        19,
        6,
        40,
        4,
        32,
        33,
        7,
        22,
        2,
        29,
        16,
        1,
        5,
        26,
        9,
        30,
        39,
        49,
        41,
        43,
        3,
        50,
        27,
        10,
        45,
        46,
        17,
        12,
        36,
        34,
        24,
        14,
        15,
        47,
        37,
        20,
        31,
        42,
        13
    ],
    "optimal_solver": "lkh",
    "instance_file_path": "c:\\TSP_ND_ML_Project\\instances\\N50_D2_G10000_corr_12.json",
    "concorde_length": 39453,
    "concorde_time_s": 1.1979401999851689,
    "concorde_tour": [
        1,
        16,
        29,
        2,
        22,
        7,
        33,
        32,
        4,
        40,
        6,
        19,
        11,
        28,
        18,
        38,
        35,
        48,
        44,
        25,
        23,
        21,
        8,
        13,
        42,
        31,
        20,
        37,
        47,
        15,
        14,
        24,
        34,
        36,
        12,
        17,
        46,
        45,
        10,
        27,
        50,
        3,
        43,
        41,
        49,
        39,
        30,
        9,
        26,
        5
    ],
    "lkh_length": 39453,
    "lkh_time_s": 0.07624950000899844,
    "lkh_tour": [
        8,
        21,
        23,
        25,
        44,
        48,
        35,
        38,
        18,
        28,
        11,
        19,
        6,
        40,
        4,
        32,
        33,
        7,
        22,
        2,
        29,
        16,
        1,
        5,
        26,
        9,
        30,
        39,
        49,
        41,
        43,
        3,
        50,
        27,
        10,
        45,
        46,
        17,
        12,
        36,
        34,
        24,
        14,
        15,
        47,
        37,
        20,
        31,
        42,
        13
    ],
    "lkh_gap_pct": 0.0
}