{
    "instance_name": "N50_D2_G100_corn_17",
    "n_customers": 50,
    "dimension": 2,
    "grid_size": 100,
    "optimal_cost": 403,
    "optimal_tour": [
        18,
        19,
        45,
        12,
        22,
        15,
        41,
        21,
        16,
        11,
        39,
        31,
        29,
        48,
        28,
        50,
        26,
        4,
        35,
        17,
        6,
        13,
        8,
        42,
        1,
        2,
        32,
        27,
        47,
        44,
        10,
        34,
        49,
        36,
        14,
        3,
        40,
        38,
        43,
        37,
        30,
        7,
        25,
        5,
        20,
        33,
        23,
        24,
        9,
        46
    ],
    "optimal_solver": "lkh",
    "instance_file_path": "c:\\TSP_ND_ML_Project\\instances\\N50_D2_G100_corn_17.json",
    "concorde_length": 403,
    "concorde_time_s": 0.9838565000100061,
    "concorde_tour": [
        1,
        6,
        8,
        42,
        13,
        17,
        35,
        4,
        26,
        50,
        28,
        48,
        16,
        39,
        29,
        31,
        11,
        21,
        41,
        15,
        22,
        12,
        45,
        19,
        46,
        18,
        24,
        9,
        23,
        33,
        5,
        25,
        20,
        30,
        7,
        37,
        36,
        14,
        38,
        3,
        40,
        43,
        49,
        34,
        10,
        27,
        47,
        44,
        2,
        32
    ],
    "lkh_length": 403,
    "lkh_time_s": 1.8886661999858916,
    "lkh_tour": [
        18,
        19,
        45,
        12,
        22,
        15,
        41,
        21,
        16,
        11,
        39,
        31,
        29,
        48,
        28,
        50,
        26,
        4,
        35,
        17,
        6,
        13,
        8,
        42,
        1,
        2,
        32,
        27,
        47,
        44,
        10,
        34,
        49,
        36,
        14,
        3,
        40,
        38,
        43,
        37,
        30,
        7,
        25,
        5,
        20,
        33,
        23,
        24,
        9,
        46
    ],
    "lkh_gap_pct": 0.0
}