{
    "instance_name": "N50_D4_G100_ring_6",
    "n_customers": 50,
    "dimension": 4,
    "grid_size": 100,
    "optimal_cost": 1060,
    "optimal_tour": [
        27,
        8,
        10,
        42,
        18,
        50,
        24,
        21,
        25,
        30,
        33,
        12,
        29,
        31,
        14,
        48,
        19,
        5,
        22,
        15,
        47,
        45,
        39,
        4,
        23,
        16,
        46,
        40,
        28,
        3,
        38,
        1,
        6,
        36,
        7,
        49,
        32,
        2,
        41,
        26,
        35,
        11,
        17,
        44,
        43,
        34,
        20,
        13,
        37,
        9
    ],
    "optimal_solver": "lkh",
    "instance_file_path": "c:\\TSP_ND_ML_Project\\instances\\N50_D4_G100_ring_6.json",
    "concorde_length": 1060,
    "concorde_time_s": 1.1307501000119373,
    "concorde_tour": [
        1,
        6,
        36,
        7,
        49,
        32,
        2,
        41,
        26,
        35,
        11,
        17,
        44,
        43,
        34,
        20,
        13,
        37,
        9,
        27,
        8,
        10,
        42,
        18,
        50,
        24,
        21,
        25,
        30,
        33,
        12,
        29,
        31,
        14,
        48,
        19,
        5,
        22,
        15,
        47,
        45,
        39,
        4,
        23,
        16,
        46,
        40,
        28,
        3,
        38
    ],
    "lkh_length": 1060,
    "lkh_time_s": 0.06729640002595261,
    "lkh_tour": [
        27,
        8,
        10,
        42,
        18,
        50,
        24,
        21,
        25,
        30,
        33,
        12,
        29,
        31,
        14,
        48,
        19,
        5,
        22,
        15,
        47,
        45,
        39,
        4,
        23,
        16,
        46,
        40,
        28,
        3,
        38,
        1,
        6,
        36,
        7,
        49,
        32,
        2,
        41,
        26,
        35,
        11,
        17,
        44,
        43,
        34,
        20,
        13,
        37,
        9
    ],
    "lkh_gap_pct": 0.0
}