{
    "instance_name": "N50_D5_G1000_corr_15",
    "n_customers": 50,
    "dimension": 5,
    "grid_size": 1000,
    "optimal_cost": 9320,
    "optimal_tour": [
        11,
        46,
        27,
        13,
        12,
        26,
        45,
        30,
        39,
        18,
        36,
        9,
        37,
        2,
        24,
        35,
        3,
        20,
        29,
        8,
        33,
        34,
        47,
        1,
        5,
        21,
        10,
        50,
        44,
        7,
        40,
        22,
        43,
        25,
        42,
        23,
        28,
        49,
        14,
        17,
        32,
        38,
        15,
        48,
        6,
        19,
        16,
        31,
        4,
        41
    ],
    "optimal_solver": "lkh",
    "instance_file_path": "c:\\TSP_ND_ML_Project\\instances\\N50_D5_G1000_corr_15.json",
    "concorde_length": 9320,
    "concorde_time_s": 0.824723300000187,
    "concorde_tour": [
        1,
        5,
        21,
        10,
        50,
        44,
        7,
        40,
        22,
        43,
        25,
        42,
        23,
        28,
        49,
        14,
        17,
        32,
        38,
        15,
        48,
        6,
        19,
        16,
        31,
        4,
        41,
        11,
        46,
        27,
        13,
        12,
        26,
        45,
        30,
        39,
        18,
        36,
        9,
        37,
        2,
        24,
        35,
        3,
        20,
        29,
        8,
        33,
        34,
        47
    ],
    "lkh_length": 9320,
    "lkh_time_s": 0.4420475999941118,
    "lkh_tour": [
        11,
        46,
        27,
        13,
        12,
        26,
        45,
        30,
        39,
        18,
        36,
        9,
        37,
        2,
        24,
        35,
        3,
        20,
        29,
        8,
        33,
        34,
        47,
        1,
        5,
        21,
        10,
        50,
        44,
        7,
        40,
        22,
        43,
        25,
        42,
        23,
        28,
        49,
        14,
        17,
        32,
        38,
        15,
        48,
        6,
        19,
        16,
        31,
        4,
        41
    ],
    "lkh_gap_pct": 0.0
}