{
    "instance_name": "N50_D3_G100_corn_15",
    "n_customers": 50,
    "dimension": 3,
    "grid_size": 100,
    "optimal_cost": 836,
    "optimal_tour": [
        41,
        3,
        4,
        34,
        30,
        28,
        31,
        24,
        21,
        33,
        1,
        19,
        11,
        16,
        5,
        38,
        10,
        22,
        35,
        8,
        9,
        26,
        20,
        46,
        23,
        17,
        40,
        12,
        37,
        43,
        47,
        18,
        44,
        14,
        7,
        50,
        49,
        15,
        36,
        45,
        6,
        32,
        13,
        27,
        2,
        29,
        48,
        42,
        39,
        25
    ],
    "optimal_solver": "lkh",
    "instance_file_path": "c:\\TSP_ND_ML_Project\\instances\\N50_D3_G100_corn_15.json",
    "concorde_length": 836,
    "concorde_time_s": 1.7002532000187784,
    "concorde_tour": [
        1,
        19,
        11,
        16,
        38,
        5,
        10,
        22,
        35,
        20,
        26,
        9,
        8,
        46,
        23,
        40,
        17,
        12,
        37,
        43,
        14,
        18,
        44,
        47,
        7,
        50,
        49,
        15,
        36,
        45,
        6,
        32,
        13,
        27,
        2,
        42,
        39,
        25,
        29,
        48,
        41,
        3,
        4,
        34,
        30,
        28,
        31,
        24,
        33,
        21
    ],
    "lkh_length": 836,
    "lkh_time_s": 1.2541327000362799,
    "lkh_tour": [
        41,
        3,
        4,
        34,
        30,
        28,
        31,
        24,
        21,
        33,
        1,
        19,
        11,
        16,
        5,
        38,
        10,
        22,
        35,
        8,
        9,
        26,
        20,
        46,
        23,
        17,
        40,
        12,
        37,
        43,
        47,
        18,
        44,
        14,
        7,
        50,
        49,
        15,
        36,
        45,
        6,
        32,
        13,
        27,
        2,
        29,
        48,
        42,
        39,
        25
    ],
    "lkh_gap_pct": 0.0
}