{
    "instance_name": "N50_D4_G1000_tria_5",
    "n_customers": 50,
    "dimension": 4,
    "grid_size": 1000,
    "optimal_cost": 19210,
    "optimal_tour": [
        33,
        31,
        9,
        26,
        17,
        49,
        13,
        30,
        12,
        35,
        19,
        48,
        46,
        28,
        1,
        11,
        27,
        42,
        18,
        6,
        41,
        16,
        44,
        5,
        7,
        3,
        25,
        39,
        10,
        47,
        36,
        50,
        45,
        24,
        37,
        40,
        23,
        20,
        22,
        8,
        14,
        15,
        34,
        4,
        21,
        2,
        38,
        29,
        32,
        43
    ],
    "optimal_solver": "lkh",
    "instance_file_path": "c:\\TSP_ND_ML_Project\\instances\\N50_D4_G1000_tria_5.json",
    "concorde_length": 19210,
    "concorde_time_s": 0.5517150000086986,
    "concorde_tour": [
        1,
        28,
        46,
        48,
        19,
        35,
        12,
        30,
        13,
        49,
        17,
        26,
        9,
        31,
        33,
        43,
        32,
        29,
        38,
        2,
        21,
        4,
        34,
        15,
        14,
        8,
        22,
        20,
        23,
        40,
        37,
        24,
        45,
        50,
        36,
        47,
        10,
        39,
        25,
        3,
        7,
        5,
        44,
        16,
        41,
        6,
        18,
        42,
        27,
        11
    ],
    "lkh_length": 19210,
    "lkh_time_s": 0.09558550000656396,
    "lkh_tour": [
        33,
        31,
        9,
        26,
        17,
        49,
        13,
        30,
        12,
        35,
        19,
        48,
        46,
        28,
        1,
        11,
        27,
        42,
        18,
        6,
        41,
        16,
        44,
        5,
        7,
        3,
        25,
        39,
        10,
        47,
        36,
        50,
        45,
        24,
        37,
        40,
        23,
        20,
        22,
        8,
        14,
        15,
        34,
        4,
        21,
        2,
        38,
        29,
        32,
        43
    ],
    "lkh_gap_pct": 0.0
}