{
    "instance_name": "N50_D4_G10000_rand_9",
    "n_customers": 50,
    "dimension": 4,
    "grid_size": 10000,
    "optimal_cost": 158934,
    "optimal_tour": [
        7,
        34,
        22,
        38,
        24,
        45,
        42,
        21,
        19,
        17,
        15,
        10,
        11,
        8,
        43,
        46,
        28,
        9,
        12,
        44,
        23,
        47,
        26,
        18,
        30,
        4,
        37,
        29,
        6,
        40,
        16,
        25,
        5,
        27,
        36,
        14,
        35,
        41,
        31,
        39,
        20,
        48,
        3,
        1,
        2,
        13,
        50,
        32,
        49,
        33
    ],
    "optimal_solver": "lkh",
    "instance_file_path": "c:\\TSP_ND_ML_Project\\instances\\N50_D4_G10000_rand_9.json",
    "concorde_length": 158934,
    "concorde_time_s": 0.7114473999827169,
    "concorde_tour": [
        1,
        2,
        13,
        50,
        32,
        49,
        33,
        7,
        34,
        22,
        38,
        24,
        45,
        42,
        21,
        19,
        17,
        15,
        10,
        11,
        8,
        43,
        46,
        28,
        9,
        12,
        44,
        23,
        47,
        26,
        18,
        30,
        4,
        37,
        29,
        6,
        40,
        16,
        25,
        5,
        27,
        36,
        14,
        35,
        41,
        31,
        39,
        20,
        48,
        3
    ],
    "lkh_length": 158934,
    "lkh_time_s": 0.08895969996228814,
    "lkh_tour": [
        7,
        34,
        22,
        38,
        24,
        45,
        42,
        21,
        19,
        17,
        15,
        10,
        11,
        8,
        43,
        46,
        28,
        9,
        12,
        44,
        23,
        47,
        26,
        18,
        30,
        4,
        37,
        29,
        6,
        40,
        16,
        25,
        5,
        27,
        36,
        14,
        35,
        41,
        31,
        39,
        20,
        48,
        3,
        1,
        2,
        13,
        50,
        32,
        49,
        33
    ],
    "lkh_gap_pct": 0.0
}