{
    "instance_name": "N50_D2_G1000_norm_18",
    "n_customers": 50,
    "dimension": 2,
    "grid_size": 1000,
    "optimal_cost": 3645,
    "optimal_tour": [
        11,
        45,
        17,
        19,
        37,
        13,
        24,
        10,
        15,
        33,
        2,
        9,
        44,
        47,
        31,
        30,
        49,
        42,
        27,
        32,
        20,
        39,
        36,
        1,
        12,
        3,
        41,
        48,
        16,
        34,
        6,
        35,
        25,
        22,
        38,
        29,
        26,
        21,
        8,
        23,
        18,
        14,
        46,
        7,
        40,
        4,
        28,
        43,
        5,
        50
    ],
    "optimal_solver": "lkh",
    "instance_file_path": "c:\\TSP_ND_ML_Project\\instances\\N50_D2_G1000_norm_18.json",
    "concorde_length": 3645,
    "concorde_time_s": 0.7647819000121672,
    "concorde_tour": [
        1,
        36,
        39,
        20,
        32,
        27,
        42,
        49,
        30,
        31,
        47,
        44,
        9,
        2,
        33,
        15,
        10,
        24,
        13,
        37,
        19,
        17,
        45,
        11,
        50,
        5,
        43,
        28,
        4,
        40,
        7,
        46,
        14,
        18,
        23,
        8,
        21,
        26,
        29,
        38,
        22,
        25,
        35,
        6,
        34,
        16,
        48,
        41,
        3,
        12
    ],
    "lkh_length": 3645,
    "lkh_time_s": 0.18009390000952408,
    "lkh_tour": [
        11,
        45,
        17,
        19,
        37,
        13,
        24,
        10,
        15,
        33,
        2,
        9,
        44,
        47,
        31,
        30,
        49,
        42,
        27,
        32,
        20,
        39,
        36,
        1,
        12,
        3,
        41,
        48,
        16,
        34,
        6,
        35,
        25,
        22,
        38,
        29,
        26,
        21,
        8,
        23,
        18,
        14,
        46,
        7,
        40,
        4,
        28,
        43,
        5,
        50
    ],
    "lkh_gap_pct": 0.0
}