{
    "instance_name": "N50_D4_G10000_corr_20",
    "n_customers": 50,
    "dimension": 4,
    "grid_size": 10000,
    "optimal_cost": 71859,
    "optimal_tour": [
        35,
        28,
        40,
        43,
        49,
        17,
        19,
        6,
        12,
        36,
        13,
        14,
        24,
        46,
        29,
        7,
        11,
        32,
        22,
        21,
        20,
        16,
        45,
        26,
        27,
        38,
        1,
        8,
        37,
        41,
        4,
        30,
        18,
        48,
        15,
        39,
        5,
        25,
        34,
        50,
        23,
        33,
        3,
        9,
        42,
        10,
        44,
        47,
        31,
        2
    ],
    "optimal_solver": "lkh",
    "instance_file_path": "c:\\TSP_ND_ML_Project\\instances\\N50_D4_G10000_corr_20.json",
    "concorde_length": 71859,
    "concorde_time_s": 0.8840304000186734,
    "concorde_tour": [
        1,
        38,
        27,
        26,
        45,
        16,
        20,
        21,
        22,
        32,
        11,
        7,
        29,
        46,
        24,
        14,
        13,
        36,
        12,
        6,
        19,
        17,
        49,
        43,
        40,
        28,
        35,
        2,
        31,
        47,
        44,
        10,
        42,
        9,
        3,
        33,
        23,
        50,
        34,
        25,
        5,
        39,
        15,
        48,
        18,
        30,
        4,
        41,
        37,
        8
    ],
    "lkh_length": 71859,
    "lkh_time_s": 0.06802710000192747,
    "lkh_tour": [
        35,
        28,
        40,
        43,
        49,
        17,
        19,
        6,
        12,
        36,
        13,
        14,
        24,
        46,
        29,
        7,
        11,
        32,
        22,
        21,
        20,
        16,
        45,
        26,
        27,
        38,
        1,
        8,
        37,
        41,
        4,
        30,
        18,
        48,
        15,
        39,
        5,
        25,
        34,
        50,
        23,
        33,
        3,
        9,
        42,
        10,
        44,
        47,
        31,
        2
    ],
    "lkh_gap_pct": 0.0
}