{
    "instance_name": "N50_D4_G100_norm_3",
    "n_customers": 50,
    "dimension": 4,
    "grid_size": 100,
    "optimal_cost": 1063,
    "optimal_tour": [
        32,
        14,
        13,
        30,
        41,
        21,
        43,
        40,
        44,
        4,
        48,
        42,
        45,
        8,
        9,
        49,
        36,
        50,
        5,
        15,
        47,
        29,
        7,
        1,
        2,
        17,
        3,
        23,
        18,
        38,
        20,
        27,
        25,
        22,
        12,
        33,
        11,
        28,
        16,
        39,
        46,
        34,
        6,
        31,
        19,
        37,
        24,
        10,
        26,
        35
    ],
    "optimal_solver": "lkh",
    "instance_file_path": "c:\\TSP_ND_ML_Project\\instances\\N50_D4_G100_norm_3.json",
    "concorde_length": 1063,
    "concorde_time_s": 1.201299900014419,
    "concorde_tour": [
        1,
        7,
        29,
        47,
        15,
        5,
        50,
        36,
        49,
        9,
        8,
        45,
        42,
        48,
        4,
        44,
        40,
        43,
        21,
        41,
        30,
        13,
        14,
        32,
        35,
        26,
        10,
        24,
        37,
        19,
        31,
        6,
        34,
        46,
        39,
        16,
        28,
        11,
        33,
        12,
        22,
        25,
        27,
        20,
        38,
        18,
        23,
        3,
        17,
        2
    ],
    "lkh_length": 1063,
    "lkh_time_s": 0.09344869997585192,
    "lkh_tour": [
        32,
        14,
        13,
        30,
        41,
        21,
        43,
        40,
        44,
        4,
        48,
        42,
        45,
        8,
        9,
        49,
        36,
        50,
        5,
        15,
        47,
        29,
        7,
        1,
        2,
        17,
        3,
        23,
        18,
        38,
        20,
        27,
        25,
        22,
        12,
        33,
        11,
        28,
        16,
        39,
        46,
        34,
        6,
        31,
        19,
        37,
        24,
        10,
        26,
        35
    ],
    "lkh_gap_pct": 0.0
}