{
    "instance_name": "N50_D5_G10000_clus_5",
    "n_customers": 50,
    "dimension": 5,
    "grid_size": 10000,
    "optimal_cost": 131796,
    "optimal_tour": [
        18,
        30,
        33,
        21,
        25,
        31,
        37,
        29,
        14,
        40,
        39,
        23,
        45,
        32,
        46,
        19,
        35,
        42,
        17,
        41,
        36,
        27,
        44,
        6,
        10,
        9,
        47,
        16,
        49,
        26,
        28,
        1,
        5,
        34,
        2,
        13,
        15,
        43,
        50,
        12,
        11,
        4,
        38,
        48,
        8,
        7,
        3,
        22,
        20,
        24
    ],
    "optimal_solver": "lkh",
    "instance_file_path": "c:\\TSP_ND_ML_Project\\instances\\N50_D5_G10000_clus_5.json",
    "concorde_length": 131796,
    "concorde_time_s": 1.0702781000290997,
    "concorde_tour": [
        1,
        5,
        34,
        2,
        13,
        15,
        43,
        50,
        12,
        11,
        4,
        38,
        48,
        8,
        7,
        3,
        22,
        20,
        24,
        18,
        30,
        33,
        21,
        25,
        31,
        37,
        29,
        14,
        40,
        39,
        23,
        45,
        32,
        46,
        19,
        35,
        42,
        17,
        41,
        36,
        27,
        44,
        6,
        10,
        9,
        47,
        16,
        49,
        26,
        28
    ],
    "lkh_length": 131796,
    "lkh_time_s": 0.06653419998474419,
    "lkh_tour": [
        18,
        30,
        33,
        21,
        25,
        31,
        37,
        29,
        14,
        40,
        39,
        23,
        45,
        32,
        46,
        19,
        35,
        42,
        17,
        41,
        36,
        27,
        44,
        6,
        10,
        9,
        47,
        16,
        49,
        26,
        28,
        1,
        5,
        34,
        2,
        13,
        15,
        43,
        50,
        12,
        11,
        4,
        38,
        48,
        8,
        7,
        3,
        22,
        20,
        24
    ],
    "lkh_gap_pct": 0.0
}