{
    "instance_name": "N50_D4_G10000_tria_20",
    "n_customers": 50,
    "dimension": 4,
    "grid_size": 10000,
    "optimal_cost": 189700,
    "optimal_tour": [
        16,
        48,
        19,
        47,
        30,
        44,
        28,
        8,
        40,
        7,
        26,
        22,
        2,
        25,
        34,
        41,
        23,
        6,
        12,
        21,
        49,
        29,
        35,
        14,
        4,
        18,
        20,
        27,
        37,
        9,
        31,
        36,
        46,
        1,
        45,
        3,
        13,
        5,
        50,
        39,
        15,
        24,
        17,
        43,
        10,
        11,
        33,
        32,
        42,
        38
    ],
    "optimal_solver": "lkh",
    "instance_file_path": "c:\\TSP_ND_ML_Project\\instances\\N50_D4_G10000_tria_20.json",
    "concorde_length": 189700,
    "concorde_time_s": 2.5171180000179447,
    "concorde_tour": [
        1,
        46,
        36,
        31,
        9,
        37,
        27,
        20,
        18,
        4,
        14,
        35,
        29,
        49,
        21,
        12,
        6,
        23,
        41,
        34,
        25,
        2,
        22,
        26,
        7,
        40,
        8,
        28,
        44,
        30,
        47,
        19,
        48,
        16,
        38,
        42,
        32,
        33,
        11,
        10,
        43,
        17,
        24,
        15,
        39,
        50,
        5,
        13,
        3,
        45
    ],
    "lkh_length": 189700,
    "lkh_time_s": 0.1796681000269018,
    "lkh_tour": [
        16,
        48,
        19,
        47,
        30,
        44,
        28,
        8,
        40,
        7,
        26,
        22,
        2,
        25,
        34,
        41,
        23,
        6,
        12,
        21,
        49,
        29,
        35,
        14,
        4,
        18,
        20,
        27,
        37,
        9,
        31,
        36,
        46,
        1,
        45,
        3,
        13,
        5,
        50,
        39,
        15,
        24,
        17,
        43,
        10,
        11,
        33,
        32,
        42,
        38
    ],
    "lkh_gap_pct": 0.0
}