{
    "instance_name": "N50_D4_G10000_clus_12",
    "n_customers": 50,
    "dimension": 4,
    "grid_size": 10000,
    "optimal_cost": 61661,
    "optimal_tour": [
        40,
        18,
        1,
        9,
        49,
        23,
        34,
        44,
        45,
        33,
        13,
        46,
        4,
        7,
        50,
        21,
        6,
        36,
        43,
        12,
        26,
        28,
        17,
        14,
        48,
        42,
        31,
        32,
        16,
        25,
        3,
        2,
        5,
        24,
        35,
        38,
        39,
        47,
        41,
        20,
        27,
        15,
        19,
        11,
        22,
        8,
        10,
        37,
        29,
        30
    ],
    "optimal_solver": "lkh",
    "instance_file_path": "c:\\TSP_ND_ML_Project\\instances\\N50_D4_G10000_clus_12.json",
    "concorde_length": 61661,
    "concorde_time_s": 1.2395548000349663,
    "concorde_tour": [
        1,
        18,
        40,
        30,
        29,
        37,
        10,
        8,
        22,
        11,
        19,
        15,
        27,
        20,
        41,
        47,
        39,
        38,
        35,
        24,
        5,
        2,
        3,
        25,
        16,
        32,
        31,
        42,
        48,
        14,
        17,
        28,
        26,
        12,
        43,
        36,
        6,
        21,
        50,
        7,
        4,
        46,
        13,
        33,
        45,
        44,
        34,
        23,
        49,
        9
    ],
    "lkh_length": 61661,
    "lkh_time_s": 0.1569835999980569,
    "lkh_tour": [
        40,
        18,
        1,
        9,
        49,
        23,
        34,
        44,
        45,
        33,
        13,
        46,
        4,
        7,
        50,
        21,
        6,
        36,
        43,
        12,
        26,
        28,
        17,
        14,
        48,
        42,
        31,
        32,
        16,
        25,
        3,
        2,
        5,
        24,
        35,
        38,
        39,
        47,
        41,
        20,
        27,
        15,
        19,
        11,
        22,
        8,
        10,
        37,
        29,
        30
    ],
    "lkh_gap_pct": 0.0
}