{
    "instance_name": "N50_D2_G10000_grid_2",
    "n_customers": 50,
    "dimension": 2,
    "grid_size": 10000,
    "optimal_cost": 59399,
    "optimal_tour": [
        12,
        30,
        14,
        26,
        2,
        24,
        50,
        9,
        36,
        48,
        47,
        19,
        3,
        41,
        46,
        39,
        5,
        18,
        43,
        35,
        28,
        27,
        17,
        22,
        32,
        21,
        37,
        45,
        25,
        44,
        29,
        49,
        20,
        7,
        11,
        33,
        6,
        13,
        42,
        38,
        4,
        15,
        16,
        31,
        34,
        1,
        23,
        10,
        8,
        40
    ],
    "optimal_solver": "lkh",
    "instance_file_path": "c:\\TSP_ND_ML_Project\\instances\\N50_D2_G10000_grid_2.json",
    "concorde_length": 59399,
    "concorde_time_s": 2.8221980999805965,
    "concorde_tour": [
        1,
        34,
        31,
        16,
        15,
        4,
        38,
        42,
        13,
        6,
        33,
        11,
        7,
        20,
        49,
        29,
        44,
        25,
        45,
        37,
        21,
        32,
        22,
        17,
        27,
        28,
        35,
        43,
        18,
        5,
        39,
        46,
        41,
        3,
        19,
        47,
        48,
        36,
        9,
        50,
        24,
        2,
        26,
        14,
        30,
        12,
        40,
        8,
        10,
        23
    ],
    "lkh_length": 59399,
    "lkh_time_s": 0.23112010001204908,
    "lkh_tour": [
        12,
        30,
        14,
        26,
        2,
        24,
        50,
        9,
        36,
        48,
        47,
        19,
        3,
        41,
        46,
        39,
        5,
        18,
        43,
        35,
        28,
        27,
        17,
        22,
        32,
        21,
        37,
        45,
        25,
        44,
        29,
        49,
        20,
        7,
        11,
        33,
        6,
        13,
        42,
        38,
        4,
        15,
        16,
        31,
        34,
        1,
        23,
        10,
        8,
        40
    ],
    "lkh_gap_pct": 0.0
}