{
    "instance_name": "N50_D2_G10000_pow_13",
    "n_customers": 50,
    "dimension": 2,
    "grid_size": 10000,
    "optimal_cost": 40000,
    "optimal_tour": [
        23,
        12,
        3,
        30,
        36,
        20,
        48,
        21,
        15,
        2,
        8,
        46,
        24,
        38,
        4,
        17,
        16,
        28,
        45,
        6,
        41,
        13,
        22,
        26,
        7,
        25,
        34,
        29,
        31,
        18,
        40,
        37,
        9,
        42,
        39,
        43,
        11,
        1,
        10,
        32,
        5,
        49,
        27,
        33,
        19,
        47,
        14,
        35,
        50,
        44
    ],
    "optimal_solver": "lkh",
    "instance_file_path": "c:\\TSP_ND_ML_Project\\instances\\N50_D2_G10000_pow_13.json",
    "concorde_length": 40000,
    "concorde_time_s": 1.948698099993635,
    "concorde_tour": [
        1,
        39,
        11,
        43,
        16,
        7,
        13,
        45,
        41,
        34,
        28,
        22,
        29,
        40,
        31,
        25,
        18,
        26,
        17,
        9,
        4,
        6,
        42,
        37,
        20,
        24,
        36,
        48,
        50,
        38,
        46,
        35,
        44,
        30,
        23,
        21,
        8,
        15,
        12,
        2,
        3,
        49,
        33,
        19,
        47,
        32,
        10,
        14,
        5,
        27
    ],
    "lkh_length": 40000,
    "lkh_time_s": 2.5268719000159763,
    "lkh_tour": [
        23,
        12,
        3,
        30,
        36,
        20,
        48,
        21,
        15,
        2,
        8,
        46,
        24,
        38,
        4,
        17,
        16,
        28,
        45,
        6,
        41,
        13,
        22,
        26,
        7,
        25,
        34,
        29,
        31,
        18,
        40,
        37,
        9,
        42,
        39,
        43,
        11,
        1,
        10,
        32,
        5,
        49,
        27,
        33,
        19,
        47,
        14,
        35,
        50,
        44
    ],
    "lkh_gap_pct": 0.0
}