{
    "instance_name": "N50_D4_G1000_corr_17",
    "n_customers": 50,
    "dimension": 4,
    "grid_size": 1000,
    "optimal_cost": 8035,
    "optimal_tour": [
        32,
        2,
        14,
        16,
        45,
        24,
        17,
        40,
        8,
        42,
        36,
        46,
        23,
        6,
        15,
        33,
        41,
        49,
        30,
        29,
        21,
        27,
        25,
        34,
        10,
        13,
        48,
        20,
        11,
        47,
        5,
        39,
        18,
        43,
        9,
        38,
        26,
        12,
        50,
        4,
        3,
        19,
        22,
        44,
        1,
        7,
        37,
        31,
        28,
        35
    ],
    "optimal_solver": "lkh",
    "instance_file_path": "c:\\TSP_ND_ML_Project\\instances\\N50_D4_G1000_corr_17.json",
    "concorde_length": 8035,
    "concorde_time_s": 1.42298660002416,
    "concorde_tour": [
        1,
        44,
        22,
        19,
        3,
        4,
        50,
        12,
        26,
        38,
        9,
        43,
        18,
        39,
        5,
        47,
        11,
        20,
        48,
        13,
        10,
        34,
        25,
        27,
        21,
        29,
        30,
        49,
        41,
        33,
        15,
        6,
        23,
        46,
        36,
        42,
        8,
        40,
        17,
        24,
        45,
        16,
        14,
        2,
        32,
        35,
        28,
        31,
        37,
        7
    ],
    "lkh_length": 8035,
    "lkh_time_s": 0.20655150001402944,
    "lkh_tour": [
        32,
        2,
        14,
        16,
        45,
        24,
        17,
        40,
        8,
        42,
        36,
        46,
        23,
        6,
        15,
        33,
        41,
        49,
        30,
        29,
        21,
        27,
        25,
        34,
        10,
        13,
        48,
        20,
        11,
        47,
        5,
        39,
        18,
        43,
        9,
        38,
        26,
        12,
        50,
        4,
        3,
        19,
        22,
        44,
        1,
        7,
        37,
        31,
        28,
        35
    ],
    "lkh_gap_pct": 0.0
}