{
    "instance_name": "N60_D5_G1000_norm_6",
    "n_customers": 60,
    "dimension": 5,
    "grid_size": 1000,
    "optimal_cost": 14729,
    "optimal_tour": [
        35,
        2,
        58,
        5,
        9,
        38,
        57,
        54,
        49,
        8,
        39,
        25,
        32,
        37,
        34,
        33,
        12,
        60,
        11,
        47,
        50,
        6,
        30,
        52,
        55,
        18,
        31,
        17,
        3,
        29,
        4,
        7,
        14,
        56,
        21,
        28,
        36,
        51,
        59,
        20,
        19,
        24,
        53,
        26,
        42,
        44,
        45,
        13,
        40,
        46,
        1,
        16,
        23,
        27,
        43,
        10,
        41,
        22,
        15,
        48
    ],
    "optimal_solver": "lkh",
    "instance_file_path": "c:\\TSP_ND_ML_Project\\instances\\N60_D5_G1000_norm_6.json",
    "concorde_length": 14729,
    "concorde_time_s": 0.9698892000014894,
    "concorde_tour": [
        1,
        16,
        23,
        27,
        43,
        10,
        41,
        22,
        15,
        48,
        35,
        2,
        58,
        5,
        9,
        38,
        57,
        54,
        49,
        8,
        39,
        25,
        32,
        37,
        34,
        33,
        12,
        60,
        11,
        47,
        50,
        6,
        30,
        52,
        55,
        18,
        31,
        17,
        3,
        29,
        4,
        7,
        14,
        56,
        21,
        28,
        36,
        51,
        59,
        20,
        19,
        24,
        53,
        26,
        42,
        44,
        45,
        13,
        40,
        46
    ],
    "lkh_length": 14729,
    "lkh_time_s": 0.1279849999700673,
    "lkh_tour": [
        35,
        2,
        58,
        5,
        9,
        38,
        57,
        54,
        49,
        8,
        39,
        25,
        32,
        37,
        34,
        33,
        12,
        60,
        11,
        47,
        50,
        6,
        30,
        52,
        55,
        18,
        31,
        17,
        3,
        29,
        4,
        7,
        14,
        56,
        21,
        28,
        36,
        51,
        59,
        20,
        19,
        24,
        53,
        26,
        42,
        44,
        45,
        13,
        40,
        46,
        1,
        16,
        23,
        27,
        43,
        10,
        41,
        22,
        15,
        48
    ],
    "lkh_gap_pct": 0.0
}