{
    "instance_name": "N60_D4_G100_grid_11",
    "n_customers": 60,
    "dimension": 4,
    "grid_size": 100,
    "optimal_cost": 1831,
    "optimal_tour": [
        26,
        51,
        1,
        44,
        13,
        21,
        49,
        9,
        4,
        35,
        59,
        36,
        42,
        33,
        53,
        10,
        39,
        47,
        29,
        48,
        20,
        22,
        6,
        27,
        34,
        54,
        3,
        46,
        57,
        19,
        56,
        40,
        18,
        43,
        30,
        37,
        12,
        32,
        14,
        38,
        28,
        17,
        16,
        2,
        41,
        52,
        24,
        7,
        55,
        45,
        25,
        11,
        23,
        50,
        60,
        5,
        8,
        15,
        58,
        31
    ],
    "optimal_solver": "lkh",
    "instance_file_path": "c:\\TSP_ND_ML_Project\\instances\\N60_D4_G100_grid_11.json",
    "concorde_length": 1831,
    "concorde_time_s": 4.123362400045153,
    "concorde_tour": [
        1,
        44,
        13,
        21,
        49,
        9,
        4,
        35,
        59,
        36,
        42,
        33,
        53,
        10,
        39,
        47,
        29,
        48,
        20,
        22,
        6,
        27,
        34,
        54,
        3,
        46,
        57,
        19,
        56,
        40,
        18,
        43,
        30,
        37,
        12,
        32,
        14,
        38,
        28,
        17,
        16,
        2,
        41,
        52,
        24,
        7,
        55,
        45,
        25,
        11,
        23,
        50,
        60,
        5,
        8,
        15,
        58,
        31,
        26,
        51
    ],
    "lkh_length": 1831,
    "lkh_time_s": 0.17280259996186942,
    "lkh_tour": [
        26,
        51,
        1,
        44,
        13,
        21,
        49,
        9,
        4,
        35,
        59,
        36,
        42,
        33,
        53,
        10,
        39,
        47,
        29,
        48,
        20,
        22,
        6,
        27,
        34,
        54,
        3,
        46,
        57,
        19,
        56,
        40,
        18,
        43,
        30,
        37,
        12,
        32,
        14,
        38,
        28,
        17,
        16,
        2,
        41,
        52,
        24,
        7,
        55,
        45,
        25,
        11,
        23,
        50,
        60,
        5,
        8,
        15,
        58,
        31
    ],
    "lkh_gap_pct": 0.0
}