{
    "instance_name": "N60_D3_G1000_norm_3",
    "n_customers": 60,
    "dimension": 3,
    "grid_size": 1000,
    "optimal_cost": 8102,
    "optimal_tour": [
        30,
        28,
        58,
        38,
        52,
        20,
        4,
        13,
        12,
        25,
        17,
        60,
        24,
        23,
        46,
        55,
        33,
        43,
        9,
        10,
        11,
        18,
        26,
        34,
        7,
        42,
        22,
        48,
        44,
        8,
        39,
        36,
        51,
        56,
        29,
        16,
        45,
        21,
        53,
        37,
        3,
        49,
        50,
        35,
        41,
        47,
        40,
        59,
        14,
        32,
        19,
        2,
        57,
        1,
        54,
        31,
        15,
        27,
        5,
        6
    ],
    "optimal_solver": "lkh",
    "instance_file_path": "c:\\TSP_ND_ML_Project\\instances\\N60_D3_G1000_norm_3.json",
    "concorde_length": 8102,
    "concorde_time_s": 1.9795283999992535,
    "concorde_tour": [
        1,
        54,
        31,
        15,
        27,
        5,
        6,
        30,
        28,
        58,
        38,
        52,
        20,
        4,
        13,
        12,
        25,
        17,
        60,
        24,
        23,
        46,
        55,
        33,
        43,
        9,
        10,
        11,
        18,
        26,
        34,
        7,
        42,
        22,
        48,
        44,
        8,
        39,
        36,
        51,
        56,
        29,
        16,
        45,
        21,
        53,
        37,
        3,
        49,
        50,
        35,
        41,
        47,
        40,
        59,
        14,
        32,
        19,
        2,
        57
    ],
    "lkh_length": 8102,
    "lkh_time_s": 0.1784079999779351,
    "lkh_tour": [
        30,
        28,
        58,
        38,
        52,
        20,
        4,
        13,
        12,
        25,
        17,
        60,
        24,
        23,
        46,
        55,
        33,
        43,
        9,
        10,
        11,
        18,
        26,
        34,
        7,
        42,
        22,
        48,
        44,
        8,
        39,
        36,
        51,
        56,
        29,
        16,
        45,
        21,
        53,
        37,
        3,
        49,
        50,
        35,
        41,
        47,
        40,
        59,
        14,
        32,
        19,
        2,
        57,
        1,
        54,
        31,
        15,
        27,
        5,
        6
    ],
    "lkh_gap_pct": 0.0
}