{
    "instance_name": "N60_D5_G100_pow_8",
    "n_customers": 60,
    "dimension": 5,
    "grid_size": 100,
    "optimal_cost": 2823,
    "optimal_tour": [
        21,
        11,
        13,
        22,
        52,
        6,
        7,
        50,
        57,
        19,
        45,
        35,
        31,
        33,
        39,
        18,
        30,
        29,
        25,
        44,
        24,
        40,
        51,
        2,
        5,
        32,
        43,
        47,
        9,
        42,
        58,
        23,
        3,
        59,
        38,
        26,
        15,
        14,
        36,
        49,
        12,
        41,
        48,
        20,
        46,
        27,
        28,
        37,
        4,
        54,
        60,
        53,
        8,
        34,
        16,
        55,
        1,
        10,
        17,
        56
    ],
    "optimal_solver": "lkh",
    "instance_file_path": "c:\\TSP_ND_ML_Project\\instances\\N60_D5_G100_pow_8.json",
    "concorde_length": 2823,
    "concorde_time_s": 1.3812653999775648,
    "concorde_tour": [
        1,
        55,
        43,
        32,
        36,
        15,
        14,
        49,
        45,
        35,
        47,
        50,
        57,
        53,
        16,
        8,
        34,
        60,
        56,
        17,
        24,
        44,
        40,
        25,
        29,
        41,
        48,
        46,
        20,
        27,
        28,
        37,
        4,
        54,
        59,
        38,
        26,
        5,
        2,
        51,
        39,
        30,
        33,
        18,
        31,
        12,
        23,
        3,
        42,
        9,
        58,
        52,
        6,
        7,
        13,
        22,
        11,
        21,
        19,
        10
    ],
    "lkh_length": 2823,
    "lkh_time_s": 3.034581700048875,
    "lkh_tour": [
        21,
        11,
        13,
        22,
        52,
        6,
        7,
        50,
        57,
        19,
        45,
        35,
        31,
        33,
        39,
        18,
        30,
        29,
        25,
        44,
        24,
        40,
        51,
        2,
        5,
        32,
        43,
        47,
        9,
        42,
        58,
        23,
        3,
        59,
        38,
        26,
        15,
        14,
        36,
        49,
        12,
        41,
        48,
        20,
        46,
        27,
        28,
        37,
        4,
        54,
        60,
        53,
        8,
        34,
        16,
        55,
        1,
        10,
        17,
        56
    ],
    "lkh_gap_pct": 0.0
}