{
    "instance_name": "N60_D3_G1000_norm_1",
    "n_customers": 60,
    "dimension": 3,
    "grid_size": 1000,
    "optimal_cost": 7842,
    "optimal_tour": [
        23,
        37,
        7,
        3,
        51,
        17,
        38,
        56,
        28,
        31,
        18,
        39,
        35,
        16,
        54,
        11,
        27,
        42,
        41,
        46,
        24,
        26,
        20,
        15,
        53,
        30,
        40,
        34,
        52,
        29,
        57,
        47,
        1,
        10,
        60,
        43,
        13,
        58,
        45,
        49,
        32,
        48,
        22,
        5,
        59,
        36,
        44,
        9,
        50,
        25,
        4,
        33,
        19,
        14,
        8,
        12,
        55,
        21,
        2,
        6
    ],
    "optimal_solver": "lkh",
    "instance_file_path": "c:\\TSP_ND_ML_Project\\instances\\N60_D3_G1000_norm_1.json",
    "concorde_length": 7842,
    "concorde_time_s": 1.0124015999608673,
    "concorde_tour": [
        1,
        47,
        57,
        29,
        52,
        34,
        40,
        30,
        53,
        15,
        20,
        26,
        24,
        46,
        41,
        42,
        27,
        11,
        54,
        16,
        35,
        39,
        18,
        31,
        28,
        56,
        38,
        17,
        51,
        3,
        7,
        37,
        23,
        6,
        2,
        21,
        55,
        12,
        8,
        14,
        19,
        33,
        4,
        25,
        50,
        9,
        44,
        36,
        59,
        5,
        22,
        48,
        32,
        49,
        45,
        58,
        13,
        43,
        60,
        10
    ],
    "lkh_length": 7842,
    "lkh_time_s": 0.062496099970303476,
    "lkh_tour": [
        23,
        37,
        7,
        3,
        51,
        17,
        38,
        56,
        28,
        31,
        18,
        39,
        35,
        16,
        54,
        11,
        27,
        42,
        41,
        46,
        24,
        26,
        20,
        15,
        53,
        30,
        40,
        34,
        52,
        29,
        57,
        47,
        1,
        10,
        60,
        43,
        13,
        58,
        45,
        49,
        32,
        48,
        22,
        5,
        59,
        36,
        44,
        9,
        50,
        25,
        4,
        33,
        19,
        14,
        8,
        12,
        55,
        21,
        2,
        6
    ],
    "lkh_gap_pct": 0.0
}