{
    "instance_name": "N60_D2_G10000_clus_15",
    "n_customers": 60,
    "dimension": 2,
    "grid_size": 10000,
    "optimal_cost": 19809,
    "optimal_tour": [
        50,
        7,
        56,
        9,
        49,
        55,
        31,
        29,
        37,
        57,
        11,
        30,
        46,
        35,
        33,
        42,
        6,
        13,
        22,
        24,
        10,
        48,
        44,
        36,
        39,
        2,
        40,
        23,
        54,
        12,
        20,
        59,
        43,
        18,
        27,
        21,
        3,
        25,
        8,
        38,
        51,
        28,
        19,
        45,
        47,
        32,
        26,
        1,
        17,
        58,
        60,
        34,
        5,
        4,
        52,
        14,
        41,
        53,
        16,
        15
    ],
    "optimal_solver": "lkh",
    "instance_file_path": "c:\\TSP_ND_ML_Project\\instances\\N60_D2_G10000_clus_15.json",
    "concorde_length": 19809,
    "concorde_time_s": 1.201811099977931,
    "concorde_tour": [
        1,
        17,
        58,
        60,
        34,
        5,
        4,
        52,
        14,
        41,
        53,
        16,
        15,
        50,
        7,
        56,
        9,
        49,
        55,
        31,
        29,
        37,
        57,
        11,
        30,
        46,
        35,
        33,
        42,
        6,
        13,
        22,
        24,
        10,
        48,
        44,
        36,
        39,
        2,
        40,
        23,
        54,
        12,
        20,
        59,
        43,
        18,
        27,
        21,
        3,
        25,
        8,
        38,
        51,
        28,
        19,
        45,
        47,
        32,
        26
    ],
    "lkh_length": 19809,
    "lkh_time_s": 0.3430874000187032,
    "lkh_tour": [
        50,
        7,
        56,
        9,
        49,
        55,
        31,
        29,
        37,
        57,
        11,
        30,
        46,
        35,
        33,
        42,
        6,
        13,
        22,
        24,
        10,
        48,
        44,
        36,
        39,
        2,
        40,
        23,
        54,
        12,
        20,
        59,
        43,
        18,
        27,
        21,
        3,
        25,
        8,
        38,
        51,
        28,
        19,
        45,
        47,
        32,
        26,
        1,
        17,
        58,
        60,
        34,
        5,
        4,
        52,
        14,
        41,
        53,
        16,
        15
    ],
    "lkh_gap_pct": 0.0
}