{
    "instance_name": "N60_D4_G10000_norm_18",
    "n_customers": 60,
    "dimension": 4,
    "grid_size": 10000,
    "optimal_cost": 116372,
    "optimal_tour": [
        55,
        53,
        35,
        47,
        15,
        4,
        17,
        38,
        32,
        40,
        25,
        43,
        12,
        57,
        11,
        59,
        41,
        45,
        5,
        50,
        31,
        22,
        44,
        28,
        10,
        13,
        8,
        27,
        26,
        30,
        49,
        56,
        1,
        7,
        2,
        33,
        19,
        39,
        18,
        14,
        46,
        48,
        42,
        60,
        58,
        36,
        3,
        54,
        29,
        9,
        52,
        16,
        24,
        6,
        34,
        21,
        37,
        20,
        23,
        51
    ],
    "optimal_solver": "lkh",
    "instance_file_path": "c:\\TSP_ND_ML_Project\\instances\\N60_D4_G10000_norm_18.json",
    "concorde_length": 116372,
    "concorde_time_s": 1.7145634000189602,
    "concorde_tour": [
        1,
        7,
        2,
        33,
        19,
        39,
        18,
        14,
        46,
        48,
        42,
        60,
        58,
        36,
        3,
        54,
        29,
        9,
        52,
        16,
        24,
        6,
        34,
        21,
        37,
        20,
        23,
        51,
        55,
        53,
        35,
        47,
        15,
        4,
        17,
        38,
        32,
        40,
        25,
        43,
        12,
        57,
        11,
        59,
        41,
        45,
        5,
        50,
        31,
        22,
        44,
        28,
        10,
        13,
        8,
        27,
        26,
        30,
        49,
        56
    ],
    "lkh_length": 116372,
    "lkh_time_s": 0.11146280000684783,
    "lkh_tour": [
        55,
        53,
        35,
        47,
        15,
        4,
        17,
        38,
        32,
        40,
        25,
        43,
        12,
        57,
        11,
        59,
        41,
        45,
        5,
        50,
        31,
        22,
        44,
        28,
        10,
        13,
        8,
        27,
        26,
        30,
        49,
        56,
        1,
        7,
        2,
        33,
        19,
        39,
        18,
        14,
        46,
        48,
        42,
        60,
        58,
        36,
        3,
        54,
        29,
        9,
        52,
        16,
        24,
        6,
        34,
        21,
        37,
        20,
        23,
        51
    ],
    "lkh_gap_pct": 0.0
}