{
    "instance_name": "N60_D3_G1000_rand_2",
    "n_customers": 60,
    "dimension": 3,
    "grid_size": 1000,
    "optimal_cost": 11763,
    "optimal_tour": [
        27,
        60,
        25,
        41,
        10,
        38,
        35,
        33,
        31,
        32,
        34,
        1,
        20,
        45,
        48,
        52,
        58,
        43,
        26,
        55,
        6,
        21,
        39,
        56,
        30,
        18,
        37,
        14,
        16,
        50,
        12,
        51,
        15,
        22,
        49,
        11,
        57,
        28,
        24,
        54,
        23,
        40,
        2,
        53,
        17,
        5,
        59,
        47,
        7,
        46,
        44,
        29,
        19,
        9,
        36,
        8,
        42,
        3,
        13,
        4
    ],
    "optimal_solver": "lkh",
    "instance_file_path": "c:\\TSP_ND_ML_Project\\instances\\N60_D3_G1000_rand_2.json",
    "concorde_length": 11763,
    "concorde_time_s": 1.4619554999517277,
    "concorde_tour": [
        1,
        34,
        32,
        31,
        33,
        35,
        38,
        10,
        41,
        25,
        60,
        27,
        4,
        13,
        3,
        42,
        8,
        36,
        9,
        19,
        29,
        44,
        46,
        7,
        47,
        59,
        5,
        17,
        53,
        2,
        40,
        23,
        54,
        24,
        28,
        57,
        11,
        49,
        22,
        15,
        51,
        12,
        50,
        16,
        14,
        37,
        18,
        30,
        56,
        39,
        21,
        6,
        55,
        26,
        43,
        58,
        52,
        48,
        45,
        20
    ],
    "lkh_length": 11763,
    "lkh_time_s": 0.11589240003377199,
    "lkh_tour": [
        27,
        60,
        25,
        41,
        10,
        38,
        35,
        33,
        31,
        32,
        34,
        1,
        20,
        45,
        48,
        52,
        58,
        43,
        26,
        55,
        6,
        21,
        39,
        56,
        30,
        18,
        37,
        14,
        16,
        50,
        12,
        51,
        15,
        22,
        49,
        11,
        57,
        28,
        24,
        54,
        23,
        40,
        2,
        53,
        17,
        5,
        59,
        47,
        7,
        46,
        44,
        29,
        19,
        9,
        36,
        8,
        42,
        3,
        13,
        4
    ],
    "lkh_gap_pct": 0.0
}