{
    "instance_name": "N60_D2_G1000_clus_13",
    "n_customers": 60,
    "dimension": 2,
    "grid_size": 1000,
    "optimal_cost": 1737,
    "optimal_tour": [
        36,
        58,
        53,
        15,
        35,
        12,
        9,
        11,
        50,
        16,
        6,
        2,
        44,
        21,
        33,
        45,
        17,
        49,
        55,
        1,
        25,
        32,
        28,
        20,
        34,
        41,
        8,
        38,
        19,
        56,
        42,
        7,
        54,
        31,
        5,
        57,
        29,
        26,
        60,
        22,
        14,
        52,
        24,
        59,
        43,
        10,
        27,
        13,
        48,
        39,
        40,
        46,
        47,
        51,
        3,
        30,
        4,
        18,
        37,
        23
    ],
    "optimal_solver": "lkh",
    "instance_file_path": "c:\\TSP_ND_ML_Project\\instances\\N60_D2_G1000_clus_13.json",
    "concorde_length": 1737,
    "concorde_time_s": 0.7832585999858566,
    "concorde_tour": [
        1,
        55,
        49,
        17,
        45,
        33,
        21,
        44,
        2,
        6,
        16,
        50,
        11,
        9,
        12,
        35,
        15,
        53,
        58,
        36,
        23,
        37,
        18,
        4,
        30,
        3,
        51,
        47,
        46,
        40,
        39,
        48,
        13,
        27,
        10,
        43,
        59,
        24,
        52,
        14,
        22,
        60,
        26,
        29,
        57,
        5,
        31,
        54,
        7,
        42,
        56,
        19,
        38,
        8,
        41,
        34,
        20,
        28,
        32,
        25
    ],
    "lkh_length": 1737,
    "lkh_time_s": 0.13484669997706078,
    "lkh_tour": [
        36,
        58,
        53,
        15,
        35,
        12,
        9,
        11,
        50,
        16,
        6,
        2,
        44,
        21,
        33,
        45,
        17,
        49,
        55,
        1,
        25,
        32,
        28,
        20,
        34,
        41,
        8,
        38,
        19,
        56,
        42,
        7,
        54,
        31,
        5,
        57,
        29,
        26,
        60,
        22,
        14,
        52,
        24,
        59,
        43,
        10,
        27,
        13,
        48,
        39,
        40,
        46,
        47,
        51,
        3,
        30,
        4,
        18,
        37,
        23
    ],
    "lkh_gap_pct": 0.0
}