{
    "instance_name": "N60_D5_G100_corn_10",
    "n_customers": 60,
    "dimension": 5,
    "grid_size": 100,
    "optimal_cost": 2855,
    "optimal_tour": [
        36,
        18,
        3,
        12,
        44,
        29,
        2,
        57,
        22,
        54,
        53,
        59,
        14,
        21,
        23,
        60,
        33,
        9,
        45,
        17,
        16,
        10,
        25,
        50,
        52,
        1,
        41,
        37,
        56,
        34,
        6,
        35,
        8,
        30,
        42,
        46,
        11,
        27,
        20,
        43,
        5,
        39,
        15,
        26,
        28,
        40,
        55,
        4,
        49,
        32,
        47,
        13,
        19,
        24,
        38,
        51,
        31,
        48,
        7,
        58
    ],
    "optimal_solver": "lkh",
    "instance_file_path": "c:\\TSP_ND_ML_Project\\instances\\N60_D5_G100_corn_10.json",
    "concorde_length": 2855,
    "concorde_time_s": 0.9160574999987148,
    "concorde_tour": [
        1,
        41,
        37,
        56,
        34,
        6,
        35,
        8,
        30,
        42,
        46,
        11,
        27,
        20,
        43,
        5,
        39,
        15,
        26,
        28,
        40,
        4,
        55,
        49,
        32,
        47,
        13,
        19,
        24,
        38,
        51,
        31,
        48,
        58,
        36,
        7,
        18,
        3,
        12,
        44,
        29,
        2,
        57,
        22,
        54,
        53,
        59,
        14,
        21,
        23,
        60,
        33,
        9,
        45,
        17,
        16,
        10,
        25,
        50,
        52
    ],
    "lkh_length": 2855,
    "lkh_time_s": 0.3537558999960311,
    "lkh_tour": [
        36,
        18,
        3,
        12,
        44,
        29,
        2,
        57,
        22,
        54,
        53,
        59,
        14,
        21,
        23,
        60,
        33,
        9,
        45,
        17,
        16,
        10,
        25,
        50,
        52,
        1,
        41,
        37,
        56,
        34,
        6,
        35,
        8,
        30,
        42,
        46,
        11,
        27,
        20,
        43,
        5,
        39,
        15,
        26,
        28,
        40,
        55,
        4,
        49,
        32,
        47,
        13,
        19,
        24,
        38,
        51,
        31,
        48,
        7,
        58
    ],
    "lkh_gap_pct": 0.0
}