{
    "instance_name": "N60_D3_G10000_norm_8",
    "n_customers": 60,
    "dimension": 3,
    "grid_size": 10000,
    "optimal_cost": 80518,
    "optimal_tour": [
        9,
        41,
        58,
        40,
        18,
        25,
        44,
        50,
        51,
        43,
        7,
        48,
        8,
        55,
        38,
        49,
        17,
        29,
        6,
        45,
        47,
        37,
        53,
        39,
        36,
        52,
        59,
        54,
        27,
        10,
        12,
        30,
        13,
        19,
        20,
        21,
        28,
        33,
        26,
        46,
        15,
        2,
        11,
        32,
        5,
        16,
        56,
        34,
        60,
        3,
        14,
        1,
        4,
        23,
        31,
        42,
        24,
        57,
        22,
        35
    ],
    "optimal_solver": "lkh",
    "instance_file_path": "c:\\TSP_ND_ML_Project\\instances\\N60_D3_G10000_norm_8.json",
    "concorde_length": 80518,
    "concorde_time_s": 1.2794927000068128,
    "concorde_tour": [
        1,
        4,
        23,
        31,
        42,
        24,
        57,
        22,
        35,
        9,
        41,
        58,
        40,
        18,
        25,
        44,
        50,
        51,
        43,
        7,
        48,
        8,
        55,
        38,
        49,
        17,
        29,
        6,
        45,
        47,
        37,
        53,
        39,
        36,
        52,
        59,
        54,
        27,
        10,
        12,
        30,
        13,
        19,
        20,
        21,
        28,
        33,
        26,
        46,
        15,
        2,
        11,
        32,
        5,
        16,
        56,
        34,
        60,
        3,
        14
    ],
    "lkh_length": 80518,
    "lkh_time_s": 0.11095360002946109,
    "lkh_tour": [
        9,
        41,
        58,
        40,
        18,
        25,
        44,
        50,
        51,
        43,
        7,
        48,
        8,
        55,
        38,
        49,
        17,
        29,
        6,
        45,
        47,
        37,
        53,
        39,
        36,
        52,
        59,
        54,
        27,
        10,
        12,
        30,
        13,
        19,
        20,
        21,
        28,
        33,
        26,
        46,
        15,
        2,
        11,
        32,
        5,
        16,
        56,
        34,
        60,
        3,
        14,
        1,
        4,
        23,
        31,
        42,
        24,
        57,
        22,
        35
    ],
    "lkh_gap_pct": 0.0
}