{
    "instance_name": "N60_D5_G1000_pow_19",
    "n_customers": 60,
    "dimension": 5,
    "grid_size": 1000,
    "optimal_cost": 28242,
    "optimal_tour": [
        54,
        4,
        34,
        27,
        15,
        53,
        51,
        25,
        1,
        18,
        5,
        19,
        38,
        3,
        17,
        40,
        48,
        39,
        23,
        47,
        7,
        26,
        22,
        33,
        16,
        43,
        44,
        2,
        59,
        13,
        10,
        14,
        55,
        35,
        32,
        52,
        50,
        9,
        21,
        41,
        37,
        49,
        6,
        11,
        29,
        20,
        57,
        42,
        28,
        60,
        30,
        8,
        24,
        46,
        56,
        58,
        45,
        36,
        12,
        31
    ],
    "optimal_solver": "lkh",
    "instance_file_path": "c:\\TSP_ND_ML_Project\\instances\\N60_D5_G1000_pow_19.json",
    "concorde_length": 28242,
    "concorde_time_s": 1.1627199999638833,
    "concorde_tour": [
        1,
        18,
        23,
        39,
        48,
        47,
        40,
        17,
        3,
        44,
        43,
        59,
        2,
        13,
        16,
        8,
        24,
        46,
        58,
        56,
        45,
        12,
        36,
        31,
        54,
        55,
        52,
        35,
        32,
        30,
        60,
        28,
        20,
        57,
        29,
        42,
        49,
        6,
        11,
        33,
        22,
        26,
        7,
        14,
        10,
        19,
        38,
        5,
        15,
        34,
        4,
        27,
        50,
        9,
        21,
        37,
        41,
        53,
        51,
        25
    ],
    "lkh_length": 28242,
    "lkh_time_s": 5.89486899995245,
    "lkh_tour": [
        54,
        4,
        34,
        27,
        15,
        53,
        51,
        25,
        1,
        18,
        5,
        19,
        38,
        3,
        17,
        40,
        48,
        39,
        23,
        47,
        7,
        26,
        22,
        33,
        16,
        43,
        44,
        2,
        59,
        13,
        10,
        14,
        55,
        35,
        32,
        52,
        50,
        9,
        21,
        41,
        37,
        49,
        6,
        11,
        29,
        20,
        57,
        42,
        28,
        60,
        30,
        8,
        24,
        46,
        56,
        58,
        45,
        36,
        12,
        31
    ],
    "lkh_gap_pct": 0.0
}