{
    "instance_name": "N60_D5_G1000_corn_17",
    "n_customers": 60,
    "dimension": 5,
    "grid_size": 1000,
    "optimal_cost": 28700,
    "optimal_tour": [
        58,
        33,
        39,
        23,
        32,
        51,
        50,
        55,
        18,
        17,
        34,
        48,
        22,
        24,
        37,
        30,
        4,
        11,
        6,
        19,
        14,
        35,
        28,
        31,
        59,
        52,
        29,
        16,
        25,
        44,
        10,
        54,
        13,
        1,
        7,
        41,
        53,
        47,
        21,
        38,
        9,
        3,
        15,
        36,
        45,
        46,
        60,
        2,
        20,
        8,
        5,
        26,
        43,
        42,
        49,
        57,
        12,
        56,
        40,
        27
    ],
    "optimal_solver": "lkh",
    "instance_file_path": "c:\\TSP_ND_ML_Project\\instances\\N60_D5_G1000_corn_17.json",
    "concorde_length": 28700,
    "concorde_time_s": 1.0969639999675564,
    "concorde_tour": [
        1,
        13,
        54,
        10,
        44,
        25,
        16,
        29,
        52,
        59,
        31,
        28,
        35,
        14,
        19,
        6,
        11,
        4,
        30,
        37,
        24,
        22,
        48,
        34,
        17,
        18,
        55,
        50,
        51,
        32,
        23,
        39,
        33,
        58,
        27,
        40,
        56,
        12,
        57,
        49,
        42,
        43,
        26,
        5,
        8,
        20,
        2,
        60,
        46,
        45,
        36,
        15,
        3,
        9,
        38,
        21,
        47,
        53,
        41,
        7
    ],
    "lkh_length": 28700,
    "lkh_time_s": 0.1329113999963738,
    "lkh_tour": [
        58,
        33,
        39,
        23,
        32,
        51,
        50,
        55,
        18,
        17,
        34,
        48,
        22,
        24,
        37,
        30,
        4,
        11,
        6,
        19,
        14,
        35,
        28,
        31,
        59,
        52,
        29,
        16,
        25,
        44,
        10,
        54,
        13,
        1,
        7,
        41,
        53,
        47,
        21,
        38,
        9,
        3,
        15,
        36,
        45,
        46,
        60,
        2,
        20,
        8,
        5,
        26,
        43,
        42,
        49,
        57,
        12,
        56,
        40,
        27
    ],
    "lkh_gap_pct": 0.0
}