{
    "instance_name": "N60_D3_G1000_norm_8",
    "n_customers": 60,
    "dimension": 3,
    "grid_size": 1000,
    "optimal_cost": 7311,
    "optimal_tour": [
        36,
        22,
        25,
        38,
        56,
        6,
        33,
        1,
        11,
        27,
        60,
        21,
        46,
        5,
        13,
        44,
        41,
        23,
        28,
        49,
        15,
        3,
        16,
        55,
        35,
        48,
        37,
        39,
        4,
        2,
        40,
        24,
        42,
        57,
        31,
        19,
        58,
        50,
        53,
        17,
        29,
        20,
        51,
        30,
        10,
        7,
        45,
        34,
        9,
        14,
        32,
        12,
        8,
        18,
        43,
        47,
        54,
        59,
        52,
        26
    ],
    "optimal_solver": "lkh",
    "instance_file_path": "c:\\TSP_ND_ML_Project\\instances\\N60_D3_G1000_norm_8.json",
    "concorde_length": 7311,
    "concorde_time_s": 1.2617747000185773,
    "concorde_tour": [
        1,
        11,
        27,
        60,
        21,
        46,
        5,
        13,
        44,
        41,
        23,
        28,
        49,
        15,
        3,
        16,
        55,
        35,
        48,
        37,
        39,
        4,
        2,
        40,
        24,
        42,
        57,
        31,
        19,
        58,
        50,
        53,
        17,
        29,
        20,
        51,
        30,
        10,
        7,
        45,
        34,
        9,
        14,
        32,
        12,
        8,
        18,
        43,
        47,
        54,
        59,
        52,
        26,
        36,
        22,
        25,
        38,
        56,
        6,
        33
    ],
    "lkh_length": 7311,
    "lkh_time_s": 0.08959230000618845,
    "lkh_tour": [
        36,
        22,
        25,
        38,
        56,
        6,
        33,
        1,
        11,
        27,
        60,
        21,
        46,
        5,
        13,
        44,
        41,
        23,
        28,
        49,
        15,
        3,
        16,
        55,
        35,
        48,
        37,
        39,
        4,
        2,
        40,
        24,
        42,
        57,
        31,
        19,
        58,
        50,
        53,
        17,
        29,
        20,
        51,
        30,
        10,
        7,
        45,
        34,
        9,
        14,
        32,
        12,
        8,
        18,
        43,
        47,
        54,
        59,
        52,
        26
    ],
    "lkh_gap_pct": 0.0
}