{
    "instance_name": "N60_D3_G100_tria_6",
    "n_customers": 60,
    "dimension": 3,
    "grid_size": 100,
    "optimal_cost": 1277,
    "optimal_tour": [
        59,
        41,
        31,
        60,
        43,
        45,
        5,
        53,
        27,
        15,
        24,
        58,
        39,
        42,
        51,
        14,
        33,
        18,
        6,
        47,
        1,
        23,
        55,
        54,
        21,
        40,
        56,
        48,
        52,
        4,
        19,
        9,
        37,
        2,
        10,
        49,
        44,
        22,
        11,
        7,
        28,
        17,
        12,
        46,
        57,
        26,
        30,
        13,
        25,
        8,
        50,
        20,
        36,
        32,
        16,
        35,
        29,
        3,
        34,
        38
    ],
    "optimal_solver": "lkh",
    "instance_file_path": "c:\\TSP_ND_ML_Project\\instances\\N60_D3_G100_tria_6.json",
    "concorde_length": 1277,
    "concorde_time_s": 0.7698127999901772,
    "concorde_tour": [
        1,
        23,
        55,
        54,
        21,
        40,
        56,
        48,
        52,
        4,
        19,
        9,
        37,
        2,
        10,
        49,
        44,
        22,
        11,
        7,
        28,
        17,
        12,
        46,
        57,
        26,
        30,
        13,
        25,
        8,
        50,
        20,
        36,
        32,
        16,
        35,
        29,
        3,
        34,
        38,
        59,
        41,
        31,
        60,
        43,
        45,
        5,
        53,
        27,
        15,
        24,
        58,
        39,
        42,
        51,
        14,
        33,
        18,
        6,
        47
    ],
    "lkh_length": 1277,
    "lkh_time_s": 0.18303529999684542,
    "lkh_tour": [
        59,
        41,
        31,
        60,
        43,
        45,
        5,
        53,
        27,
        15,
        24,
        58,
        39,
        42,
        51,
        14,
        33,
        18,
        6,
        47,
        1,
        23,
        55,
        54,
        21,
        40,
        56,
        48,
        52,
        4,
        19,
        9,
        37,
        2,
        10,
        49,
        44,
        22,
        11,
        7,
        28,
        17,
        12,
        46,
        57,
        26,
        30,
        13,
        25,
        8,
        50,
        20,
        36,
        32,
        16,
        35,
        29,
        3,
        34,
        38
    ],
    "lkh_gap_pct": 0.0
}