{
    "instance_name": "N60_D2_G1000_rand_1",
    "n_customers": 60,
    "dimension": 2,
    "grid_size": 1000,
    "optimal_cost": 5849,
    "optimal_tour": [
        8,
        35,
        40,
        50,
        28,
        20,
        57,
        54,
        12,
        33,
        11,
        4,
        3,
        48,
        46,
        51,
        45,
        34,
        60,
        38,
        23,
        7,
        56,
        10,
        26,
        30,
        36,
        41,
        58,
        43,
        32,
        1,
        14,
        59,
        18,
        6,
        37,
        29,
        15,
        5,
        13,
        22,
        39,
        42,
        52,
        16,
        53,
        17,
        24,
        44,
        47,
        31,
        21,
        19,
        55,
        49,
        9,
        2,
        25,
        27
    ],
    "optimal_solver": "lkh",
    "instance_file_path": "c:\\TSP_ND_ML_Project\\instances\\N60_D2_G1000_rand_1.json",
    "concorde_length": 5849,
    "concorde_time_s": 0.5721201999986079,
    "concorde_tour": [
        1,
        14,
        59,
        18,
        6,
        37,
        29,
        15,
        5,
        13,
        22,
        39,
        42,
        52,
        16,
        53,
        17,
        24,
        44,
        47,
        31,
        21,
        19,
        55,
        49,
        9,
        2,
        25,
        27,
        8,
        35,
        40,
        50,
        28,
        20,
        57,
        54,
        12,
        33,
        11,
        4,
        3,
        48,
        46,
        51,
        45,
        34,
        60,
        38,
        23,
        7,
        56,
        10,
        26,
        30,
        36,
        41,
        58,
        43,
        32
    ],
    "lkh_length": 5849,
    "lkh_time_s": 0.11785169999348,
    "lkh_tour": [
        8,
        35,
        40,
        50,
        28,
        20,
        57,
        54,
        12,
        33,
        11,
        4,
        3,
        48,
        46,
        51,
        45,
        34,
        60,
        38,
        23,
        7,
        56,
        10,
        26,
        30,
        36,
        41,
        58,
        43,
        32,
        1,
        14,
        59,
        18,
        6,
        37,
        29,
        15,
        5,
        13,
        22,
        39,
        42,
        52,
        16,
        53,
        17,
        24,
        44,
        47,
        31,
        21,
        19,
        55,
        49,
        9,
        2,
        25,
        27
    ],
    "lkh_gap_pct": 0.0
}