{
    "instance_name": "N60_D5_G100_corr_3",
    "n_customers": 60,
    "dimension": 5,
    "grid_size": 100,
    "optimal_cost": 1009,
    "optimal_tour": [
        1,
        5,
        41,
        19,
        37,
        20,
        53,
        52,
        34,
        13,
        29,
        9,
        27,
        18,
        21,
        11,
        51,
        58,
        43,
        59,
        16,
        4,
        50,
        40,
        47,
        8,
        30,
        56,
        3,
        2,
        55,
        25,
        33,
        31,
        44,
        6,
        46,
        39,
        7,
        15,
        24,
        26,
        49,
        17,
        10,
        36,
        14,
        38,
        35,
        57,
        28,
        42,
        22,
        23,
        12,
        54,
        45,
        32,
        48,
        60
    ],
    "optimal_solver": "lkh",
    "instance_file_path": "c:\\TSP_ND_ML_Project\\instances\\N60_D5_G100_corr_3.json",
    "concorde_length": 1009,
    "concorde_time_s": 1.1336315000080504,
    "concorde_tour": [
        1,
        60,
        48,
        32,
        45,
        54,
        12,
        23,
        22,
        42,
        28,
        57,
        35,
        38,
        14,
        36,
        10,
        17,
        49,
        26,
        24,
        15,
        7,
        39,
        46,
        6,
        44,
        31,
        33,
        25,
        55,
        2,
        3,
        56,
        30,
        8,
        47,
        40,
        50,
        4,
        16,
        59,
        43,
        58,
        51,
        11,
        21,
        18,
        27,
        9,
        29,
        13,
        34,
        52,
        53,
        20,
        37,
        19,
        41,
        5
    ],
    "lkh_length": 1009,
    "lkh_time_s": 0.12242690002312884,
    "lkh_tour": [
        1,
        5,
        41,
        19,
        37,
        20,
        53,
        52,
        34,
        13,
        29,
        9,
        27,
        18,
        21,
        11,
        51,
        58,
        43,
        59,
        16,
        4,
        50,
        40,
        47,
        8,
        30,
        56,
        3,
        2,
        55,
        25,
        33,
        31,
        44,
        6,
        46,
        39,
        7,
        15,
        24,
        26,
        49,
        17,
        10,
        36,
        14,
        38,
        35,
        57,
        28,
        42,
        22,
        23,
        12,
        54,
        45,
        32,
        48,
        60
    ],
    "lkh_gap_pct": 0.0
}