{
    "instance_name": "N60_D2_G10000_corn_13",
    "n_customers": 60,
    "dimension": 2,
    "grid_size": 10000,
    "optimal_cost": 41162,
    "optimal_tour": [
        60,
        17,
        26,
        37,
        2,
        34,
        50,
        23,
        29,
        9,
        20,
        14,
        22,
        49,
        35,
        45,
        39,
        3,
        7,
        24,
        36,
        1,
        13,
        10,
        33,
        27,
        55,
        54,
        53,
        59,
        16,
        52,
        57,
        51,
        30,
        44,
        43,
        48,
        47,
        40,
        41,
        42,
        6,
        56,
        21,
        8,
        58,
        28,
        4,
        15,
        32,
        11,
        25,
        31,
        19,
        46,
        12,
        18,
        5,
        38
    ],
    "optimal_solver": "lkh",
    "instance_file_path": "c:\\TSP_ND_ML_Project\\instances\\N60_D2_G10000_corn_13.json",
    "concorde_length": 41162,
    "concorde_time_s": 1.0150403000006918,
    "concorde_tour": [
        1,
        10,
        13,
        33,
        27,
        55,
        54,
        53,
        59,
        16,
        52,
        57,
        51,
        30,
        44,
        43,
        48,
        47,
        42,
        56,
        40,
        6,
        41,
        21,
        8,
        58,
        28,
        4,
        15,
        32,
        11,
        25,
        46,
        19,
        12,
        31,
        18,
        5,
        38,
        60,
        17,
        26,
        37,
        2,
        34,
        50,
        23,
        29,
        9,
        20,
        14,
        22,
        49,
        35,
        45,
        39,
        3,
        7,
        24,
        36
    ],
    "lkh_length": 41162,
    "lkh_time_s": 0.7796013000188395,
    "lkh_tour": [
        60,
        17,
        26,
        37,
        2,
        34,
        50,
        23,
        29,
        9,
        20,
        14,
        22,
        49,
        35,
        45,
        39,
        3,
        7,
        24,
        36,
        1,
        13,
        10,
        33,
        27,
        55,
        54,
        53,
        59,
        16,
        52,
        57,
        51,
        30,
        44,
        43,
        48,
        47,
        40,
        41,
        42,
        6,
        56,
        21,
        8,
        58,
        28,
        4,
        15,
        32,
        11,
        25,
        31,
        19,
        46,
        12,
        18,
        5,
        38
    ],
    "lkh_gap_pct": 0.0
}