{
    "instance_name": "N60_D5_G1000_tria_18",
    "n_customers": 60,
    "dimension": 5,
    "grid_size": 1000,
    "optimal_cost": 29258,
    "optimal_tour": [
        37,
        12,
        52,
        2,
        26,
        32,
        44,
        21,
        51,
        50,
        46,
        23,
        40,
        42,
        41,
        5,
        43,
        57,
        48,
        14,
        8,
        49,
        54,
        56,
        53,
        15,
        47,
        59,
        60,
        1,
        34,
        19,
        9,
        22,
        6,
        36,
        38,
        33,
        17,
        16,
        27,
        20,
        24,
        18,
        45,
        25,
        4,
        11,
        3,
        29,
        10,
        58,
        55,
        7,
        39,
        28,
        31,
        13,
        35,
        30
    ],
    "optimal_solver": "lkh",
    "instance_file_path": "c:\\TSP_ND_ML_Project\\instances\\N60_D5_G1000_tria_18.json",
    "concorde_length": 29258,
    "concorde_time_s": 0.8296310000005178,
    "concorde_tour": [
        1,
        34,
        19,
        9,
        22,
        6,
        36,
        38,
        33,
        17,
        16,
        27,
        20,
        24,
        18,
        45,
        25,
        4,
        11,
        3,
        29,
        10,
        58,
        55,
        7,
        39,
        28,
        31,
        13,
        35,
        30,
        37,
        12,
        52,
        2,
        26,
        32,
        44,
        21,
        51,
        50,
        46,
        23,
        40,
        42,
        41,
        5,
        43,
        57,
        48,
        14,
        8,
        49,
        54,
        56,
        53,
        15,
        47,
        59,
        60
    ],
    "lkh_length": 29258,
    "lkh_time_s": 0.049746899981983006,
    "lkh_tour": [
        37,
        12,
        52,
        2,
        26,
        32,
        44,
        21,
        51,
        50,
        46,
        23,
        40,
        42,
        41,
        5,
        43,
        57,
        48,
        14,
        8,
        49,
        54,
        56,
        53,
        15,
        47,
        59,
        60,
        1,
        34,
        19,
        9,
        22,
        6,
        36,
        38,
        33,
        17,
        16,
        27,
        20,
        24,
        18,
        45,
        25,
        4,
        11,
        3,
        29,
        10,
        58,
        55,
        7,
        39,
        28,
        31,
        13,
        35,
        30
    ],
    "lkh_gap_pct": 0.0
}