{
    "instance_name": "N60_D5_G100_grid_1",
    "n_customers": 60,
    "dimension": 5,
    "grid_size": 100,
    "optimal_cost": 2322,
    "optimal_tour": [
        56,
        4,
        8,
        47,
        12,
        21,
        26,
        32,
        45,
        17,
        34,
        33,
        18,
        27,
        23,
        48,
        41,
        35,
        14,
        49,
        37,
        3,
        51,
        46,
        39,
        25,
        10,
        60,
        54,
        44,
        7,
        31,
        19,
        2,
        16,
        53,
        38,
        43,
        6,
        24,
        13,
        9,
        57,
        20,
        5,
        40,
        50,
        36,
        22,
        29,
        59,
        55,
        42,
        52,
        28,
        15,
        58,
        1,
        11,
        30
    ],
    "optimal_solver": "lkh",
    "instance_file_path": "c:\\TSP_ND_ML_Project\\instances\\N60_D5_G100_grid_1.json",
    "concorde_length": 2322,
    "concorde_time_s": 1.4213467999943532,
    "concorde_tour": [
        1,
        58,
        15,
        28,
        52,
        42,
        55,
        59,
        29,
        22,
        36,
        50,
        40,
        5,
        20,
        57,
        9,
        13,
        24,
        6,
        43,
        38,
        53,
        16,
        2,
        19,
        31,
        7,
        44,
        54,
        60,
        10,
        25,
        39,
        46,
        51,
        3,
        37,
        49,
        14,
        35,
        41,
        48,
        23,
        27,
        18,
        33,
        34,
        17,
        45,
        32,
        26,
        21,
        12,
        47,
        8,
        4,
        56,
        30,
        11
    ],
    "lkh_length": 2322,
    "lkh_time_s": 0.08515240001725033,
    "lkh_tour": [
        56,
        4,
        8,
        47,
        12,
        21,
        26,
        32,
        45,
        17,
        34,
        33,
        18,
        27,
        23,
        48,
        41,
        35,
        14,
        49,
        37,
        3,
        51,
        46,
        39,
        25,
        10,
        60,
        54,
        44,
        7,
        31,
        19,
        2,
        16,
        53,
        38,
        43,
        6,
        24,
        13,
        9,
        57,
        20,
        5,
        40,
        50,
        36,
        22,
        29,
        59,
        55,
        42,
        52,
        28,
        15,
        58,
        1,
        11,
        30
    ],
    "lkh_gap_pct": 0.0
}