{
    "instance_name": "N60_D3_G100_ring_5",
    "n_customers": 60,
    "dimension": 3,
    "grid_size": 100,
    "optimal_cost": 696,
    "optimal_tour": [
        25,
        12,
        31,
        59,
        24,
        29,
        13,
        54,
        46,
        37,
        48,
        44,
        14,
        22,
        57,
        23,
        55,
        41,
        58,
        39,
        1,
        26,
        35,
        16,
        7,
        19,
        9,
        2,
        33,
        18,
        53,
        8,
        60,
        21,
        42,
        28,
        50,
        3,
        43,
        49,
        56,
        10,
        47,
        51,
        15,
        30,
        6,
        34,
        38,
        36,
        20,
        11,
        27,
        40,
        52,
        5,
        17,
        45,
        32,
        4
    ],
    "optimal_solver": "lkh",
    "instance_file_path": "c:\\TSP_ND_ML_Project\\instances\\N60_D3_G100_ring_5.json",
    "concorde_length": 696,
    "concorde_time_s": 0.7653984999633394,
    "concorde_tour": [
        1,
        39,
        58,
        41,
        55,
        23,
        57,
        22,
        14,
        44,
        48,
        37,
        46,
        54,
        13,
        29,
        24,
        59,
        31,
        12,
        25,
        4,
        32,
        45,
        17,
        5,
        52,
        40,
        27,
        11,
        20,
        36,
        38,
        34,
        6,
        30,
        15,
        51,
        47,
        10,
        56,
        49,
        43,
        3,
        50,
        28,
        42,
        21,
        60,
        8,
        53,
        18,
        33,
        2,
        9,
        19,
        7,
        16,
        35,
        26
    ],
    "lkh_length": 696,
    "lkh_time_s": 0.12600970000494272,
    "lkh_tour": [
        25,
        12,
        31,
        59,
        24,
        29,
        13,
        54,
        46,
        37,
        48,
        44,
        14,
        22,
        57,
        23,
        55,
        41,
        58,
        39,
        1,
        26,
        35,
        16,
        7,
        19,
        9,
        2,
        33,
        18,
        53,
        8,
        60,
        21,
        42,
        28,
        50,
        3,
        43,
        49,
        56,
        10,
        47,
        51,
        15,
        30,
        6,
        34,
        38,
        36,
        20,
        11,
        27,
        40,
        52,
        5,
        17,
        45,
        32,
        4
    ],
    "lkh_gap_pct": 0.0
}