{
    "instance_name": "N60_D5_G100_clus_2",
    "n_customers": 60,
    "dimension": 5,
    "grid_size": 100,
    "optimal_cost": 876,
    "optimal_tour": [
        25,
        34,
        22,
        53,
        5,
        37,
        38,
        51,
        40,
        9,
        33,
        21,
        56,
        27,
        29,
        11,
        6,
        19,
        48,
        45,
        8,
        49,
        3,
        43,
        18,
        7,
        13,
        46,
        47,
        12,
        26,
        41,
        60,
        23,
        17,
        42,
        32,
        44,
        57,
        50,
        54,
        30,
        35,
        15,
        28,
        36,
        52,
        16,
        39,
        24,
        55,
        1,
        10,
        2,
        20,
        14,
        31,
        58,
        4,
        59
    ],
    "optimal_solver": "lkh",
    "instance_file_path": "c:\\TSP_ND_ML_Project\\instances\\N60_D5_G100_clus_2.json",
    "concorde_length": 876,
    "concorde_time_s": 1.3570544000249356,
    "concorde_tour": [
        1,
        10,
        2,
        20,
        14,
        31,
        58,
        4,
        59,
        25,
        34,
        22,
        53,
        5,
        37,
        38,
        51,
        40,
        9,
        33,
        21,
        56,
        27,
        29,
        11,
        6,
        19,
        48,
        45,
        8,
        49,
        3,
        43,
        18,
        7,
        13,
        46,
        47,
        12,
        26,
        41,
        60,
        23,
        17,
        42,
        32,
        44,
        57,
        50,
        54,
        30,
        35,
        15,
        28,
        36,
        52,
        16,
        39,
        24,
        55
    ],
    "lkh_length": 876,
    "lkh_time_s": 0.2949106000014581,
    "lkh_tour": [
        25,
        34,
        22,
        53,
        5,
        37,
        38,
        51,
        40,
        9,
        33,
        21,
        56,
        27,
        29,
        11,
        6,
        19,
        48,
        45,
        8,
        49,
        3,
        43,
        18,
        7,
        13,
        46,
        47,
        12,
        26,
        41,
        60,
        23,
        17,
        42,
        32,
        44,
        57,
        50,
        54,
        30,
        35,
        15,
        28,
        36,
        52,
        16,
        39,
        24,
        55,
        1,
        10,
        2,
        20,
        14,
        31,
        58,
        4,
        59
    ],
    "lkh_gap_pct": 0.0
}