{
    "instance_name": "N60_D3_G100_corn_5",
    "n_customers": 60,
    "dimension": 3,
    "grid_size": 100,
    "optimal_cost": 835,
    "optimal_tour": [
        52,
        20,
        4,
        34,
        6,
        46,
        37,
        36,
        31,
        14,
        33,
        21,
        18,
        19,
        26,
        7,
        1,
        3,
        42,
        8,
        28,
        56,
        22,
        51,
        48,
        13,
        17,
        24,
        32,
        29,
        12,
        59,
        15,
        40,
        9,
        23,
        60,
        49,
        53,
        41,
        39,
        57,
        35,
        50,
        16,
        43,
        55,
        58,
        10,
        2,
        47,
        25,
        44,
        54,
        11,
        38,
        30,
        45,
        5,
        27
    ],
    "optimal_solver": "lkh",
    "instance_file_path": "c:\\TSP_ND_ML_Project\\instances\\N60_D3_G100_corn_5.json",
    "concorde_length": 835,
    "concorde_time_s": 0.8552230000495911,
    "concorde_tour": [
        1,
        3,
        42,
        28,
        56,
        8,
        22,
        51,
        48,
        13,
        15,
        17,
        32,
        24,
        29,
        59,
        12,
        40,
        9,
        23,
        60,
        49,
        53,
        41,
        39,
        57,
        35,
        50,
        16,
        43,
        55,
        58,
        10,
        2,
        47,
        25,
        44,
        38,
        54,
        11,
        30,
        5,
        45,
        27,
        52,
        20,
        4,
        34,
        6,
        36,
        46,
        37,
        31,
        33,
        14,
        21,
        19,
        18,
        26,
        7
    ],
    "lkh_length": 835,
    "lkh_time_s": 2.1241655999911018,
    "lkh_tour": [
        52,
        20,
        4,
        34,
        6,
        46,
        37,
        36,
        31,
        14,
        33,
        21,
        18,
        19,
        26,
        7,
        1,
        3,
        42,
        8,
        28,
        56,
        22,
        51,
        48,
        13,
        17,
        24,
        32,
        29,
        12,
        59,
        15,
        40,
        9,
        23,
        60,
        49,
        53,
        41,
        39,
        57,
        35,
        50,
        16,
        43,
        55,
        58,
        10,
        2,
        47,
        25,
        44,
        54,
        11,
        38,
        30,
        45,
        5,
        27
    ],
    "lkh_gap_pct": 0.0
}