{
    "instance_name": "N60_D2_G10000_tria_4",
    "n_customers": 60,
    "dimension": 2,
    "grid_size": 10000,
    "optimal_cost": 64662,
    "optimal_tour": [
        45,
        43,
        1,
        18,
        35,
        13,
        16,
        14,
        60,
        59,
        56,
        36,
        22,
        32,
        30,
        26,
        5,
        52,
        38,
        58,
        55,
        29,
        10,
        46,
        8,
        48,
        2,
        50,
        12,
        24,
        4,
        47,
        21,
        51,
        25,
        19,
        23,
        37,
        33,
        27,
        40,
        15,
        6,
        54,
        11,
        34,
        41,
        28,
        7,
        39,
        53,
        44,
        57,
        42,
        9,
        31,
        3,
        20,
        17,
        49
    ],
    "optimal_solver": "lkh",
    "instance_file_path": "c:\\TSP_ND_ML_Project\\instances\\N60_D2_G10000_tria_4.json",
    "concorde_length": 64662,
    "concorde_time_s": 0.6634250000061002,
    "concorde_tour": [
        1,
        43,
        45,
        49,
        17,
        20,
        3,
        31,
        9,
        42,
        57,
        44,
        53,
        39,
        7,
        28,
        41,
        34,
        11,
        54,
        6,
        15,
        40,
        27,
        33,
        37,
        23,
        19,
        25,
        51,
        21,
        47,
        4,
        24,
        12,
        50,
        2,
        48,
        8,
        46,
        10,
        29,
        55,
        58,
        38,
        52,
        5,
        26,
        30,
        32,
        22,
        36,
        56,
        59,
        60,
        14,
        16,
        13,
        35,
        18
    ],
    "lkh_length": 64662,
    "lkh_time_s": 0.10763139999471605,
    "lkh_tour": [
        45,
        43,
        1,
        18,
        35,
        13,
        16,
        14,
        60,
        59,
        56,
        36,
        22,
        32,
        30,
        26,
        5,
        52,
        38,
        58,
        55,
        29,
        10,
        46,
        8,
        48,
        2,
        50,
        12,
        24,
        4,
        47,
        21,
        51,
        25,
        19,
        23,
        37,
        33,
        27,
        40,
        15,
        6,
        54,
        11,
        34,
        41,
        28,
        7,
        39,
        53,
        44,
        57,
        42,
        9,
        31,
        3,
        20,
        17,
        49
    ],
    "lkh_gap_pct": 0.0
}