{
    "instance_name": "N60_D2_G10000_pow_3",
    "n_customers": 60,
    "dimension": 2,
    "grid_size": 10000,
    "optimal_cost": 40000,
    "optimal_tour": [
        5,
        35,
        24,
        41,
        17,
        18,
        30,
        29,
        16,
        4,
        27,
        45,
        48,
        8,
        12,
        9,
        37,
        52,
        19,
        58,
        6,
        40,
        59,
        1,
        32,
        3,
        7,
        49,
        2,
        23,
        11,
        42,
        51,
        28,
        44,
        39,
        26,
        34,
        43,
        36,
        53,
        47,
        50,
        25,
        14,
        10,
        13,
        54,
        56,
        31,
        22,
        38,
        55,
        15,
        60,
        21,
        20,
        33,
        46,
        57
    ],
    "optimal_solver": "lkh",
    "instance_file_path": "c:\\TSP_ND_ML_Project\\instances\\N60_D2_G10000_pow_3.json",
    "concorde_length": 40000,
    "concorde_time_s": 2.718196200003149,
    "concorde_tour": [
        1,
        7,
        8,
        19,
        37,
        32,
        49,
        59,
        48,
        58,
        52,
        40,
        12,
        57,
        35,
        30,
        24,
        16,
        5,
        17,
        29,
        45,
        41,
        27,
        18,
        4,
        55,
        38,
        22,
        14,
        60,
        54,
        56,
        21,
        33,
        10,
        15,
        13,
        20,
        31,
        46,
        39,
        47,
        51,
        43,
        53,
        44,
        36,
        34,
        42,
        50,
        2,
        26,
        23,
        28,
        11,
        25,
        3,
        9,
        6
    ],
    "lkh_length": 40000,
    "lkh_time_s": 2.4315278999856673,
    "lkh_tour": [
        5,
        35,
        24,
        41,
        17,
        18,
        30,
        29,
        16,
        4,
        27,
        45,
        48,
        8,
        12,
        9,
        37,
        52,
        19,
        58,
        6,
        40,
        59,
        1,
        32,
        3,
        7,
        49,
        2,
        23,
        11,
        42,
        51,
        28,
        44,
        39,
        26,
        34,
        43,
        36,
        53,
        47,
        50,
        25,
        14,
        10,
        13,
        54,
        56,
        31,
        22,
        38,
        55,
        15,
        60,
        21,
        20,
        33,
        46,
        57
    ],
    "lkh_gap_pct": 0.0
}