{
    "instance_name": "N60_D2_G1000_clus_6",
    "n_customers": 60,
    "dimension": 2,
    "grid_size": 1000,
    "optimal_cost": 2608,
    "optimal_tour": [
        2,
        11,
        31,
        18,
        39,
        6,
        44,
        45,
        30,
        50,
        58,
        24,
        52,
        35,
        55,
        48,
        43,
        53,
        47,
        16,
        41,
        40,
        7,
        20,
        34,
        51,
        12,
        25,
        28,
        27,
        33,
        21,
        22,
        32,
        36,
        60,
        1,
        9,
        13,
        15,
        19,
        46,
        17,
        8,
        38,
        23,
        4,
        26,
        59,
        10,
        49,
        57,
        56,
        42,
        3,
        29,
        5,
        14,
        37,
        54
    ],
    "optimal_solver": "lkh",
    "instance_file_path": "c:\\TSP_ND_ML_Project\\instances\\N60_D2_G1000_clus_6.json",
    "concorde_length": 2608,
    "concorde_time_s": 1.1711587000172585,
    "concorde_tour": [
        1,
        60,
        36,
        32,
        22,
        21,
        33,
        27,
        28,
        25,
        12,
        51,
        34,
        20,
        7,
        40,
        41,
        16,
        47,
        53,
        43,
        48,
        55,
        35,
        52,
        24,
        58,
        50,
        30,
        45,
        44,
        11,
        6,
        39,
        18,
        31,
        2,
        54,
        37,
        14,
        5,
        29,
        3,
        42,
        56,
        57,
        49,
        10,
        59,
        26,
        4,
        23,
        38,
        8,
        17,
        46,
        19,
        15,
        13,
        9
    ],
    "lkh_length": 2608,
    "lkh_time_s": 0.19029619998764247,
    "lkh_tour": [
        2,
        11,
        31,
        18,
        39,
        6,
        44,
        45,
        30,
        50,
        58,
        24,
        52,
        35,
        55,
        48,
        43,
        53,
        47,
        16,
        41,
        40,
        7,
        20,
        34,
        51,
        12,
        25,
        28,
        27,
        33,
        21,
        22,
        32,
        36,
        60,
        1,
        9,
        13,
        15,
        19,
        46,
        17,
        8,
        38,
        23,
        4,
        26,
        59,
        10,
        49,
        57,
        56,
        42,
        3,
        29,
        5,
        14,
        37,
        54
    ],
    "lkh_gap_pct": 0.0
}