{
    "instance_name": "N60_D4_G100_clus_5",
    "n_customers": 60,
    "dimension": 4,
    "grid_size": 100,
    "optimal_cost": 1039,
    "optimal_tour": [
        60,
        2,
        18,
        11,
        24,
        8,
        4,
        59,
        38,
        20,
        48,
        7,
        22,
        3,
        51,
        35,
        46,
        32,
        19,
        23,
        37,
        45,
        29,
        14,
        58,
        40,
        39,
        33,
        21,
        31,
        17,
        42,
        41,
        25,
        30,
        16,
        47,
        52,
        26,
        55,
        36,
        49,
        27,
        28,
        44,
        54,
        9,
        6,
        10,
        34,
        1,
        5,
        43,
        13,
        50,
        15,
        56,
        57,
        53,
        12
    ],
    "optimal_solver": "lkh",
    "instance_file_path": "c:\\TSP_ND_ML_Project\\instances\\N60_D4_G100_clus_5.json",
    "concorde_length": 1039,
    "concorde_time_s": 0.8680089000263251,
    "concorde_tour": [
        1,
        5,
        43,
        13,
        50,
        15,
        56,
        57,
        53,
        12,
        60,
        2,
        18,
        11,
        24,
        8,
        4,
        59,
        38,
        20,
        48,
        7,
        22,
        3,
        51,
        35,
        46,
        32,
        19,
        23,
        37,
        45,
        29,
        14,
        58,
        40,
        39,
        33,
        21,
        31,
        17,
        42,
        41,
        25,
        30,
        16,
        47,
        52,
        26,
        55,
        36,
        27,
        49,
        28,
        44,
        54,
        9,
        6,
        10,
        34
    ],
    "lkh_length": 1039,
    "lkh_time_s": 0.15111430000979453,
    "lkh_tour": [
        60,
        2,
        18,
        11,
        24,
        8,
        4,
        59,
        38,
        20,
        48,
        7,
        22,
        3,
        51,
        35,
        46,
        32,
        19,
        23,
        37,
        45,
        29,
        14,
        58,
        40,
        39,
        33,
        21,
        31,
        17,
        42,
        41,
        25,
        30,
        16,
        47,
        52,
        26,
        55,
        36,
        49,
        27,
        28,
        44,
        54,
        9,
        6,
        10,
        34,
        1,
        5,
        43,
        13,
        50,
        15,
        56,
        57,
        53,
        12
    ],
    "lkh_gap_pct": 0.0
}