{
    "instance_name": "N60_D2_G100_grid_9",
    "n_customers": 60,
    "dimension": 2,
    "grid_size": 100,
    "optimal_cost": 557,
    "optimal_tour": [
        7,
        29,
        49,
        56,
        30,
        3,
        38,
        55,
        45,
        19,
        13,
        48,
        60,
        9,
        59,
        39,
        46,
        47,
        6,
        31,
        58,
        37,
        32,
        20,
        27,
        36,
        44,
        25,
        11,
        21,
        24,
        57,
        16,
        51,
        40,
        33,
        22,
        34,
        2,
        12,
        8,
        54,
        1,
        42,
        26,
        53,
        50,
        41,
        4,
        43,
        17,
        18,
        15,
        23,
        5,
        14,
        35,
        10,
        28,
        52
    ],
    "optimal_solver": "lkh",
    "instance_file_path": "c:\\TSP_ND_ML_Project\\instances\\N60_D2_G100_grid_9.json",
    "concorde_length": 557,
    "concorde_time_s": 0.5129664999840315,
    "concorde_tour": [
        1,
        54,
        8,
        12,
        2,
        34,
        22,
        33,
        40,
        51,
        16,
        57,
        24,
        21,
        11,
        25,
        44,
        36,
        27,
        20,
        32,
        37,
        58,
        31,
        6,
        47,
        46,
        39,
        59,
        9,
        60,
        48,
        13,
        19,
        45,
        55,
        38,
        3,
        30,
        56,
        49,
        29,
        7,
        52,
        28,
        10,
        35,
        14,
        5,
        23,
        15,
        18,
        17,
        43,
        4,
        41,
        50,
        53,
        26,
        42
    ],
    "lkh_length": 557,
    "lkh_time_s": 0.14091049999115057,
    "lkh_tour": [
        7,
        29,
        49,
        56,
        30,
        3,
        38,
        55,
        45,
        19,
        13,
        48,
        60,
        9,
        59,
        39,
        46,
        47,
        6,
        31,
        58,
        37,
        32,
        20,
        27,
        36,
        44,
        25,
        11,
        21,
        24,
        57,
        16,
        51,
        40,
        33,
        22,
        34,
        2,
        12,
        8,
        54,
        1,
        42,
        26,
        53,
        50,
        41,
        4,
        43,
        17,
        18,
        15,
        23,
        5,
        14,
        35,
        10,
        28,
        52
    ],
    "lkh_gap_pct": 0.0
}