{
    "instance_name": "N60_D3_G10000_tria_3",
    "n_customers": 60,
    "dimension": 3,
    "grid_size": 10000,
    "optimal_cost": 130092,
    "optimal_tour": [
        26,
        10,
        12,
        47,
        38,
        19,
        29,
        28,
        24,
        3,
        30,
        48,
        54,
        2,
        11,
        39,
        7,
        22,
        25,
        58,
        55,
        46,
        21,
        14,
        52,
        1,
        31,
        60,
        13,
        8,
        27,
        34,
        44,
        57,
        9,
        20,
        51,
        53,
        56,
        23,
        59,
        32,
        35,
        17,
        16,
        33,
        41,
        45,
        5,
        40,
        42,
        15,
        6,
        4,
        36,
        43,
        37,
        50,
        49,
        18
    ],
    "optimal_solver": "lkh",
    "instance_file_path": "c:\\TSP_ND_ML_Project\\instances\\N60_D3_G10000_tria_3.json",
    "concorde_length": 130092,
    "concorde_time_s": 0.6143897000001743,
    "concorde_tour": [
        1,
        52,
        14,
        21,
        46,
        55,
        58,
        25,
        22,
        7,
        39,
        11,
        2,
        54,
        48,
        30,
        3,
        24,
        28,
        29,
        19,
        38,
        47,
        12,
        10,
        26,
        18,
        49,
        50,
        37,
        43,
        36,
        4,
        6,
        15,
        42,
        40,
        5,
        45,
        41,
        33,
        16,
        17,
        35,
        32,
        59,
        23,
        56,
        53,
        51,
        20,
        9,
        57,
        44,
        34,
        27,
        8,
        13,
        60,
        31
    ],
    "lkh_length": 130092,
    "lkh_time_s": 0.09663050004746765,
    "lkh_tour": [
        26,
        10,
        12,
        47,
        38,
        19,
        29,
        28,
        24,
        3,
        30,
        48,
        54,
        2,
        11,
        39,
        7,
        22,
        25,
        58,
        55,
        46,
        21,
        14,
        52,
        1,
        31,
        60,
        13,
        8,
        27,
        34,
        44,
        57,
        9,
        20,
        51,
        53,
        56,
        23,
        59,
        32,
        35,
        17,
        16,
        33,
        41,
        45,
        5,
        40,
        42,
        15,
        6,
        4,
        36,
        43,
        37,
        50,
        49,
        18
    ],
    "lkh_gap_pct": 0.0
}