{
    "instance_name": "N60_D2_G1000_pow_18",
    "n_customers": 60,
    "dimension": 2,
    "grid_size": 1000,
    "optimal_cost": 4000,
    "optimal_tour": [
        47,
        42,
        60,
        38,
        50,
        14,
        27,
        31,
        43,
        17,
        32,
        1,
        30,
        29,
        28,
        8,
        3,
        34,
        49,
        5,
        20,
        10,
        6,
        19,
        46,
        18,
        11,
        22,
        16,
        54,
        25,
        51,
        21,
        2,
        53,
        39,
        56,
        37,
        12,
        44,
        36,
        23,
        57,
        26,
        41,
        33,
        24,
        15,
        45,
        59,
        52,
        58,
        7,
        48,
        35,
        13,
        4,
        40,
        9,
        55
    ],
    "optimal_solver": "lkh",
    "instance_file_path": "c:\\TSP_ND_ML_Project\\instances\\N60_D2_G1000_pow_18.json",
    "concorde_length": 4000,
    "concorde_time_s": 3.099838299996918,
    "concorde_tour": [
        1,
        14,
        31,
        40,
        55,
        47,
        43,
        60,
        50,
        42,
        10,
        8,
        3,
        6,
        16,
        22,
        34,
        49,
        29,
        46,
        54,
        20,
        30,
        18,
        28,
        19,
        11,
        5,
        53,
        56,
        51,
        25,
        2,
        39,
        37,
        21,
        12,
        26,
        36,
        41,
        52,
        44,
        33,
        15,
        23,
        35,
        24,
        7,
        59,
        58,
        45,
        57,
        48,
        38,
        32,
        27,
        17,
        13,
        9,
        4
    ],
    "lkh_length": 4000,
    "lkh_time_s": 3.2361225000058766,
    "lkh_tour": [
        47,
        42,
        60,
        38,
        50,
        14,
        27,
        31,
        43,
        17,
        32,
        1,
        30,
        29,
        28,
        8,
        3,
        34,
        49,
        5,
        20,
        10,
        6,
        19,
        46,
        18,
        11,
        22,
        16,
        54,
        25,
        51,
        21,
        2,
        53,
        39,
        56,
        37,
        12,
        44,
        36,
        23,
        57,
        26,
        41,
        33,
        24,
        15,
        45,
        59,
        52,
        58,
        7,
        48,
        35,
        13,
        4,
        40,
        9,
        55
    ],
    "lkh_gap_pct": 0.0
}