{
    "instance_name": "N60_D4_G100_clus_8",
    "n_customers": 60,
    "dimension": 4,
    "grid_size": 100,
    "optimal_cost": 803,
    "optimal_tour": [
        1,
        28,
        50,
        6,
        37,
        23,
        12,
        4,
        53,
        40,
        59,
        51,
        14,
        11,
        34,
        56,
        33,
        57,
        44,
        24,
        32,
        8,
        20,
        42,
        60,
        5,
        48,
        43,
        10,
        47,
        19,
        15,
        29,
        38,
        46,
        22,
        21,
        54,
        2,
        58,
        39,
        31,
        13,
        18,
        9,
        55,
        25,
        30,
        7,
        16,
        49,
        52,
        17,
        36,
        45,
        27,
        26,
        41,
        3,
        35
    ],
    "optimal_solver": "lkh",
    "instance_file_path": "c:\\TSP_ND_ML_Project\\instances\\N60_D4_G100_clus_8.json",
    "concorde_length": 803,
    "concorde_time_s": 0.7242999000009149,
    "concorde_tour": [
        1,
        35,
        3,
        41,
        26,
        27,
        45,
        36,
        17,
        52,
        49,
        16,
        7,
        30,
        25,
        55,
        9,
        18,
        13,
        31,
        39,
        58,
        2,
        21,
        54,
        22,
        46,
        38,
        29,
        15,
        19,
        47,
        10,
        43,
        48,
        5,
        60,
        42,
        20,
        8,
        32,
        24,
        44,
        57,
        33,
        56,
        34,
        11,
        14,
        51,
        59,
        40,
        53,
        4,
        12,
        23,
        37,
        6,
        50,
        28
    ],
    "lkh_length": 803,
    "lkh_time_s": 0.14431669999612495,
    "lkh_tour": [
        1,
        28,
        50,
        6,
        37,
        23,
        12,
        4,
        53,
        40,
        59,
        51,
        14,
        11,
        34,
        56,
        33,
        57,
        44,
        24,
        32,
        8,
        20,
        42,
        60,
        5,
        48,
        43,
        10,
        47,
        19,
        15,
        29,
        38,
        46,
        22,
        21,
        54,
        2,
        58,
        39,
        31,
        13,
        18,
        9,
        55,
        25,
        30,
        7,
        16,
        49,
        52,
        17,
        36,
        45,
        27,
        26,
        41,
        3,
        35
    ],
    "lkh_gap_pct": 0.0
}