{
    "instance_name": "N60_D3_G100_tria_9",
    "n_customers": 60,
    "dimension": 3,
    "grid_size": 100,
    "optimal_cost": 1311,
    "optimal_tour": [
        53,
        56,
        2,
        50,
        45,
        4,
        47,
        60,
        58,
        34,
        16,
        18,
        12,
        49,
        27,
        28,
        36,
        52,
        59,
        25,
        31,
        14,
        13,
        20,
        21,
        7,
        42,
        39,
        35,
        40,
        26,
        54,
        37,
        33,
        8,
        23,
        48,
        9,
        29,
        30,
        24,
        55,
        3,
        10,
        41,
        22,
        46,
        44,
        19,
        32,
        43,
        1,
        15,
        17,
        57,
        38,
        11,
        6,
        51,
        5
    ],
    "optimal_solver": "lkh",
    "instance_file_path": "c:\\TSP_ND_ML_Project\\instances\\N60_D3_G100_tria_9.json",
    "concorde_length": 1311,
    "concorde_time_s": 0.7430988000123762,
    "concorde_tour": [
        1,
        15,
        17,
        57,
        38,
        11,
        6,
        51,
        5,
        53,
        56,
        2,
        50,
        45,
        4,
        47,
        60,
        58,
        34,
        16,
        18,
        12,
        49,
        27,
        28,
        36,
        52,
        59,
        25,
        31,
        14,
        13,
        20,
        21,
        7,
        42,
        39,
        35,
        40,
        26,
        54,
        37,
        33,
        8,
        23,
        48,
        9,
        29,
        30,
        24,
        55,
        3,
        10,
        41,
        22,
        46,
        44,
        19,
        32,
        43
    ],
    "lkh_length": 1311,
    "lkh_time_s": 0.21015459997579455,
    "lkh_tour": [
        53,
        56,
        2,
        50,
        45,
        4,
        47,
        60,
        58,
        34,
        16,
        18,
        12,
        49,
        27,
        28,
        36,
        52,
        59,
        25,
        31,
        14,
        13,
        20,
        21,
        7,
        42,
        39,
        35,
        40,
        26,
        54,
        37,
        33,
        8,
        23,
        48,
        9,
        29,
        30,
        24,
        55,
        3,
        10,
        41,
        22,
        46,
        44,
        19,
        32,
        43,
        1,
        15,
        17,
        57,
        38,
        11,
        6,
        51,
        5
    ],
    "lkh_gap_pct": 0.0
}