{
    "instance_name": "N60_D4_G10000_norm_13",
    "n_customers": 60,
    "dimension": 4,
    "grid_size": 10000,
    "optimal_cost": 114476,
    "optimal_tour": [
        48,
        34,
        13,
        6,
        28,
        22,
        25,
        51,
        38,
        23,
        45,
        8,
        35,
        43,
        11,
        55,
        17,
        59,
        26,
        1,
        10,
        12,
        60,
        47,
        30,
        56,
        5,
        36,
        41,
        37,
        40,
        20,
        4,
        18,
        50,
        42,
        24,
        46,
        57,
        32,
        21,
        7,
        29,
        27,
        39,
        9,
        53,
        44,
        2,
        52,
        58,
        49,
        31,
        19,
        14,
        15,
        3,
        54,
        33,
        16
    ],
    "optimal_solver": "lkh",
    "instance_file_path": "c:\\TSP_ND_ML_Project\\instances\\N60_D4_G10000_norm_13.json",
    "concorde_length": 114476,
    "concorde_time_s": 0.704072599997744,
    "concorde_tour": [
        1,
        26,
        59,
        17,
        55,
        11,
        43,
        35,
        8,
        45,
        23,
        38,
        51,
        25,
        22,
        28,
        6,
        13,
        34,
        48,
        16,
        33,
        54,
        3,
        15,
        14,
        19,
        31,
        49,
        58,
        52,
        2,
        44,
        53,
        9,
        39,
        27,
        29,
        7,
        21,
        32,
        57,
        46,
        24,
        42,
        50,
        18,
        4,
        20,
        40,
        37,
        41,
        36,
        5,
        56,
        30,
        47,
        60,
        12,
        10
    ],
    "lkh_length": 114476,
    "lkh_time_s": 0.08925640000961721,
    "lkh_tour": [
        48,
        34,
        13,
        6,
        28,
        22,
        25,
        51,
        38,
        23,
        45,
        8,
        35,
        43,
        11,
        55,
        17,
        59,
        26,
        1,
        10,
        12,
        60,
        47,
        30,
        56,
        5,
        36,
        41,
        37,
        40,
        20,
        4,
        18,
        50,
        42,
        24,
        46,
        57,
        32,
        21,
        7,
        29,
        27,
        39,
        9,
        53,
        44,
        2,
        52,
        58,
        49,
        31,
        19,
        14,
        15,
        3,
        54,
        33,
        16
    ],
    "lkh_gap_pct": 0.0
}