{
    "instance_name": "N60_D5_G100_norm_9",
    "n_customers": 60,
    "dimension": 5,
    "grid_size": 100,
    "optimal_cost": 1504,
    "optimal_tour": [
        19,
        11,
        22,
        37,
        14,
        40,
        4,
        54,
        27,
        16,
        49,
        44,
        28,
        34,
        60,
        48,
        26,
        47,
        10,
        2,
        52,
        17,
        6,
        45,
        58,
        31,
        46,
        29,
        41,
        24,
        23,
        8,
        13,
        33,
        12,
        35,
        38,
        57,
        39,
        36,
        43,
        55,
        7,
        53,
        9,
        59,
        1,
        51,
        25,
        32,
        42,
        21,
        20,
        15,
        30,
        3,
        50,
        56,
        18,
        5
    ],
    "optimal_solver": "lkh",
    "instance_file_path": "c:\\TSP_ND_ML_Project\\instances\\N60_D5_G100_norm_9.json",
    "concorde_length": 1504,
    "concorde_time_s": 1.0760486999643035,
    "concorde_tour": [
        1,
        51,
        25,
        32,
        42,
        21,
        20,
        15,
        30,
        3,
        50,
        56,
        18,
        5,
        19,
        11,
        22,
        37,
        14,
        40,
        4,
        54,
        27,
        16,
        49,
        44,
        28,
        34,
        60,
        48,
        26,
        47,
        10,
        2,
        52,
        17,
        6,
        45,
        58,
        31,
        46,
        29,
        41,
        24,
        23,
        8,
        13,
        33,
        12,
        35,
        38,
        57,
        39,
        36,
        43,
        55,
        7,
        53,
        9,
        59
    ],
    "lkh_length": 1504,
    "lkh_time_s": 0.11163460003444925,
    "lkh_tour": [
        19,
        11,
        22,
        37,
        14,
        40,
        4,
        54,
        27,
        16,
        49,
        44,
        28,
        34,
        60,
        48,
        26,
        47,
        10,
        2,
        52,
        17,
        6,
        45,
        58,
        31,
        46,
        29,
        41,
        24,
        23,
        8,
        13,
        33,
        12,
        35,
        38,
        57,
        39,
        36,
        43,
        55,
        7,
        53,
        9,
        59,
        1,
        51,
        25,
        32,
        42,
        21,
        20,
        15,
        30,
        3,
        50,
        56,
        18,
        5
    ],
    "lkh_gap_pct": 0.0
}