{
    "instance_name": "N60_D3_G1000_clus_12",
    "n_customers": 60,
    "dimension": 3,
    "grid_size": 1000,
    "optimal_cost": 6835,
    "optimal_tour": [
        53,
        29,
        4,
        24,
        46,
        15,
        20,
        22,
        48,
        17,
        47,
        3,
        34,
        50,
        5,
        19,
        14,
        27,
        39,
        9,
        52,
        16,
        7,
        21,
        51,
        41,
        59,
        42,
        55,
        35,
        57,
        2,
        28,
        45,
        36,
        40,
        32,
        1,
        6,
        54,
        30,
        37,
        12,
        8,
        26,
        56,
        10,
        58,
        33,
        43,
        25,
        11,
        13,
        31,
        60,
        18,
        38,
        23,
        44,
        49
    ],
    "optimal_solver": "lkh",
    "instance_file_path": "c:\\TSP_ND_ML_Project\\instances\\N60_D3_G1000_clus_12.json",
    "concorde_length": 6835,
    "concorde_time_s": 1.3829077999689616,
    "concorde_tour": [
        1,
        6,
        54,
        30,
        37,
        12,
        8,
        26,
        56,
        10,
        58,
        33,
        43,
        25,
        11,
        13,
        31,
        60,
        18,
        38,
        23,
        44,
        49,
        53,
        29,
        4,
        24,
        46,
        15,
        20,
        22,
        48,
        17,
        47,
        3,
        34,
        50,
        5,
        19,
        14,
        27,
        39,
        9,
        52,
        16,
        7,
        21,
        51,
        41,
        59,
        42,
        55,
        35,
        57,
        2,
        28,
        45,
        36,
        40,
        32
    ],
    "lkh_length": 6835,
    "lkh_time_s": 0.12149029999272898,
    "lkh_tour": [
        53,
        29,
        4,
        24,
        46,
        15,
        20,
        22,
        48,
        17,
        47,
        3,
        34,
        50,
        5,
        19,
        14,
        27,
        39,
        9,
        52,
        16,
        7,
        21,
        51,
        41,
        59,
        42,
        55,
        35,
        57,
        2,
        28,
        45,
        36,
        40,
        32,
        1,
        6,
        54,
        30,
        37,
        12,
        8,
        26,
        56,
        10,
        58,
        33,
        43,
        25,
        11,
        13,
        31,
        60,
        18,
        38,
        23,
        44,
        49
    ],
    "lkh_gap_pct": 0.0
}