{
    "instance_name": "N60_D2_G100_tria_15",
    "n_customers": 60,
    "dimension": 2,
    "grid_size": 100,
    "optimal_cost": 665,
    "optimal_tour": [
        10,
        14,
        44,
        9,
        54,
        22,
        17,
        28,
        43,
        55,
        60,
        47,
        13,
        30,
        48,
        3,
        4,
        5,
        38,
        50,
        8,
        59,
        27,
        33,
        20,
        42,
        53,
        24,
        41,
        25,
        36,
        58,
        45,
        57,
        32,
        37,
        19,
        6,
        34,
        56,
        49,
        21,
        52,
        16,
        51,
        2,
        35,
        1,
        23,
        15,
        7,
        18,
        39,
        40,
        26,
        31,
        11,
        29,
        46,
        12
    ],
    "optimal_solver": "lkh",
    "instance_file_path": "c:\\TSP_ND_ML_Project\\instances\\N60_D2_G100_tria_15.json",
    "concorde_length": 665,
    "concorde_time_s": 0.5721036000177264,
    "concorde_tour": [
        1,
        35,
        2,
        51,
        16,
        52,
        21,
        49,
        56,
        34,
        6,
        19,
        37,
        57,
        32,
        45,
        58,
        36,
        25,
        24,
        41,
        53,
        42,
        20,
        33,
        27,
        59,
        8,
        50,
        38,
        5,
        4,
        3,
        48,
        30,
        13,
        60,
        47,
        55,
        43,
        28,
        17,
        22,
        54,
        9,
        44,
        14,
        10,
        12,
        46,
        29,
        11,
        31,
        26,
        40,
        39,
        18,
        7,
        15,
        23
    ],
    "lkh_length": 665,
    "lkh_time_s": 0.5421669000061229,
    "lkh_tour": [
        10,
        14,
        44,
        9,
        54,
        22,
        17,
        28,
        43,
        55,
        60,
        47,
        13,
        30,
        48,
        3,
        4,
        5,
        38,
        50,
        8,
        59,
        27,
        33,
        20,
        42,
        53,
        24,
        41,
        25,
        36,
        58,
        45,
        57,
        32,
        37,
        19,
        6,
        34,
        56,
        49,
        21,
        52,
        16,
        51,
        2,
        35,
        1,
        23,
        15,
        7,
        18,
        39,
        40,
        26,
        31,
        11,
        29,
        46,
        12
    ],
    "lkh_gap_pct": 0.0
}