{
    "instance_name": "N60_D5_G100_pow_19",
    "n_customers": 60,
    "dimension": 5,
    "grid_size": 100,
    "optimal_cost": 2941,
    "optimal_tour": [
        21,
        48,
        33,
        57,
        25,
        43,
        15,
        32,
        53,
        22,
        18,
        19,
        8,
        31,
        34,
        46,
        23,
        11,
        17,
        54,
        51,
        60,
        9,
        42,
        38,
        29,
        26,
        27,
        47,
        50,
        52,
        37,
        4,
        36,
        58,
        20,
        16,
        35,
        13,
        39,
        1,
        3,
        5,
        28,
        41,
        59,
        45,
        30,
        12,
        14,
        55,
        49,
        56,
        24,
        7,
        40,
        10,
        44,
        6,
        2
    ],
    "optimal_solver": "lkh",
    "instance_file_path": "c:\\TSP_ND_ML_Project\\instances\\N60_D5_G100_pow_19.json",
    "concorde_length": 2941,
    "concorde_time_s": 0.7194538000039756,
    "concorde_tour": [
        1,
        39,
        28,
        41,
        9,
        38,
        42,
        29,
        26,
        2,
        21,
        6,
        27,
        17,
        54,
        60,
        51,
        47,
        50,
        52,
        37,
        4,
        36,
        58,
        59,
        45,
        30,
        12,
        14,
        46,
        23,
        11,
        15,
        53,
        32,
        25,
        43,
        57,
        33,
        48,
        34,
        8,
        31,
        55,
        56,
        49,
        24,
        7,
        44,
        40,
        10,
        13,
        20,
        35,
        16,
        22,
        19,
        18,
        5,
        3
    ],
    "lkh_length": 2941,
    "lkh_time_s": 3.23467089998303,
    "lkh_tour": [
        21,
        48,
        33,
        57,
        25,
        43,
        15,
        32,
        53,
        22,
        18,
        19,
        8,
        31,
        34,
        46,
        23,
        11,
        17,
        54,
        51,
        60,
        9,
        42,
        38,
        29,
        26,
        27,
        47,
        50,
        52,
        37,
        4,
        36,
        58,
        20,
        16,
        35,
        13,
        39,
        1,
        3,
        5,
        28,
        41,
        59,
        45,
        30,
        12,
        14,
        55,
        49,
        56,
        24,
        7,
        40,
        10,
        44,
        6,
        2
    ],
    "lkh_gap_pct": 0.0
}