{
    "instance_name": "N60_D4_G10000_tria_11",
    "n_customers": 60,
    "dimension": 4,
    "grid_size": 10000,
    "optimal_cost": 198899,
    "optimal_tour": [
        55,
        30,
        24,
        12,
        40,
        23,
        53,
        16,
        38,
        60,
        15,
        43,
        17,
        13,
        42,
        14,
        20,
        32,
        56,
        36,
        10,
        3,
        41,
        18,
        39,
        28,
        47,
        59,
        26,
        51,
        22,
        50,
        44,
        4,
        48,
        31,
        9,
        49,
        52,
        19,
        58,
        5,
        45,
        54,
        46,
        57,
        21,
        2,
        7,
        1,
        6,
        29,
        37,
        34,
        25,
        11,
        33,
        27,
        8,
        35
    ],
    "optimal_solver": "lkh",
    "instance_file_path": "c:\\TSP_ND_ML_Project\\instances\\N60_D4_G10000_tria_11.json",
    "concorde_length": 198899,
    "concorde_time_s": 1.4155051999841817,
    "concorde_tour": [
        1,
        7,
        2,
        21,
        57,
        46,
        54,
        45,
        5,
        58,
        19,
        52,
        49,
        9,
        31,
        48,
        4,
        44,
        50,
        22,
        51,
        26,
        59,
        47,
        28,
        39,
        18,
        41,
        3,
        10,
        36,
        56,
        32,
        20,
        14,
        42,
        13,
        17,
        43,
        15,
        60,
        38,
        16,
        53,
        23,
        40,
        12,
        24,
        30,
        55,
        35,
        8,
        27,
        33,
        11,
        25,
        34,
        37,
        29,
        6
    ],
    "lkh_length": 198899,
    "lkh_time_s": 0.1182989000226371,
    "lkh_tour": [
        55,
        30,
        24,
        12,
        40,
        23,
        53,
        16,
        38,
        60,
        15,
        43,
        17,
        13,
        42,
        14,
        20,
        32,
        56,
        36,
        10,
        3,
        41,
        18,
        39,
        28,
        47,
        59,
        26,
        51,
        22,
        50,
        44,
        4,
        48,
        31,
        9,
        49,
        52,
        19,
        58,
        5,
        45,
        54,
        46,
        57,
        21,
        2,
        7,
        1,
        6,
        29,
        37,
        34,
        25,
        11,
        33,
        27,
        8,
        35
    ],
    "lkh_gap_pct": 0.0
}