{
    "instance_name": "N60_D2_G10000_tria_5",
    "n_customers": 60,
    "dimension": 2,
    "grid_size": 10000,
    "optimal_cost": 62888,
    "optimal_tour": [
        44,
        43,
        17,
        11,
        23,
        54,
        2,
        34,
        15,
        57,
        37,
        39,
        24,
        59,
        16,
        18,
        29,
        35,
        41,
        47,
        53,
        50,
        14,
        25,
        45,
        55,
        28,
        4,
        22,
        33,
        7,
        21,
        6,
        58,
        51,
        42,
        38,
        1,
        30,
        31,
        48,
        19,
        27,
        10,
        36,
        8,
        9,
        56,
        49,
        60,
        3,
        13,
        12,
        5,
        52,
        26,
        20,
        46,
        32,
        40
    ],
    "optimal_solver": "lkh",
    "instance_file_path": "c:\\TSP_ND_ML_Project\\instances\\N60_D2_G10000_tria_5.json",
    "concorde_length": 62888,
    "concorde_time_s": 0.41655439999885857,
    "concorde_tour": [
        1,
        30,
        31,
        48,
        19,
        27,
        10,
        36,
        8,
        9,
        56,
        49,
        60,
        3,
        13,
        12,
        5,
        52,
        26,
        20,
        46,
        32,
        40,
        44,
        43,
        17,
        11,
        23,
        54,
        2,
        34,
        15,
        57,
        37,
        39,
        24,
        59,
        16,
        18,
        29,
        35,
        41,
        47,
        53,
        50,
        14,
        25,
        45,
        55,
        28,
        4,
        22,
        33,
        7,
        21,
        6,
        58,
        51,
        42,
        38
    ],
    "lkh_length": 62888,
    "lkh_time_s": 0.23659030001726933,
    "lkh_tour": [
        44,
        43,
        17,
        11,
        23,
        54,
        2,
        34,
        15,
        57,
        37,
        39,
        24,
        59,
        16,
        18,
        29,
        35,
        41,
        47,
        53,
        50,
        14,
        25,
        45,
        55,
        28,
        4,
        22,
        33,
        7,
        21,
        6,
        58,
        51,
        42,
        38,
        1,
        30,
        31,
        48,
        19,
        27,
        10,
        36,
        8,
        9,
        56,
        49,
        60,
        3,
        13,
        12,
        5,
        52,
        26,
        20,
        46,
        32,
        40
    ],
    "lkh_gap_pct": 0.0
}