{
    "instance_name": "N60_D5_G10000_grid_8",
    "n_customers": 60,
    "dimension": 5,
    "grid_size": 10000,
    "optimal_cost": 242859,
    "optimal_tour": [
        1,
        16,
        51,
        53,
        32,
        24,
        2,
        7,
        48,
        35,
        8,
        37,
        36,
        52,
        59,
        11,
        40,
        23,
        41,
        6,
        58,
        5,
        12,
        55,
        13,
        14,
        26,
        22,
        38,
        4,
        43,
        29,
        57,
        18,
        28,
        47,
        3,
        19,
        25,
        56,
        30,
        21,
        46,
        45,
        10,
        44,
        15,
        60,
        9,
        27,
        49,
        50,
        17,
        20,
        33,
        34,
        42,
        54,
        31,
        39
    ],
    "optimal_solver": "lkh",
    "instance_file_path": "c:\\TSP_ND_ML_Project\\instances\\N60_D5_G10000_grid_8.json",
    "concorde_length": 242859,
    "concorde_time_s": 3.0449989999760874,
    "concorde_tour": [
        1,
        39,
        31,
        54,
        42,
        34,
        33,
        20,
        17,
        50,
        49,
        27,
        9,
        60,
        15,
        44,
        10,
        45,
        46,
        21,
        30,
        56,
        25,
        19,
        3,
        47,
        28,
        18,
        57,
        29,
        43,
        4,
        38,
        22,
        26,
        14,
        13,
        55,
        12,
        5,
        58,
        6,
        41,
        23,
        40,
        11,
        59,
        52,
        36,
        37,
        8,
        35,
        48,
        7,
        2,
        24,
        32,
        53,
        51,
        16
    ],
    "lkh_length": 242859,
    "lkh_time_s": 0.25382470001932234,
    "lkh_tour": [
        1,
        16,
        51,
        53,
        32,
        24,
        2,
        7,
        48,
        35,
        8,
        37,
        36,
        52,
        59,
        11,
        40,
        23,
        41,
        6,
        58,
        5,
        12,
        55,
        13,
        14,
        26,
        22,
        38,
        4,
        43,
        29,
        57,
        18,
        28,
        47,
        3,
        19,
        25,
        56,
        30,
        21,
        46,
        45,
        10,
        44,
        15,
        60,
        9,
        27,
        49,
        50,
        17,
        20,
        33,
        34,
        42,
        54,
        31,
        39
    ],
    "lkh_gap_pct": 0.0
}