{
    "instance_name": "N60_D3_G100_norm_20",
    "n_customers": 60,
    "dimension": 3,
    "grid_size": 100,
    "optimal_cost": 906,
    "optimal_tour": [
        28,
        7,
        37,
        32,
        1,
        5,
        26,
        27,
        46,
        29,
        38,
        24,
        17,
        51,
        16,
        58,
        34,
        35,
        36,
        14,
        42,
        41,
        49,
        43,
        33,
        31,
        9,
        48,
        45,
        60,
        13,
        39,
        21,
        20,
        59,
        57,
        19,
        47,
        25,
        56,
        30,
        11,
        23,
        15,
        50,
        22,
        52,
        2,
        54,
        53,
        44,
        18,
        12,
        55,
        8,
        6,
        10,
        40,
        4,
        3
    ],
    "optimal_solver": "lkh",
    "instance_file_path": "c:\\TSP_ND_ML_Project\\instances\\N60_D3_G100_norm_20.json",
    "concorde_length": 906,
    "concorde_time_s": 0.7485373000381514,
    "concorde_tour": [
        1,
        32,
        37,
        7,
        28,
        3,
        4,
        40,
        10,
        6,
        8,
        55,
        12,
        18,
        44,
        53,
        54,
        2,
        52,
        22,
        50,
        15,
        23,
        11,
        30,
        56,
        25,
        47,
        19,
        57,
        59,
        20,
        21,
        39,
        13,
        60,
        45,
        48,
        9,
        31,
        33,
        43,
        49,
        41,
        42,
        14,
        36,
        35,
        34,
        58,
        16,
        51,
        17,
        24,
        38,
        29,
        46,
        27,
        26,
        5
    ],
    "lkh_length": 906,
    "lkh_time_s": 0.12622070003999397,
    "lkh_tour": [
        28,
        7,
        37,
        32,
        1,
        5,
        26,
        27,
        46,
        29,
        38,
        24,
        17,
        51,
        16,
        58,
        34,
        35,
        36,
        14,
        42,
        41,
        49,
        43,
        33,
        31,
        9,
        48,
        45,
        60,
        13,
        39,
        21,
        20,
        59,
        57,
        19,
        47,
        25,
        56,
        30,
        11,
        23,
        15,
        50,
        22,
        52,
        2,
        54,
        53,
        44,
        18,
        12,
        55,
        8,
        6,
        10,
        40,
        4,
        3
    ],
    "lkh_gap_pct": 0.0
}