{
    "instance_name": "N60_D5_G100_corr_13",
    "n_customers": 60,
    "dimension": 5,
    "grid_size": 100,
    "optimal_cost": 1150,
    "optimal_tour": [
        37,
        56,
        21,
        12,
        47,
        7,
        31,
        43,
        30,
        13,
        15,
        9,
        32,
        40,
        18,
        25,
        35,
        11,
        51,
        53,
        58,
        39,
        26,
        57,
        22,
        17,
        4,
        10,
        2,
        6,
        33,
        60,
        50,
        14,
        38,
        49,
        24,
        5,
        23,
        59,
        44,
        16,
        34,
        20,
        1,
        8,
        54,
        41,
        48,
        46,
        29,
        42,
        3,
        27,
        36,
        45,
        28,
        55,
        52,
        19
    ],
    "optimal_solver": "lkh",
    "instance_file_path": "c:\\TSP_ND_ML_Project\\instances\\N60_D5_G100_corr_13.json",
    "concorde_length": 1150,
    "concorde_time_s": 1.4443379999720491,
    "concorde_tour": [
        1,
        20,
        34,
        16,
        44,
        59,
        23,
        5,
        24,
        49,
        46,
        48,
        29,
        27,
        36,
        45,
        28,
        55,
        52,
        19,
        37,
        56,
        21,
        12,
        47,
        7,
        31,
        43,
        30,
        13,
        15,
        40,
        32,
        9,
        18,
        25,
        35,
        11,
        51,
        53,
        58,
        39,
        26,
        57,
        22,
        17,
        4,
        10,
        2,
        6,
        33,
        60,
        50,
        14,
        38,
        42,
        3,
        41,
        54,
        8
    ],
    "lkh_length": 1150,
    "lkh_time_s": 0.12152990000322461,
    "lkh_tour": [
        37,
        56,
        21,
        12,
        47,
        7,
        31,
        43,
        30,
        13,
        15,
        9,
        32,
        40,
        18,
        25,
        35,
        11,
        51,
        53,
        58,
        39,
        26,
        57,
        22,
        17,
        4,
        10,
        2,
        6,
        33,
        60,
        50,
        14,
        38,
        49,
        24,
        5,
        23,
        59,
        44,
        16,
        34,
        20,
        1,
        8,
        54,
        41,
        48,
        46,
        29,
        42,
        3,
        27,
        36,
        45,
        28,
        55,
        52,
        19
    ],
    "lkh_gap_pct": 0.0
}