{
    "instance_name": "N60_D5_G100_tria_15",
    "n_customers": 60,
    "dimension": 5,
    "grid_size": 100,
    "optimal_cost": 2822,
    "optimal_tour": [
        3,
        49,
        47,
        42,
        56,
        24,
        55,
        28,
        51,
        36,
        19,
        32,
        6,
        15,
        58,
        5,
        54,
        38,
        10,
        31,
        21,
        27,
        22,
        14,
        18,
        34,
        30,
        33,
        35,
        48,
        52,
        2,
        44,
        26,
        40,
        1,
        17,
        25,
        20,
        41,
        29,
        7,
        46,
        59,
        11,
        39,
        37,
        13,
        4,
        53,
        16,
        43,
        50,
        12,
        23,
        45,
        60,
        57,
        9,
        8
    ],
    "optimal_solver": "lkh",
    "instance_file_path": "c:\\TSP_ND_ML_Project\\instances\\N60_D5_G100_tria_15.json",
    "concorde_length": 2822,
    "concorde_time_s": 3.49063280003611,
    "concorde_tour": [
        1,
        40,
        26,
        44,
        2,
        52,
        48,
        35,
        33,
        30,
        34,
        18,
        14,
        22,
        27,
        21,
        31,
        10,
        38,
        54,
        5,
        58,
        15,
        6,
        32,
        19,
        36,
        51,
        28,
        55,
        24,
        56,
        42,
        47,
        49,
        3,
        8,
        9,
        57,
        60,
        45,
        23,
        12,
        50,
        43,
        16,
        53,
        4,
        13,
        37,
        39,
        11,
        59,
        46,
        7,
        29,
        41,
        20,
        25,
        17
    ],
    "lkh_length": 2822,
    "lkh_time_s": 0.07586930005345494,
    "lkh_tour": [
        3,
        49,
        47,
        42,
        56,
        24,
        55,
        28,
        51,
        36,
        19,
        32,
        6,
        15,
        58,
        5,
        54,
        38,
        10,
        31,
        21,
        27,
        22,
        14,
        18,
        34,
        30,
        33,
        35,
        48,
        52,
        2,
        44,
        26,
        40,
        1,
        17,
        25,
        20,
        41,
        29,
        7,
        46,
        59,
        11,
        39,
        37,
        13,
        4,
        53,
        16,
        43,
        50,
        12,
        23,
        45,
        60,
        57,
        9,
        8
    ],
    "lkh_gap_pct": 0.0
}