{
    "instance_name": "N60_D3_G100_norm_16",
    "n_customers": 60,
    "dimension": 3,
    "grid_size": 100,
    "optimal_cost": 776,
    "optimal_tour": [
        5,
        6,
        16,
        45,
        14,
        15,
        60,
        24,
        35,
        2,
        32,
        51,
        59,
        21,
        57,
        55,
        26,
        3,
        30,
        29,
        41,
        11,
        7,
        48,
        33,
        10,
        50,
        42,
        56,
        43,
        22,
        27,
        8,
        44,
        34,
        20,
        49,
        4,
        28,
        25,
        12,
        36,
        37,
        54,
        46,
        58,
        31,
        47,
        9,
        53,
        17,
        13,
        52,
        18,
        23,
        40,
        38,
        19,
        39,
        1
    ],
    "optimal_solver": "lkh",
    "instance_file_path": "c:\\TSP_ND_ML_Project\\instances\\N60_D3_G100_norm_16.json",
    "concorde_length": 776,
    "concorde_time_s": 0.9186874000006355,
    "concorde_tour": [
        1,
        5,
        6,
        16,
        45,
        14,
        15,
        60,
        24,
        35,
        2,
        32,
        51,
        59,
        21,
        57,
        55,
        26,
        3,
        30,
        29,
        41,
        11,
        7,
        48,
        33,
        10,
        50,
        42,
        56,
        43,
        22,
        27,
        8,
        44,
        34,
        20,
        49,
        4,
        28,
        25,
        12,
        36,
        37,
        54,
        46,
        58,
        31,
        47,
        9,
        53,
        17,
        13,
        52,
        18,
        23,
        40,
        38,
        19,
        39
    ],
    "lkh_length": 776,
    "lkh_time_s": 0.07146960002137348,
    "lkh_tour": [
        5,
        6,
        16,
        45,
        14,
        15,
        60,
        24,
        35,
        2,
        32,
        51,
        59,
        21,
        57,
        55,
        26,
        3,
        30,
        29,
        41,
        11,
        7,
        48,
        33,
        10,
        50,
        42,
        56,
        43,
        22,
        27,
        8,
        44,
        34,
        20,
        49,
        4,
        28,
        25,
        12,
        36,
        37,
        54,
        46,
        58,
        31,
        47,
        9,
        53,
        17,
        13,
        52,
        18,
        23,
        40,
        38,
        19,
        39,
        1
    ],
    "lkh_gap_pct": 0.0
}