{
    "instance_name": "N60_D2_G100_corn_17",
    "n_customers": 60,
    "dimension": 2,
    "grid_size": 100,
    "optimal_cost": 410,
    "optimal_tour": [
        8,
        33,
        47,
        41,
        60,
        1,
        35,
        37,
        49,
        36,
        29,
        48,
        30,
        3,
        13,
        26,
        12,
        19,
        34,
        16,
        59,
        32,
        28,
        5,
        50,
        14,
        40,
        15,
        58,
        38,
        11,
        23,
        52,
        4,
        21,
        56,
        25,
        20,
        6,
        27,
        46,
        9,
        2,
        45,
        43,
        24,
        22,
        51,
        42,
        7,
        53,
        18,
        54,
        44,
        10,
        57,
        55,
        31,
        39,
        17
    ],
    "optimal_solver": "lkh",
    "instance_file_path": "c:\\TSP_ND_ML_Project\\instances\\N60_D2_G100_corn_17.json",
    "concorde_length": 410,
    "concorde_time_s": 0.7760852000210434,
    "concorde_tour": [
        1,
        35,
        60,
        41,
        47,
        33,
        8,
        17,
        39,
        31,
        55,
        57,
        10,
        44,
        54,
        53,
        18,
        7,
        24,
        51,
        22,
        42,
        43,
        45,
        2,
        9,
        46,
        27,
        6,
        20,
        25,
        56,
        21,
        4,
        52,
        58,
        11,
        38,
        23,
        15,
        40,
        14,
        5,
        50,
        28,
        32,
        59,
        34,
        16,
        19,
        12,
        26,
        13,
        3,
        30,
        29,
        48,
        36,
        49,
        37
    ],
    "lkh_length": 410,
    "lkh_time_s": 1.802479800011497,
    "lkh_tour": [
        8,
        33,
        47,
        41,
        60,
        1,
        35,
        37,
        49,
        36,
        29,
        48,
        30,
        3,
        13,
        26,
        12,
        19,
        34,
        16,
        59,
        32,
        28,
        5,
        50,
        14,
        40,
        15,
        58,
        38,
        11,
        23,
        52,
        4,
        21,
        56,
        25,
        20,
        6,
        27,
        46,
        9,
        2,
        45,
        43,
        24,
        22,
        51,
        42,
        7,
        53,
        18,
        54,
        44,
        10,
        57,
        55,
        31,
        39,
        17
    ],
    "lkh_gap_pct": 0.0
}