{
    "instance_name": "N60_D5_G1000_rand_2",
    "n_customers": 60,
    "dimension": 5,
    "grid_size": 1000,
    "optimal_cost": 24892,
    "optimal_tour": [
        40,
        47,
        46,
        11,
        30,
        48,
        41,
        34,
        37,
        13,
        22,
        1,
        14,
        36,
        50,
        29,
        21,
        45,
        39,
        20,
        25,
        38,
        6,
        10,
        51,
        52,
        53,
        26,
        8,
        3,
        17,
        4,
        28,
        32,
        24,
        12,
        16,
        49,
        5,
        18,
        60,
        15,
        42,
        56,
        59,
        27,
        19,
        33,
        43,
        35,
        55,
        31,
        57,
        2,
        23,
        58,
        54,
        9,
        7,
        44
    ],
    "optimal_solver": "lkh",
    "instance_file_path": "c:\\TSP_ND_ML_Project\\instances\\N60_D5_G1000_rand_2.json",
    "concorde_length": 24892,
    "concorde_time_s": 3.2157770000048913,
    "concorde_tour": [
        1,
        22,
        13,
        37,
        34,
        41,
        48,
        30,
        11,
        46,
        47,
        40,
        44,
        7,
        9,
        54,
        58,
        23,
        2,
        57,
        31,
        55,
        35,
        43,
        33,
        19,
        27,
        59,
        56,
        42,
        15,
        60,
        18,
        5,
        49,
        16,
        12,
        24,
        32,
        28,
        4,
        17,
        3,
        8,
        26,
        53,
        52,
        51,
        10,
        6,
        38,
        25,
        20,
        39,
        45,
        21,
        29,
        50,
        36,
        14
    ],
    "lkh_length": 24892,
    "lkh_time_s": 0.14122849999694154,
    "lkh_tour": [
        40,
        47,
        46,
        11,
        30,
        48,
        41,
        34,
        37,
        13,
        22,
        1,
        14,
        36,
        50,
        29,
        21,
        45,
        39,
        20,
        25,
        38,
        6,
        10,
        51,
        52,
        53,
        26,
        8,
        3,
        17,
        4,
        28,
        32,
        24,
        12,
        16,
        49,
        5,
        18,
        60,
        15,
        42,
        56,
        59,
        27,
        19,
        33,
        43,
        35,
        55,
        31,
        57,
        2,
        23,
        58,
        54,
        9,
        7,
        44
    ],
    "lkh_gap_pct": 0.0
}