{
    "instance_name": "N60_D2_G100_ring_20",
    "n_customers": 60,
    "dimension": 2,
    "grid_size": 100,
    "optimal_cost": 353,
    "optimal_tour": [
        58,
        30,
        23,
        5,
        48,
        26,
        57,
        11,
        4,
        24,
        51,
        33,
        27,
        46,
        29,
        59,
        7,
        40,
        36,
        17,
        44,
        1,
        20,
        15,
        3,
        42,
        45,
        50,
        12,
        13,
        56,
        41,
        10,
        9,
        18,
        53,
        25,
        47,
        55,
        14,
        21,
        34,
        6,
        19,
        28,
        52,
        35,
        37,
        43,
        49,
        39,
        32,
        54,
        8,
        31,
        22,
        16,
        38,
        2,
        60
    ],
    "optimal_solver": "lkh",
    "instance_file_path": "c:\\TSP_ND_ML_Project\\instances\\N60_D2_G100_ring_20.json",
    "concorde_length": 353,
    "concorde_time_s": 1.5137477000243962,
    "concorde_tour": [
        1,
        44,
        17,
        36,
        40,
        7,
        59,
        29,
        46,
        27,
        33,
        51,
        24,
        4,
        11,
        57,
        26,
        48,
        5,
        23,
        30,
        58,
        2,
        60,
        38,
        16,
        22,
        31,
        8,
        54,
        32,
        39,
        49,
        43,
        37,
        35,
        52,
        28,
        19,
        6,
        34,
        21,
        14,
        55,
        47,
        25,
        53,
        18,
        9,
        10,
        41,
        56,
        13,
        12,
        50,
        45,
        42,
        3,
        15,
        20
    ],
    "lkh_length": 353,
    "lkh_time_s": 0.2243902999907732,
    "lkh_tour": [
        58,
        30,
        23,
        5,
        48,
        26,
        57,
        11,
        4,
        24,
        51,
        33,
        27,
        46,
        29,
        59,
        7,
        40,
        36,
        17,
        44,
        1,
        20,
        15,
        3,
        42,
        45,
        50,
        12,
        13,
        56,
        41,
        10,
        9,
        18,
        53,
        25,
        47,
        55,
        14,
        21,
        34,
        6,
        19,
        28,
        52,
        35,
        37,
        43,
        49,
        39,
        32,
        54,
        8,
        31,
        22,
        16,
        38,
        2,
        60
    ],
    "lkh_gap_pct": 0.0
}