{
    "instance_name": "N60_D2_G100_clus_5",
    "n_customers": 60,
    "dimension": 2,
    "grid_size": 100,
    "optimal_cost": 176,
    "optimal_tour": [
        51,
        60,
        7,
        11,
        3,
        47,
        31,
        36,
        20,
        1,
        17,
        28,
        35,
        55,
        40,
        13,
        37,
        18,
        2,
        6,
        53,
        19,
        56,
        43,
        45,
        46,
        42,
        30,
        23,
        49,
        10,
        15,
        16,
        26,
        41,
        33,
        27,
        44,
        5,
        24,
        8,
        58,
        25,
        9,
        12,
        21,
        50,
        29,
        54,
        59,
        14,
        39,
        32,
        57,
        52,
        48,
        38,
        4,
        22,
        34
    ],
    "optimal_solver": "lkh",
    "instance_file_path": "c:\\TSP_ND_ML_Project\\instances\\N60_D2_G100_clus_5.json",
    "concorde_length": 176,
    "concorde_time_s": 0.6518749999813735,
    "concorde_tour": [
        1,
        20,
        36,
        31,
        47,
        3,
        11,
        7,
        60,
        51,
        34,
        22,
        4,
        38,
        48,
        52,
        57,
        32,
        39,
        14,
        59,
        29,
        54,
        50,
        21,
        12,
        9,
        25,
        58,
        8,
        24,
        5,
        44,
        27,
        33,
        41,
        26,
        16,
        15,
        10,
        49,
        30,
        23,
        42,
        46,
        45,
        43,
        56,
        19,
        53,
        6,
        2,
        13,
        37,
        18,
        40,
        55,
        35,
        28,
        17
    ],
    "lkh_length": 176,
    "lkh_time_s": 0.26896500002476387,
    "lkh_tour": [
        51,
        60,
        7,
        11,
        3,
        47,
        31,
        36,
        20,
        1,
        17,
        28,
        35,
        55,
        40,
        13,
        37,
        18,
        2,
        6,
        53,
        19,
        56,
        43,
        45,
        46,
        42,
        30,
        23,
        49,
        10,
        15,
        16,
        26,
        41,
        33,
        27,
        44,
        5,
        24,
        8,
        58,
        25,
        9,
        12,
        21,
        50,
        29,
        54,
        59,
        14,
        39,
        32,
        57,
        52,
        48,
        38,
        4,
        22,
        34
    ],
    "lkh_gap_pct": 0.0
}