{
    "instance_name": "N60_D4_G100_pow_11",
    "n_customers": 60,
    "dimension": 4,
    "grid_size": 100,
    "optimal_cost": 1600,
    "optimal_tour": [
        48,
        19,
        1,
        11,
        17,
        33,
        45,
        20,
        28,
        29,
        49,
        4,
        5,
        13,
        12,
        59,
        38,
        14,
        36,
        56,
        26,
        25,
        16,
        24,
        53,
        52,
        47,
        42,
        34,
        2,
        39,
        44,
        51,
        27,
        15,
        57,
        10,
        54,
        32,
        22,
        8,
        37,
        58,
        3,
        35,
        43,
        6,
        60,
        31,
        40,
        50,
        23,
        21,
        46,
        41,
        55,
        7,
        9,
        30,
        18
    ],
    "optimal_solver": "lkh",
    "instance_file_path": "c:\\TSP_ND_ML_Project\\instances\\N60_D4_G100_pow_11.json",
    "concorde_length": 1600,
    "concorde_time_s": 1.6172402999945916,
    "concorde_tour": [
        1,
        9,
        30,
        21,
        55,
        46,
        7,
        41,
        50,
        23,
        3,
        58,
        43,
        6,
        60,
        35,
        40,
        31,
        14,
        56,
        59,
        38,
        36,
        16,
        26,
        53,
        24,
        52,
        25,
        28,
        20,
        45,
        49,
        29,
        12,
        5,
        13,
        4,
        10,
        57,
        51,
        39,
        44,
        2,
        15,
        27,
        42,
        47,
        34,
        32,
        54,
        8,
        22,
        37,
        33,
        11,
        17,
        48,
        19,
        18
    ],
    "lkh_length": 1600,
    "lkh_time_s": 0.6710818000137806,
    "lkh_tour": [
        48,
        19,
        1,
        11,
        17,
        33,
        45,
        20,
        28,
        29,
        49,
        4,
        5,
        13,
        12,
        59,
        38,
        14,
        36,
        56,
        26,
        25,
        16,
        24,
        53,
        52,
        47,
        42,
        34,
        2,
        39,
        44,
        51,
        27,
        15,
        57,
        10,
        54,
        32,
        22,
        8,
        37,
        58,
        3,
        35,
        43,
        6,
        60,
        31,
        40,
        50,
        23,
        21,
        46,
        41,
        55,
        7,
        9,
        30,
        18
    ],
    "lkh_gap_pct": 0.0
}