{
    "instance_name": "N60_D5_G10000_grid_14",
    "n_customers": 60,
    "dimension": 5,
    "grid_size": 10000,
    "optimal_cost": 229081,
    "optimal_tour": [
        60,
        39,
        13,
        37,
        16,
        38,
        40,
        36,
        43,
        17,
        19,
        12,
        11,
        32,
        56,
        30,
        33,
        4,
        55,
        2,
        57,
        20,
        8,
        29,
        54,
        5,
        9,
        7,
        47,
        21,
        42,
        58,
        48,
        14,
        10,
        27,
        24,
        22,
        53,
        25,
        3,
        49,
        6,
        52,
        41,
        26,
        18,
        15,
        51,
        1,
        44,
        28,
        46,
        45,
        34,
        50,
        35,
        59,
        23,
        31
    ],
    "optimal_solver": "lkh",
    "instance_file_path": "c:\\TSP_ND_ML_Project\\instances\\N60_D5_G10000_grid_14.json",
    "concorde_length": 229081,
    "concorde_time_s": 0.9228115999721922,
    "concorde_tour": [
        1,
        44,
        28,
        46,
        45,
        34,
        50,
        35,
        59,
        23,
        31,
        60,
        39,
        13,
        37,
        16,
        38,
        40,
        36,
        43,
        17,
        19,
        12,
        11,
        32,
        56,
        30,
        33,
        4,
        55,
        2,
        57,
        20,
        8,
        29,
        54,
        5,
        9,
        7,
        47,
        21,
        42,
        58,
        48,
        14,
        10,
        27,
        24,
        22,
        53,
        25,
        3,
        49,
        6,
        52,
        41,
        26,
        18,
        15,
        51
    ],
    "lkh_length": 229081,
    "lkh_time_s": 0.13653940003132448,
    "lkh_tour": [
        60,
        39,
        13,
        37,
        16,
        38,
        40,
        36,
        43,
        17,
        19,
        12,
        11,
        32,
        56,
        30,
        33,
        4,
        55,
        2,
        57,
        20,
        8,
        29,
        54,
        5,
        9,
        7,
        47,
        21,
        42,
        58,
        48,
        14,
        10,
        27,
        24,
        22,
        53,
        25,
        3,
        49,
        6,
        52,
        41,
        26,
        18,
        15,
        51,
        1,
        44,
        28,
        46,
        45,
        34,
        50,
        35,
        59,
        23,
        31
    ],
    "lkh_gap_pct": 0.0
}