{
    "instance_name": "N60_D5_G10000_pow_4",
    "n_customers": 60,
    "dimension": 5,
    "grid_size": 10000,
    "optimal_cost": 276568,
    "optimal_tour": [
        59,
        41,
        60,
        54,
        46,
        21,
        29,
        51,
        10,
        17,
        14,
        27,
        25,
        12,
        13,
        35,
        4,
        23,
        44,
        57,
        11,
        33,
        48,
        6,
        9,
        31,
        18,
        5,
        37,
        32,
        22,
        56,
        43,
        28,
        45,
        34,
        53,
        40,
        20,
        47,
        15,
        58,
        16,
        42,
        19,
        55,
        24,
        7,
        2,
        39,
        38,
        30,
        49,
        1,
        8,
        26,
        3,
        52,
        50,
        36
    ],
    "optimal_solver": "lkh",
    "instance_file_path": "c:\\TSP_ND_ML_Project\\instances\\N60_D5_G10000_pow_4.json",
    "concorde_length": 276568,
    "concorde_time_s": 3.3343614999903366,
    "concorde_tour": [
        1,
        8,
        3,
        26,
        40,
        53,
        52,
        36,
        50,
        34,
        47,
        20,
        22,
        32,
        29,
        21,
        46,
        54,
        60,
        41,
        59,
        55,
        24,
        7,
        19,
        16,
        42,
        58,
        15,
        56,
        43,
        28,
        45,
        51,
        57,
        11,
        6,
        48,
        33,
        9,
        31,
        5,
        37,
        18,
        2,
        30,
        39,
        49,
        38,
        17,
        14,
        10,
        27,
        25,
        12,
        13,
        23,
        44,
        35,
        4
    ],
    "lkh_length": 276568,
    "lkh_time_s": 6.656974000041373,
    "lkh_tour": [
        59,
        41,
        60,
        54,
        46,
        21,
        29,
        51,
        10,
        17,
        14,
        27,
        25,
        12,
        13,
        35,
        4,
        23,
        44,
        57,
        11,
        33,
        48,
        6,
        9,
        31,
        18,
        5,
        37,
        32,
        22,
        56,
        43,
        28,
        45,
        34,
        53,
        40,
        20,
        47,
        15,
        58,
        16,
        42,
        19,
        55,
        24,
        7,
        2,
        39,
        38,
        30,
        49,
        1,
        8,
        26,
        3,
        52,
        50,
        36
    ],
    "lkh_gap_pct": 0.0
}