{
    "instance_name": "N60_D5_G100_rand_14",
    "n_customers": 60,
    "dimension": 5,
    "grid_size": 100,
    "optimal_cost": 2386,
    "optimal_tour": [
        40,
        44,
        42,
        1,
        20,
        15,
        2,
        60,
        39,
        49,
        24,
        21,
        10,
        35,
        51,
        9,
        26,
        32,
        7,
        45,
        25,
        58,
        33,
        19,
        56,
        38,
        29,
        41,
        59,
        30,
        27,
        53,
        55,
        50,
        14,
        13,
        6,
        52,
        43,
        54,
        47,
        28,
        4,
        16,
        34,
        23,
        3,
        37,
        12,
        5,
        17,
        46,
        48,
        31,
        22,
        8,
        36,
        18,
        11,
        57
    ],
    "optimal_solver": "lkh",
    "instance_file_path": "c:\\TSP_ND_ML_Project\\instances\\N60_D5_G100_rand_14.json",
    "concorde_length": 2386,
    "concorde_time_s": 5.365181599976495,
    "concorde_tour": [
        1,
        20,
        15,
        2,
        60,
        39,
        49,
        24,
        21,
        10,
        35,
        51,
        9,
        26,
        32,
        7,
        45,
        25,
        58,
        33,
        19,
        56,
        38,
        29,
        41,
        59,
        30,
        27,
        53,
        55,
        50,
        14,
        13,
        6,
        52,
        43,
        54,
        47,
        28,
        4,
        16,
        34,
        23,
        3,
        37,
        12,
        5,
        17,
        46,
        48,
        31,
        22,
        8,
        36,
        18,
        11,
        57,
        40,
        44,
        42
    ],
    "lkh_length": 2386,
    "lkh_time_s": 0.1318258999963291,
    "lkh_tour": [
        40,
        44,
        42,
        1,
        20,
        15,
        2,
        60,
        39,
        49,
        24,
        21,
        10,
        35,
        51,
        9,
        26,
        32,
        7,
        45,
        25,
        58,
        33,
        19,
        56,
        38,
        29,
        41,
        59,
        30,
        27,
        53,
        55,
        50,
        14,
        13,
        6,
        52,
        43,
        54,
        47,
        28,
        4,
        16,
        34,
        23,
        3,
        37,
        12,
        5,
        17,
        46,
        48,
        31,
        22,
        8,
        36,
        18,
        11,
        57
    ],
    "lkh_gap_pct": 0.0
}