{
    "instance_name": "N60_D3_G1000_pow_8",
    "n_customers": 60,
    "dimension": 3,
    "grid_size": 1000,
    "optimal_cost": 8000,
    "optimal_tour": [
        42,
        14,
        18,
        45,
        35,
        52,
        59,
        23,
        36,
        58,
        24,
        25,
        5,
        50,
        51,
        49,
        9,
        12,
        15,
        31,
        48,
        19,
        28,
        11,
        56,
        34,
        39,
        33,
        22,
        40,
        57,
        8,
        1,
        7,
        17,
        21,
        13,
        47,
        26,
        37,
        53,
        32,
        3,
        16,
        4,
        60,
        20,
        55,
        46,
        29,
        38,
        54,
        2,
        10,
        27,
        30,
        6,
        44,
        41,
        43
    ],
    "optimal_solver": "lkh",
    "instance_file_path": "c:\\TSP_ND_ML_Project\\instances\\N60_D3_G1000_pow_8.json",
    "concorde_length": 8000,
    "concorde_time_s": 2.9696725999820046,
    "concorde_tour": [
        1,
        13,
        17,
        37,
        53,
        47,
        3,
        16,
        4,
        60,
        32,
        20,
        50,
        59,
        58,
        52,
        51,
        25,
        23,
        49,
        36,
        5,
        24,
        14,
        35,
        43,
        18,
        41,
        44,
        45,
        42,
        27,
        10,
        2,
        6,
        30,
        29,
        46,
        54,
        38,
        55,
        33,
        39,
        8,
        22,
        57,
        40,
        56,
        34,
        31,
        19,
        28,
        48,
        11,
        15,
        9,
        12,
        7,
        26,
        21
    ],
    "lkh_length": 8000,
    "lkh_time_s": 4.336401599983219,
    "lkh_tour": [
        42,
        14,
        18,
        45,
        35,
        52,
        59,
        23,
        36,
        58,
        24,
        25,
        5,
        50,
        51,
        49,
        9,
        12,
        15,
        31,
        48,
        19,
        28,
        11,
        56,
        34,
        39,
        33,
        22,
        40,
        57,
        8,
        1,
        7,
        17,
        21,
        13,
        47,
        26,
        37,
        53,
        32,
        3,
        16,
        4,
        60,
        20,
        55,
        46,
        29,
        38,
        54,
        2,
        10,
        27,
        30,
        6,
        44,
        41,
        43
    ],
    "lkh_gap_pct": 0.0
}