{
    "instance_name": "N60_D2_G1000_rand_18",
    "n_customers": 60,
    "dimension": 2,
    "grid_size": 1000,
    "optimal_cost": 6406,
    "optimal_tour": [
        58,
        15,
        2,
        16,
        30,
        17,
        34,
        5,
        24,
        54,
        33,
        50,
        41,
        6,
        38,
        22,
        39,
        31,
        49,
        20,
        53,
        52,
        43,
        42,
        35,
        25,
        23,
        36,
        48,
        46,
        8,
        40,
        12,
        37,
        4,
        9,
        11,
        13,
        57,
        27,
        45,
        59,
        3,
        26,
        51,
        21,
        47,
        19,
        55,
        32,
        56,
        18,
        7,
        10,
        60,
        1,
        14,
        29,
        44,
        28
    ],
    "optimal_solver": "lkh",
    "instance_file_path": "c:\\TSP_ND_ML_Project\\instances\\N60_D2_G1000_rand_18.json",
    "concorde_length": 6406,
    "concorde_time_s": 0.5079706000105944,
    "concorde_tour": [
        1,
        14,
        29,
        44,
        28,
        58,
        15,
        2,
        16,
        30,
        17,
        34,
        5,
        24,
        54,
        33,
        50,
        41,
        6,
        38,
        22,
        39,
        31,
        49,
        20,
        53,
        52,
        43,
        42,
        35,
        25,
        23,
        36,
        48,
        46,
        8,
        40,
        12,
        37,
        4,
        9,
        11,
        13,
        57,
        27,
        45,
        59,
        3,
        26,
        51,
        21,
        47,
        19,
        55,
        32,
        56,
        18,
        7,
        10,
        60
    ],
    "lkh_length": 6406,
    "lkh_time_s": 0.09126750001451,
    "lkh_tour": [
        58,
        15,
        2,
        16,
        30,
        17,
        34,
        5,
        24,
        54,
        33,
        50,
        41,
        6,
        38,
        22,
        39,
        31,
        49,
        20,
        53,
        52,
        43,
        42,
        35,
        25,
        23,
        36,
        48,
        46,
        8,
        40,
        12,
        37,
        4,
        9,
        11,
        13,
        57,
        27,
        45,
        59,
        3,
        26,
        51,
        21,
        47,
        19,
        55,
        32,
        56,
        18,
        7,
        10,
        60,
        1,
        14,
        29,
        44,
        28
    ],
    "lkh_gap_pct": 0.0
}