{
    "instance_name": "N60_D4_G10000_corn_4",
    "n_customers": 60,
    "dimension": 4,
    "grid_size": 10000,
    "optimal_cost": 162911,
    "optimal_tour": [
        60,
        46,
        15,
        21,
        35,
        6,
        7,
        59,
        37,
        53,
        25,
        18,
        11,
        48,
        54,
        27,
        10,
        34,
        17,
        9,
        23,
        45,
        16,
        19,
        24,
        44,
        36,
        40,
        50,
        57,
        30,
        32,
        12,
        31,
        5,
        42,
        22,
        14,
        8,
        3,
        2,
        39,
        4,
        51,
        33,
        47,
        49,
        1,
        29,
        43,
        13,
        28,
        20,
        41,
        26,
        55,
        56,
        38,
        52,
        58
    ],
    "optimal_solver": "lkh",
    "instance_file_path": "c:\\TSP_ND_ML_Project\\instances\\N60_D4_G10000_corn_4.json",
    "concorde_length": 162911,
    "concorde_time_s": 1.1901023000245914,
    "concorde_tour": [
        1,
        29,
        43,
        13,
        28,
        20,
        41,
        26,
        55,
        56,
        38,
        52,
        58,
        60,
        46,
        15,
        21,
        35,
        6,
        7,
        59,
        37,
        53,
        25,
        18,
        11,
        48,
        54,
        27,
        10,
        34,
        17,
        9,
        23,
        45,
        16,
        19,
        24,
        44,
        36,
        40,
        50,
        57,
        30,
        32,
        12,
        31,
        5,
        42,
        22,
        14,
        8,
        3,
        2,
        39,
        4,
        51,
        33,
        47,
        49
    ],
    "lkh_length": 162911,
    "lkh_time_s": 0.06047050002962351,
    "lkh_tour": [
        60,
        46,
        15,
        21,
        35,
        6,
        7,
        59,
        37,
        53,
        25,
        18,
        11,
        48,
        54,
        27,
        10,
        34,
        17,
        9,
        23,
        45,
        16,
        19,
        24,
        44,
        36,
        40,
        50,
        57,
        30,
        32,
        12,
        31,
        5,
        42,
        22,
        14,
        8,
        3,
        2,
        39,
        4,
        51,
        33,
        47,
        49,
        1,
        29,
        43,
        13,
        28,
        20,
        41,
        26,
        55,
        56,
        38,
        52,
        58
    ],
    "lkh_gap_pct": 0.0
}