{
    "instance_name": "N60_D5_G10000_rand_1",
    "n_customers": 60,
    "dimension": 5,
    "grid_size": 10000,
    "optimal_cost": 237478,
    "optimal_tour": [
        13,
        4,
        38,
        1,
        9,
        46,
        50,
        29,
        18,
        14,
        22,
        52,
        19,
        40,
        57,
        48,
        30,
        34,
        7,
        6,
        12,
        55,
        8,
        20,
        47,
        45,
        36,
        31,
        44,
        42,
        60,
        32,
        43,
        35,
        2,
        33,
        26,
        39,
        49,
        5,
        56,
        11,
        59,
        28,
        27,
        41,
        23,
        25,
        37,
        54,
        17,
        3,
        10,
        24,
        15,
        53,
        58,
        21,
        51,
        16
    ],
    "optimal_solver": "lkh",
    "instance_file_path": "c:\\TSP_ND_ML_Project\\instances\\N60_D5_G10000_rand_1.json",
    "concorde_length": 237478,
    "concorde_time_s": 1.3830625000409782,
    "concorde_tour": [
        1,
        9,
        46,
        50,
        29,
        18,
        14,
        22,
        52,
        19,
        40,
        57,
        48,
        30,
        34,
        7,
        6,
        12,
        55,
        8,
        20,
        47,
        45,
        36,
        31,
        44,
        42,
        60,
        32,
        43,
        35,
        2,
        33,
        26,
        39,
        49,
        5,
        56,
        11,
        59,
        28,
        27,
        41,
        23,
        25,
        37,
        54,
        17,
        3,
        10,
        24,
        15,
        53,
        58,
        21,
        51,
        16,
        13,
        4,
        38
    ],
    "lkh_length": 237478,
    "lkh_time_s": 0.15002890001051128,
    "lkh_tour": [
        13,
        4,
        38,
        1,
        9,
        46,
        50,
        29,
        18,
        14,
        22,
        52,
        19,
        40,
        57,
        48,
        30,
        34,
        7,
        6,
        12,
        55,
        8,
        20,
        47,
        45,
        36,
        31,
        44,
        42,
        60,
        32,
        43,
        35,
        2,
        33,
        26,
        39,
        49,
        5,
        56,
        11,
        59,
        28,
        27,
        41,
        23,
        25,
        37,
        54,
        17,
        3,
        10,
        24,
        15,
        53,
        58,
        21,
        51,
        16
    ],
    "lkh_gap_pct": 0.0
}