{
    "instance_name": "N60_D4_G1000_corn_4",
    "n_customers": 60,
    "dimension": 4,
    "grid_size": 1000,
    "optimal_cost": 16366,
    "optimal_tour": [
        2,
        31,
        42,
        32,
        57,
        12,
        46,
        16,
        18,
        34,
        43,
        48,
        4,
        58,
        49,
        38,
        44,
        6,
        24,
        36,
        11,
        30,
        27,
        28,
        35,
        59,
        23,
        60,
        51,
        10,
        55,
        45,
        9,
        5,
        54,
        53,
        21,
        15,
        56,
        41,
        33,
        22,
        40,
        3,
        7,
        19,
        50,
        47,
        1,
        37,
        29,
        52,
        20,
        25,
        26,
        14,
        17,
        13,
        8,
        39
    ],
    "optimal_solver": "lkh",
    "instance_file_path": "c:\\TSP_ND_ML_Project\\instances\\N60_D4_G1000_corn_4.json",
    "concorde_length": 16366,
    "concorde_time_s": 3.091581800021231,
    "concorde_tour": [
        1,
        37,
        29,
        52,
        20,
        25,
        26,
        14,
        17,
        13,
        8,
        39,
        2,
        31,
        42,
        32,
        57,
        12,
        46,
        16,
        18,
        34,
        43,
        48,
        4,
        58,
        49,
        38,
        44,
        6,
        24,
        30,
        36,
        11,
        27,
        28,
        35,
        59,
        23,
        60,
        51,
        10,
        55,
        45,
        9,
        5,
        54,
        53,
        21,
        15,
        56,
        41,
        33,
        22,
        40,
        3,
        7,
        19,
        50,
        47
    ],
    "lkh_length": 16366,
    "lkh_time_s": 0.1266270999913104,
    "lkh_tour": [
        2,
        31,
        42,
        32,
        57,
        12,
        46,
        16,
        18,
        34,
        43,
        48,
        4,
        58,
        49,
        38,
        44,
        6,
        24,
        36,
        11,
        30,
        27,
        28,
        35,
        59,
        23,
        60,
        51,
        10,
        55,
        45,
        9,
        5,
        54,
        53,
        21,
        15,
        56,
        41,
        33,
        22,
        40,
        3,
        7,
        19,
        50,
        47,
        1,
        37,
        29,
        52,
        20,
        25,
        26,
        14,
        17,
        13,
        8,
        39
    ],
    "lkh_gap_pct": 0.0
}