{
    "instance_name": "N60_D2_G1000_ring_13",
    "n_customers": 60,
    "dimension": 2,
    "grid_size": 1000,
    "optimal_cost": 3642,
    "optimal_tour": [
        34,
        3,
        55,
        8,
        58,
        42,
        10,
        35,
        28,
        31,
        36,
        37,
        27,
        15,
        17,
        24,
        21,
        56,
        1,
        49,
        39,
        29,
        11,
        25,
        44,
        12,
        50,
        16,
        40,
        7,
        57,
        46,
        38,
        14,
        48,
        54,
        41,
        26,
        19,
        53,
        20,
        30,
        5,
        2,
        60,
        33,
        52,
        47,
        23,
        6,
        51,
        18,
        9,
        43,
        45,
        32,
        59,
        22,
        13,
        4
    ],
    "optimal_solver": "lkh",
    "instance_file_path": "c:\\TSP_ND_ML_Project\\instances\\N60_D2_G1000_ring_13.json",
    "concorde_length": 3642,
    "concorde_time_s": 1.0955046999733895,
    "concorde_tour": [
        1,
        49,
        39,
        29,
        11,
        25,
        44,
        12,
        50,
        16,
        40,
        7,
        57,
        46,
        38,
        14,
        48,
        54,
        41,
        26,
        19,
        53,
        20,
        30,
        5,
        2,
        60,
        33,
        52,
        47,
        23,
        6,
        51,
        18,
        9,
        43,
        45,
        32,
        59,
        22,
        13,
        4,
        34,
        3,
        55,
        8,
        58,
        42,
        10,
        35,
        28,
        31,
        36,
        37,
        27,
        15,
        17,
        24,
        21,
        56
    ],
    "lkh_length": 3642,
    "lkh_time_s": 0.13149620001786388,
    "lkh_tour": [
        34,
        3,
        55,
        8,
        58,
        42,
        10,
        35,
        28,
        31,
        36,
        37,
        27,
        15,
        17,
        24,
        21,
        56,
        1,
        49,
        39,
        29,
        11,
        25,
        44,
        12,
        50,
        16,
        40,
        7,
        57,
        46,
        38,
        14,
        48,
        54,
        41,
        26,
        19,
        53,
        20,
        30,
        5,
        2,
        60,
        33,
        52,
        47,
        23,
        6,
        51,
        18,
        9,
        43,
        45,
        32,
        59,
        22,
        13,
        4
    ],
    "lkh_gap_pct": 0.0
}