{
    "instance_name": "N60_D2_G10000_pow_7",
    "n_customers": 60,
    "dimension": 2,
    "grid_size": 10000,
    "optimal_cost": 40000,
    "optimal_tour": [
        18,
        40,
        60,
        4,
        56,
        24,
        25,
        22,
        2,
        47,
        5,
        53,
        26,
        6,
        46,
        51,
        29,
        50,
        30,
        7,
        58,
        17,
        37,
        23,
        9,
        14,
        15,
        13,
        57,
        36,
        48,
        59,
        38,
        45,
        31,
        8,
        20,
        49,
        11,
        12,
        16,
        54,
        21,
        32,
        27,
        44,
        42,
        39,
        52,
        28,
        34,
        41,
        35,
        3,
        33,
        1,
        19,
        10,
        55,
        43
    ],
    "optimal_solver": "lkh",
    "instance_file_path": "c:\\TSP_ND_ML_Project\\instances\\N60_D2_G10000_pow_7.json",
    "concorde_length": 40000,
    "concorde_time_s": 2.731563899986213,
    "concorde_tour": [
        1,
        18,
        3,
        8,
        11,
        16,
        21,
        20,
        12,
        27,
        42,
        32,
        49,
        54,
        52,
        39,
        44,
        59,
        57,
        58,
        45,
        38,
        23,
        14,
        7,
        13,
        9,
        17,
        15,
        31,
        36,
        48,
        37,
        6,
        26,
        47,
        56,
        51,
        4,
        24,
        30,
        29,
        50,
        53,
        46,
        25,
        22,
        5,
        2,
        41,
        60,
        43,
        34,
        28,
        40,
        55,
        35,
        33,
        10,
        19
    ],
    "lkh_length": 40000,
    "lkh_time_s": 2.2904446000175085,
    "lkh_tour": [
        18,
        40,
        60,
        4,
        56,
        24,
        25,
        22,
        2,
        47,
        5,
        53,
        26,
        6,
        46,
        51,
        29,
        50,
        30,
        7,
        58,
        17,
        37,
        23,
        9,
        14,
        15,
        13,
        57,
        36,
        48,
        59,
        38,
        45,
        31,
        8,
        20,
        49,
        11,
        12,
        16,
        54,
        21,
        32,
        27,
        44,
        42,
        39,
        52,
        28,
        34,
        41,
        35,
        3,
        33,
        1,
        19,
        10,
        55,
        43
    ],
    "lkh_gap_pct": 0.0
}