{
    "instance_name": "N60_D4_G100_norm_13",
    "n_customers": 60,
    "dimension": 4,
    "grid_size": 100,
    "optimal_cost": 1218,
    "optimal_tour": [
        32,
        28,
        18,
        38,
        46,
        52,
        9,
        26,
        6,
        16,
        21,
        19,
        7,
        35,
        15,
        43,
        20,
        12,
        30,
        27,
        5,
        47,
        14,
        8,
        13,
        23,
        17,
        10,
        2,
        36,
        56,
        37,
        11,
        24,
        40,
        57,
        4,
        22,
        55,
        29,
        31,
        49,
        54,
        58,
        39,
        44,
        51,
        1,
        42,
        25,
        34,
        3,
        45,
        60,
        59,
        53,
        33,
        41,
        48,
        50
    ],
    "optimal_solver": "lkh",
    "instance_file_path": "c:\\TSP_ND_ML_Project\\instances\\N60_D4_G100_norm_13.json",
    "concorde_length": 1218,
    "concorde_time_s": 1.234853399975691,
    "concorde_tour": [
        1,
        42,
        25,
        34,
        3,
        45,
        60,
        59,
        53,
        33,
        41,
        48,
        50,
        32,
        28,
        18,
        38,
        46,
        52,
        9,
        26,
        6,
        16,
        21,
        19,
        7,
        35,
        15,
        43,
        20,
        12,
        30,
        27,
        5,
        47,
        14,
        8,
        13,
        23,
        17,
        10,
        2,
        36,
        56,
        37,
        11,
        24,
        40,
        57,
        4,
        22,
        55,
        29,
        31,
        49,
        54,
        58,
        39,
        44,
        51
    ],
    "lkh_length": 1218,
    "lkh_time_s": 0.1000103999977,
    "lkh_tour": [
        32,
        28,
        18,
        38,
        46,
        52,
        9,
        26,
        6,
        16,
        21,
        19,
        7,
        35,
        15,
        43,
        20,
        12,
        30,
        27,
        5,
        47,
        14,
        8,
        13,
        23,
        17,
        10,
        2,
        36,
        56,
        37,
        11,
        24,
        40,
        57,
        4,
        22,
        55,
        29,
        31,
        49,
        54,
        58,
        39,
        44,
        51,
        1,
        42,
        25,
        34,
        3,
        45,
        60,
        59,
        53,
        33,
        41,
        48,
        50
    ],
    "lkh_gap_pct": 0.0
}