{
    "instance_name": "N60_D3_G10000_grid_9",
    "n_customers": 60,
    "dimension": 3,
    "grid_size": 10000,
    "optimal_cost": 119777,
    "optimal_tour": [
        59,
        42,
        3,
        53,
        16,
        4,
        47,
        1,
        43,
        14,
        57,
        33,
        25,
        7,
        48,
        24,
        30,
        15,
        29,
        18,
        17,
        2,
        50,
        41,
        8,
        35,
        51,
        56,
        55,
        20,
        39,
        28,
        45,
        26,
        36,
        6,
        49,
        31,
        23,
        32,
        27,
        44,
        22,
        10,
        52,
        46,
        58,
        13,
        11,
        60,
        54,
        37,
        34,
        5,
        12,
        40,
        38,
        19,
        9,
        21
    ],
    "optimal_solver": "lkh",
    "instance_file_path": "c:\\TSP_ND_ML_Project\\instances\\N60_D3_G10000_grid_9.json",
    "concorde_length": 119777,
    "concorde_time_s": 1.027850300015416,
    "concorde_tour": [
        1,
        43,
        14,
        57,
        33,
        25,
        7,
        48,
        24,
        30,
        15,
        29,
        18,
        17,
        2,
        50,
        41,
        8,
        35,
        51,
        56,
        55,
        20,
        39,
        28,
        45,
        26,
        36,
        6,
        49,
        31,
        23,
        32,
        27,
        44,
        22,
        52,
        10,
        46,
        58,
        13,
        11,
        60,
        54,
        37,
        34,
        5,
        12,
        40,
        38,
        19,
        9,
        21,
        59,
        42,
        3,
        53,
        16,
        4,
        47
    ],
    "lkh_length": 119777,
    "lkh_time_s": 0.14240630000131205,
    "lkh_tour": [
        59,
        42,
        3,
        53,
        16,
        4,
        47,
        1,
        43,
        14,
        57,
        33,
        25,
        7,
        48,
        24,
        30,
        15,
        29,
        18,
        17,
        2,
        50,
        41,
        8,
        35,
        51,
        56,
        55,
        20,
        39,
        28,
        45,
        26,
        36,
        6,
        49,
        31,
        23,
        32,
        27,
        44,
        22,
        10,
        52,
        46,
        58,
        13,
        11,
        60,
        54,
        37,
        34,
        5,
        12,
        40,
        38,
        19,
        9,
        21
    ],
    "lkh_gap_pct": 0.0
}