{
    "instance_name": "N60_D2_G1000_clus_2",
    "n_customers": 60,
    "dimension": 2,
    "grid_size": 1000,
    "optimal_cost": 1937,
    "optimal_tour": [
        37,
        20,
        48,
        56,
        3,
        31,
        2,
        59,
        26,
        53,
        28,
        60,
        1,
        32,
        23,
        55,
        36,
        19,
        38,
        13,
        30,
        18,
        27,
        24,
        46,
        15,
        41,
        57,
        39,
        10,
        49,
        16,
        12,
        21,
        33,
        45,
        42,
        43,
        9,
        40,
        22,
        52,
        29,
        44,
        51,
        6,
        5,
        14,
        34,
        54,
        50,
        7,
        25,
        17,
        47,
        4,
        35,
        11,
        8,
        58
    ],
    "optimal_solver": "lkh",
    "instance_file_path": "c:\\TSP_ND_ML_Project\\instances\\N60_D2_G1000_clus_2.json",
    "concorde_length": 1937,
    "concorde_time_s": 0.7668067000049632,
    "concorde_tour": [
        1,
        32,
        23,
        55,
        36,
        19,
        38,
        13,
        30,
        18,
        27,
        24,
        46,
        15,
        41,
        57,
        10,
        39,
        49,
        16,
        12,
        21,
        33,
        45,
        42,
        43,
        9,
        40,
        22,
        52,
        29,
        44,
        51,
        6,
        5,
        14,
        34,
        54,
        50,
        7,
        25,
        17,
        47,
        4,
        35,
        11,
        8,
        58,
        37,
        20,
        48,
        56,
        3,
        31,
        2,
        59,
        26,
        53,
        28,
        60
    ],
    "lkh_length": 1937,
    "lkh_time_s": 0.1874392000027001,
    "lkh_tour": [
        37,
        20,
        48,
        56,
        3,
        31,
        2,
        59,
        26,
        53,
        28,
        60,
        1,
        32,
        23,
        55,
        36,
        19,
        38,
        13,
        30,
        18,
        27,
        24,
        46,
        15,
        41,
        57,
        39,
        10,
        49,
        16,
        12,
        21,
        33,
        45,
        42,
        43,
        9,
        40,
        22,
        52,
        29,
        44,
        51,
        6,
        5,
        14,
        34,
        54,
        50,
        7,
        25,
        17,
        47,
        4,
        35,
        11,
        8,
        58
    ],
    "lkh_gap_pct": 0.0
}