{
    "instance_name": "N60_D4_G100_corr_11",
    "n_customers": 60,
    "dimension": 4,
    "grid_size": 100,
    "optimal_cost": 851,
    "optimal_tour": [
        15,
        35,
        31,
        53,
        13,
        52,
        39,
        26,
        9,
        29,
        50,
        17,
        48,
        18,
        51,
        23,
        7,
        30,
        32,
        37,
        2,
        6,
        44,
        49,
        41,
        14,
        16,
        21,
        1,
        11,
        54,
        27,
        59,
        8,
        55,
        60,
        22,
        3,
        4,
        28,
        36,
        40,
        25,
        34,
        38,
        10,
        57,
        20,
        42,
        24,
        56,
        19,
        47,
        58,
        12,
        43,
        5,
        46,
        45,
        33
    ],
    "optimal_solver": "lkh",
    "instance_file_path": "c:\\TSP_ND_ML_Project\\instances\\N60_D4_G100_corr_11.json",
    "concorde_length": 851,
    "concorde_time_s": 0.9039669000194408,
    "concorde_tour": [
        1,
        21,
        16,
        41,
        49,
        44,
        6,
        2,
        50,
        17,
        48,
        18,
        51,
        23,
        7,
        30,
        32,
        37,
        14,
        29,
        9,
        26,
        39,
        52,
        13,
        53,
        31,
        35,
        15,
        33,
        45,
        46,
        5,
        43,
        12,
        58,
        47,
        19,
        56,
        24,
        42,
        20,
        57,
        10,
        38,
        34,
        25,
        40,
        36,
        28,
        4,
        3,
        22,
        60,
        55,
        59,
        8,
        27,
        54,
        11
    ],
    "lkh_length": 851,
    "lkh_time_s": 0.14823059999616817,
    "lkh_tour": [
        15,
        35,
        31,
        53,
        13,
        52,
        39,
        26,
        9,
        29,
        50,
        17,
        48,
        18,
        51,
        23,
        7,
        30,
        32,
        37,
        2,
        6,
        44,
        49,
        41,
        14,
        16,
        21,
        1,
        11,
        54,
        27,
        59,
        8,
        55,
        60,
        22,
        3,
        4,
        28,
        36,
        40,
        25,
        34,
        38,
        10,
        57,
        20,
        42,
        24,
        56,
        19,
        47,
        58,
        12,
        43,
        5,
        46,
        45,
        33
    ],
    "lkh_gap_pct": 0.0
}