{
    "instance_name": "N60_D5_G10000_tria_19",
    "n_customers": 60,
    "dimension": 5,
    "grid_size": 10000,
    "optimal_cost": 275784,
    "optimal_tour": [
        1,
        35,
        31,
        14,
        48,
        8,
        16,
        29,
        10,
        40,
        57,
        53,
        13,
        12,
        28,
        50,
        18,
        17,
        45,
        47,
        24,
        36,
        5,
        56,
        2,
        51,
        58,
        15,
        27,
        20,
        3,
        11,
        9,
        49,
        21,
        54,
        38,
        52,
        34,
        6,
        42,
        39,
        25,
        30,
        59,
        32,
        19,
        44,
        23,
        37,
        41,
        7,
        33,
        55,
        43,
        26,
        22,
        4,
        60,
        46
    ],
    "optimal_solver": "lkh",
    "instance_file_path": "c:\\TSP_ND_ML_Project\\instances\\N60_D5_G10000_tria_19.json",
    "concorde_length": 275784,
    "concorde_time_s": 0.9761196000035852,
    "concorde_tour": [
        1,
        46,
        60,
        4,
        22,
        26,
        43,
        55,
        33,
        7,
        41,
        37,
        23,
        44,
        19,
        32,
        59,
        30,
        25,
        39,
        42,
        6,
        34,
        52,
        38,
        54,
        21,
        49,
        9,
        11,
        3,
        20,
        27,
        15,
        58,
        51,
        2,
        56,
        5,
        36,
        24,
        47,
        45,
        17,
        18,
        50,
        28,
        12,
        13,
        53,
        57,
        40,
        10,
        29,
        16,
        8,
        48,
        14,
        31,
        35
    ],
    "lkh_length": 275784,
    "lkh_time_s": 0.06975049996981397,
    "lkh_tour": [
        1,
        35,
        31,
        14,
        48,
        8,
        16,
        29,
        10,
        40,
        57,
        53,
        13,
        12,
        28,
        50,
        18,
        17,
        45,
        47,
        24,
        36,
        5,
        56,
        2,
        51,
        58,
        15,
        27,
        20,
        3,
        11,
        9,
        49,
        21,
        54,
        38,
        52,
        34,
        6,
        42,
        39,
        25,
        30,
        59,
        32,
        19,
        44,
        23,
        37,
        41,
        7,
        33,
        55,
        43,
        26,
        22,
        4,
        60,
        46
    ],
    "lkh_gap_pct": 0.0
}