{
    "instance_name": "N60_D2_G100_grid_18",
    "n_customers": 60,
    "dimension": 2,
    "grid_size": 100,
    "optimal_cost": 648,
    "optimal_tour": [
        21,
        36,
        60,
        24,
        15,
        41,
        20,
        9,
        57,
        31,
        2,
        4,
        58,
        39,
        48,
        52,
        23,
        33,
        59,
        47,
        22,
        26,
        16,
        17,
        32,
        46,
        30,
        10,
        28,
        3,
        54,
        1,
        8,
        37,
        19,
        45,
        27,
        35,
        38,
        13,
        11,
        18,
        40,
        12,
        5,
        29,
        25,
        55,
        53,
        14,
        44,
        50,
        56,
        43,
        42,
        6,
        51,
        7,
        49,
        34
    ],
    "optimal_solver": "lkh",
    "instance_file_path": "c:\\TSP_ND_ML_Project\\instances\\N60_D2_G100_grid_18.json",
    "concorde_length": 648,
    "concorde_time_s": 1.0485399999888614,
    "concorde_tour": [
        1,
        8,
        37,
        19,
        45,
        27,
        35,
        38,
        13,
        11,
        18,
        40,
        12,
        5,
        29,
        25,
        55,
        53,
        14,
        44,
        50,
        56,
        43,
        42,
        6,
        51,
        7,
        49,
        34,
        21,
        36,
        60,
        24,
        15,
        41,
        20,
        9,
        57,
        31,
        2,
        4,
        58,
        39,
        48,
        52,
        23,
        33,
        59,
        47,
        22,
        26,
        16,
        17,
        32,
        46,
        30,
        10,
        28,
        3,
        54
    ],
    "lkh_length": 648,
    "lkh_time_s": 0.31502730000647716,
    "lkh_tour": [
        21,
        36,
        60,
        24,
        15,
        41,
        20,
        9,
        57,
        31,
        2,
        4,
        58,
        39,
        48,
        52,
        23,
        33,
        59,
        47,
        22,
        26,
        16,
        17,
        32,
        46,
        30,
        10,
        28,
        3,
        54,
        1,
        8,
        37,
        19,
        45,
        27,
        35,
        38,
        13,
        11,
        18,
        40,
        12,
        5,
        29,
        25,
        55,
        53,
        14,
        44,
        50,
        56,
        43,
        42,
        6,
        51,
        7,
        49,
        34
    ],
    "lkh_gap_pct": 0.0
}