{
    "instance_name": "N60_D5_G1000_ring_7",
    "n_customers": 60,
    "dimension": 5,
    "grid_size": 1000,
    "optimal_cost": 17829,
    "optimal_tour": [
        29,
        17,
        1,
        12,
        34,
        54,
        57,
        58,
        16,
        39,
        46,
        38,
        35,
        4,
        6,
        31,
        24,
        53,
        52,
        41,
        23,
        45,
        55,
        9,
        14,
        37,
        47,
        5,
        48,
        30,
        40,
        22,
        33,
        44,
        15,
        20,
        2,
        8,
        60,
        56,
        28,
        50,
        43,
        7,
        36,
        25,
        19,
        42,
        27,
        11,
        18,
        26,
        59,
        13,
        49,
        51,
        21,
        10,
        3,
        32
    ],
    "optimal_solver": "lkh",
    "instance_file_path": "c:\\TSP_ND_ML_Project\\instances\\N60_D5_G1000_ring_7.json",
    "concorde_length": 17829,
    "concorde_time_s": 1.2699108000379056,
    "concorde_tour": [
        1,
        17,
        29,
        32,
        3,
        10,
        21,
        51,
        49,
        13,
        59,
        26,
        18,
        11,
        27,
        42,
        19,
        25,
        36,
        7,
        43,
        50,
        28,
        56,
        60,
        8,
        2,
        20,
        15,
        44,
        33,
        22,
        40,
        30,
        48,
        5,
        47,
        37,
        14,
        9,
        55,
        45,
        23,
        41,
        52,
        53,
        24,
        31,
        6,
        4,
        35,
        38,
        46,
        39,
        16,
        58,
        57,
        54,
        34,
        12
    ],
    "lkh_length": 17829,
    "lkh_time_s": 0.1108259999891743,
    "lkh_tour": [
        29,
        17,
        1,
        12,
        34,
        54,
        57,
        58,
        16,
        39,
        46,
        38,
        35,
        4,
        6,
        31,
        24,
        53,
        52,
        41,
        23,
        45,
        55,
        9,
        14,
        37,
        47,
        5,
        48,
        30,
        40,
        22,
        33,
        44,
        15,
        20,
        2,
        8,
        60,
        56,
        28,
        50,
        43,
        7,
        36,
        25,
        19,
        42,
        27,
        11,
        18,
        26,
        59,
        13,
        49,
        51,
        21,
        10,
        3,
        32
    ],
    "lkh_gap_pct": 0.0
}