{
    "instance_name": "N60_D3_G10000_norm_12",
    "n_customers": 60,
    "dimension": 3,
    "grid_size": 10000,
    "optimal_cost": 68956,
    "optimal_tour": [
        12,
        29,
        53,
        4,
        33,
        42,
        52,
        32,
        9,
        44,
        58,
        16,
        23,
        39,
        54,
        49,
        8,
        11,
        30,
        21,
        40,
        55,
        22,
        28,
        59,
        1,
        45,
        43,
        46,
        38,
        41,
        51,
        27,
        10,
        35,
        57,
        2,
        26,
        20,
        37,
        25,
        6,
        24,
        7,
        31,
        48,
        18,
        19,
        50,
        47,
        60,
        3,
        17,
        14,
        15,
        34,
        56,
        36,
        13,
        5
    ],
    "optimal_solver": "lkh",
    "instance_file_path": "c:\\TSP_ND_ML_Project\\instances\\N60_D3_G10000_norm_12.json",
    "concorde_length": 68956,
    "concorde_time_s": 0.9947464999859221,
    "concorde_tour": [
        1,
        59,
        28,
        22,
        55,
        40,
        21,
        30,
        11,
        8,
        49,
        54,
        39,
        23,
        16,
        58,
        44,
        9,
        32,
        52,
        42,
        33,
        4,
        53,
        29,
        12,
        5,
        13,
        36,
        56,
        34,
        15,
        14,
        17,
        3,
        60,
        47,
        50,
        19,
        18,
        48,
        31,
        7,
        24,
        6,
        25,
        37,
        20,
        26,
        2,
        57,
        35,
        10,
        27,
        51,
        41,
        38,
        46,
        43,
        45
    ],
    "lkh_length": 68956,
    "lkh_time_s": 0.059368800022639334,
    "lkh_tour": [
        12,
        29,
        53,
        4,
        33,
        42,
        52,
        32,
        9,
        44,
        58,
        16,
        23,
        39,
        54,
        49,
        8,
        11,
        30,
        21,
        40,
        55,
        22,
        28,
        59,
        1,
        45,
        43,
        46,
        38,
        41,
        51,
        27,
        10,
        35,
        57,
        2,
        26,
        20,
        37,
        25,
        6,
        24,
        7,
        31,
        48,
        18,
        19,
        50,
        47,
        60,
        3,
        17,
        14,
        15,
        34,
        56,
        36,
        13,
        5
    ],
    "lkh_gap_pct": 0.0
}