{
    "instance_name": "N60_D3_G10000_corn_2",
    "n_customers": 60,
    "dimension": 3,
    "grid_size": 10000,
    "optimal_cost": 84870,
    "optimal_tour": [
        40,
        37,
        46,
        32,
        39,
        17,
        45,
        18,
        54,
        53,
        55,
        29,
        16,
        47,
        15,
        52,
        35,
        23,
        34,
        50,
        19,
        28,
        42,
        31,
        21,
        38,
        60,
        11,
        25,
        27,
        51,
        26,
        9,
        44,
        5,
        49,
        2,
        41,
        6,
        10,
        20,
        56,
        14,
        7,
        33,
        30,
        48,
        58,
        59,
        43,
        12,
        24,
        22,
        4,
        13,
        57,
        1,
        8,
        36,
        3
    ],
    "optimal_solver": "lkh",
    "instance_file_path": "c:\\TSP_ND_ML_Project\\instances\\N60_D3_G10000_corn_2.json",
    "concorde_length": 84870,
    "concorde_time_s": 1.4720476000220515,
    "concorde_tour": [
        1,
        57,
        13,
        4,
        22,
        24,
        12,
        43,
        59,
        58,
        48,
        30,
        33,
        7,
        14,
        56,
        20,
        10,
        6,
        41,
        2,
        49,
        5,
        9,
        44,
        26,
        51,
        27,
        25,
        11,
        60,
        38,
        21,
        31,
        28,
        42,
        19,
        50,
        34,
        23,
        35,
        52,
        15,
        47,
        16,
        29,
        55,
        53,
        54,
        18,
        45,
        17,
        39,
        32,
        46,
        37,
        40,
        3,
        36,
        8
    ],
    "lkh_length": 84870,
    "lkh_time_s": 0.5909510999917984,
    "lkh_tour": [
        40,
        37,
        46,
        32,
        39,
        17,
        45,
        18,
        54,
        53,
        55,
        29,
        16,
        47,
        15,
        52,
        35,
        23,
        34,
        50,
        19,
        28,
        42,
        31,
        21,
        38,
        60,
        11,
        25,
        27,
        51,
        26,
        9,
        44,
        5,
        49,
        2,
        41,
        6,
        10,
        20,
        56,
        14,
        7,
        33,
        30,
        48,
        58,
        59,
        43,
        12,
        24,
        22,
        4,
        13,
        57,
        1,
        8,
        36,
        3
    ],
    "lkh_gap_pct": 0.0
}