{
    "instance_name": "N60_D2_G1000_ring_17",
    "n_customers": 60,
    "dimension": 2,
    "grid_size": 1000,
    "optimal_cost": 3290,
    "optimal_tour": [
        59,
        13,
        46,
        35,
        42,
        58,
        12,
        33,
        4,
        31,
        6,
        20,
        1,
        7,
        44,
        18,
        41,
        34,
        14,
        55,
        26,
        11,
        23,
        21,
        53,
        48,
        22,
        32,
        37,
        9,
        10,
        2,
        28,
        50,
        15,
        19,
        29,
        43,
        45,
        16,
        3,
        47,
        39,
        54,
        60,
        49,
        27,
        56,
        57,
        51,
        24,
        38,
        40,
        30,
        5,
        8,
        17,
        36,
        25,
        52
    ],
    "optimal_solver": "lkh",
    "instance_file_path": "c:\\TSP_ND_ML_Project\\instances\\N60_D2_G1000_ring_17.json",
    "concorde_length": 3290,
    "concorde_time_s": 0.9573690000106581,
    "concorde_tour": [
        1,
        7,
        44,
        18,
        41,
        34,
        14,
        55,
        26,
        11,
        23,
        21,
        48,
        22,
        53,
        32,
        37,
        9,
        10,
        2,
        28,
        50,
        19,
        15,
        29,
        43,
        45,
        16,
        3,
        47,
        39,
        54,
        60,
        49,
        27,
        56,
        57,
        51,
        24,
        38,
        40,
        30,
        5,
        8,
        17,
        36,
        25,
        52,
        59,
        13,
        46,
        35,
        42,
        58,
        12,
        33,
        4,
        31,
        6,
        20
    ],
    "lkh_length": 3290,
    "lkh_time_s": 0.11265019999700598,
    "lkh_tour": [
        59,
        13,
        46,
        35,
        42,
        58,
        12,
        33,
        4,
        31,
        6,
        20,
        1,
        7,
        44,
        18,
        41,
        34,
        14,
        55,
        26,
        11,
        23,
        21,
        53,
        48,
        22,
        32,
        37,
        9,
        10,
        2,
        28,
        50,
        15,
        19,
        29,
        43,
        45,
        16,
        3,
        47,
        39,
        54,
        60,
        49,
        27,
        56,
        57,
        51,
        24,
        38,
        40,
        30,
        5,
        8,
        17,
        36,
        25,
        52
    ],
    "lkh_gap_pct": 0.0
}