{
    "instance_name": "N60_D3_G1000_norm_20",
    "n_customers": 60,
    "dimension": 3,
    "grid_size": 1000,
    "optimal_cost": 8038,
    "optimal_tour": [
        14,
        41,
        35,
        53,
        57,
        6,
        13,
        36,
        31,
        32,
        22,
        38,
        16,
        9,
        40,
        44,
        39,
        56,
        48,
        26,
        47,
        5,
        30,
        29,
        20,
        45,
        33,
        4,
        52,
        58,
        1,
        12,
        17,
        21,
        11,
        51,
        23,
        59,
        3,
        27,
        43,
        49,
        37,
        24,
        42,
        2,
        18,
        34,
        50,
        19,
        60,
        28,
        55,
        10,
        15,
        7,
        25,
        8,
        54,
        46
    ],
    "optimal_solver": "lkh",
    "instance_file_path": "c:\\TSP_ND_ML_Project\\instances\\N60_D3_G1000_norm_20.json",
    "concorde_length": 8038,
    "concorde_time_s": 0.8789423000416718,
    "concorde_tour": [
        1,
        12,
        17,
        21,
        11,
        51,
        23,
        59,
        3,
        27,
        43,
        49,
        37,
        24,
        42,
        2,
        18,
        34,
        50,
        19,
        60,
        28,
        55,
        10,
        15,
        7,
        25,
        8,
        54,
        46,
        14,
        41,
        35,
        53,
        57,
        6,
        13,
        36,
        31,
        32,
        22,
        38,
        16,
        9,
        40,
        44,
        39,
        56,
        48,
        26,
        47,
        5,
        30,
        29,
        20,
        45,
        33,
        4,
        52,
        58
    ],
    "lkh_length": 8038,
    "lkh_time_s": 0.09524390002479777,
    "lkh_tour": [
        14,
        41,
        35,
        53,
        57,
        6,
        13,
        36,
        31,
        32,
        22,
        38,
        16,
        9,
        40,
        44,
        39,
        56,
        48,
        26,
        47,
        5,
        30,
        29,
        20,
        45,
        33,
        4,
        52,
        58,
        1,
        12,
        17,
        21,
        11,
        51,
        23,
        59,
        3,
        27,
        43,
        49,
        37,
        24,
        42,
        2,
        18,
        34,
        50,
        19,
        60,
        28,
        55,
        10,
        15,
        7,
        25,
        8,
        54,
        46
    ],
    "lkh_gap_pct": 0.0
}