{
    "instance_name": "N60_D4_G100_grid_3",
    "n_customers": 60,
    "dimension": 4,
    "grid_size": 100,
    "optimal_cost": 1888,
    "optimal_tour": [
        12,
        18,
        42,
        53,
        33,
        3,
        8,
        49,
        56,
        22,
        40,
        41,
        57,
        9,
        23,
        4,
        27,
        6,
        19,
        16,
        29,
        51,
        38,
        55,
        1,
        25,
        17,
        36,
        47,
        58,
        46,
        20,
        45,
        5,
        43,
        32,
        60,
        30,
        31,
        26,
        7,
        44,
        37,
        15,
        28,
        34,
        59,
        21,
        50,
        39,
        11,
        14,
        24,
        48,
        10,
        35,
        13,
        52,
        2,
        54
    ],
    "optimal_solver": "lkh",
    "instance_file_path": "c:\\TSP_ND_ML_Project\\instances\\N60_D4_G100_grid_3.json",
    "concorde_length": 1888,
    "concorde_time_s": 2.0454610000015236,
    "concorde_tour": [
        1,
        25,
        17,
        36,
        47,
        58,
        46,
        20,
        45,
        5,
        43,
        32,
        60,
        30,
        31,
        26,
        7,
        44,
        37,
        15,
        28,
        34,
        59,
        21,
        50,
        39,
        11,
        14,
        24,
        48,
        10,
        35,
        13,
        52,
        2,
        54,
        12,
        18,
        42,
        53,
        33,
        3,
        8,
        49,
        56,
        22,
        40,
        41,
        57,
        9,
        23,
        4,
        27,
        6,
        19,
        16,
        29,
        51,
        38,
        55
    ],
    "lkh_length": 1888,
    "lkh_time_s": 0.08270059997448698,
    "lkh_tour": [
        12,
        18,
        42,
        53,
        33,
        3,
        8,
        49,
        56,
        22,
        40,
        41,
        57,
        9,
        23,
        4,
        27,
        6,
        19,
        16,
        29,
        51,
        38,
        55,
        1,
        25,
        17,
        36,
        47,
        58,
        46,
        20,
        45,
        5,
        43,
        32,
        60,
        30,
        31,
        26,
        7,
        44,
        37,
        15,
        28,
        34,
        59,
        21,
        50,
        39,
        11,
        14,
        24,
        48,
        10,
        35,
        13,
        52,
        2,
        54
    ],
    "lkh_gap_pct": 0.0
}