{
    "instance_name": "N60_D5_G1000_grid_8",
    "n_customers": 60,
    "dimension": 5,
    "grid_size": 1000,
    "optimal_cost": 25689,
    "optimal_tour": [
        33,
        5,
        27,
        1,
        22,
        52,
        31,
        37,
        6,
        54,
        59,
        44,
        53,
        38,
        2,
        58,
        4,
        51,
        41,
        24,
        42,
        26,
        30,
        32,
        7,
        19,
        57,
        55,
        46,
        18,
        21,
        17,
        8,
        11,
        10,
        20,
        43,
        47,
        14,
        50,
        49,
        28,
        39,
        48,
        25,
        29,
        40,
        56,
        36,
        12,
        35,
        34,
        3,
        13,
        15,
        60,
        9,
        45,
        23,
        16
    ],
    "optimal_solver": "lkh",
    "instance_file_path": "c:\\TSP_ND_ML_Project\\instances\\N60_D5_G1000_grid_8.json",
    "concorde_length": 25689,
    "concorde_time_s": 1.1542864000075497,
    "concorde_tour": [
        1,
        27,
        5,
        33,
        16,
        23,
        45,
        9,
        60,
        15,
        13,
        3,
        34,
        35,
        12,
        36,
        56,
        40,
        29,
        25,
        48,
        39,
        28,
        49,
        50,
        14,
        47,
        43,
        20,
        10,
        11,
        8,
        17,
        21,
        18,
        46,
        55,
        57,
        19,
        7,
        32,
        30,
        26,
        42,
        24,
        41,
        51,
        4,
        58,
        2,
        38,
        53,
        44,
        59,
        54,
        6,
        37,
        31,
        52,
        22
    ],
    "lkh_length": 25689,
    "lkh_time_s": 0.11123239999869838,
    "lkh_tour": [
        33,
        5,
        27,
        1,
        22,
        52,
        31,
        37,
        6,
        54,
        59,
        44,
        53,
        38,
        2,
        58,
        4,
        51,
        41,
        24,
        42,
        26,
        30,
        32,
        7,
        19,
        57,
        55,
        46,
        18,
        21,
        17,
        8,
        11,
        10,
        20,
        43,
        47,
        14,
        50,
        49,
        28,
        39,
        48,
        25,
        29,
        40,
        56,
        36,
        12,
        35,
        34,
        3,
        13,
        15,
        60,
        9,
        45,
        23,
        16
    ],
    "lkh_gap_pct": 0.0
}