{
    "instance_name": "N60_D5_G1000_corr_13",
    "n_customers": 60,
    "dimension": 5,
    "grid_size": 1000,
    "optimal_cost": 11229,
    "optimal_tour": [
        57,
        13,
        42,
        16,
        59,
        28,
        47,
        55,
        52,
        23,
        39,
        25,
        60,
        38,
        27,
        20,
        10,
        41,
        54,
        44,
        32,
        15,
        5,
        31,
        24,
        51,
        34,
        12,
        9,
        33,
        43,
        45,
        49,
        6,
        50,
        35,
        11,
        3,
        46,
        21,
        53,
        36,
        14,
        2,
        22,
        26,
        37,
        4,
        7,
        18,
        29,
        30,
        56,
        58,
        40,
        1,
        17,
        8,
        19,
        48
    ],
    "optimal_solver": "lkh",
    "instance_file_path": "c:\\TSP_ND_ML_Project\\instances\\N60_D5_G1000_corr_13.json",
    "concorde_length": 11229,
    "concorde_time_s": 1.2068735999637283,
    "concorde_tour": [
        1,
        17,
        8,
        19,
        48,
        57,
        13,
        42,
        16,
        59,
        28,
        47,
        55,
        52,
        23,
        39,
        25,
        60,
        38,
        27,
        20,
        10,
        41,
        54,
        44,
        32,
        15,
        5,
        31,
        24,
        51,
        34,
        12,
        9,
        33,
        43,
        45,
        49,
        6,
        50,
        35,
        11,
        3,
        46,
        21,
        53,
        36,
        14,
        2,
        22,
        26,
        37,
        4,
        7,
        18,
        29,
        30,
        56,
        58,
        40
    ],
    "lkh_length": 11229,
    "lkh_time_s": 0.05143099999986589,
    "lkh_tour": [
        57,
        13,
        42,
        16,
        59,
        28,
        47,
        55,
        52,
        23,
        39,
        25,
        60,
        38,
        27,
        20,
        10,
        41,
        54,
        44,
        32,
        15,
        5,
        31,
        24,
        51,
        34,
        12,
        9,
        33,
        43,
        45,
        49,
        6,
        50,
        35,
        11,
        3,
        46,
        21,
        53,
        36,
        14,
        2,
        22,
        26,
        37,
        4,
        7,
        18,
        29,
        30,
        56,
        58,
        40,
        1,
        17,
        8,
        19,
        48
    ],
    "lkh_gap_pct": 0.0
}