{
    "instance_name": "N60_D3_G100_corn_12",
    "n_customers": 60,
    "dimension": 3,
    "grid_size": 100,
    "optimal_cost": 842,
    "optimal_tour": [
        43,
        57,
        37,
        3,
        52,
        48,
        16,
        21,
        12,
        8,
        6,
        39,
        7,
        54,
        17,
        2,
        27,
        50,
        36,
        10,
        40,
        24,
        46,
        49,
        9,
        28,
        1,
        11,
        38,
        20,
        45,
        51,
        14,
        13,
        19,
        5,
        4,
        26,
        35,
        55,
        25,
        60,
        23,
        34,
        29,
        31,
        18,
        33,
        59,
        15,
        47,
        58,
        32,
        30,
        56,
        22,
        53,
        42,
        41,
        44
    ],
    "optimal_solver": "lkh",
    "instance_file_path": "c:\\TSP_ND_ML_Project\\instances\\N60_D3_G100_corn_12.json",
    "concorde_length": 842,
    "concorde_time_s": 1.038567699957639,
    "concorde_tour": [
        1,
        28,
        49,
        9,
        38,
        20,
        45,
        51,
        14,
        13,
        19,
        5,
        4,
        26,
        35,
        55,
        25,
        60,
        23,
        34,
        29,
        31,
        18,
        33,
        59,
        15,
        47,
        58,
        32,
        30,
        53,
        22,
        42,
        56,
        41,
        44,
        43,
        57,
        37,
        3,
        52,
        12,
        21,
        48,
        16,
        8,
        6,
        39,
        7,
        54,
        17,
        2,
        27,
        50,
        36,
        10,
        40,
        24,
        46,
        11
    ],
    "lkh_length": 842,
    "lkh_time_s": 1.5090847000246868,
    "lkh_tour": [
        43,
        57,
        37,
        3,
        52,
        48,
        16,
        21,
        12,
        8,
        6,
        39,
        7,
        54,
        17,
        2,
        27,
        50,
        36,
        10,
        40,
        24,
        46,
        49,
        9,
        28,
        1,
        11,
        38,
        20,
        45,
        51,
        14,
        13,
        19,
        5,
        4,
        26,
        35,
        55,
        25,
        60,
        23,
        34,
        29,
        31,
        18,
        33,
        59,
        15,
        47,
        58,
        32,
        30,
        56,
        22,
        53,
        42,
        41,
        44
    ],
    "lkh_gap_pct": 0.0
}