{
    "instance_name": "N60_D3_G1000_ring_1",
    "n_customers": 60,
    "dimension": 3,
    "grid_size": 1000,
    "optimal_cost": 6702,
    "optimal_tour": [
        23,
        27,
        21,
        55,
        37,
        22,
        42,
        33,
        28,
        34,
        57,
        12,
        50,
        18,
        47,
        58,
        16,
        41,
        53,
        17,
        4,
        24,
        2,
        45,
        52,
        5,
        51,
        38,
        25,
        8,
        13,
        44,
        48,
        60,
        39,
        43,
        35,
        14,
        6,
        9,
        46,
        7,
        11,
        36,
        3,
        26,
        20,
        49,
        19,
        40,
        30,
        56,
        15,
        54,
        32,
        1,
        29,
        31,
        10,
        59
    ],
    "optimal_solver": "lkh",
    "instance_file_path": "c:\\TSP_ND_ML_Project\\instances\\N60_D3_G1000_ring_1.json",
    "concorde_length": 6702,
    "concorde_time_s": 1.1792243999661878,
    "concorde_tour": [
        1,
        29,
        31,
        10,
        59,
        23,
        27,
        21,
        55,
        37,
        22,
        42,
        33,
        28,
        34,
        57,
        12,
        50,
        18,
        47,
        58,
        16,
        41,
        53,
        17,
        4,
        24,
        2,
        45,
        52,
        5,
        51,
        38,
        25,
        8,
        13,
        44,
        48,
        60,
        39,
        43,
        35,
        14,
        6,
        9,
        46,
        7,
        11,
        36,
        3,
        26,
        20,
        49,
        19,
        40,
        30,
        56,
        15,
        54,
        32
    ],
    "lkh_length": 6702,
    "lkh_time_s": 0.16576499998336658,
    "lkh_tour": [
        23,
        27,
        21,
        55,
        37,
        22,
        42,
        33,
        28,
        34,
        57,
        12,
        50,
        18,
        47,
        58,
        16,
        41,
        53,
        17,
        4,
        24,
        2,
        45,
        52,
        5,
        51,
        38,
        25,
        8,
        13,
        44,
        48,
        60,
        39,
        43,
        35,
        14,
        6,
        9,
        46,
        7,
        11,
        36,
        3,
        26,
        20,
        49,
        19,
        40,
        30,
        56,
        15,
        54,
        32,
        1,
        29,
        31,
        10,
        59
    ],
    "lkh_gap_pct": 0.0
}