{
    "instance_name": "N60_D5_G10000_clus_9",
    "n_customers": 60,
    "dimension": 5,
    "grid_size": 10000,
    "optimal_cost": 132325,
    "optimal_tour": [
        3,
        52,
        57,
        15,
        58,
        17,
        27,
        39,
        30,
        33,
        49,
        7,
        44,
        42,
        50,
        31,
        18,
        6,
        37,
        24,
        23,
        12,
        26,
        29,
        34,
        46,
        11,
        51,
        43,
        47,
        60,
        25,
        45,
        2,
        56,
        28,
        21,
        35,
        22,
        9,
        8,
        13,
        41,
        38,
        1,
        14,
        19,
        54,
        48,
        5,
        59,
        10,
        32,
        4,
        20,
        53,
        16,
        55,
        40,
        36
    ],
    "optimal_solver": "lkh",
    "instance_file_path": "c:\\TSP_ND_ML_Project\\instances\\N60_D5_G10000_clus_9.json",
    "concorde_length": 132325,
    "concorde_time_s": 1.97510229999898,
    "concorde_tour": [
        1,
        38,
        41,
        13,
        8,
        9,
        22,
        35,
        21,
        28,
        56,
        2,
        45,
        25,
        60,
        47,
        43,
        51,
        11,
        46,
        34,
        29,
        26,
        12,
        23,
        24,
        37,
        6,
        18,
        31,
        50,
        42,
        44,
        7,
        49,
        33,
        30,
        39,
        27,
        17,
        58,
        15,
        57,
        52,
        3,
        36,
        40,
        55,
        16,
        53,
        20,
        4,
        32,
        10,
        59,
        5,
        48,
        54,
        19,
        14
    ],
    "lkh_length": 132325,
    "lkh_time_s": 0.28100180003093556,
    "lkh_tour": [
        3,
        52,
        57,
        15,
        58,
        17,
        27,
        39,
        30,
        33,
        49,
        7,
        44,
        42,
        50,
        31,
        18,
        6,
        37,
        24,
        23,
        12,
        26,
        29,
        34,
        46,
        11,
        51,
        43,
        47,
        60,
        25,
        45,
        2,
        56,
        28,
        21,
        35,
        22,
        9,
        8,
        13,
        41,
        38,
        1,
        14,
        19,
        54,
        48,
        5,
        59,
        10,
        32,
        4,
        20,
        53,
        16,
        55,
        40,
        36
    ],
    "lkh_gap_pct": 0.0
}