{
    "instance_name": "N60_D2_G10000_grid_14",
    "n_customers": 60,
    "dimension": 2,
    "grid_size": 10000,
    "optimal_cost": 66587,
    "optimal_tour": [
        33,
        2,
        59,
        28,
        56,
        19,
        57,
        22,
        43,
        1,
        15,
        46,
        9,
        52,
        18,
        3,
        12,
        41,
        34,
        26,
        54,
        20,
        23,
        35,
        45,
        49,
        44,
        21,
        47,
        40,
        4,
        29,
        13,
        7,
        6,
        42,
        16,
        27,
        31,
        17,
        60,
        24,
        32,
        38,
        5,
        37,
        58,
        36,
        14,
        51,
        48,
        50,
        11,
        8,
        53,
        39,
        25,
        55,
        30,
        10
    ],
    "optimal_solver": "lkh",
    "instance_file_path": "c:\\TSP_ND_ML_Project\\instances\\N60_D2_G10000_grid_14.json",
    "concorde_length": 66587,
    "concorde_time_s": 0.48834749998059124,
    "concorde_tour": [
        1,
        15,
        46,
        9,
        52,
        18,
        3,
        12,
        41,
        34,
        26,
        54,
        20,
        23,
        35,
        45,
        49,
        44,
        21,
        47,
        40,
        4,
        29,
        13,
        7,
        6,
        42,
        16,
        27,
        31,
        17,
        60,
        24,
        32,
        38,
        5,
        37,
        58,
        36,
        14,
        51,
        48,
        50,
        11,
        8,
        53,
        39,
        25,
        55,
        30,
        10,
        33,
        2,
        59,
        28,
        56,
        19,
        57,
        22,
        43
    ],
    "lkh_length": 66587,
    "lkh_time_s": 0.5593289000098594,
    "lkh_tour": [
        33,
        2,
        59,
        28,
        56,
        19,
        57,
        22,
        43,
        1,
        15,
        46,
        9,
        52,
        18,
        3,
        12,
        41,
        34,
        26,
        54,
        20,
        23,
        35,
        45,
        49,
        44,
        21,
        47,
        40,
        4,
        29,
        13,
        7,
        6,
        42,
        16,
        27,
        31,
        17,
        60,
        24,
        32,
        38,
        5,
        37,
        58,
        36,
        14,
        51,
        48,
        50,
        11,
        8,
        53,
        39,
        25,
        55,
        30,
        10
    ],
    "lkh_gap_pct": 0.0
}