{
    "instance_name": "N60_D5_G100_pow_10",
    "n_customers": 60,
    "dimension": 5,
    "grid_size": 100,
    "optimal_cost": 2882,
    "optimal_tour": [
        9,
        3,
        35,
        50,
        53,
        59,
        36,
        47,
        58,
        33,
        8,
        32,
        39,
        23,
        13,
        31,
        30,
        10,
        6,
        12,
        22,
        18,
        40,
        2,
        15,
        37,
        20,
        52,
        38,
        42,
        11,
        28,
        21,
        5,
        55,
        19,
        49,
        41,
        56,
        27,
        34,
        44,
        43,
        45,
        48,
        14,
        46,
        57,
        60,
        26,
        29,
        25,
        4,
        16,
        54,
        24,
        1,
        7,
        51,
        17
    ],
    "optimal_solver": "lkh",
    "instance_file_path": "c:\\TSP_ND_ML_Project\\instances\\N60_D5_G100_pow_10.json",
    "concorde_length": 8608,
    "concorde_time_s": 0.8802201999933459,
    "concorde_tour": [
        1,
        12,
        18,
        24,
        8,
        21,
        2,
        31,
        47,
        51,
        7,
        48,
        45,
        36,
        26,
        44,
        53,
        32,
        41,
        29,
        40,
        5,
        16,
        49,
        20,
        42,
        4,
        33,
        19,
        27,
        25,
        54,
        43,
        58,
        50,
        28,
        3,
        52,
        57,
        60,
        35,
        59,
        17,
        30,
        11,
        56,
        37,
        46,
        15,
        13,
        14,
        39,
        23,
        34,
        55,
        10,
        9,
        38,
        6,
        22
    ],
    "lkh_length": 2882,
    "lkh_time_s": 6.0465224999934435,
    "lkh_tour": [
        9,
        3,
        35,
        50,
        53,
        59,
        36,
        47,
        58,
        33,
        8,
        32,
        39,
        23,
        13,
        31,
        30,
        10,
        6,
        12,
        22,
        18,
        40,
        2,
        15,
        37,
        20,
        52,
        38,
        42,
        11,
        28,
        21,
        5,
        55,
        19,
        49,
        41,
        56,
        27,
        34,
        44,
        43,
        45,
        48,
        14,
        46,
        57,
        60,
        26,
        29,
        25,
        4,
        16,
        54,
        24,
        1,
        7,
        51,
        17
    ],
    "lkh_gap_pct": -66.51951672862454
}