{
    "instance_name": "N60_D5_G1000_grid_14",
    "n_customers": 60,
    "dimension": 5,
    "grid_size": 1000,
    "optimal_cost": 25260,
    "optimal_tour": [
        48,
        6,
        52,
        47,
        24,
        38,
        3,
        44,
        31,
        15,
        32,
        8,
        58,
        37,
        17,
        13,
        57,
        22,
        42,
        33,
        14,
        45,
        2,
        20,
        60,
        35,
        27,
        4,
        43,
        53,
        56,
        7,
        59,
        12,
        41,
        50,
        49,
        16,
        26,
        21,
        28,
        55,
        46,
        9,
        23,
        1,
        11,
        51,
        34,
        40,
        5,
        29,
        25,
        54,
        19,
        18,
        36,
        10,
        30,
        39
    ],
    "optimal_solver": "lkh",
    "instance_file_path": "c:\\TSP_ND_ML_Project\\instances\\N60_D5_G1000_grid_14.json",
    "concorde_length": 25260,
    "concorde_time_s": 3.4645708999596536,
    "concorde_tour": [
        1,
        11,
        51,
        34,
        40,
        5,
        29,
        25,
        54,
        19,
        18,
        36,
        10,
        30,
        39,
        48,
        6,
        52,
        47,
        24,
        38,
        3,
        44,
        31,
        15,
        32,
        8,
        58,
        37,
        17,
        13,
        57,
        22,
        42,
        33,
        14,
        45,
        2,
        20,
        60,
        35,
        27,
        4,
        43,
        53,
        56,
        7,
        59,
        12,
        41,
        50,
        49,
        16,
        26,
        21,
        28,
        55,
        46,
        9,
        23
    ],
    "lkh_length": 25260,
    "lkh_time_s": 0.597026499977801,
    "lkh_tour": [
        48,
        6,
        52,
        47,
        24,
        38,
        3,
        44,
        31,
        15,
        32,
        8,
        58,
        37,
        17,
        13,
        57,
        22,
        42,
        33,
        14,
        45,
        2,
        20,
        60,
        35,
        27,
        4,
        43,
        53,
        56,
        7,
        59,
        12,
        41,
        50,
        49,
        16,
        26,
        21,
        28,
        55,
        46,
        9,
        23,
        1,
        11,
        51,
        34,
        40,
        5,
        29,
        25,
        54,
        19,
        18,
        36,
        10,
        30,
        39
    ],
    "lkh_gap_pct": 0.0
}