{
    "instance_name": "N60_D2_G1000_rand_8",
    "n_customers": 60,
    "dimension": 2,
    "grid_size": 1000,
    "optimal_cost": 5823,
    "optimal_tour": [
        8,
        52,
        6,
        27,
        23,
        7,
        32,
        1,
        10,
        3,
        44,
        17,
        59,
        53,
        30,
        51,
        43,
        26,
        13,
        28,
        37,
        47,
        9,
        38,
        48,
        29,
        40,
        34,
        42,
        19,
        41,
        49,
        57,
        39,
        35,
        50,
        20,
        11,
        24,
        5,
        46,
        31,
        56,
        15,
        12,
        54,
        4,
        33,
        45,
        22,
        2,
        18,
        58,
        16,
        25,
        55,
        14,
        21,
        36,
        60
    ],
    "optimal_solver": "lkh",
    "instance_file_path": "c:\\TSP_ND_ML_Project\\instances\\N60_D2_G1000_rand_8.json",
    "concorde_length": 5823,
    "concorde_time_s": 1.0906682999921031,
    "concorde_tour": [
        1,
        10,
        3,
        44,
        17,
        59,
        53,
        30,
        51,
        43,
        26,
        13,
        28,
        37,
        47,
        9,
        38,
        48,
        29,
        40,
        34,
        42,
        19,
        41,
        49,
        57,
        39,
        35,
        50,
        20,
        11,
        24,
        5,
        46,
        31,
        56,
        15,
        12,
        54,
        4,
        33,
        45,
        22,
        2,
        18,
        58,
        16,
        25,
        55,
        14,
        21,
        36,
        60,
        8,
        52,
        6,
        27,
        23,
        7,
        32
    ],
    "lkh_length": 5823,
    "lkh_time_s": 0.09949459999916144,
    "lkh_tour": [
        8,
        52,
        6,
        27,
        23,
        7,
        32,
        1,
        10,
        3,
        44,
        17,
        59,
        53,
        30,
        51,
        43,
        26,
        13,
        28,
        37,
        47,
        9,
        38,
        48,
        29,
        40,
        34,
        42,
        19,
        41,
        49,
        57,
        39,
        35,
        50,
        20,
        11,
        24,
        5,
        46,
        31,
        56,
        15,
        12,
        54,
        4,
        33,
        45,
        22,
        2,
        18,
        58,
        16,
        25,
        55,
        14,
        21,
        36,
        60
    ],
    "lkh_gap_pct": 0.0
}