{
    "instance_name": "N60_D4_G1000_clus_10",
    "n_customers": 60,
    "dimension": 4,
    "grid_size": 1000,
    "optimal_cost": 6740,
    "optimal_tour": [
        24,
        59,
        31,
        2,
        54,
        28,
        40,
        58,
        37,
        5,
        22,
        42,
        57,
        56,
        12,
        48,
        19,
        46,
        43,
        32,
        36,
        27,
        15,
        11,
        23,
        18,
        50,
        1,
        45,
        49,
        7,
        6,
        13,
        16,
        53,
        4,
        52,
        33,
        51,
        20,
        8,
        47,
        35,
        30,
        9,
        25,
        10,
        3,
        17,
        55,
        38,
        41,
        26,
        44,
        14,
        60,
        39,
        34,
        21,
        29
    ],
    "optimal_solver": "lkh",
    "instance_file_path": "c:\\TSP_ND_ML_Project\\instances\\N60_D4_G1000_clus_10.json",
    "concorde_length": 6740,
    "concorde_time_s": 1.2429323999676853,
    "concorde_tour": [
        1,
        45,
        49,
        7,
        6,
        13,
        16,
        53,
        4,
        52,
        33,
        51,
        20,
        8,
        47,
        35,
        30,
        9,
        25,
        10,
        3,
        17,
        55,
        38,
        41,
        26,
        44,
        14,
        60,
        39,
        34,
        21,
        29,
        24,
        59,
        31,
        2,
        54,
        28,
        40,
        58,
        37,
        5,
        22,
        42,
        57,
        56,
        12,
        48,
        19,
        46,
        43,
        32,
        36,
        27,
        15,
        11,
        23,
        18,
        50
    ],
    "lkh_length": 6740,
    "lkh_time_s": 0.06001499999547377,
    "lkh_tour": [
        24,
        59,
        31,
        2,
        54,
        28,
        40,
        58,
        37,
        5,
        22,
        42,
        57,
        56,
        12,
        48,
        19,
        46,
        43,
        32,
        36,
        27,
        15,
        11,
        23,
        18,
        50,
        1,
        45,
        49,
        7,
        6,
        13,
        16,
        53,
        4,
        52,
        33,
        51,
        20,
        8,
        47,
        35,
        30,
        9,
        25,
        10,
        3,
        17,
        55,
        38,
        41,
        26,
        44,
        14,
        60,
        39,
        34,
        21,
        29
    ],
    "lkh_gap_pct": 0.0
}