{
    "instance_name": "N60_D5_G10000_clus_7",
    "n_customers": 60,
    "dimension": 5,
    "grid_size": 10000,
    "optimal_cost": 80195,
    "optimal_tour": [
        4,
        49,
        23,
        26,
        57,
        53,
        41,
        33,
        43,
        13,
        29,
        38,
        20,
        32,
        11,
        17,
        8,
        58,
        24,
        10,
        30,
        40,
        51,
        2,
        6,
        39,
        7,
        45,
        21,
        15,
        31,
        52,
        18,
        9,
        59,
        25,
        19,
        36,
        37,
        34,
        55,
        48,
        47,
        22,
        1,
        3,
        12,
        16,
        27,
        42,
        46,
        56,
        60,
        54,
        50,
        35,
        44,
        14,
        5,
        28
    ],
    "optimal_solver": "lkh",
    "instance_file_path": "c:\\TSP_ND_ML_Project\\instances\\N60_D5_G10000_clus_7.json",
    "concorde_length": 80195,
    "concorde_time_s": 1.028309499961324,
    "concorde_tour": [
        1,
        22,
        47,
        48,
        55,
        34,
        37,
        36,
        19,
        25,
        59,
        9,
        18,
        52,
        31,
        15,
        21,
        45,
        7,
        39,
        6,
        2,
        51,
        40,
        30,
        10,
        24,
        58,
        8,
        17,
        11,
        32,
        20,
        38,
        29,
        13,
        43,
        33,
        41,
        53,
        57,
        26,
        23,
        49,
        4,
        28,
        5,
        14,
        44,
        35,
        50,
        54,
        60,
        56,
        46,
        42,
        27,
        16,
        12,
        3
    ],
    "lkh_length": 80195,
    "lkh_time_s": 0.07226859999354929,
    "lkh_tour": [
        4,
        49,
        23,
        26,
        57,
        53,
        41,
        33,
        43,
        13,
        29,
        38,
        20,
        32,
        11,
        17,
        8,
        58,
        24,
        10,
        30,
        40,
        51,
        2,
        6,
        39,
        7,
        45,
        21,
        15,
        31,
        52,
        18,
        9,
        59,
        25,
        19,
        36,
        37,
        34,
        55,
        48,
        47,
        22,
        1,
        3,
        12,
        16,
        27,
        42,
        46,
        56,
        60,
        54,
        50,
        35,
        44,
        14,
        5,
        28
    ],
    "lkh_gap_pct": 0.0
}