{
    "instance_name": "N60_D5_G100_pow_17",
    "n_customers": 60,
    "dimension": 5,
    "grid_size": 100,
    "optimal_cost": 2800,
    "optimal_tour": [
        47,
        12,
        43,
        41,
        54,
        28,
        48,
        52,
        42,
        33,
        58,
        1,
        13,
        59,
        51,
        5,
        53,
        30,
        50,
        34,
        38,
        17,
        21,
        14,
        29,
        23,
        15,
        24,
        37,
        25,
        44,
        57,
        6,
        60,
        55,
        26,
        9,
        22,
        11,
        45,
        10,
        49,
        7,
        46,
        39,
        20,
        32,
        19,
        31,
        36,
        8,
        27,
        2,
        3,
        18,
        4,
        35,
        40,
        16,
        56
    ],
    "optimal_solver": "lkh",
    "instance_file_path": "c:\\TSP_ND_ML_Project\\instances\\N60_D5_G100_pow_17.json",
    "concorde_length": 2800,
    "concorde_time_s": 0.5988618999836035,
    "concorde_tour": [
        1,
        6,
        60,
        55,
        9,
        26,
        31,
        8,
        36,
        32,
        19,
        20,
        46,
        39,
        7,
        10,
        45,
        49,
        37,
        24,
        15,
        29,
        23,
        34,
        50,
        38,
        17,
        21,
        14,
        11,
        22,
        27,
        2,
        28,
        42,
        52,
        48,
        47,
        12,
        16,
        56,
        54,
        41,
        43,
        5,
        30,
        53,
        51,
        13,
        59,
        57,
        44,
        25,
        3,
        18,
        4,
        35,
        40,
        33,
        58
    ],
    "lkh_length": 2800,
    "lkh_time_s": 0.4352811999851838,
    "lkh_tour": [
        47,
        12,
        43,
        41,
        54,
        28,
        48,
        52,
        42,
        33,
        58,
        1,
        13,
        59,
        51,
        5,
        53,
        30,
        50,
        34,
        38,
        17,
        21,
        14,
        29,
        23,
        15,
        24,
        37,
        25,
        44,
        57,
        6,
        60,
        55,
        26,
        9,
        22,
        11,
        45,
        10,
        49,
        7,
        46,
        39,
        20,
        32,
        19,
        31,
        36,
        8,
        27,
        2,
        3,
        18,
        4,
        35,
        40,
        16,
        56
    ],
    "lkh_gap_pct": 0.0
}