{
    "instance_name": "N60_D4_G10000_norm_16",
    "n_customers": 60,
    "dimension": 4,
    "grid_size": 10000,
    "optimal_cost": 103882,
    "optimal_tour": [
        60,
        40,
        58,
        3,
        16,
        56,
        31,
        29,
        39,
        36,
        34,
        51,
        1,
        11,
        9,
        21,
        26,
        13,
        7,
        38,
        30,
        43,
        59,
        10,
        14,
        54,
        37,
        57,
        42,
        5,
        18,
        55,
        41,
        17,
        46,
        8,
        19,
        22,
        53,
        6,
        4,
        32,
        15,
        47,
        35,
        28,
        45,
        48,
        25,
        49,
        52,
        44,
        27,
        2,
        20,
        12,
        50,
        23,
        24,
        33
    ],
    "optimal_solver": "lkh",
    "instance_file_path": "c:\\TSP_ND_ML_Project\\instances\\N60_D4_G10000_norm_16.json",
    "concorde_length": 103882,
    "concorde_time_s": 2.6262844000011683,
    "concorde_tour": [
        1,
        11,
        9,
        21,
        26,
        13,
        7,
        38,
        30,
        43,
        59,
        10,
        14,
        54,
        37,
        57,
        42,
        5,
        18,
        55,
        41,
        17,
        46,
        8,
        19,
        22,
        53,
        6,
        4,
        32,
        15,
        47,
        35,
        28,
        45,
        48,
        25,
        49,
        52,
        44,
        27,
        2,
        20,
        12,
        50,
        23,
        24,
        33,
        60,
        40,
        58,
        3,
        16,
        56,
        31,
        29,
        39,
        36,
        34,
        51
    ],
    "lkh_length": 103882,
    "lkh_time_s": 0.13467479997780174,
    "lkh_tour": [
        60,
        40,
        58,
        3,
        16,
        56,
        31,
        29,
        39,
        36,
        34,
        51,
        1,
        11,
        9,
        21,
        26,
        13,
        7,
        38,
        30,
        43,
        59,
        10,
        14,
        54,
        37,
        57,
        42,
        5,
        18,
        55,
        41,
        17,
        46,
        8,
        19,
        22,
        53,
        6,
        4,
        32,
        15,
        47,
        35,
        28,
        45,
        48,
        25,
        49,
        52,
        44,
        27,
        2,
        20,
        12,
        50,
        23,
        24,
        33
    ],
    "lkh_gap_pct": 0.0
}