{
    "instance_name": "N60_D3_G1000_corn_1",
    "n_customers": 60,
    "dimension": 3,
    "grid_size": 1000,
    "optimal_cost": 8320,
    "optimal_tour": [
        5,
        34,
        11,
        54,
        46,
        53,
        19,
        57,
        20,
        24,
        4,
        7,
        36,
        40,
        30,
        6,
        58,
        18,
        50,
        47,
        29,
        43,
        31,
        22,
        28,
        8,
        27,
        48,
        21,
        25,
        51,
        16,
        14,
        12,
        56,
        45,
        3,
        52,
        15,
        2,
        49,
        9,
        17,
        26,
        41,
        32,
        59,
        38,
        10,
        39,
        13,
        55,
        44,
        60,
        23,
        42,
        37,
        33,
        35,
        1
    ],
    "optimal_solver": "lkh",
    "instance_file_path": "c:\\TSP_ND_ML_Project\\instances\\N60_D3_G1000_corn_1.json",
    "concorde_length": 8320,
    "concorde_time_s": 0.9496071999892592,
    "concorde_tour": [
        1,
        35,
        33,
        37,
        42,
        23,
        60,
        44,
        55,
        13,
        39,
        10,
        38,
        59,
        32,
        41,
        26,
        17,
        9,
        49,
        2,
        15,
        52,
        3,
        45,
        56,
        12,
        14,
        16,
        51,
        25,
        21,
        48,
        27,
        8,
        28,
        22,
        31,
        43,
        29,
        47,
        50,
        18,
        58,
        6,
        30,
        40,
        36,
        7,
        4,
        24,
        20,
        57,
        19,
        46,
        53,
        54,
        34,
        11,
        5
    ],
    "lkh_length": 8320,
    "lkh_time_s": 0.09904820000519976,
    "lkh_tour": [
        5,
        34,
        11,
        54,
        46,
        53,
        19,
        57,
        20,
        24,
        4,
        7,
        36,
        40,
        30,
        6,
        58,
        18,
        50,
        47,
        29,
        43,
        31,
        22,
        28,
        8,
        27,
        48,
        21,
        25,
        51,
        16,
        14,
        12,
        56,
        45,
        3,
        52,
        15,
        2,
        49,
        9,
        17,
        26,
        41,
        32,
        59,
        38,
        10,
        39,
        13,
        55,
        44,
        60,
        23,
        42,
        37,
        33,
        35,
        1
    ],
    "lkh_gap_pct": 0.0
}