{
    "instance_name": "N60_D4_G1000_ring_7",
    "n_customers": 60,
    "dimension": 4,
    "grid_size": 1000,
    "optimal_cost": 11320,
    "optimal_tour": [
        42,
        13,
        43,
        9,
        45,
        54,
        19,
        37,
        59,
        33,
        36,
        2,
        17,
        23,
        39,
        1,
        30,
        21,
        18,
        47,
        22,
        7,
        16,
        56,
        35,
        41,
        10,
        24,
        55,
        51,
        5,
        40,
        31,
        8,
        58,
        12,
        53,
        38,
        11,
        52,
        46,
        49,
        57,
        32,
        14,
        4,
        6,
        28,
        50,
        20,
        3,
        25,
        27,
        48,
        29,
        34,
        60,
        15,
        44,
        26
    ],
    "optimal_solver": "lkh",
    "instance_file_path": "c:\\TSP_ND_ML_Project\\instances\\N60_D4_G1000_ring_7.json",
    "concorde_length": 11320,
    "concorde_time_s": 1.1713819000287913,
    "concorde_tour": [
        1,
        39,
        23,
        17,
        2,
        36,
        33,
        59,
        37,
        19,
        54,
        45,
        9,
        43,
        13,
        42,
        26,
        44,
        15,
        60,
        34,
        29,
        48,
        27,
        25,
        3,
        20,
        50,
        28,
        6,
        4,
        14,
        32,
        57,
        49,
        46,
        52,
        11,
        38,
        53,
        12,
        58,
        8,
        31,
        40,
        5,
        51,
        55,
        24,
        10,
        41,
        35,
        56,
        16,
        7,
        22,
        47,
        18,
        21,
        30
    ],
    "lkh_length": 11320,
    "lkh_time_s": 0.0654402999789454,
    "lkh_tour": [
        42,
        13,
        43,
        9,
        45,
        54,
        19,
        37,
        59,
        33,
        36,
        2,
        17,
        23,
        39,
        1,
        30,
        21,
        18,
        47,
        22,
        7,
        16,
        56,
        35,
        41,
        10,
        24,
        55,
        51,
        5,
        40,
        31,
        8,
        58,
        12,
        53,
        38,
        11,
        52,
        46,
        49,
        57,
        32,
        14,
        4,
        6,
        28,
        50,
        20,
        3,
        25,
        27,
        48,
        29,
        34,
        60,
        15,
        44,
        26
    ],
    "lkh_gap_pct": 0.0
}