{
    "instance_name": "N60_D4_G10000_rand_7",
    "n_customers": 60,
    "dimension": 4,
    "grid_size": 10000,
    "optimal_cost": 172751,
    "optimal_tour": [
        51,
        12,
        14,
        25,
        11,
        15,
        3,
        10,
        5,
        39,
        43,
        53,
        45,
        41,
        1,
        6,
        27,
        13,
        29,
        8,
        24,
        37,
        7,
        47,
        22,
        4,
        34,
        40,
        23,
        54,
        20,
        21,
        58,
        36,
        18,
        52,
        17,
        30,
        16,
        48,
        28,
        42,
        26,
        32,
        60,
        56,
        2,
        33,
        35,
        49,
        44,
        50,
        46,
        59,
        57,
        55,
        9,
        31,
        19,
        38
    ],
    "optimal_solver": "lkh",
    "instance_file_path": "c:\\TSP_ND_ML_Project\\instances\\N60_D4_G10000_rand_7.json",
    "concorde_length": 172751,
    "concorde_time_s": 2.48825360002229,
    "concorde_tour": [
        1,
        6,
        27,
        13,
        29,
        8,
        24,
        37,
        7,
        47,
        22,
        4,
        34,
        40,
        23,
        54,
        20,
        21,
        58,
        36,
        18,
        52,
        17,
        30,
        16,
        48,
        28,
        42,
        26,
        32,
        60,
        56,
        2,
        33,
        35,
        49,
        44,
        50,
        46,
        59,
        57,
        55,
        9,
        31,
        19,
        38,
        51,
        12,
        14,
        25,
        11,
        15,
        3,
        10,
        5,
        39,
        43,
        53,
        45,
        41
    ],
    "lkh_length": 172751,
    "lkh_time_s": 0.22041010000975803,
    "lkh_tour": [
        51,
        12,
        14,
        25,
        11,
        15,
        3,
        10,
        5,
        39,
        43,
        53,
        45,
        41,
        1,
        6,
        27,
        13,
        29,
        8,
        24,
        37,
        7,
        47,
        22,
        4,
        34,
        40,
        23,
        54,
        20,
        21,
        58,
        36,
        18,
        52,
        17,
        30,
        16,
        48,
        28,
        42,
        26,
        32,
        60,
        56,
        2,
        33,
        35,
        49,
        44,
        50,
        46,
        59,
        57,
        55,
        9,
        31,
        19,
        38
    ],
    "lkh_gap_pct": 0.0
}