{
    "instance_name": "N60_D4_G100_corr_4",
    "n_customers": 60,
    "dimension": 4,
    "grid_size": 100,
    "optimal_cost": 787,
    "optimal_tour": [
        21,
        9,
        37,
        4,
        2,
        41,
        23,
        42,
        33,
        1,
        18,
        52,
        59,
        7,
        15,
        57,
        53,
        8,
        34,
        16,
        14,
        60,
        43,
        6,
        55,
        51,
        5,
        19,
        22,
        47,
        39,
        50,
        44,
        30,
        38,
        48,
        12,
        40,
        31,
        25,
        24,
        46,
        17,
        26,
        29,
        32,
        3,
        36,
        11,
        13,
        35,
        58,
        49,
        20,
        10,
        27,
        56,
        54,
        45,
        28
    ],
    "optimal_solver": "lkh",
    "instance_file_path": "c:\\TSP_ND_ML_Project\\instances\\N60_D4_G100_corr_4.json",
    "concorde_length": 787,
    "concorde_time_s": 0.887528299994301,
    "concorde_tour": [
        1,
        33,
        42,
        23,
        41,
        2,
        4,
        37,
        9,
        21,
        28,
        45,
        54,
        56,
        27,
        10,
        20,
        49,
        58,
        35,
        13,
        11,
        36,
        3,
        32,
        29,
        26,
        17,
        46,
        24,
        25,
        31,
        40,
        12,
        48,
        38,
        30,
        44,
        50,
        39,
        47,
        22,
        19,
        5,
        51,
        55,
        6,
        43,
        60,
        14,
        16,
        34,
        8,
        53,
        57,
        15,
        7,
        59,
        52,
        18
    ],
    "lkh_length": 787,
    "lkh_time_s": 0.08324810001067817,
    "lkh_tour": [
        21,
        9,
        37,
        4,
        2,
        41,
        23,
        42,
        33,
        1,
        18,
        52,
        59,
        7,
        15,
        57,
        53,
        8,
        34,
        16,
        14,
        60,
        43,
        6,
        55,
        51,
        5,
        19,
        22,
        47,
        39,
        50,
        44,
        30,
        38,
        48,
        12,
        40,
        31,
        25,
        24,
        46,
        17,
        26,
        29,
        32,
        3,
        36,
        11,
        13,
        35,
        58,
        49,
        20,
        10,
        27,
        56,
        54,
        45,
        28
    ],
    "lkh_gap_pct": 0.0
}