{
    "instance_name": "N60_D2_G10000_ring_17",
    "n_customers": 60,
    "dimension": 2,
    "grid_size": 10000,
    "optimal_cost": 36000,
    "optimal_tour": [
        30,
        47,
        29,
        11,
        21,
        59,
        43,
        60,
        35,
        8,
        40,
        53,
        14,
        41,
        24,
        38,
        25,
        5,
        55,
        22,
        16,
        15,
        20,
        33,
        37,
        12,
        19,
        57,
        6,
        27,
        26,
        52,
        36,
        39,
        46,
        32,
        54,
        18,
        48,
        49,
        28,
        58,
        7,
        34,
        42,
        2,
        3,
        4,
        51,
        1,
        13,
        50,
        23,
        44,
        56,
        10,
        9,
        31,
        45,
        17
    ],
    "optimal_solver": "lkh",
    "instance_file_path": "c:\\TSP_ND_ML_Project\\instances\\N60_D2_G10000_ring_17.json",
    "concorde_length": 36000,
    "concorde_time_s": 2.207763700018404,
    "concorde_tour": [
        1,
        13,
        50,
        23,
        44,
        56,
        10,
        9,
        31,
        45,
        17,
        30,
        47,
        29,
        11,
        21,
        59,
        43,
        60,
        35,
        8,
        40,
        53,
        14,
        41,
        24,
        38,
        25,
        5,
        55,
        22,
        16,
        15,
        20,
        33,
        37,
        12,
        19,
        57,
        6,
        27,
        26,
        52,
        36,
        39,
        46,
        32,
        54,
        18,
        48,
        49,
        28,
        58,
        7,
        34,
        42,
        2,
        3,
        4,
        51
    ],
    "lkh_length": 36000,
    "lkh_time_s": 0.23714789998484775,
    "lkh_tour": [
        30,
        47,
        29,
        11,
        21,
        59,
        43,
        60,
        35,
        8,
        40,
        53,
        14,
        41,
        24,
        38,
        25,
        5,
        55,
        22,
        16,
        15,
        20,
        33,
        37,
        12,
        19,
        57,
        6,
        27,
        26,
        52,
        36,
        39,
        46,
        32,
        54,
        18,
        48,
        49,
        28,
        58,
        7,
        34,
        42,
        2,
        3,
        4,
        51,
        1,
        13,
        50,
        23,
        44,
        56,
        10,
        9,
        31,
        45,
        17
    ],
    "lkh_gap_pct": 0.0
}