{
    "instance_name": "N60_D4_G100_norm_8",
    "n_customers": 60,
    "dimension": 4,
    "grid_size": 100,
    "optimal_cost": 1114,
    "optimal_tour": [
        50,
        4,
        53,
        41,
        39,
        2,
        57,
        5,
        20,
        52,
        51,
        40,
        25,
        32,
        1,
        13,
        35,
        30,
        38,
        10,
        43,
        9,
        45,
        11,
        15,
        47,
        36,
        12,
        60,
        58,
        21,
        22,
        28,
        19,
        7,
        48,
        37,
        18,
        31,
        3,
        26,
        42,
        17,
        14,
        34,
        8,
        55,
        54,
        59,
        29,
        27,
        56,
        33,
        46,
        44,
        23,
        49,
        6,
        24,
        16
    ],
    "optimal_solver": "lkh",
    "instance_file_path": "c:\\TSP_ND_ML_Project\\instances\\N60_D4_G100_norm_8.json",
    "concorde_length": 1114,
    "concorde_time_s": 1.4631521999835968,
    "concorde_tour": [
        1,
        32,
        25,
        40,
        51,
        52,
        20,
        5,
        57,
        2,
        39,
        41,
        53,
        4,
        50,
        16,
        24,
        6,
        49,
        23,
        44,
        46,
        33,
        56,
        27,
        29,
        59,
        54,
        55,
        8,
        34,
        14,
        17,
        42,
        26,
        3,
        31,
        18,
        37,
        48,
        7,
        19,
        28,
        22,
        21,
        58,
        60,
        12,
        36,
        47,
        15,
        11,
        45,
        9,
        43,
        10,
        30,
        38,
        35,
        13
    ],
    "lkh_length": 1114,
    "lkh_time_s": 0.10308420000365004,
    "lkh_tour": [
        50,
        4,
        53,
        41,
        39,
        2,
        57,
        5,
        20,
        52,
        51,
        40,
        25,
        32,
        1,
        13,
        35,
        30,
        38,
        10,
        43,
        9,
        45,
        11,
        15,
        47,
        36,
        12,
        60,
        58,
        21,
        22,
        28,
        19,
        7,
        48,
        37,
        18,
        31,
        3,
        26,
        42,
        17,
        14,
        34,
        8,
        55,
        54,
        59,
        29,
        27,
        56,
        33,
        46,
        44,
        23,
        49,
        6,
        24,
        16
    ],
    "lkh_gap_pct": 0.0
}