{
    "instance_name": "N60_D3_G1000_corr_7",
    "n_customers": 60,
    "dimension": 3,
    "grid_size": 1000,
    "optimal_cost": 6740,
    "optimal_tour": [
        4,
        23,
        27,
        45,
        59,
        53,
        10,
        56,
        35,
        37,
        49,
        44,
        30,
        32,
        43,
        51,
        3,
        19,
        31,
        5,
        21,
        36,
        14,
        6,
        2,
        29,
        25,
        34,
        50,
        60,
        28,
        40,
        7,
        18,
        12,
        17,
        13,
        55,
        48,
        22,
        1,
        20,
        46,
        26,
        42,
        9,
        33,
        57,
        47,
        8,
        58,
        54,
        39,
        16,
        11,
        52,
        24,
        41,
        15,
        38
    ],
    "optimal_solver": "lkh",
    "instance_file_path": "c:\\TSP_ND_ML_Project\\instances\\N60_D3_G1000_corr_7.json",
    "concorde_length": 6740,
    "concorde_time_s": 0.8988119000568986,
    "concorde_tour": [
        1,
        22,
        48,
        55,
        13,
        17,
        12,
        18,
        7,
        40,
        28,
        60,
        50,
        34,
        25,
        29,
        2,
        6,
        14,
        36,
        21,
        5,
        31,
        19,
        3,
        51,
        43,
        32,
        30,
        44,
        49,
        37,
        35,
        56,
        10,
        53,
        59,
        45,
        27,
        23,
        4,
        38,
        15,
        41,
        24,
        52,
        11,
        16,
        39,
        54,
        58,
        8,
        47,
        57,
        33,
        9,
        42,
        26,
        46,
        20
    ],
    "lkh_length": 6740,
    "lkh_time_s": 0.1782291999552399,
    "lkh_tour": [
        4,
        23,
        27,
        45,
        59,
        53,
        10,
        56,
        35,
        37,
        49,
        44,
        30,
        32,
        43,
        51,
        3,
        19,
        31,
        5,
        21,
        36,
        14,
        6,
        2,
        29,
        25,
        34,
        50,
        60,
        28,
        40,
        7,
        18,
        12,
        17,
        13,
        55,
        48,
        22,
        1,
        20,
        46,
        26,
        42,
        9,
        33,
        57,
        47,
        8,
        58,
        54,
        39,
        16,
        11,
        52,
        24,
        41,
        15,
        38
    ],
    "lkh_gap_pct": 0.0
}