{
    "instance_name": "N60_D2_G10000_pow_1",
    "n_customers": 60,
    "dimension": 2,
    "grid_size": 10000,
    "optimal_cost": 40000,
    "optimal_tour": [
        35,
        23,
        45,
        24,
        43,
        20,
        13,
        28,
        37,
        52,
        16,
        22,
        59,
        34,
        55,
        18,
        7,
        27,
        47,
        5,
        33,
        39,
        30,
        14,
        46,
        42,
        60,
        31,
        25,
        9,
        53,
        3,
        58,
        15,
        41,
        26,
        51,
        10,
        1,
        4,
        49,
        50,
        48,
        44,
        17,
        8,
        56,
        19,
        12,
        6,
        54,
        40,
        2,
        57,
        32,
        29,
        36,
        21,
        11,
        38
    ],
    "optimal_solver": "lkh",
    "instance_file_path": "c:\\TSP_ND_ML_Project\\instances\\N60_D2_G10000_pow_1.json",
    "concorde_length": 40000,
    "concorde_time_s": 2.7398312000150327,
    "concorde_tour": [
        1,
        56,
        51,
        44,
        48,
        17,
        41,
        50,
        58,
        49,
        26,
        8,
        15,
        4,
        54,
        29,
        11,
        32,
        12,
        19,
        21,
        35,
        40,
        6,
        2,
        36,
        57,
        38,
        18,
        7,
        13,
        22,
        34,
        45,
        52,
        37,
        55,
        43,
        59,
        28,
        20,
        16,
        23,
        24,
        39,
        53,
        47,
        46,
        60,
        42,
        31,
        33,
        27,
        25,
        5,
        9,
        14,
        30,
        3,
        10
    ],
    "lkh_length": 40000,
    "lkh_time_s": 3.052234100003261,
    "lkh_tour": [
        35,
        23,
        45,
        24,
        43,
        20,
        13,
        28,
        37,
        52,
        16,
        22,
        59,
        34,
        55,
        18,
        7,
        27,
        47,
        5,
        33,
        39,
        30,
        14,
        46,
        42,
        60,
        31,
        25,
        9,
        53,
        3,
        58,
        15,
        41,
        26,
        51,
        10,
        1,
        4,
        49,
        50,
        48,
        44,
        17,
        8,
        56,
        19,
        12,
        6,
        54,
        40,
        2,
        57,
        32,
        29,
        36,
        21,
        11,
        38
    ],
    "lkh_gap_pct": 0.0
}