{
    "instance_name": "N60_D2_G100_clus_9",
    "n_customers": 60,
    "dimension": 2,
    "grid_size": 100,
    "optimal_cost": 190,
    "optimal_tour": [
        36,
        21,
        32,
        18,
        53,
        33,
        14,
        8,
        58,
        39,
        54,
        44,
        56,
        38,
        34,
        42,
        52,
        7,
        37,
        26,
        43,
        24,
        15,
        27,
        46,
        48,
        17,
        28,
        60,
        25,
        2,
        59,
        20,
        41,
        40,
        19,
        12,
        57,
        50,
        47,
        11,
        30,
        4,
        51,
        3,
        35,
        1,
        9,
        45,
        22,
        10,
        13,
        29,
        55,
        31,
        6,
        5,
        16,
        23,
        49
    ],
    "optimal_solver": "lkh",
    "instance_file_path": "c:\\TSP_ND_ML_Project\\instances\\N60_D2_G100_clus_9.json",
    "concorde_length": 190,
    "concorde_time_s": 0.5967624000040814,
    "concorde_tour": [
        1,
        9,
        45,
        22,
        10,
        13,
        29,
        55,
        31,
        6,
        16,
        5,
        23,
        49,
        36,
        21,
        32,
        18,
        33,
        53,
        14,
        8,
        58,
        39,
        54,
        44,
        56,
        38,
        42,
        34,
        52,
        7,
        37,
        43,
        26,
        24,
        15,
        27,
        48,
        46,
        17,
        28,
        60,
        25,
        2,
        59,
        20,
        41,
        40,
        19,
        12,
        57,
        50,
        47,
        11,
        4,
        30,
        51,
        3,
        35
    ],
    "lkh_length": 190,
    "lkh_time_s": 0.9552895999804605,
    "lkh_tour": [
        36,
        21,
        32,
        18,
        53,
        33,
        14,
        8,
        58,
        39,
        54,
        44,
        56,
        38,
        34,
        42,
        52,
        7,
        37,
        26,
        43,
        24,
        15,
        27,
        46,
        48,
        17,
        28,
        60,
        25,
        2,
        59,
        20,
        41,
        40,
        19,
        12,
        57,
        50,
        47,
        11,
        30,
        4,
        51,
        3,
        35,
        1,
        9,
        45,
        22,
        10,
        13,
        29,
        55,
        31,
        6,
        5,
        16,
        23,
        49
    ],
    "lkh_gap_pct": 0.0
}