{
    "instance_name": "N60_D3_G1000_rand_7",
    "n_customers": 60,
    "dimension": 3,
    "grid_size": 1000,
    "optimal_cost": 13375,
    "optimal_tour": [
        44,
        2,
        27,
        7,
        21,
        22,
        58,
        17,
        48,
        34,
        3,
        13,
        45,
        55,
        57,
        5,
        26,
        31,
        39,
        19,
        38,
        30,
        32,
        36,
        20,
        47,
        50,
        18,
        37,
        35,
        15,
        60,
        46,
        29,
        53,
        1,
        6,
        25,
        43,
        14,
        52,
        59,
        51,
        49,
        28,
        11,
        24,
        16,
        23,
        56,
        41,
        4,
        8,
        33,
        9,
        12,
        54,
        40,
        42,
        10
    ],
    "optimal_solver": "lkh",
    "instance_file_path": "c:\\TSP_ND_ML_Project\\instances\\N60_D3_G1000_rand_7.json",
    "concorde_length": 13375,
    "concorde_time_s": 1.4052232999820262,
    "concorde_tour": [
        1,
        53,
        29,
        46,
        60,
        15,
        35,
        37,
        18,
        50,
        47,
        20,
        36,
        32,
        30,
        38,
        19,
        39,
        31,
        26,
        5,
        57,
        55,
        45,
        13,
        3,
        34,
        48,
        17,
        58,
        22,
        21,
        7,
        27,
        2,
        44,
        10,
        42,
        40,
        54,
        12,
        9,
        33,
        8,
        4,
        41,
        56,
        23,
        16,
        24,
        11,
        28,
        49,
        51,
        59,
        52,
        14,
        43,
        25,
        6
    ],
    "lkh_length": 13375,
    "lkh_time_s": 0.15110169997205958,
    "lkh_tour": [
        44,
        2,
        27,
        7,
        21,
        22,
        58,
        17,
        48,
        34,
        3,
        13,
        45,
        55,
        57,
        5,
        26,
        31,
        39,
        19,
        38,
        30,
        32,
        36,
        20,
        47,
        50,
        18,
        37,
        35,
        15,
        60,
        46,
        29,
        53,
        1,
        6,
        25,
        43,
        14,
        52,
        59,
        51,
        49,
        28,
        11,
        24,
        16,
        23,
        56,
        41,
        4,
        8,
        33,
        9,
        12,
        54,
        40,
        42,
        10
    ],
    "lkh_gap_pct": 0.0
}