{
    "instance_name": "N60_D2_G1000_ring_7",
    "n_customers": 60,
    "dimension": 2,
    "grid_size": 1000,
    "optimal_cost": 3490,
    "optimal_tour": [
        42,
        9,
        25,
        17,
        39,
        22,
        3,
        2,
        4,
        5,
        27,
        46,
        1,
        41,
        14,
        59,
        58,
        18,
        49,
        55,
        8,
        24,
        36,
        35,
        53,
        52,
        60,
        20,
        6,
        48,
        15,
        26,
        10,
        50,
        21,
        54,
        19,
        51,
        44,
        33,
        11,
        38,
        16,
        56,
        12,
        32,
        45,
        29,
        28,
        43,
        34,
        30,
        31,
        57,
        7,
        40,
        13,
        23,
        37,
        47
    ],
    "optimal_solver": "lkh",
    "instance_file_path": "c:\\TSP_ND_ML_Project\\instances\\N60_D2_G1000_ring_7.json",
    "concorde_length": 3490,
    "concorde_time_s": 0.6914144999755081,
    "concorde_tour": [
        1,
        41,
        14,
        59,
        58,
        18,
        49,
        55,
        8,
        24,
        36,
        35,
        53,
        52,
        60,
        20,
        6,
        48,
        15,
        26,
        10,
        50,
        21,
        54,
        19,
        51,
        44,
        33,
        11,
        38,
        16,
        56,
        12,
        32,
        45,
        29,
        28,
        43,
        34,
        30,
        57,
        31,
        7,
        40,
        13,
        23,
        37,
        47,
        42,
        9,
        25,
        17,
        39,
        22,
        3,
        2,
        4,
        5,
        27,
        46
    ],
    "lkh_length": 3490,
    "lkh_time_s": 0.6233371999987867,
    "lkh_tour": [
        42,
        9,
        25,
        17,
        39,
        22,
        3,
        2,
        4,
        5,
        27,
        46,
        1,
        41,
        14,
        59,
        58,
        18,
        49,
        55,
        8,
        24,
        36,
        35,
        53,
        52,
        60,
        20,
        6,
        48,
        15,
        26,
        10,
        50,
        21,
        54,
        19,
        51,
        44,
        33,
        11,
        38,
        16,
        56,
        12,
        32,
        45,
        29,
        28,
        43,
        34,
        30,
        31,
        57,
        7,
        40,
        13,
        23,
        37,
        47
    ],
    "lkh_gap_pct": 0.0
}