{
    "instance_name": "N60_D4_G1000_rand_3",
    "n_customers": 60,
    "dimension": 4,
    "grid_size": 1000,
    "optimal_cost": 18944,
    "optimal_tour": [
        39,
        48,
        25,
        1,
        6,
        20,
        60,
        57,
        46,
        19,
        5,
        7,
        53,
        52,
        16,
        3,
        14,
        33,
        55,
        9,
        36,
        26,
        59,
        18,
        4,
        24,
        32,
        17,
        43,
        10,
        41,
        34,
        28,
        47,
        12,
        58,
        54,
        11,
        45,
        2,
        27,
        21,
        8,
        49,
        30,
        44,
        42,
        29,
        15,
        51,
        22,
        13,
        40,
        50,
        37,
        38,
        31,
        56,
        23,
        35
    ],
    "optimal_solver": "lkh",
    "instance_file_path": "c:\\TSP_ND_ML_Project\\instances\\N60_D4_G1000_rand_3.json",
    "concorde_length": 18944,
    "concorde_time_s": 0.7303638000739738,
    "concorde_tour": [
        1,
        6,
        20,
        60,
        57,
        46,
        19,
        5,
        7,
        53,
        52,
        16,
        3,
        14,
        33,
        55,
        9,
        36,
        26,
        59,
        18,
        4,
        24,
        32,
        17,
        43,
        10,
        41,
        34,
        28,
        47,
        12,
        58,
        54,
        11,
        45,
        2,
        27,
        21,
        8,
        49,
        30,
        44,
        42,
        29,
        15,
        51,
        22,
        13,
        40,
        50,
        37,
        38,
        31,
        56,
        23,
        35,
        39,
        48,
        25
    ],
    "lkh_length": 18944,
    "lkh_time_s": 0.07461350003723055,
    "lkh_tour": [
        39,
        48,
        25,
        1,
        6,
        20,
        60,
        57,
        46,
        19,
        5,
        7,
        53,
        52,
        16,
        3,
        14,
        33,
        55,
        9,
        36,
        26,
        59,
        18,
        4,
        24,
        32,
        17,
        43,
        10,
        41,
        34,
        28,
        47,
        12,
        58,
        54,
        11,
        45,
        2,
        27,
        21,
        8,
        49,
        30,
        44,
        42,
        29,
        15,
        51,
        22,
        13,
        40,
        50,
        37,
        38,
        31,
        56,
        23,
        35
    ],
    "lkh_gap_pct": 0.0
}