{
    "instance_name": "N60_D5_G100_corn_17",
    "n_customers": 60,
    "dimension": 5,
    "grid_size": 100,
    "optimal_cost": 2747,
    "optimal_tour": [
        55,
        1,
        31,
        44,
        24,
        37,
        19,
        46,
        28,
        59,
        40,
        60,
        5,
        3,
        58,
        43,
        26,
        41,
        14,
        23,
        12,
        49,
        50,
        42,
        36,
        13,
        15,
        54,
        57,
        11,
        56,
        32,
        35,
        18,
        39,
        9,
        45,
        8,
        33,
        52,
        29,
        47,
        10,
        4,
        48,
        53,
        22,
        2,
        25,
        6,
        27,
        34,
        51,
        7,
        30,
        16,
        20,
        38,
        21,
        17
    ],
    "optimal_solver": "lkh",
    "instance_file_path": "c:\\TSP_ND_ML_Project\\instances\\N60_D5_G100_corn_17.json",
    "concorde_length": 2747,
    "concorde_time_s": 1.8050669999793172,
    "concorde_tour": [
        1,
        55,
        17,
        21,
        38,
        20,
        16,
        30,
        7,
        51,
        34,
        27,
        6,
        25,
        2,
        53,
        22,
        48,
        4,
        10,
        47,
        29,
        52,
        33,
        8,
        45,
        9,
        39,
        18,
        35,
        32,
        56,
        11,
        57,
        54,
        15,
        13,
        36,
        42,
        50,
        49,
        12,
        23,
        14,
        41,
        26,
        43,
        58,
        3,
        5,
        60,
        40,
        59,
        28,
        46,
        19,
        37,
        24,
        44,
        31
    ],
    "lkh_length": 2747,
    "lkh_time_s": 0.16485990001820028,
    "lkh_tour": [
        55,
        1,
        31,
        44,
        24,
        37,
        19,
        46,
        28,
        59,
        40,
        60,
        5,
        3,
        58,
        43,
        26,
        41,
        14,
        23,
        12,
        49,
        50,
        42,
        36,
        13,
        15,
        54,
        57,
        11,
        56,
        32,
        35,
        18,
        39,
        9,
        45,
        8,
        33,
        52,
        29,
        47,
        10,
        4,
        48,
        53,
        22,
        2,
        25,
        6,
        27,
        34,
        51,
        7,
        30,
        16,
        20,
        38,
        21,
        17
    ],
    "lkh_gap_pct": 0.0
}