{
    "instance_name": "N60_D4_G1000_norm_6",
    "n_customers": 60,
    "dimension": 4,
    "grid_size": 1000,
    "optimal_cost": 11476,
    "optimal_tour": [
        26,
        59,
        43,
        55,
        52,
        14,
        17,
        60,
        42,
        49,
        15,
        33,
        46,
        56,
        27,
        58,
        24,
        4,
        25,
        8,
        28,
        30,
        41,
        34,
        54,
        22,
        18,
        39,
        31,
        40,
        37,
        38,
        44,
        9,
        47,
        48,
        13,
        10,
        29,
        1,
        12,
        3,
        51,
        50,
        5,
        20,
        21,
        23,
        32,
        45,
        36,
        6,
        53,
        16,
        57,
        19,
        7,
        2,
        35,
        11
    ],
    "optimal_solver": "lkh",
    "instance_file_path": "c:\\TSP_ND_ML_Project\\instances\\N60_D4_G1000_norm_6.json",
    "concorde_length": 11476,
    "concorde_time_s": 1.7660219999961555,
    "concorde_tour": [
        1,
        29,
        10,
        13,
        48,
        47,
        9,
        44,
        38,
        37,
        40,
        31,
        39,
        18,
        22,
        54,
        34,
        41,
        30,
        28,
        8,
        25,
        4,
        24,
        58,
        27,
        56,
        46,
        33,
        15,
        49,
        42,
        60,
        17,
        14,
        52,
        55,
        43,
        59,
        26,
        11,
        35,
        2,
        7,
        19,
        57,
        16,
        53,
        6,
        36,
        45,
        32,
        23,
        21,
        20,
        5,
        50,
        51,
        3,
        12
    ],
    "lkh_length": 11476,
    "lkh_time_s": 0.164142899971921,
    "lkh_tour": [
        26,
        59,
        43,
        55,
        52,
        14,
        17,
        60,
        42,
        49,
        15,
        33,
        46,
        56,
        27,
        58,
        24,
        4,
        25,
        8,
        28,
        30,
        41,
        34,
        54,
        22,
        18,
        39,
        31,
        40,
        37,
        38,
        44,
        9,
        47,
        48,
        13,
        10,
        29,
        1,
        12,
        3,
        51,
        50,
        5,
        20,
        21,
        23,
        32,
        45,
        36,
        6,
        53,
        16,
        57,
        19,
        7,
        2,
        35,
        11
    ],
    "lkh_gap_pct": 0.0
}