{
    "instance_name": "N60_D2_G10000_tria_18",
    "n_customers": 60,
    "dimension": 2,
    "grid_size": 10000,
    "optimal_cost": 60120,
    "optimal_tour": [
        48,
        19,
        17,
        15,
        28,
        58,
        50,
        27,
        39,
        16,
        59,
        8,
        24,
        47,
        1,
        30,
        34,
        2,
        54,
        43,
        6,
        55,
        36,
        45,
        10,
        14,
        40,
        33,
        46,
        4,
        7,
        51,
        52,
        20,
        31,
        44,
        26,
        57,
        32,
        53,
        42,
        12,
        3,
        37,
        38,
        23,
        22,
        29,
        5,
        9,
        11,
        35,
        13,
        18,
        49,
        25,
        56,
        21,
        41,
        60
    ],
    "optimal_solver": "lkh",
    "instance_file_path": "c:\\TSP_ND_ML_Project\\instances\\N60_D2_G10000_tria_18.json",
    "concorde_length": 60120,
    "concorde_time_s": 0.5181022000033408,
    "concorde_tour": [
        1,
        30,
        34,
        2,
        54,
        43,
        6,
        55,
        36,
        45,
        10,
        14,
        40,
        33,
        46,
        4,
        7,
        51,
        52,
        20,
        31,
        44,
        26,
        57,
        32,
        53,
        42,
        12,
        3,
        37,
        38,
        23,
        22,
        29,
        5,
        9,
        11,
        35,
        13,
        18,
        49,
        25,
        56,
        21,
        41,
        60,
        48,
        19,
        17,
        15,
        28,
        58,
        50,
        27,
        39,
        16,
        59,
        8,
        24,
        47
    ],
    "lkh_length": 60120,
    "lkh_time_s": 0.10332250001374632,
    "lkh_tour": [
        48,
        19,
        17,
        15,
        28,
        58,
        50,
        27,
        39,
        16,
        59,
        8,
        24,
        47,
        1,
        30,
        34,
        2,
        54,
        43,
        6,
        55,
        36,
        45,
        10,
        14,
        40,
        33,
        46,
        4,
        7,
        51,
        52,
        20,
        31,
        44,
        26,
        57,
        32,
        53,
        42,
        12,
        3,
        37,
        38,
        23,
        22,
        29,
        5,
        9,
        11,
        35,
        13,
        18,
        49,
        25,
        56,
        21,
        41,
        60
    ],
    "lkh_gap_pct": 0.0
}