{
    "instance_name": "N60_D2_G1000_tria_13",
    "n_customers": 60,
    "dimension": 2,
    "grid_size": 1000,
    "optimal_cost": 6056,
    "optimal_tour": [
        49,
        40,
        53,
        37,
        12,
        29,
        5,
        21,
        14,
        36,
        32,
        6,
        60,
        22,
        28,
        31,
        52,
        8,
        25,
        13,
        3,
        54,
        27,
        23,
        20,
        42,
        58,
        46,
        51,
        34,
        59,
        39,
        38,
        7,
        33,
        30,
        57,
        35,
        55,
        43,
        19,
        10,
        44,
        15,
        47,
        24,
        1,
        11,
        50,
        26,
        9,
        17,
        56,
        2,
        4,
        48,
        16,
        41,
        45,
        18
    ],
    "optimal_solver": "lkh",
    "instance_file_path": "c:\\TSP_ND_ML_Project\\instances\\N60_D2_G1000_tria_13.json",
    "concorde_length": 6056,
    "concorde_time_s": 0.45508509999490343,
    "concorde_tour": [
        1,
        11,
        50,
        26,
        9,
        17,
        56,
        2,
        4,
        48,
        16,
        41,
        45,
        18,
        49,
        40,
        53,
        37,
        12,
        29,
        5,
        21,
        14,
        36,
        32,
        6,
        60,
        22,
        28,
        31,
        52,
        8,
        25,
        13,
        3,
        54,
        27,
        23,
        20,
        42,
        58,
        46,
        51,
        34,
        59,
        39,
        38,
        7,
        33,
        30,
        57,
        35,
        55,
        43,
        19,
        10,
        44,
        15,
        47,
        24
    ],
    "lkh_length": 6056,
    "lkh_time_s": 0.2073177999991458,
    "lkh_tour": [
        49,
        40,
        53,
        37,
        12,
        29,
        5,
        21,
        14,
        36,
        32,
        6,
        60,
        22,
        28,
        31,
        52,
        8,
        25,
        13,
        3,
        54,
        27,
        23,
        20,
        42,
        58,
        46,
        51,
        34,
        59,
        39,
        38,
        7,
        33,
        30,
        57,
        35,
        55,
        43,
        19,
        10,
        44,
        15,
        47,
        24,
        1,
        11,
        50,
        26,
        9,
        17,
        56,
        2,
        4,
        48,
        16,
        41,
        45,
        18
    ],
    "lkh_gap_pct": 0.0
}