{
    "instance_name": "N60_D4_G10000_norm_1",
    "n_customers": 60,
    "dimension": 4,
    "grid_size": 10000,
    "optimal_cost": 120930,
    "optimal_tour": [
        10,
        39,
        59,
        42,
        6,
        54,
        4,
        51,
        14,
        18,
        41,
        11,
        45,
        26,
        49,
        35,
        30,
        53,
        58,
        8,
        44,
        7,
        36,
        21,
        31,
        56,
        12,
        55,
        2,
        32,
        46,
        33,
        9,
        25,
        50,
        47,
        27,
        38,
        3,
        34,
        1,
        22,
        23,
        60,
        29,
        43,
        37,
        57,
        15,
        5,
        20,
        48,
        40,
        24,
        13,
        16,
        28,
        19,
        52,
        17
    ],
    "optimal_solver": "lkh",
    "instance_file_path": "c:\\TSP_ND_ML_Project\\instances\\N60_D4_G10000_norm_1.json",
    "concorde_length": 120930,
    "concorde_time_s": 1.873370299988892,
    "concorde_tour": [
        1,
        22,
        23,
        60,
        29,
        43,
        37,
        57,
        15,
        5,
        20,
        48,
        40,
        24,
        13,
        16,
        28,
        19,
        52,
        17,
        10,
        39,
        59,
        42,
        6,
        54,
        4,
        51,
        14,
        18,
        41,
        11,
        45,
        26,
        49,
        35,
        30,
        53,
        58,
        8,
        44,
        7,
        36,
        21,
        31,
        56,
        12,
        55,
        2,
        32,
        46,
        33,
        9,
        25,
        50,
        47,
        27,
        38,
        3,
        34
    ],
    "lkh_length": 120930,
    "lkh_time_s": 0.2036793000297621,
    "lkh_tour": [
        10,
        39,
        59,
        42,
        6,
        54,
        4,
        51,
        14,
        18,
        41,
        11,
        45,
        26,
        49,
        35,
        30,
        53,
        58,
        8,
        44,
        7,
        36,
        21,
        31,
        56,
        12,
        55,
        2,
        32,
        46,
        33,
        9,
        25,
        50,
        47,
        27,
        38,
        3,
        34,
        1,
        22,
        23,
        60,
        29,
        43,
        37,
        57,
        15,
        5,
        20,
        48,
        40,
        24,
        13,
        16,
        28,
        19,
        52,
        17
    ],
    "lkh_gap_pct": 0.0
}