{
    "instance_name": "N60_D2_G10000_tria_1",
    "n_customers": 60,
    "dimension": 2,
    "grid_size": 10000,
    "optimal_cost": 61506,
    "optimal_tour": [
        51,
        41,
        39,
        57,
        1,
        25,
        46,
        50,
        52,
        42,
        9,
        11,
        8,
        26,
        58,
        30,
        14,
        3,
        22,
        32,
        12,
        33,
        29,
        47,
        43,
        5,
        28,
        45,
        19,
        10,
        18,
        6,
        27,
        59,
        60,
        35,
        56,
        2,
        40,
        7,
        4,
        49,
        53,
        15,
        38,
        34,
        16,
        44,
        23,
        55,
        17,
        24,
        20,
        37,
        31,
        48,
        54,
        21,
        13,
        36
    ],
    "optimal_solver": "lkh",
    "instance_file_path": "c:\\TSP_ND_ML_Project\\instances\\N60_D2_G10000_tria_1.json",
    "concorde_length": 61506,
    "concorde_time_s": 1.0720475999987684,
    "concorde_tour": [
        1,
        25,
        46,
        50,
        52,
        42,
        9,
        11,
        8,
        26,
        58,
        30,
        14,
        3,
        22,
        32,
        12,
        33,
        29,
        47,
        43,
        5,
        28,
        45,
        19,
        10,
        18,
        6,
        27,
        59,
        60,
        35,
        56,
        2,
        40,
        7,
        4,
        49,
        53,
        15,
        38,
        34,
        16,
        44,
        23,
        55,
        17,
        24,
        20,
        37,
        31,
        48,
        54,
        21,
        13,
        36,
        51,
        41,
        39,
        57
    ],
    "lkh_length": 61506,
    "lkh_time_s": 0.2431538999953773,
    "lkh_tour": [
        51,
        41,
        39,
        57,
        1,
        25,
        46,
        50,
        52,
        42,
        9,
        11,
        8,
        26,
        58,
        30,
        14,
        3,
        22,
        32,
        12,
        33,
        29,
        47,
        43,
        5,
        28,
        45,
        19,
        10,
        18,
        6,
        27,
        59,
        60,
        35,
        56,
        2,
        40,
        7,
        4,
        49,
        53,
        15,
        38,
        34,
        16,
        44,
        23,
        55,
        17,
        24,
        20,
        37,
        31,
        48,
        54,
        21,
        13,
        36
    ],
    "lkh_gap_pct": 0.0
}