{
    "instance_name": "N60_D4_G100_clus_17",
    "n_customers": 60,
    "dimension": 4,
    "grid_size": 100,
    "optimal_cost": 569,
    "optimal_tour": [
        44,
        55,
        60,
        49,
        16,
        24,
        27,
        14,
        28,
        37,
        58,
        38,
        20,
        46,
        19,
        33,
        45,
        6,
        22,
        9,
        3,
        40,
        30,
        34,
        43,
        39,
        2,
        4,
        17,
        48,
        15,
        8,
        57,
        13,
        35,
        21,
        29,
        41,
        5,
        47,
        7,
        53,
        36,
        23,
        54,
        1,
        52,
        50,
        26,
        18,
        59,
        31,
        10,
        51,
        56,
        32,
        25,
        42,
        11,
        12
    ],
    "optimal_solver": "lkh",
    "instance_file_path": "c:\\TSP_ND_ML_Project\\instances\\N60_D4_G100_clus_17.json",
    "concorde_length": 569,
    "concorde_time_s": 0.8989942999905907,
    "concorde_tour": [
        1,
        54,
        23,
        36,
        53,
        7,
        47,
        5,
        41,
        29,
        13,
        35,
        21,
        57,
        8,
        15,
        48,
        17,
        4,
        2,
        39,
        43,
        34,
        30,
        40,
        3,
        9,
        22,
        6,
        45,
        58,
        37,
        38,
        20,
        46,
        19,
        33,
        24,
        27,
        14,
        28,
        16,
        49,
        60,
        55,
        44,
        12,
        11,
        42,
        25,
        32,
        56,
        51,
        10,
        31,
        59,
        18,
        26,
        50,
        52
    ],
    "lkh_length": 569,
    "lkh_time_s": 0.22709369997028261,
    "lkh_tour": [
        44,
        55,
        60,
        49,
        16,
        24,
        27,
        14,
        28,
        37,
        58,
        38,
        20,
        46,
        19,
        33,
        45,
        6,
        22,
        9,
        3,
        40,
        30,
        34,
        43,
        39,
        2,
        4,
        17,
        48,
        15,
        8,
        57,
        13,
        35,
        21,
        29,
        41,
        5,
        47,
        7,
        53,
        36,
        23,
        54,
        1,
        52,
        50,
        26,
        18,
        59,
        31,
        10,
        51,
        56,
        32,
        25,
        42,
        11,
        12
    ],
    "lkh_gap_pct": 0.0
}