{
    "instance_name": "N60_D4_G1000_clus_14",
    "n_customers": 60,
    "dimension": 4,
    "grid_size": 1000,
    "optimal_cost": 7164,
    "optimal_tour": [
        29,
        14,
        30,
        7,
        28,
        8,
        47,
        37,
        44,
        39,
        26,
        17,
        6,
        55,
        18,
        43,
        49,
        57,
        41,
        46,
        54,
        48,
        32,
        31,
        9,
        10,
        36,
        13,
        3,
        5,
        51,
        40,
        38,
        56,
        20,
        22,
        27,
        25,
        59,
        23,
        45,
        24,
        58,
        16,
        15,
        1,
        4,
        19,
        35,
        2,
        33,
        42,
        12,
        34,
        50,
        53,
        11,
        52,
        60,
        21
    ],
    "optimal_solver": "lkh",
    "instance_file_path": "c:\\TSP_ND_ML_Project\\instances\\N60_D4_G1000_clus_14.json",
    "concorde_length": 7164,
    "concorde_time_s": 1.1341863000416197,
    "concorde_tour": [
        1,
        15,
        16,
        58,
        24,
        45,
        23,
        59,
        25,
        27,
        22,
        20,
        56,
        38,
        40,
        51,
        5,
        3,
        13,
        36,
        10,
        9,
        31,
        32,
        48,
        54,
        46,
        41,
        57,
        49,
        43,
        18,
        55,
        6,
        17,
        26,
        39,
        44,
        37,
        47,
        8,
        28,
        7,
        30,
        14,
        29,
        21,
        60,
        52,
        11,
        53,
        50,
        34,
        12,
        42,
        33,
        2,
        35,
        19,
        4
    ],
    "lkh_length": 7164,
    "lkh_time_s": 0.17580570001155138,
    "lkh_tour": [
        29,
        14,
        30,
        7,
        28,
        8,
        47,
        37,
        44,
        39,
        26,
        17,
        6,
        55,
        18,
        43,
        49,
        57,
        41,
        46,
        54,
        48,
        32,
        31,
        9,
        10,
        36,
        13,
        3,
        5,
        51,
        40,
        38,
        56,
        20,
        22,
        27,
        25,
        59,
        23,
        45,
        24,
        58,
        16,
        15,
        1,
        4,
        19,
        35,
        2,
        33,
        42,
        12,
        34,
        50,
        53,
        11,
        52,
        60,
        21
    ],
    "lkh_gap_pct": 0.0
}