{
    "instance_name": "N60_D3_G100_norm_10",
    "n_customers": 60,
    "dimension": 3,
    "grid_size": 100,
    "optimal_cost": 725,
    "optimal_tour": [
        57,
        7,
        22,
        4,
        20,
        5,
        13,
        60,
        53,
        19,
        14,
        46,
        9,
        49,
        44,
        58,
        12,
        11,
        23,
        45,
        32,
        17,
        50,
        51,
        18,
        52,
        47,
        43,
        10,
        54,
        29,
        38,
        35,
        36,
        41,
        34,
        27,
        56,
        31,
        8,
        30,
        26,
        40,
        39,
        24,
        55,
        2,
        28,
        59,
        1,
        21,
        6,
        16,
        3,
        48,
        25,
        15,
        33,
        37,
        42
    ],
    "optimal_solver": "lkh",
    "instance_file_path": "c:\\TSP_ND_ML_Project\\instances\\N60_D3_G100_norm_10.json",
    "concorde_length": 725,
    "concorde_time_s": 1.745105899986811,
    "concorde_tour": [
        1,
        21,
        6,
        16,
        3,
        48,
        25,
        15,
        37,
        33,
        42,
        57,
        7,
        22,
        4,
        20,
        5,
        13,
        60,
        53,
        19,
        14,
        46,
        9,
        49,
        27,
        34,
        41,
        36,
        35,
        38,
        29,
        54,
        10,
        43,
        47,
        52,
        18,
        51,
        50,
        17,
        32,
        45,
        23,
        11,
        12,
        58,
        44,
        56,
        31,
        8,
        30,
        26,
        40,
        39,
        55,
        24,
        2,
        28,
        59
    ],
    "lkh_length": 725,
    "lkh_time_s": 0.12133170000743121,
    "lkh_tour": [
        57,
        7,
        22,
        4,
        20,
        5,
        13,
        60,
        53,
        19,
        14,
        46,
        9,
        49,
        44,
        58,
        12,
        11,
        23,
        45,
        32,
        17,
        50,
        51,
        18,
        52,
        47,
        43,
        10,
        54,
        29,
        38,
        35,
        36,
        41,
        34,
        27,
        56,
        31,
        8,
        30,
        26,
        40,
        39,
        24,
        55,
        2,
        28,
        59,
        1,
        21,
        6,
        16,
        3,
        48,
        25,
        15,
        33,
        37,
        42
    ],
    "lkh_gap_pct": 0.0
}