{
    "instance_name": "N60_D3_G10000_rand_15",
    "n_customers": 60,
    "dimension": 3,
    "grid_size": 10000,
    "optimal_cost": 133247,
    "optimal_tour": [
        47,
        11,
        56,
        22,
        40,
        57,
        6,
        17,
        9,
        25,
        12,
        13,
        4,
        31,
        14,
        45,
        41,
        1,
        36,
        18,
        33,
        44,
        23,
        20,
        5,
        53,
        43,
        59,
        2,
        24,
        58,
        42,
        48,
        55,
        30,
        32,
        15,
        51,
        7,
        37,
        8,
        52,
        28,
        16,
        27,
        49,
        46,
        35,
        29,
        38,
        19,
        10,
        60,
        39,
        50,
        3,
        26,
        21,
        54,
        34
    ],
    "optimal_solver": "lkh",
    "instance_file_path": "c:\\TSP_ND_ML_Project\\instances\\N60_D3_G10000_rand_15.json",
    "concorde_length": 133247,
    "concorde_time_s": 0.6947368999826722,
    "concorde_tour": [
        1,
        41,
        45,
        14,
        31,
        4,
        13,
        12,
        25,
        9,
        17,
        6,
        57,
        40,
        22,
        56,
        11,
        47,
        34,
        54,
        21,
        26,
        3,
        50,
        39,
        60,
        10,
        19,
        38,
        29,
        35,
        46,
        49,
        27,
        16,
        28,
        52,
        8,
        37,
        7,
        51,
        15,
        32,
        30,
        55,
        48,
        42,
        58,
        24,
        2,
        59,
        43,
        53,
        5,
        20,
        23,
        44,
        33,
        18,
        36
    ],
    "lkh_length": 133247,
    "lkh_time_s": 0.12234419997548684,
    "lkh_tour": [
        47,
        11,
        56,
        22,
        40,
        57,
        6,
        17,
        9,
        25,
        12,
        13,
        4,
        31,
        14,
        45,
        41,
        1,
        36,
        18,
        33,
        44,
        23,
        20,
        5,
        53,
        43,
        59,
        2,
        24,
        58,
        42,
        48,
        55,
        30,
        32,
        15,
        51,
        7,
        37,
        8,
        52,
        28,
        16,
        27,
        49,
        46,
        35,
        29,
        38,
        19,
        10,
        60,
        39,
        50,
        3,
        26,
        21,
        54,
        34
    ],
    "lkh_gap_pct": 0.0
}