{
    "instance_name": "N60_D4_G1000_ring_5",
    "n_customers": 60,
    "dimension": 4,
    "grid_size": 1000,
    "optimal_cost": 10904,
    "optimal_tour": [
        7,
        47,
        14,
        52,
        48,
        21,
        38,
        9,
        54,
        44,
        42,
        12,
        29,
        17,
        41,
        51,
        34,
        39,
        11,
        6,
        13,
        10,
        58,
        60,
        57,
        36,
        15,
        53,
        2,
        56,
        23,
        3,
        55,
        31,
        20,
        46,
        16,
        43,
        50,
        30,
        4,
        8,
        24,
        33,
        19,
        32,
        37,
        59,
        45,
        28,
        26,
        5,
        49,
        40,
        35,
        27,
        1,
        25,
        18,
        22
    ],
    "optimal_solver": "lkh",
    "instance_file_path": "c:\\TSP_ND_ML_Project\\instances\\N60_D4_G1000_ring_5.json",
    "concorde_length": 10904,
    "concorde_time_s": 0.8142256999853998,
    "concorde_tour": [
        1,
        25,
        18,
        22,
        7,
        47,
        14,
        52,
        48,
        21,
        38,
        9,
        54,
        44,
        42,
        12,
        29,
        17,
        41,
        51,
        34,
        39,
        11,
        6,
        13,
        10,
        58,
        60,
        57,
        36,
        15,
        53,
        2,
        56,
        23,
        3,
        55,
        31,
        20,
        46,
        16,
        43,
        50,
        30,
        4,
        8,
        24,
        33,
        19,
        32,
        37,
        59,
        45,
        28,
        26,
        5,
        49,
        40,
        35,
        27
    ],
    "lkh_length": 10904,
    "lkh_time_s": 0.06559820001712069,
    "lkh_tour": [
        7,
        47,
        14,
        52,
        48,
        21,
        38,
        9,
        54,
        44,
        42,
        12,
        29,
        17,
        41,
        51,
        34,
        39,
        11,
        6,
        13,
        10,
        58,
        60,
        57,
        36,
        15,
        53,
        2,
        56,
        23,
        3,
        55,
        31,
        20,
        46,
        16,
        43,
        50,
        30,
        4,
        8,
        24,
        33,
        19,
        32,
        37,
        59,
        45,
        28,
        26,
        5,
        49,
        40,
        35,
        27,
        1,
        25,
        18,
        22
    ],
    "lkh_gap_pct": 0.0
}