{
    "instance_name": "N60_D2_G100_rand_7",
    "n_customers": 60,
    "dimension": 2,
    "grid_size": 100,
    "optimal_cost": 618,
    "optimal_tour": [
        22,
        51,
        7,
        9,
        42,
        36,
        28,
        53,
        15,
        26,
        39,
        35,
        40,
        20,
        34,
        16,
        33,
        45,
        49,
        10,
        37,
        43,
        5,
        55,
        13,
        17,
        14,
        52,
        57,
        32,
        29,
        19,
        31,
        54,
        50,
        1,
        8,
        2,
        11,
        46,
        41,
        3,
        12,
        27,
        59,
        38,
        47,
        30,
        24,
        25,
        18,
        56,
        21,
        60,
        44,
        4,
        48,
        58,
        6,
        23
    ],
    "optimal_solver": "lkh",
    "instance_file_path": "c:\\TSP_ND_ML_Project\\instances\\N60_D2_G100_rand_7.json",
    "concorde_length": 618,
    "concorde_time_s": 0.561065600020811,
    "concorde_tour": [
        1,
        50,
        19,
        29,
        32,
        57,
        52,
        14,
        17,
        13,
        55,
        5,
        43,
        37,
        10,
        49,
        45,
        20,
        40,
        35,
        26,
        39,
        34,
        16,
        33,
        51,
        22,
        23,
        6,
        58,
        48,
        7,
        9,
        42,
        36,
        53,
        28,
        15,
        18,
        56,
        21,
        60,
        4,
        44,
        25,
        24,
        30,
        47,
        38,
        59,
        27,
        12,
        3,
        41,
        46,
        11,
        31,
        54,
        2,
        8
    ],
    "lkh_length": 618,
    "lkh_time_s": 0.2653736000065692,
    "lkh_tour": [
        22,
        51,
        7,
        9,
        42,
        36,
        28,
        53,
        15,
        26,
        39,
        35,
        40,
        20,
        34,
        16,
        33,
        45,
        49,
        10,
        37,
        43,
        5,
        55,
        13,
        17,
        14,
        52,
        57,
        32,
        29,
        19,
        31,
        54,
        50,
        1,
        8,
        2,
        11,
        46,
        41,
        3,
        12,
        27,
        59,
        38,
        47,
        30,
        24,
        25,
        18,
        56,
        21,
        60,
        44,
        4,
        48,
        58,
        6,
        23
    ],
    "lkh_gap_pct": 0.0
}