{
    "instance_name": "N60_D5_G1000_clus_4",
    "n_customers": 60,
    "dimension": 5,
    "grid_size": 1000,
    "optimal_cost": 9693,
    "optimal_tour": [
        17,
        58,
        22,
        34,
        42,
        14,
        28,
        10,
        13,
        50,
        53,
        37,
        39,
        56,
        31,
        29,
        40,
        41,
        21,
        25,
        52,
        55,
        38,
        20,
        59,
        1,
        24,
        9,
        47,
        4,
        7,
        46,
        33,
        60,
        35,
        36,
        11,
        12,
        19,
        54,
        43,
        51,
        49,
        57,
        6,
        27,
        48,
        23,
        18,
        16,
        45,
        15,
        32,
        5,
        8,
        2,
        3,
        30,
        44,
        26
    ],
    "optimal_solver": "lkh",
    "instance_file_path": "c:\\TSP_ND_ML_Project\\instances\\N60_D5_G1000_clus_4.json",
    "concorde_length": 9693,
    "concorde_time_s": 1.2334659000043757,
    "concorde_tour": [
        1,
        24,
        9,
        47,
        4,
        7,
        46,
        33,
        60,
        35,
        36,
        11,
        12,
        19,
        54,
        43,
        51,
        49,
        57,
        6,
        27,
        48,
        23,
        18,
        16,
        45,
        15,
        32,
        5,
        8,
        2,
        3,
        30,
        44,
        26,
        17,
        58,
        22,
        34,
        42,
        14,
        28,
        10,
        13,
        50,
        53,
        37,
        39,
        56,
        29,
        31,
        40,
        41,
        21,
        25,
        52,
        55,
        38,
        20,
        59
    ],
    "lkh_length": 9693,
    "lkh_time_s": 0.1161570000112988,
    "lkh_tour": [
        17,
        58,
        22,
        34,
        42,
        14,
        28,
        10,
        13,
        50,
        53,
        37,
        39,
        56,
        31,
        29,
        40,
        41,
        21,
        25,
        52,
        55,
        38,
        20,
        59,
        1,
        24,
        9,
        47,
        4,
        7,
        46,
        33,
        60,
        35,
        36,
        11,
        12,
        19,
        54,
        43,
        51,
        49,
        57,
        6,
        27,
        48,
        23,
        18,
        16,
        45,
        15,
        32,
        5,
        8,
        2,
        3,
        30,
        44,
        26
    ],
    "lkh_gap_pct": 0.0
}