{
    "instance_name": "N60_D5_G10000_pow_6",
    "n_customers": 60,
    "dimension": 5,
    "grid_size": 10000,
    "optimal_cost": 268284,
    "optimal_tour": [
        33,
        25,
        10,
        21,
        58,
        9,
        16,
        22,
        56,
        57,
        23,
        44,
        1,
        29,
        2,
        34,
        6,
        15,
        38,
        39,
        12,
        51,
        17,
        49,
        11,
        20,
        31,
        42,
        4,
        47,
        8,
        19,
        28,
        52,
        46,
        54,
        35,
        60,
        26,
        27,
        53,
        55,
        36,
        7,
        41,
        3,
        43,
        32,
        40,
        14,
        37,
        13,
        30,
        48,
        59,
        24,
        5,
        18,
        45,
        50
    ],
    "optimal_solver": "lkh",
    "instance_file_path": "c:\\TSP_ND_ML_Project\\instances\\N60_D5_G10000_pow_6.json",
    "concorde_length": 268284,
    "concorde_time_s": 0.8830877000000328,
    "concorde_tour": [
        1,
        23,
        57,
        56,
        22,
        58,
        9,
        16,
        21,
        17,
        49,
        39,
        12,
        20,
        11,
        55,
        53,
        54,
        46,
        35,
        33,
        25,
        10,
        45,
        50,
        52,
        28,
        19,
        8,
        4,
        42,
        47,
        31,
        26,
        27,
        60,
        14,
        13,
        37,
        59,
        48,
        30,
        5,
        24,
        18,
        41,
        43,
        3,
        32,
        40,
        7,
        36,
        51,
        38,
        6,
        29,
        34,
        44,
        15,
        2
    ],
    "lkh_length": 268284,
    "lkh_time_s": 3.703263200004585,
    "lkh_tour": [
        33,
        25,
        10,
        21,
        58,
        9,
        16,
        22,
        56,
        57,
        23,
        44,
        1,
        29,
        2,
        34,
        6,
        15,
        38,
        39,
        12,
        51,
        17,
        49,
        11,
        20,
        31,
        42,
        4,
        47,
        8,
        19,
        28,
        52,
        46,
        54,
        35,
        60,
        26,
        27,
        53,
        55,
        36,
        7,
        41,
        3,
        43,
        32,
        40,
        14,
        37,
        13,
        30,
        48,
        59,
        24,
        5,
        18,
        45,
        50
    ],
    "lkh_gap_pct": 0.0
}