{
    "instance_name": "N60_D5_G1000_tria_13",
    "n_customers": 60,
    "dimension": 5,
    "grid_size": 1000,
    "optimal_cost": 29005,
    "optimal_tour": [
        59,
        47,
        16,
        9,
        52,
        56,
        26,
        8,
        31,
        46,
        42,
        13,
        6,
        54,
        23,
        38,
        27,
        36,
        21,
        22,
        50,
        48,
        18,
        53,
        2,
        19,
        41,
        24,
        5,
        17,
        51,
        25,
        58,
        29,
        34,
        60,
        44,
        11,
        39,
        10,
        30,
        14,
        49,
        15,
        57,
        32,
        28,
        55,
        1,
        37,
        33,
        20,
        7,
        3,
        12,
        43,
        40,
        4,
        45,
        35
    ],
    "optimal_solver": "lkh",
    "instance_file_path": "c:\\TSP_ND_ML_Project\\instances\\N60_D5_G1000_tria_13.json",
    "concorde_length": 29005,
    "concorde_time_s": 1.1580678999889642,
    "concorde_tour": [
        1,
        55,
        28,
        32,
        57,
        15,
        49,
        14,
        30,
        10,
        39,
        11,
        44,
        60,
        34,
        29,
        58,
        25,
        51,
        17,
        5,
        24,
        41,
        19,
        2,
        53,
        18,
        48,
        50,
        22,
        21,
        36,
        27,
        38,
        23,
        54,
        6,
        13,
        42,
        46,
        31,
        8,
        26,
        56,
        52,
        9,
        16,
        47,
        59,
        35,
        45,
        4,
        40,
        43,
        12,
        3,
        7,
        20,
        33,
        37
    ],
    "lkh_length": 29005,
    "lkh_time_s": 0.0959533000132069,
    "lkh_tour": [
        59,
        47,
        16,
        9,
        52,
        56,
        26,
        8,
        31,
        46,
        42,
        13,
        6,
        54,
        23,
        38,
        27,
        36,
        21,
        22,
        50,
        48,
        18,
        53,
        2,
        19,
        41,
        24,
        5,
        17,
        51,
        25,
        58,
        29,
        34,
        60,
        44,
        11,
        39,
        10,
        30,
        14,
        49,
        15,
        57,
        32,
        28,
        55,
        1,
        37,
        33,
        20,
        7,
        3,
        12,
        43,
        40,
        4,
        45,
        35
    ],
    "lkh_gap_pct": 0.0
}