{
    "instance_name": "N60_D5_G10000_clus_6",
    "n_customers": 60,
    "dimension": 5,
    "grid_size": 10000,
    "optimal_cost": 139438,
    "optimal_tour": [
        23,
        24,
        44,
        32,
        52,
        22,
        49,
        40,
        51,
        30,
        39,
        57,
        27,
        41,
        11,
        14,
        34,
        17,
        48,
        29,
        7,
        21,
        33,
        4,
        9,
        38,
        3,
        6,
        31,
        18,
        2,
        53,
        58,
        42,
        8,
        16,
        5,
        54,
        55,
        1,
        10,
        35,
        50,
        25,
        13,
        37,
        59,
        47,
        45,
        26,
        20,
        56,
        46,
        43,
        19,
        36,
        12,
        60,
        15,
        28
    ],
    "optimal_solver": "lkh",
    "instance_file_path": "c:\\TSP_ND_ML_Project\\instances\\N60_D5_G10000_clus_6.json",
    "concorde_length": 139438,
    "concorde_time_s": 1.6071722999913618,
    "concorde_tour": [
        1,
        10,
        35,
        50,
        25,
        13,
        37,
        59,
        47,
        45,
        26,
        20,
        56,
        46,
        43,
        19,
        36,
        12,
        60,
        15,
        28,
        23,
        24,
        44,
        32,
        52,
        22,
        49,
        40,
        51,
        30,
        39,
        57,
        27,
        41,
        11,
        14,
        34,
        17,
        48,
        29,
        7,
        21,
        33,
        4,
        9,
        38,
        3,
        6,
        31,
        18,
        2,
        53,
        58,
        42,
        8,
        16,
        5,
        54,
        55
    ],
    "lkh_length": 139438,
    "lkh_time_s": 0.38051610003458336,
    "lkh_tour": [
        23,
        24,
        44,
        32,
        52,
        22,
        49,
        40,
        51,
        30,
        39,
        57,
        27,
        41,
        11,
        14,
        34,
        17,
        48,
        29,
        7,
        21,
        33,
        4,
        9,
        38,
        3,
        6,
        31,
        18,
        2,
        53,
        58,
        42,
        8,
        16,
        5,
        54,
        55,
        1,
        10,
        35,
        50,
        25,
        13,
        37,
        59,
        47,
        45,
        26,
        20,
        56,
        46,
        43,
        19,
        36,
        12,
        60,
        15,
        28
    ],
    "lkh_gap_pct": 0.0
}