{
    "instance_name": "N70_D3_G10000_corr_11",
    "n_customers": 70,
    "dimension": 3,
    "grid_size": 10000,
    "optimal_cost": 64813,
    "optimal_tour": [
        49,
        24,
        30,
        27,
        39,
        25,
        63,
        47,
        65,
        34,
        1,
        12,
        31,
        35,
        7,
        51,
        5,
        36,
        69,
        37,
        21,
        50,
        57,
        41,
        68,
        14,
        10,
        3,
        70,
        52,
        67,
        20,
        38,
        17,
        15,
        26,
        8,
        44,
        54,
        23,
        64,
        22,
        56,
        62,
        40,
        13,
        6,
        48,
        43,
        42,
        53,
        32,
        2,
        28,
        19,
        18,
        66,
        29,
        60,
        46,
        58,
        55,
        59,
        33,
        16,
        11,
        9,
        61,
        4,
        45
    ],
    "optimal_solver": "lkh",
    "instance_file_path": "c:\\TSP_ND_ML_Project\\instances\\N70_D3_G10000_corr_11.json",
    "concorde_length": 64813,
    "concorde_time_s": 2.0735050999792293,
    "concorde_tour": [
        1,
        34,
        65,
        47,
        63,
        25,
        39,
        27,
        30,
        24,
        49,
        45,
        4,
        61,
        9,
        11,
        16,
        33,
        59,
        55,
        58,
        46,
        60,
        29,
        66,
        18,
        19,
        28,
        2,
        32,
        53,
        42,
        43,
        48,
        6,
        13,
        40,
        62,
        56,
        22,
        64,
        23,
        54,
        44,
        8,
        26,
        15,
        17,
        38,
        20,
        67,
        52,
        70,
        3,
        10,
        14,
        68,
        41,
        57,
        50,
        21,
        37,
        69,
        36,
        5,
        51,
        7,
        35,
        31,
        12
    ],
    "lkh_length": 64813,
    "lkh_time_s": 0.4658099000225775,
    "lkh_tour": [
        49,
        24,
        30,
        27,
        39,
        25,
        63,
        47,
        65,
        34,
        1,
        12,
        31,
        35,
        7,
        51,
        5,
        36,
        69,
        37,
        21,
        50,
        57,
        41,
        68,
        14,
        10,
        3,
        70,
        52,
        67,
        20,
        38,
        17,
        15,
        26,
        8,
        44,
        54,
        23,
        64,
        22,
        56,
        62,
        40,
        13,
        6,
        48,
        43,
        42,
        53,
        32,
        2,
        28,
        19,
        18,
        66,
        29,
        60,
        46,
        58,
        55,
        59,
        33,
        16,
        11,
        9,
        61,
        4,
        45
    ],
    "lkh_gap_pct": 0.0
}