{
    "instance_name": "N70_D2_G1000_clus_20",
    "n_customers": 70,
    "dimension": 2,
    "grid_size": 1000,
    "optimal_cost": 2673,
    "optimal_tour": [
        64,
        51,
        3,
        50,
        6,
        68,
        57,
        24,
        23,
        27,
        35,
        36,
        16,
        46,
        20,
        18,
        26,
        38,
        52,
        1,
        17,
        42,
        65,
        69,
        55,
        37,
        28,
        56,
        43,
        7,
        66,
        39,
        12,
        70,
        61,
        44,
        60,
        32,
        15,
        25,
        63,
        4,
        54,
        58,
        29,
        40,
        47,
        34,
        59,
        33,
        49,
        67,
        5,
        41,
        53,
        48,
        8,
        13,
        14,
        22,
        19,
        9,
        11,
        2,
        62,
        45,
        21,
        31,
        30,
        10
    ],
    "optimal_solver": "lkh",
    "instance_file_path": "c:\\TSP_ND_ML_Project\\instances\\N70_D2_G1000_clus_20.json",
    "concorde_length": 2673,
    "concorde_time_s": 0.7650525000062771,
    "concorde_tour": [
        1,
        17,
        42,
        65,
        69,
        55,
        37,
        28,
        56,
        43,
        7,
        66,
        39,
        12,
        70,
        61,
        44,
        60,
        32,
        15,
        25,
        63,
        4,
        54,
        58,
        29,
        40,
        47,
        34,
        59,
        33,
        49,
        67,
        5,
        41,
        53,
        48,
        8,
        13,
        14,
        22,
        19,
        9,
        11,
        2,
        62,
        45,
        21,
        31,
        30,
        10,
        64,
        51,
        3,
        50,
        6,
        68,
        57,
        24,
        23,
        27,
        35,
        36,
        16,
        46,
        20,
        18,
        26,
        38,
        52
    ],
    "lkh_length": 2673,
    "lkh_time_s": 0.5325278999807779,
    "lkh_tour": [
        64,
        51,
        3,
        50,
        6,
        68,
        57,
        24,
        23,
        27,
        35,
        36,
        16,
        46,
        20,
        18,
        26,
        38,
        52,
        1,
        17,
        42,
        65,
        69,
        55,
        37,
        28,
        56,
        43,
        7,
        66,
        39,
        12,
        70,
        61,
        44,
        60,
        32,
        15,
        25,
        63,
        4,
        54,
        58,
        29,
        40,
        47,
        34,
        59,
        33,
        49,
        67,
        5,
        41,
        53,
        48,
        8,
        13,
        14,
        22,
        19,
        9,
        11,
        2,
        62,
        45,
        21,
        31,
        30,
        10
    ],
    "lkh_gap_pct": 0.0
}