{
    "instance_name": "N70_D4_G10000_clus_11",
    "n_customers": 70,
    "dimension": 4,
    "grid_size": 10000,
    "optimal_cost": 76338,
    "optimal_tour": [
        36,
        2,
        44,
        4,
        11,
        49,
        15,
        8,
        24,
        66,
        18,
        14,
        20,
        53,
        13,
        57,
        23,
        58,
        27,
        17,
        29,
        40,
        19,
        30,
        16,
        9,
        68,
        22,
        59,
        35,
        64,
        6,
        26,
        31,
        42,
        50,
        60,
        56,
        3,
        67,
        48,
        70,
        25,
        10,
        32,
        61,
        63,
        43,
        37,
        7,
        45,
        54,
        41,
        34,
        28,
        5,
        51,
        46,
        52,
        21,
        38,
        39,
        69,
        1,
        65,
        47,
        33,
        62,
        55,
        12
    ],
    "optimal_solver": "lkh",
    "instance_file_path": "c:\\TSP_ND_ML_Project\\instances\\N70_D4_G10000_clus_11.json",
    "concorde_length": 76338,
    "concorde_time_s": 1.6482931000064127,
    "concorde_tour": [
        1,
        65,
        47,
        33,
        62,
        55,
        12,
        36,
        2,
        44,
        4,
        11,
        49,
        15,
        8,
        24,
        66,
        18,
        14,
        20,
        53,
        13,
        57,
        23,
        58,
        27,
        17,
        29,
        40,
        19,
        30,
        16,
        9,
        68,
        22,
        59,
        35,
        64,
        6,
        26,
        31,
        42,
        50,
        60,
        56,
        3,
        67,
        48,
        70,
        25,
        10,
        32,
        61,
        63,
        43,
        37,
        7,
        45,
        54,
        41,
        34,
        28,
        5,
        51,
        46,
        52,
        21,
        38,
        39,
        69
    ],
    "lkh_length": 76338,
    "lkh_time_s": 0.3287498999852687,
    "lkh_tour": [
        36,
        2,
        44,
        4,
        11,
        49,
        15,
        8,
        24,
        66,
        18,
        14,
        20,
        53,
        13,
        57,
        23,
        58,
        27,
        17,
        29,
        40,
        19,
        30,
        16,
        9,
        68,
        22,
        59,
        35,
        64,
        6,
        26,
        31,
        42,
        50,
        60,
        56,
        3,
        67,
        48,
        70,
        25,
        10,
        32,
        61,
        63,
        43,
        37,
        7,
        45,
        54,
        41,
        34,
        28,
        5,
        51,
        46,
        52,
        21,
        38,
        39,
        69,
        1,
        65,
        47,
        33,
        62,
        55,
        12
    ],
    "lkh_gap_pct": 0.0
}