{
    "instance_name": "N70_D3_G100_clus_17",
    "n_customers": 70,
    "dimension": 3,
    "grid_size": 100,
    "optimal_cost": 575,
    "optimal_tour": [
        57,
        39,
        20,
        14,
        38,
        36,
        26,
        10,
        19,
        5,
        17,
        56,
        27,
        47,
        23,
        41,
        1,
        8,
        18,
        28,
        54,
        55,
        11,
        37,
        43,
        40,
        64,
        34,
        32,
        30,
        62,
        7,
        44,
        65,
        6,
        29,
        58,
        63,
        51,
        3,
        70,
        66,
        60,
        50,
        52,
        4,
        49,
        12,
        61,
        68,
        42,
        45,
        2,
        35,
        16,
        46,
        33,
        9,
        25,
        69,
        15,
        67,
        59,
        24,
        48,
        13,
        22,
        21,
        53,
        31
    ],
    "optimal_solver": "lkh",
    "instance_file_path": "c:\\TSP_ND_ML_Project\\instances\\N70_D3_G100_clus_17.json",
    "concorde_length": 575,
    "concorde_time_s": 3.0891770999878645,
    "concorde_tour": [
        1,
        8,
        18,
        28,
        54,
        55,
        11,
        37,
        43,
        40,
        64,
        34,
        32,
        30,
        62,
        7,
        44,
        65,
        6,
        29,
        58,
        63,
        51,
        4,
        3,
        70,
        66,
        60,
        50,
        52,
        12,
        61,
        68,
        42,
        49,
        45,
        2,
        35,
        16,
        46,
        33,
        9,
        25,
        69,
        15,
        67,
        59,
        24,
        48,
        13,
        22,
        21,
        53,
        31,
        57,
        39,
        20,
        14,
        38,
        36,
        26,
        10,
        19,
        5,
        17,
        56,
        27,
        47,
        23,
        41
    ],
    "lkh_length": 575,
    "lkh_time_s": 2.741671999974642,
    "lkh_tour": [
        57,
        39,
        20,
        14,
        38,
        36,
        26,
        10,
        19,
        5,
        17,
        56,
        27,
        47,
        23,
        41,
        1,
        8,
        18,
        28,
        54,
        55,
        11,
        37,
        43,
        40,
        64,
        34,
        32,
        30,
        62,
        7,
        44,
        65,
        6,
        29,
        58,
        63,
        51,
        3,
        70,
        66,
        60,
        50,
        52,
        4,
        49,
        12,
        61,
        68,
        42,
        45,
        2,
        35,
        16,
        46,
        33,
        9,
        25,
        69,
        15,
        67,
        59,
        24,
        48,
        13,
        22,
        21,
        53,
        31
    ],
    "lkh_gap_pct": 0.0
}