{
    "instance_name": "N70_D3_G10000_rand_2",
    "n_customers": 70,
    "dimension": 3,
    "grid_size": 10000,
    "optimal_cost": 131735,
    "optimal_tour": [
        49,
        12,
        68,
        52,
        53,
        60,
        69,
        25,
        66,
        48,
        63,
        29,
        40,
        23,
        46,
        26,
        2,
        30,
        13,
        19,
        27,
        10,
        62,
        59,
        4,
        43,
        39,
        64,
        24,
        7,
        54,
        41,
        8,
        28,
        35,
        17,
        14,
        15,
        21,
        16,
        67,
        44,
        45,
        18,
        70,
        36,
        38,
        11,
        50,
        20,
        61,
        34,
        33,
        42,
        22,
        65,
        47,
        37,
        9,
        55,
        3,
        57,
        58,
        1,
        31,
        51,
        56,
        5,
        6,
        32
    ],
    "optimal_solver": "lkh",
    "instance_file_path": "c:\\TSP_ND_ML_Project\\instances\\N70_D3_G10000_rand_2.json",
    "concorde_length": 131735,
    "concorde_time_s": 2.0153167999815196,
    "concorde_tour": [
        1,
        31,
        51,
        56,
        5,
        6,
        32,
        49,
        12,
        68,
        52,
        53,
        60,
        69,
        25,
        66,
        48,
        63,
        29,
        40,
        23,
        46,
        26,
        2,
        30,
        13,
        19,
        27,
        10,
        62,
        59,
        4,
        43,
        39,
        64,
        24,
        7,
        54,
        41,
        8,
        28,
        35,
        17,
        14,
        15,
        21,
        16,
        67,
        44,
        45,
        18,
        70,
        36,
        38,
        11,
        50,
        20,
        61,
        34,
        33,
        42,
        22,
        65,
        47,
        37,
        9,
        55,
        3,
        57,
        58
    ],
    "lkh_length": 131735,
    "lkh_time_s": 0.5233887999784201,
    "lkh_tour": [
        49,
        12,
        68,
        52,
        53,
        60,
        69,
        25,
        66,
        48,
        63,
        29,
        40,
        23,
        46,
        26,
        2,
        30,
        13,
        19,
        27,
        10,
        62,
        59,
        4,
        43,
        39,
        64,
        24,
        7,
        54,
        41,
        8,
        28,
        35,
        17,
        14,
        15,
        21,
        16,
        67,
        44,
        45,
        18,
        70,
        36,
        38,
        11,
        50,
        20,
        61,
        34,
        33,
        42,
        22,
        65,
        47,
        37,
        9,
        55,
        3,
        57,
        58,
        1,
        31,
        51,
        56,
        5,
        6,
        32
    ],
    "lkh_gap_pct": 0.0
}