{
    "instance_name": "N70_D3_G100_norm_3",
    "n_customers": 70,
    "dimension": 3,
    "grid_size": 100,
    "optimal_cost": 970,
    "optimal_tour": [
        8,
        69,
        9,
        5,
        13,
        59,
        54,
        21,
        46,
        58,
        47,
        39,
        19,
        14,
        15,
        44,
        7,
        66,
        68,
        12,
        48,
        49,
        63,
        56,
        45,
        70,
        50,
        4,
        11,
        65,
        17,
        25,
        64,
        3,
        55,
        53,
        43,
        57,
        1,
        36,
        18,
        24,
        41,
        6,
        16,
        42,
        51,
        2,
        38,
        28,
        61,
        31,
        20,
        40,
        29,
        62,
        23,
        60,
        35,
        33,
        10,
        32,
        22,
        37,
        67,
        52,
        26,
        30,
        34,
        27
    ],
    "optimal_solver": "lkh",
    "instance_file_path": "c:\\TSP_ND_ML_Project\\instances\\N70_D3_G100_norm_3.json",
    "concorde_length": 970,
    "concorde_time_s": 0.8319638000102714,
    "concorde_tour": [
        1,
        57,
        43,
        53,
        55,
        3,
        64,
        25,
        17,
        65,
        11,
        4,
        50,
        70,
        45,
        56,
        63,
        49,
        48,
        12,
        68,
        66,
        7,
        44,
        15,
        14,
        19,
        39,
        47,
        58,
        46,
        21,
        54,
        59,
        13,
        5,
        9,
        69,
        8,
        27,
        34,
        30,
        26,
        52,
        67,
        37,
        22,
        32,
        10,
        33,
        35,
        60,
        23,
        62,
        29,
        40,
        20,
        31,
        61,
        28,
        38,
        2,
        51,
        42,
        16,
        6,
        41,
        24,
        18,
        36
    ],
    "lkh_length": 970,
    "lkh_time_s": 0.17206289997557178,
    "lkh_tour": [
        8,
        69,
        9,
        5,
        13,
        59,
        54,
        21,
        46,
        58,
        47,
        39,
        19,
        14,
        15,
        44,
        7,
        66,
        68,
        12,
        48,
        49,
        63,
        56,
        45,
        70,
        50,
        4,
        11,
        65,
        17,
        25,
        64,
        3,
        55,
        53,
        43,
        57,
        1,
        36,
        18,
        24,
        41,
        6,
        16,
        42,
        51,
        2,
        38,
        28,
        61,
        31,
        20,
        40,
        29,
        62,
        23,
        60,
        35,
        33,
        10,
        32,
        22,
        37,
        67,
        52,
        26,
        30,
        34,
        27
    ],
    "lkh_gap_pct": 0.0
}