{
    "instance_name": "N70_D3_G10000_corr_8",
    "n_customers": 70,
    "dimension": 3,
    "grid_size": 10000,
    "optimal_cost": 69974,
    "optimal_tour": [
        5,
        48,
        42,
        25,
        60,
        36,
        67,
        23,
        27,
        55,
        56,
        17,
        37,
        7,
        46,
        43,
        13,
        14,
        34,
        68,
        4,
        12,
        41,
        2,
        19,
        65,
        61,
        16,
        28,
        54,
        31,
        35,
        45,
        53,
        52,
        18,
        66,
        59,
        47,
        64,
        63,
        9,
        22,
        33,
        21,
        62,
        38,
        29,
        1,
        15,
        39,
        8,
        44,
        58,
        10,
        57,
        11,
        20,
        40,
        6,
        30,
        51,
        26,
        32,
        69,
        50,
        24,
        70,
        3,
        49
    ],
    "optimal_solver": "lkh",
    "instance_file_path": "c:\\TSP_ND_ML_Project\\instances\\N70_D3_G10000_corr_8.json",
    "concorde_length": 69974,
    "concorde_time_s": 2.331463199981954,
    "concorde_tour": [
        1,
        29,
        38,
        62,
        21,
        33,
        22,
        9,
        63,
        64,
        47,
        59,
        66,
        18,
        52,
        53,
        45,
        35,
        31,
        54,
        28,
        16,
        61,
        65,
        19,
        2,
        41,
        12,
        4,
        68,
        34,
        14,
        13,
        43,
        46,
        7,
        37,
        17,
        56,
        55,
        27,
        23,
        67,
        36,
        60,
        25,
        42,
        48,
        5,
        49,
        3,
        70,
        24,
        50,
        69,
        32,
        26,
        51,
        30,
        6,
        40,
        20,
        11,
        57,
        10,
        58,
        44,
        8,
        39,
        15
    ],
    "lkh_length": 69974,
    "lkh_time_s": 0.09159740002360195,
    "lkh_tour": [
        5,
        48,
        42,
        25,
        60,
        36,
        67,
        23,
        27,
        55,
        56,
        17,
        37,
        7,
        46,
        43,
        13,
        14,
        34,
        68,
        4,
        12,
        41,
        2,
        19,
        65,
        61,
        16,
        28,
        54,
        31,
        35,
        45,
        53,
        52,
        18,
        66,
        59,
        47,
        64,
        63,
        9,
        22,
        33,
        21,
        62,
        38,
        29,
        1,
        15,
        39,
        8,
        44,
        58,
        10,
        57,
        11,
        20,
        40,
        6,
        30,
        51,
        26,
        32,
        69,
        50,
        24,
        70,
        3,
        49
    ],
    "lkh_gap_pct": 0.0
}