{
    "instance_name": "N70_D5_G1000_pow_7",
    "n_customers": 70,
    "dimension": 5,
    "grid_size": 1000,
    "optimal_cost": 29414,
    "optimal_tour": [
        54,
        18,
        5,
        10,
        29,
        61,
        39,
        2,
        40,
        53,
        14,
        21,
        27,
        36,
        69,
        48,
        12,
        45,
        6,
        60,
        1,
        43,
        17,
        63,
        68,
        3,
        26,
        49,
        35,
        23,
        7,
        9,
        47,
        51,
        34,
        22,
        59,
        50,
        30,
        28,
        57,
        62,
        56,
        52,
        66,
        46,
        41,
        24,
        37,
        55,
        44,
        20,
        4,
        33,
        70,
        64,
        42,
        8,
        13,
        19,
        15,
        11,
        58,
        65,
        16,
        67,
        25,
        31,
        32,
        38
    ],
    "optimal_solver": "lkh",
    "instance_file_path": "c:\\TSP_ND_ML_Project\\instances\\N70_D5_G1000_pow_7.json",
    "concorde_length": 29414,
    "concorde_time_s": 1.482817400014028,
    "concorde_tour": [
        1,
        17,
        63,
        68,
        35,
        3,
        26,
        23,
        49,
        58,
        65,
        46,
        66,
        54,
        38,
        18,
        5,
        10,
        29,
        32,
        28,
        30,
        59,
        50,
        62,
        57,
        52,
        56,
        7,
        9,
        22,
        34,
        51,
        42,
        70,
        64,
        33,
        20,
        4,
        13,
        8,
        47,
        55,
        24,
        37,
        41,
        44,
        61,
        39,
        31,
        16,
        67,
        25,
        40,
        53,
        27,
        14,
        36,
        21,
        2,
        11,
        15,
        19,
        12,
        45,
        6,
        69,
        48,
        60,
        43
    ],
    "lkh_length": 29414,
    "lkh_time_s": 8.845775699999649,
    "lkh_tour": [
        54,
        18,
        5,
        10,
        29,
        61,
        39,
        2,
        40,
        53,
        14,
        21,
        27,
        36,
        69,
        48,
        12,
        45,
        6,
        60,
        1,
        43,
        17,
        63,
        68,
        3,
        26,
        49,
        35,
        23,
        7,
        9,
        47,
        51,
        34,
        22,
        59,
        50,
        30,
        28,
        57,
        62,
        56,
        52,
        66,
        46,
        41,
        24,
        37,
        55,
        44,
        20,
        4,
        33,
        70,
        64,
        42,
        8,
        13,
        19,
        15,
        11,
        58,
        65,
        16,
        67,
        25,
        31,
        32,
        38
    ],
    "lkh_gap_pct": 0.0
}