{
    "instance_name": "N70_D5_G10000_pow_3",
    "n_customers": 70,
    "dimension": 5,
    "grid_size": 10000,
    "optimal_cost": 276568,
    "optimal_tour": [
        27,
        48,
        60,
        12,
        17,
        35,
        22,
        43,
        59,
        51,
        13,
        5,
        46,
        41,
        28,
        25,
        34,
        62,
        20,
        49,
        4,
        21,
        1,
        15,
        52,
        65,
        70,
        44,
        58,
        69,
        14,
        56,
        8,
        68,
        26,
        18,
        29,
        24,
        7,
        32,
        31,
        9,
        47,
        36,
        42,
        11,
        64,
        37,
        40,
        45,
        33,
        10,
        30,
        67,
        3,
        2,
        23,
        53,
        61,
        55,
        38,
        6,
        16,
        66,
        63,
        57,
        54,
        39,
        50,
        19
    ],
    "optimal_solver": "lkh",
    "instance_file_path": "c:\\TSP_ND_ML_Project\\instances\\N70_D5_G10000_pow_3.json",
    "concorde_length": 1135664,
    "concorde_time_s": 1.8791848999680951,
    "concorde_tour": [
        1,
        6,
        21,
        10,
        65,
        32,
        30,
        24,
        48,
        4,
        36,
        57,
        53,
        25,
        14,
        11,
        55,
        54,
        40,
        46,
        50,
        41,
        17,
        34,
        33,
        38,
        29,
        18,
        16,
        19,
        8,
        45,
        47,
        66,
        43,
        51,
        2,
        35,
        26,
        63,
        67,
        52,
        20,
        23,
        3,
        27,
        13,
        56,
        49,
        9,
        58,
        37,
        64,
        61,
        70,
        62,
        39,
        69,
        68,
        60,
        15,
        28,
        7,
        12,
        42,
        59,
        31,
        44,
        22,
        5
    ],
    "lkh_length": 276568,
    "lkh_time_s": 11.098557799996343,
    "lkh_tour": [
        27,
        48,
        60,
        12,
        17,
        35,
        22,
        43,
        59,
        51,
        13,
        5,
        46,
        41,
        28,
        25,
        34,
        62,
        20,
        49,
        4,
        21,
        1,
        15,
        52,
        65,
        70,
        44,
        58,
        69,
        14,
        56,
        8,
        68,
        26,
        18,
        29,
        24,
        7,
        32,
        31,
        9,
        47,
        36,
        42,
        11,
        64,
        37,
        40,
        45,
        33,
        10,
        30,
        67,
        3,
        2,
        23,
        53,
        61,
        55,
        38,
        6,
        16,
        66,
        63,
        57,
        54,
        39,
        50,
        19
    ],
    "lkh_gap_pct": -75.64702235872582
}