{
    "instance_name": "N70_D5_G100_tria_20",
    "n_customers": 70,
    "dimension": 5,
    "grid_size": 100,
    "optimal_cost": 3007,
    "optimal_tour": [
        19,
        33,
        56,
        65,
        14,
        31,
        16,
        23,
        55,
        43,
        46,
        52,
        61,
        34,
        26,
        67,
        41,
        40,
        3,
        27,
        21,
        69,
        47,
        49,
        25,
        15,
        29,
        7,
        12,
        38,
        62,
        44,
        11,
        63,
        37,
        32,
        42,
        58,
        1,
        53,
        66,
        51,
        48,
        8,
        18,
        54,
        70,
        30,
        20,
        35,
        17,
        64,
        45,
        22,
        4,
        57,
        68,
        59,
        24,
        39,
        2,
        10,
        28,
        5,
        13,
        50,
        36,
        60,
        9,
        6
    ],
    "optimal_solver": "lkh",
    "instance_file_path": "c:\\TSP_ND_ML_Project\\instances\\N70_D5_G100_tria_20.json",
    "concorde_length": 3007,
    "concorde_time_s": 1.535776300006546,
    "concorde_tour": [
        1,
        53,
        66,
        51,
        48,
        8,
        18,
        54,
        70,
        30,
        20,
        35,
        17,
        64,
        45,
        22,
        4,
        57,
        68,
        59,
        24,
        39,
        2,
        10,
        5,
        28,
        13,
        50,
        36,
        60,
        9,
        6,
        19,
        33,
        56,
        65,
        14,
        31,
        16,
        23,
        55,
        43,
        46,
        52,
        61,
        34,
        26,
        67,
        41,
        40,
        3,
        27,
        21,
        69,
        47,
        49,
        25,
        15,
        29,
        7,
        12,
        38,
        62,
        44,
        11,
        63,
        37,
        32,
        42,
        58
    ],
    "lkh_length": 3007,
    "lkh_time_s": 0.19035639998037368,
    "lkh_tour": [
        19,
        33,
        56,
        65,
        14,
        31,
        16,
        23,
        55,
        43,
        46,
        52,
        61,
        34,
        26,
        67,
        41,
        40,
        3,
        27,
        21,
        69,
        47,
        49,
        25,
        15,
        29,
        7,
        12,
        38,
        62,
        44,
        11,
        63,
        37,
        32,
        42,
        58,
        1,
        53,
        66,
        51,
        48,
        8,
        18,
        54,
        70,
        30,
        20,
        35,
        17,
        64,
        45,
        22,
        4,
        57,
        68,
        59,
        24,
        39,
        2,
        10,
        28,
        5,
        13,
        50,
        36,
        60,
        9,
        6
    ],
    "lkh_gap_pct": 0.0
}