{
    "instance_name": "N70_D3_G1000_ring_14",
    "n_customers": 70,
    "dimension": 3,
    "grid_size": 1000,
    "optimal_cost": 7385,
    "optimal_tour": [
        2,
        9,
        63,
        49,
        14,
        13,
        38,
        45,
        54,
        56,
        1,
        20,
        8,
        18,
        37,
        30,
        69,
        68,
        26,
        25,
        65,
        48,
        4,
        10,
        16,
        52,
        24,
        35,
        6,
        53,
        41,
        17,
        36,
        59,
        15,
        47,
        61,
        23,
        51,
        44,
        43,
        66,
        46,
        42,
        60,
        29,
        21,
        31,
        32,
        57,
        70,
        50,
        39,
        27,
        67,
        64,
        34,
        19,
        5,
        12,
        55,
        58,
        62,
        3,
        7,
        40,
        11,
        28,
        33,
        22
    ],
    "optimal_solver": "lkh",
    "instance_file_path": "c:\\TSP_ND_ML_Project\\instances\\N70_D3_G1000_ring_14.json",
    "concorde_length": 7385,
    "concorde_time_s": 1.4195776000269689,
    "concorde_tour": [
        1,
        56,
        54,
        45,
        38,
        13,
        14,
        49,
        63,
        9,
        2,
        22,
        33,
        28,
        11,
        40,
        7,
        3,
        62,
        58,
        55,
        12,
        5,
        19,
        34,
        64,
        67,
        27,
        39,
        50,
        70,
        57,
        32,
        31,
        21,
        29,
        60,
        42,
        46,
        66,
        43,
        44,
        51,
        23,
        61,
        47,
        15,
        59,
        36,
        17,
        41,
        53,
        6,
        35,
        24,
        52,
        16,
        10,
        4,
        48,
        65,
        25,
        26,
        68,
        69,
        30,
        37,
        18,
        8,
        20
    ],
    "lkh_length": 7385,
    "lkh_time_s": 0.6333795000100508,
    "lkh_tour": [
        2,
        9,
        63,
        49,
        14,
        13,
        38,
        45,
        54,
        56,
        1,
        20,
        8,
        18,
        37,
        30,
        69,
        68,
        26,
        25,
        65,
        48,
        4,
        10,
        16,
        52,
        24,
        35,
        6,
        53,
        41,
        17,
        36,
        59,
        15,
        47,
        61,
        23,
        51,
        44,
        43,
        66,
        46,
        42,
        60,
        29,
        21,
        31,
        32,
        57,
        70,
        50,
        39,
        27,
        67,
        64,
        34,
        19,
        5,
        12,
        55,
        58,
        62,
        3,
        7,
        40,
        11,
        28,
        33,
        22
    ],
    "lkh_gap_pct": 0.0
}