{
    "instance_name": "N70_D5_G1000_corn_10",
    "n_customers": 70,
    "dimension": 5,
    "grid_size": 1000,
    "optimal_cost": 30784,
    "optimal_tour": [
        53,
        6,
        66,
        1,
        57,
        45,
        11,
        26,
        43,
        42,
        13,
        3,
        19,
        8,
        38,
        55,
        70,
        60,
        63,
        15,
        24,
        28,
        30,
        21,
        37,
        18,
        33,
        36,
        12,
        48,
        56,
        67,
        46,
        40,
        61,
        44,
        27,
        25,
        52,
        14,
        64,
        2,
        62,
        54,
        34,
        59,
        17,
        50,
        5,
        41,
        7,
        29,
        58,
        49,
        22,
        20,
        16,
        9,
        51,
        32,
        10,
        39,
        31,
        47,
        23,
        68,
        4,
        35,
        65,
        69
    ],
    "optimal_solver": "lkh",
    "instance_file_path": "c:\\TSP_ND_ML_Project\\instances\\N70_D5_G1000_corn_10.json",
    "concorde_length": 30784,
    "concorde_time_s": 1.7219244000152685,
    "concorde_tour": [
        1,
        57,
        45,
        11,
        26,
        43,
        42,
        13,
        3,
        19,
        8,
        38,
        55,
        70,
        60,
        63,
        15,
        24,
        28,
        30,
        21,
        37,
        18,
        33,
        36,
        12,
        48,
        56,
        67,
        46,
        40,
        61,
        44,
        27,
        25,
        52,
        14,
        64,
        2,
        62,
        54,
        34,
        59,
        17,
        50,
        5,
        41,
        7,
        29,
        58,
        49,
        22,
        20,
        16,
        9,
        51,
        32,
        10,
        39,
        31,
        47,
        23,
        68,
        4,
        35,
        65,
        69,
        53,
        6,
        66
    ],
    "lkh_length": 30784,
    "lkh_time_s": 0.13806860003387555,
    "lkh_tour": [
        53,
        6,
        66,
        1,
        57,
        45,
        11,
        26,
        43,
        42,
        13,
        3,
        19,
        8,
        38,
        55,
        70,
        60,
        63,
        15,
        24,
        28,
        30,
        21,
        37,
        18,
        33,
        36,
        12,
        48,
        56,
        67,
        46,
        40,
        61,
        44,
        27,
        25,
        52,
        14,
        64,
        2,
        62,
        54,
        34,
        59,
        17,
        50,
        5,
        41,
        7,
        29,
        58,
        49,
        22,
        20,
        16,
        9,
        51,
        32,
        10,
        39,
        31,
        47,
        23,
        68,
        4,
        35,
        65,
        69
    ],
    "lkh_gap_pct": 0.0
}