{
    "instance_name": "N70_D4_G1000_norm_2",
    "n_customers": 70,
    "dimension": 4,
    "grid_size": 1000,
    "optimal_cost": 13002,
    "optimal_tour": [
        10,
        25,
        65,
        56,
        63,
        67,
        29,
        41,
        22,
        9,
        61,
        17,
        33,
        48,
        70,
        1,
        60,
        11,
        15,
        31,
        49,
        55,
        30,
        13,
        18,
        68,
        47,
        2,
        12,
        21,
        36,
        28,
        35,
        5,
        66,
        4,
        58,
        6,
        69,
        23,
        7,
        62,
        43,
        64,
        51,
        39,
        19,
        26,
        8,
        40,
        59,
        45,
        37,
        3,
        54,
        50,
        57,
        42,
        44,
        16,
        46,
        14,
        52,
        53,
        24,
        32,
        34,
        27,
        20,
        38
    ],
    "optimal_solver": "lkh",
    "instance_file_path": "c:\\TSP_ND_ML_Project\\instances\\N70_D4_G1000_norm_2.json",
    "concorde_length": 13002,
    "concorde_time_s": 1.6256321999826469,
    "concorde_tour": [
        1,
        70,
        48,
        33,
        17,
        61,
        9,
        22,
        41,
        29,
        67,
        63,
        56,
        65,
        25,
        10,
        38,
        20,
        27,
        34,
        32,
        24,
        53,
        52,
        14,
        46,
        16,
        44,
        42,
        57,
        50,
        54,
        3,
        37,
        45,
        59,
        40,
        8,
        26,
        19,
        39,
        51,
        64,
        43,
        62,
        7,
        23,
        69,
        6,
        58,
        4,
        66,
        5,
        35,
        28,
        36,
        21,
        12,
        2,
        47,
        68,
        18,
        13,
        30,
        55,
        49,
        31,
        15,
        11,
        60
    ],
    "lkh_length": 13002,
    "lkh_time_s": 0.2531569999991916,
    "lkh_tour": [
        10,
        25,
        65,
        56,
        63,
        67,
        29,
        41,
        22,
        9,
        61,
        17,
        33,
        48,
        70,
        1,
        60,
        11,
        15,
        31,
        49,
        55,
        30,
        13,
        18,
        68,
        47,
        2,
        12,
        21,
        36,
        28,
        35,
        5,
        66,
        4,
        58,
        6,
        69,
        23,
        7,
        62,
        43,
        64,
        51,
        39,
        19,
        26,
        8,
        40,
        59,
        45,
        37,
        3,
        54,
        50,
        57,
        42,
        44,
        16,
        46,
        14,
        52,
        53,
        24,
        32,
        34,
        27,
        20,
        38
    ],
    "lkh_gap_pct": 0.0
}