{
    "instance_name": "N70_D4_G100_pow_8",
    "n_customers": 70,
    "dimension": 4,
    "grid_size": 100,
    "optimal_cost": 1600,
    "optimal_tour": [
        67,
        4,
        8,
        10,
        38,
        16,
        24,
        58,
        17,
        46,
        43,
        44,
        1,
        3,
        12,
        45,
        68,
        53,
        60,
        42,
        9,
        56,
        51,
        32,
        49,
        35,
        66,
        50,
        69,
        2,
        31,
        40,
        54,
        36,
        64,
        55,
        48,
        25,
        63,
        37,
        52,
        34,
        65,
        33,
        14,
        7,
        26,
        28,
        39,
        6,
        22,
        59,
        11,
        70,
        19,
        62,
        27,
        18,
        15,
        29,
        57,
        47,
        41,
        23,
        5,
        30,
        20,
        61,
        13,
        21
    ],
    "optimal_solver": "lkh",
    "instance_file_path": "c:\\TSP_ND_ML_Project\\instances\\N70_D4_G100_pow_8.json",
    "concorde_length": 1600,
    "concorde_time_s": 1.925965800008271,
    "concorde_tour": [
        1,
        53,
        12,
        22,
        59,
        65,
        34,
        33,
        25,
        63,
        52,
        37,
        55,
        64,
        48,
        40,
        69,
        36,
        2,
        31,
        50,
        54,
        58,
        24,
        17,
        16,
        4,
        10,
        8,
        38,
        67,
        20,
        61,
        30,
        21,
        5,
        13,
        7,
        14,
        6,
        26,
        39,
        28,
        51,
        32,
        9,
        42,
        56,
        60,
        66,
        35,
        49,
        47,
        29,
        57,
        23,
        15,
        41,
        18,
        70,
        11,
        62,
        19,
        27,
        44,
        43,
        46,
        45,
        68,
        3
    ],
    "lkh_length": 1600,
    "lkh_time_s": 0.8038895999779925,
    "lkh_tour": [
        67,
        4,
        8,
        10,
        38,
        16,
        24,
        58,
        17,
        46,
        43,
        44,
        1,
        3,
        12,
        45,
        68,
        53,
        60,
        42,
        9,
        56,
        51,
        32,
        49,
        35,
        66,
        50,
        69,
        2,
        31,
        40,
        54,
        36,
        64,
        55,
        48,
        25,
        63,
        37,
        52,
        34,
        65,
        33,
        14,
        7,
        26,
        28,
        39,
        6,
        22,
        59,
        11,
        70,
        19,
        62,
        27,
        18,
        15,
        29,
        57,
        47,
        41,
        23,
        5,
        30,
        20,
        61,
        13,
        21
    ],
    "lkh_gap_pct": 0.0
}