{
    "instance_name": "N70_D3_G10000_corn_20",
    "n_customers": 70,
    "dimension": 3,
    "grid_size": 10000,
    "optimal_cost": 84639,
    "optimal_tour": [
        10,
        3,
        61,
        8,
        25,
        14,
        53,
        34,
        17,
        45,
        35,
        41,
        32,
        24,
        16,
        65,
        47,
        46,
        27,
        13,
        57,
        66,
        21,
        30,
        36,
        52,
        60,
        15,
        19,
        29,
        40,
        7,
        43,
        26,
        2,
        38,
        64,
        39,
        11,
        69,
        23,
        22,
        63,
        50,
        70,
        6,
        56,
        20,
        9,
        4,
        42,
        48,
        18,
        31,
        49,
        5,
        44,
        55,
        37,
        28,
        51,
        62,
        59,
        12,
        54,
        68,
        1,
        33,
        67,
        58
    ],
    "optimal_solver": "lkh",
    "instance_file_path": "c:\\TSP_ND_ML_Project\\instances\\N70_D3_G10000_corn_20.json",
    "concorde_length": 84639,
    "concorde_time_s": 0.8977720000548288,
    "concorde_tour": [
        1,
        68,
        54,
        12,
        59,
        62,
        51,
        28,
        37,
        55,
        44,
        5,
        49,
        31,
        18,
        48,
        42,
        4,
        9,
        20,
        56,
        6,
        70,
        50,
        63,
        22,
        23,
        69,
        11,
        39,
        64,
        38,
        2,
        26,
        43,
        7,
        40,
        29,
        19,
        15,
        60,
        52,
        36,
        30,
        21,
        66,
        57,
        13,
        27,
        46,
        65,
        47,
        16,
        24,
        32,
        41,
        35,
        45,
        17,
        34,
        53,
        14,
        25,
        8,
        61,
        3,
        10,
        58,
        67,
        33
    ],
    "lkh_length": 84639,
    "lkh_time_s": 0.14556720003020018,
    "lkh_tour": [
        10,
        3,
        61,
        8,
        25,
        14,
        53,
        34,
        17,
        45,
        35,
        41,
        32,
        24,
        16,
        65,
        47,
        46,
        27,
        13,
        57,
        66,
        21,
        30,
        36,
        52,
        60,
        15,
        19,
        29,
        40,
        7,
        43,
        26,
        2,
        38,
        64,
        39,
        11,
        69,
        23,
        22,
        63,
        50,
        70,
        6,
        56,
        20,
        9,
        4,
        42,
        48,
        18,
        31,
        49,
        5,
        44,
        55,
        37,
        28,
        51,
        62,
        59,
        12,
        54,
        68,
        1,
        33,
        67,
        58
    ],
    "lkh_gap_pct": 0.0
}