{
    "instance_name": "N70_D3_G1000_clus_5",
    "n_customers": 70,
    "dimension": 3,
    "grid_size": 1000,
    "optimal_cost": 4074,
    "optimal_tour": [
        50,
        54,
        5,
        9,
        4,
        19,
        43,
        56,
        46,
        23,
        70,
        7,
        47,
        58,
        1,
        6,
        48,
        14,
        60,
        24,
        68,
        44,
        51,
        57,
        53,
        64,
        18,
        65,
        15,
        67,
        2,
        21,
        61,
        3,
        63,
        52,
        11,
        35,
        49,
        62,
        13,
        22,
        66,
        12,
        55,
        41,
        30,
        27,
        59,
        31,
        34,
        17,
        29,
        39,
        69,
        37,
        10,
        33,
        26,
        40,
        32,
        28,
        8,
        25,
        45,
        42,
        16,
        20,
        36,
        38
    ],
    "optimal_solver": "lkh",
    "instance_file_path": "c:\\TSP_ND_ML_Project\\instances\\N70_D3_G1000_clus_5.json",
    "concorde_length": 4074,
    "concorde_time_s": 1.3118807999999262,
    "concorde_tour": [
        1,
        58,
        47,
        7,
        70,
        23,
        46,
        56,
        43,
        19,
        4,
        9,
        5,
        54,
        50,
        38,
        36,
        20,
        16,
        42,
        45,
        25,
        8,
        28,
        32,
        40,
        26,
        33,
        10,
        37,
        69,
        39,
        29,
        17,
        34,
        31,
        59,
        27,
        30,
        41,
        55,
        12,
        66,
        22,
        13,
        62,
        49,
        35,
        11,
        52,
        63,
        3,
        61,
        21,
        2,
        67,
        15,
        65,
        18,
        64,
        53,
        57,
        51,
        44,
        68,
        24,
        60,
        14,
        48,
        6
    ],
    "lkh_length": 4074,
    "lkh_time_s": 0.6288891999865882,
    "lkh_tour": [
        50,
        54,
        5,
        9,
        4,
        19,
        43,
        56,
        46,
        23,
        70,
        7,
        47,
        58,
        1,
        6,
        48,
        14,
        60,
        24,
        68,
        44,
        51,
        57,
        53,
        64,
        18,
        65,
        15,
        67,
        2,
        21,
        61,
        3,
        63,
        52,
        11,
        35,
        49,
        62,
        13,
        22,
        66,
        12,
        55,
        41,
        30,
        27,
        59,
        31,
        34,
        17,
        29,
        39,
        69,
        37,
        10,
        33,
        26,
        40,
        32,
        28,
        8,
        25,
        45,
        42,
        16,
        20,
        36,
        38
    ],
    "lkh_gap_pct": 0.0
}