{
    "instance_name": "N70_D3_G10000_rand_18",
    "n_customers": 70,
    "dimension": 3,
    "grid_size": 10000,
    "optimal_cost": 129220,
    "optimal_tour": [
        40,
        44,
        3,
        17,
        32,
        34,
        37,
        52,
        20,
        38,
        41,
        12,
        51,
        48,
        59,
        64,
        18,
        25,
        4,
        15,
        47,
        46,
        6,
        53,
        14,
        50,
        43,
        61,
        1,
        54,
        45,
        63,
        60,
        68,
        42,
        39,
        23,
        69,
        36,
        65,
        22,
        19,
        58,
        7,
        67,
        30,
        62,
        8,
        26,
        13,
        28,
        16,
        2,
        56,
        9,
        24,
        66,
        33,
        21,
        5,
        31,
        55,
        10,
        49,
        35,
        70,
        29,
        57,
        11,
        27
    ],
    "optimal_solver": "lkh",
    "instance_file_path": "c:\\TSP_ND_ML_Project\\instances\\N70_D3_G10000_rand_18.json",
    "concorde_length": 129220,
    "concorde_time_s": 1.5521558999898843,
    "concorde_tour": [
        1,
        61,
        43,
        50,
        14,
        53,
        6,
        46,
        47,
        15,
        4,
        25,
        18,
        64,
        59,
        48,
        51,
        12,
        41,
        38,
        20,
        52,
        37,
        34,
        32,
        17,
        3,
        44,
        40,
        27,
        11,
        57,
        29,
        70,
        35,
        49,
        10,
        55,
        31,
        5,
        21,
        33,
        66,
        24,
        9,
        56,
        2,
        16,
        28,
        13,
        26,
        8,
        62,
        30,
        67,
        7,
        58,
        19,
        22,
        65,
        36,
        69,
        23,
        39,
        42,
        68,
        60,
        63,
        45,
        54
    ],
    "lkh_length": 129220,
    "lkh_time_s": 0.09279129997594282,
    "lkh_tour": [
        40,
        44,
        3,
        17,
        32,
        34,
        37,
        52,
        20,
        38,
        41,
        12,
        51,
        48,
        59,
        64,
        18,
        25,
        4,
        15,
        47,
        46,
        6,
        53,
        14,
        50,
        43,
        61,
        1,
        54,
        45,
        63,
        60,
        68,
        42,
        39,
        23,
        69,
        36,
        65,
        22,
        19,
        58,
        7,
        67,
        30,
        62,
        8,
        26,
        13,
        28,
        16,
        2,
        56,
        9,
        24,
        66,
        33,
        21,
        5,
        31,
        55,
        10,
        49,
        35,
        70,
        29,
        57,
        11,
        27
    ],
    "lkh_gap_pct": 0.0
}