{
    "instance_name": "N70_D3_G100_ring_18",
    "n_customers": 70,
    "dimension": 3,
    "grid_size": 100,
    "optimal_cost": 722,
    "optimal_tour": [
        45,
        28,
        49,
        33,
        12,
        50,
        7,
        48,
        58,
        51,
        37,
        41,
        19,
        53,
        32,
        47,
        30,
        59,
        5,
        21,
        52,
        25,
        4,
        26,
        11,
        10,
        70,
        23,
        18,
        17,
        13,
        44,
        27,
        61,
        20,
        36,
        46,
        43,
        54,
        66,
        1,
        56,
        3,
        64,
        65,
        2,
        15,
        60,
        14,
        34,
        35,
        8,
        40,
        67,
        68,
        38,
        9,
        55,
        31,
        42,
        24,
        22,
        16,
        69,
        39,
        6,
        29,
        57,
        62,
        63
    ],
    "optimal_solver": "lkh",
    "instance_file_path": "c:\\TSP_ND_ML_Project\\instances\\N70_D3_G100_ring_18.json",
    "concorde_length": 722,
    "concorde_time_s": 1.023395200027153,
    "concorde_tour": [
        1,
        66,
        54,
        43,
        46,
        36,
        20,
        61,
        27,
        44,
        13,
        17,
        18,
        23,
        70,
        10,
        11,
        26,
        4,
        25,
        52,
        21,
        5,
        59,
        30,
        47,
        32,
        53,
        19,
        41,
        37,
        51,
        58,
        48,
        7,
        50,
        12,
        33,
        49,
        28,
        45,
        63,
        62,
        57,
        29,
        6,
        39,
        69,
        16,
        22,
        24,
        42,
        31,
        55,
        9,
        38,
        68,
        67,
        40,
        8,
        35,
        34,
        14,
        60,
        15,
        2,
        65,
        64,
        3,
        56
    ],
    "lkh_length": 722,
    "lkh_time_s": 0.09277759992983192,
    "lkh_tour": [
        45,
        28,
        49,
        33,
        12,
        50,
        7,
        48,
        58,
        51,
        37,
        41,
        19,
        53,
        32,
        47,
        30,
        59,
        5,
        21,
        52,
        25,
        4,
        26,
        11,
        10,
        70,
        23,
        18,
        17,
        13,
        44,
        27,
        61,
        20,
        36,
        46,
        43,
        54,
        66,
        1,
        56,
        3,
        64,
        65,
        2,
        15,
        60,
        14,
        34,
        35,
        8,
        40,
        67,
        68,
        38,
        9,
        55,
        31,
        42,
        24,
        22,
        16,
        69,
        39,
        6,
        29,
        57,
        62,
        63
    ],
    "lkh_gap_pct": 0.0
}