{
    "instance_name": "N70_D4_G10000_rand_1",
    "n_customers": 70,
    "dimension": 4,
    "grid_size": 10000,
    "optimal_cost": 214611,
    "optimal_tour": [
        32,
        21,
        55,
        52,
        12,
        13,
        14,
        28,
        33,
        44,
        6,
        66,
        59,
        53,
        38,
        2,
        25,
        58,
        61,
        24,
        37,
        5,
        8,
        42,
        67,
        51,
        65,
        40,
        15,
        3,
        9,
        10,
        16,
        20,
        57,
        56,
        17,
        23,
        1,
        4,
        47,
        31,
        69,
        41,
        26,
        64,
        22,
        35,
        30,
        27,
        49,
        62,
        68,
        63,
        45,
        70,
        34,
        11,
        18,
        43,
        46,
        50,
        48,
        29,
        60,
        7,
        39,
        36,
        19,
        54
    ],
    "optimal_solver": "lkh",
    "instance_file_path": "c:\\TSP_ND_ML_Project\\instances\\N70_D4_G10000_rand_1.json",
    "concorde_length": 214611,
    "concorde_time_s": 2.223053900001105,
    "concorde_tour": [
        1,
        23,
        17,
        56,
        57,
        20,
        16,
        10,
        9,
        3,
        15,
        40,
        65,
        51,
        67,
        42,
        8,
        5,
        37,
        24,
        61,
        58,
        25,
        2,
        38,
        53,
        59,
        66,
        6,
        44,
        33,
        28,
        14,
        13,
        12,
        52,
        55,
        21,
        32,
        54,
        19,
        36,
        39,
        7,
        60,
        29,
        48,
        50,
        46,
        43,
        18,
        11,
        34,
        70,
        45,
        63,
        68,
        62,
        49,
        27,
        30,
        35,
        22,
        64,
        26,
        41,
        69,
        31,
        47,
        4
    ],
    "lkh_length": 214611,
    "lkh_time_s": 0.16390320000937209,
    "lkh_tour": [
        32,
        21,
        55,
        52,
        12,
        13,
        14,
        28,
        33,
        44,
        6,
        66,
        59,
        53,
        38,
        2,
        25,
        58,
        61,
        24,
        37,
        5,
        8,
        42,
        67,
        51,
        65,
        40,
        15,
        3,
        9,
        10,
        16,
        20,
        57,
        56,
        17,
        23,
        1,
        4,
        47,
        31,
        69,
        41,
        26,
        64,
        22,
        35,
        30,
        27,
        49,
        62,
        68,
        63,
        45,
        70,
        34,
        11,
        18,
        43,
        46,
        50,
        48,
        29,
        60,
        7,
        39,
        36,
        19,
        54
    ],
    "lkh_gap_pct": 0.0
}