{
    "instance_name": "N70_D4_G10000_corr_2",
    "n_customers": 70,
    "dimension": 4,
    "grid_size": 10000,
    "optimal_cost": 99927,
    "optimal_tour": [
        23,
        29,
        5,
        68,
        48,
        26,
        21,
        43,
        27,
        14,
        54,
        34,
        35,
        51,
        1,
        25,
        4,
        18,
        44,
        64,
        15,
        24,
        33,
        62,
        49,
        56,
        36,
        53,
        12,
        22,
        61,
        55,
        47,
        11,
        69,
        45,
        8,
        58,
        38,
        6,
        13,
        10,
        39,
        7,
        37,
        46,
        19,
        3,
        31,
        30,
        59,
        2,
        57,
        70,
        20,
        65,
        42,
        17,
        28,
        63,
        40,
        50,
        60,
        32,
        41,
        52,
        67,
        9,
        66,
        16
    ],
    "optimal_solver": "lkh",
    "instance_file_path": "c:\\TSP_ND_ML_Project\\instances\\N70_D4_G10000_corr_2.json",
    "concorde_length": 99927,
    "concorde_time_s": 1.365749999997206,
    "concorde_tour": [
        1,
        25,
        4,
        18,
        44,
        64,
        15,
        24,
        33,
        62,
        49,
        56,
        36,
        53,
        12,
        22,
        61,
        55,
        47,
        11,
        69,
        45,
        8,
        58,
        38,
        6,
        13,
        10,
        39,
        7,
        37,
        46,
        19,
        3,
        31,
        30,
        59,
        2,
        57,
        70,
        20,
        65,
        42,
        17,
        28,
        63,
        40,
        50,
        60,
        32,
        41,
        52,
        67,
        9,
        66,
        16,
        23,
        29,
        5,
        68,
        48,
        26,
        21,
        43,
        27,
        14,
        54,
        34,
        35,
        51
    ],
    "lkh_length": 99927,
    "lkh_time_s": 0.1114036999642849,
    "lkh_tour": [
        23,
        29,
        5,
        68,
        48,
        26,
        21,
        43,
        27,
        14,
        54,
        34,
        35,
        51,
        1,
        25,
        4,
        18,
        44,
        64,
        15,
        24,
        33,
        62,
        49,
        56,
        36,
        53,
        12,
        22,
        61,
        55,
        47,
        11,
        69,
        45,
        8,
        58,
        38,
        6,
        13,
        10,
        39,
        7,
        37,
        46,
        19,
        3,
        31,
        30,
        59,
        2,
        57,
        70,
        20,
        65,
        42,
        17,
        28,
        63,
        40,
        50,
        60,
        32,
        41,
        52,
        67,
        9,
        66,
        16
    ],
    "lkh_gap_pct": 0.0
}