{
    "instance_name": "N70_D2_G10000_norm_5",
    "n_customers": 70,
    "dimension": 2,
    "grid_size": 10000,
    "optimal_cost": 44496,
    "optimal_tour": [
        63,
        7,
        38,
        67,
        22,
        35,
        51,
        27,
        49,
        16,
        65,
        25,
        4,
        43,
        59,
        8,
        18,
        60,
        45,
        61,
        23,
        24,
        20,
        10,
        48,
        69,
        56,
        28,
        50,
        11,
        34,
        70,
        68,
        12,
        21,
        66,
        3,
        13,
        47,
        53,
        19,
        55,
        39,
        54,
        31,
        52,
        6,
        5,
        57,
        62,
        37,
        14,
        46,
        29,
        41,
        64,
        1,
        30,
        36,
        40,
        2,
        44,
        33,
        9,
        17,
        15,
        58,
        32,
        26,
        42
    ],
    "optimal_solver": "lkh",
    "instance_file_path": "c:\\TSP_ND_ML_Project\\instances\\N70_D2_G10000_norm_5.json",
    "concorde_length": 44496,
    "concorde_time_s": 0.8830633999896236,
    "concorde_tour": [
        1,
        64,
        41,
        29,
        46,
        14,
        37,
        62,
        57,
        5,
        6,
        52,
        31,
        54,
        39,
        55,
        19,
        53,
        47,
        13,
        3,
        66,
        21,
        12,
        68,
        70,
        34,
        11,
        50,
        28,
        56,
        69,
        48,
        10,
        20,
        24,
        23,
        61,
        45,
        60,
        18,
        8,
        59,
        43,
        4,
        25,
        65,
        16,
        49,
        27,
        51,
        35,
        22,
        67,
        38,
        7,
        63,
        42,
        26,
        32,
        58,
        15,
        17,
        9,
        33,
        44,
        2,
        40,
        36,
        30
    ],
    "lkh_length": 44496,
    "lkh_time_s": 0.13815790001535788,
    "lkh_tour": [
        63,
        7,
        38,
        67,
        22,
        35,
        51,
        27,
        49,
        16,
        65,
        25,
        4,
        43,
        59,
        8,
        18,
        60,
        45,
        61,
        23,
        24,
        20,
        10,
        48,
        69,
        56,
        28,
        50,
        11,
        34,
        70,
        68,
        12,
        21,
        66,
        3,
        13,
        47,
        53,
        19,
        55,
        39,
        54,
        31,
        52,
        6,
        5,
        57,
        62,
        37,
        14,
        46,
        29,
        41,
        64,
        1,
        30,
        36,
        40,
        2,
        44,
        33,
        9,
        17,
        15,
        58,
        32,
        26,
        42
    ],
    "lkh_gap_pct": 0.0
}