{
    "instance_name": "N70_D4_G1000_pow_7",
    "n_customers": 70,
    "dimension": 4,
    "grid_size": 1000,
    "optimal_cost": 16000,
    "optimal_tour": [
        63,
        60,
        18,
        28,
        51,
        12,
        24,
        56,
        31,
        23,
        42,
        68,
        37,
        27,
        34,
        14,
        59,
        1,
        10,
        2,
        7,
        17,
        21,
        43,
        39,
        41,
        49,
        15,
        20,
        47,
        26,
        64,
        54,
        13,
        70,
        44,
        53,
        46,
        48,
        11,
        67,
        33,
        3,
        19,
        65,
        22,
        32,
        57,
        8,
        69,
        52,
        45,
        4,
        66,
        61,
        50,
        30,
        62,
        29,
        55,
        36,
        38,
        40,
        35,
        58,
        25,
        9,
        6,
        16,
        5
    ],
    "optimal_solver": "lkh",
    "instance_file_path": "c:\\TSP_ND_ML_Project\\instances\\N70_D4_G1000_pow_7.json",
    "concorde_length": 16000,
    "concorde_time_s": 1.8484402999747545,
    "concorde_tour": [
        1,
        14,
        27,
        10,
        59,
        34,
        7,
        69,
        8,
        57,
        52,
        45,
        4,
        66,
        30,
        50,
        61,
        55,
        29,
        36,
        62,
        38,
        35,
        40,
        58,
        65,
        22,
        32,
        3,
        19,
        33,
        25,
        16,
        9,
        6,
        5,
        63,
        60,
        28,
        18,
        51,
        12,
        15,
        41,
        39,
        17,
        43,
        21,
        49,
        54,
        26,
        20,
        13,
        47,
        64,
        70,
        53,
        44,
        48,
        11,
        67,
        46,
        37,
        23,
        42,
        24,
        31,
        56,
        68,
        2
    ],
    "lkh_length": 16000,
    "lkh_time_s": 0.9700893999543041,
    "lkh_tour": [
        63,
        60,
        18,
        28,
        51,
        12,
        24,
        56,
        31,
        23,
        42,
        68,
        37,
        27,
        34,
        14,
        59,
        1,
        10,
        2,
        7,
        17,
        21,
        43,
        39,
        41,
        49,
        15,
        20,
        47,
        26,
        64,
        54,
        13,
        70,
        44,
        53,
        46,
        48,
        11,
        67,
        33,
        3,
        19,
        65,
        22,
        32,
        57,
        8,
        69,
        52,
        45,
        4,
        66,
        61,
        50,
        30,
        62,
        29,
        55,
        36,
        38,
        40,
        35,
        58,
        25,
        9,
        6,
        16,
        5
    ],
    "lkh_gap_pct": 0.0
}