{
    "instance_name": "N70_D5_G1000_rand_3",
    "n_customers": 70,
    "dimension": 5,
    "grid_size": 1000,
    "optimal_cost": 26879,
    "optimal_tour": [
        5,
        46,
        50,
        23,
        1,
        3,
        6,
        24,
        34,
        69,
        22,
        64,
        27,
        66,
        9,
        51,
        13,
        14,
        33,
        48,
        42,
        30,
        52,
        31,
        32,
        11,
        4,
        62,
        45,
        35,
        10,
        21,
        29,
        68,
        59,
        28,
        38,
        26,
        56,
        37,
        25,
        19,
        60,
        70,
        43,
        15,
        49,
        53,
        61,
        2,
        55,
        20,
        47,
        67,
        63,
        8,
        58,
        7,
        39,
        40,
        54,
        44,
        12,
        17,
        36,
        57,
        16,
        18,
        65,
        41
    ],
    "optimal_solver": "lkh",
    "instance_file_path": "c:\\TSP_ND_ML_Project\\instances\\N70_D5_G1000_rand_3.json",
    "concorde_length": 26879,
    "concorde_time_s": 1.2642408999963664,
    "concorde_tour": [
        1,
        3,
        6,
        24,
        34,
        69,
        22,
        64,
        27,
        66,
        9,
        51,
        13,
        14,
        33,
        48,
        42,
        30,
        52,
        31,
        32,
        11,
        4,
        62,
        45,
        35,
        10,
        21,
        29,
        68,
        59,
        28,
        38,
        26,
        56,
        37,
        25,
        19,
        60,
        70,
        43,
        15,
        49,
        53,
        61,
        2,
        55,
        20,
        47,
        67,
        63,
        8,
        58,
        7,
        39,
        40,
        54,
        44,
        12,
        17,
        36,
        57,
        16,
        18,
        65,
        41,
        5,
        46,
        50,
        23
    ],
    "lkh_length": 26879,
    "lkh_time_s": 0.14397289999760687,
    "lkh_tour": [
        5,
        46,
        50,
        23,
        1,
        3,
        6,
        24,
        34,
        69,
        22,
        64,
        27,
        66,
        9,
        51,
        13,
        14,
        33,
        48,
        42,
        30,
        52,
        31,
        32,
        11,
        4,
        62,
        45,
        35,
        10,
        21,
        29,
        68,
        59,
        28,
        38,
        26,
        56,
        37,
        25,
        19,
        60,
        70,
        43,
        15,
        49,
        53,
        61,
        2,
        55,
        20,
        47,
        67,
        63,
        8,
        58,
        7,
        39,
        40,
        54,
        44,
        12,
        17,
        36,
        57,
        16,
        18,
        65,
        41
    ],
    "lkh_gap_pct": 0.0
}