{
    "instance_name": "N70_D4_G10000_corr_12",
    "n_customers": 70,
    "dimension": 4,
    "grid_size": 10000,
    "optimal_cost": 96850,
    "optimal_tour": [
        11,
        35,
        39,
        55,
        7,
        67,
        33,
        60,
        27,
        22,
        3,
        16,
        49,
        12,
        45,
        53,
        29,
        6,
        68,
        54,
        61,
        2,
        69,
        57,
        59,
        41,
        4,
        36,
        28,
        8,
        38,
        13,
        26,
        17,
        30,
        66,
        52,
        70,
        18,
        32,
        48,
        44,
        10,
        62,
        58,
        56,
        51,
        40,
        46,
        23,
        5,
        47,
        1,
        19,
        24,
        25,
        14,
        50,
        63,
        20,
        65,
        34,
        37,
        42,
        31,
        64,
        21,
        43,
        15,
        9
    ],
    "optimal_solver": "lkh",
    "instance_file_path": "c:\\TSP_ND_ML_Project\\instances\\N70_D4_G10000_corr_12.json",
    "concorde_length": 96850,
    "concorde_time_s": 1.6949896000442095,
    "concorde_tour": [
        1,
        19,
        24,
        25,
        14,
        50,
        63,
        20,
        65,
        34,
        37,
        42,
        31,
        64,
        21,
        43,
        15,
        9,
        11,
        35,
        39,
        55,
        7,
        67,
        33,
        60,
        27,
        22,
        3,
        16,
        49,
        12,
        45,
        53,
        29,
        6,
        68,
        54,
        61,
        2,
        69,
        57,
        59,
        41,
        4,
        36,
        28,
        8,
        38,
        13,
        26,
        17,
        30,
        66,
        52,
        70,
        18,
        32,
        48,
        44,
        10,
        62,
        58,
        56,
        51,
        40,
        46,
        23,
        5,
        47
    ],
    "lkh_length": 96850,
    "lkh_time_s": 0.1186075999867171,
    "lkh_tour": [
        11,
        35,
        39,
        55,
        7,
        67,
        33,
        60,
        27,
        22,
        3,
        16,
        49,
        12,
        45,
        53,
        29,
        6,
        68,
        54,
        61,
        2,
        69,
        57,
        59,
        41,
        4,
        36,
        28,
        8,
        38,
        13,
        26,
        17,
        30,
        66,
        52,
        70,
        18,
        32,
        48,
        44,
        10,
        62,
        58,
        56,
        51,
        40,
        46,
        23,
        5,
        47,
        1,
        19,
        24,
        25,
        14,
        50,
        63,
        20,
        65,
        34,
        37,
        42,
        31,
        64,
        21,
        43,
        15,
        9
    ],
    "lkh_gap_pct": 0.0
}