{
    "instance_name": "N70_D5_G100_rand_11",
    "n_customers": 70,
    "dimension": 5,
    "grid_size": 100,
    "optimal_cost": 2832,
    "optimal_tour": [
        50,
        70,
        6,
        22,
        67,
        66,
        34,
        40,
        63,
        32,
        39,
        52,
        11,
        21,
        4,
        31,
        17,
        41,
        42,
        45,
        12,
        27,
        60,
        20,
        53,
        2,
        37,
        19,
        24,
        51,
        30,
        47,
        43,
        29,
        59,
        26,
        69,
        64,
        1,
        15,
        58,
        25,
        56,
        5,
        3,
        62,
        18,
        57,
        38,
        55,
        33,
        44,
        9,
        28,
        48,
        65,
        68,
        16,
        35,
        8,
        13,
        36,
        7,
        54,
        23,
        10,
        49,
        14,
        61,
        46
    ],
    "optimal_solver": "lkh",
    "instance_file_path": "c:\\TSP_ND_ML_Project\\instances\\N70_D5_G100_rand_11.json",
    "concorde_length": 2832,
    "concorde_time_s": 5.830975699995179,
    "concorde_tour": [
        1,
        64,
        69,
        26,
        59,
        29,
        43,
        47,
        30,
        51,
        24,
        19,
        37,
        2,
        53,
        20,
        60,
        27,
        12,
        45,
        42,
        41,
        17,
        31,
        4,
        21,
        11,
        52,
        39,
        32,
        63,
        40,
        34,
        66,
        67,
        22,
        6,
        70,
        50,
        46,
        61,
        14,
        49,
        10,
        23,
        54,
        7,
        36,
        13,
        8,
        35,
        16,
        68,
        65,
        48,
        28,
        9,
        44,
        33,
        55,
        38,
        57,
        18,
        62,
        3,
        5,
        56,
        25,
        58,
        15
    ],
    "lkh_length": 2832,
    "lkh_time_s": 0.2667677000281401,
    "lkh_tour": [
        50,
        70,
        6,
        22,
        67,
        66,
        34,
        40,
        63,
        32,
        39,
        52,
        11,
        21,
        4,
        31,
        17,
        41,
        42,
        45,
        12,
        27,
        60,
        20,
        53,
        2,
        37,
        19,
        24,
        51,
        30,
        47,
        43,
        29,
        59,
        26,
        69,
        64,
        1,
        15,
        58,
        25,
        56,
        5,
        3,
        62,
        18,
        57,
        38,
        55,
        33,
        44,
        9,
        28,
        48,
        65,
        68,
        16,
        35,
        8,
        13,
        36,
        7,
        54,
        23,
        10,
        49,
        14,
        61,
        46
    ],
    "lkh_gap_pct": 0.0
}