{
    "instance_name": "N70_D5_G10000_corr_4",
    "n_customers": 70,
    "dimension": 5,
    "grid_size": 10000,
    "optimal_cost": 118674,
    "optimal_tour": [
        8,
        20,
        34,
        70,
        48,
        27,
        43,
        3,
        52,
        28,
        13,
        16,
        46,
        15,
        69,
        68,
        50,
        33,
        35,
        37,
        58,
        14,
        6,
        19,
        47,
        59,
        63,
        32,
        5,
        66,
        49,
        36,
        2,
        17,
        56,
        41,
        18,
        25,
        51,
        65,
        26,
        62,
        40,
        67,
        12,
        7,
        21,
        55,
        53,
        38,
        10,
        42,
        61,
        22,
        24,
        64,
        30,
        45,
        31,
        57,
        39,
        54,
        60,
        44,
        9,
        29,
        11,
        1,
        4,
        23
    ],
    "optimal_solver": "lkh",
    "instance_file_path": "c:\\TSP_ND_ML_Project\\instances\\N70_D5_G10000_corr_4.json",
    "concorde_length": 118674,
    "concorde_time_s": 1.70360539999092,
    "concorde_tour": [
        1,
        11,
        29,
        9,
        44,
        60,
        54,
        39,
        57,
        31,
        45,
        30,
        64,
        24,
        22,
        61,
        42,
        10,
        38,
        53,
        55,
        21,
        7,
        12,
        67,
        40,
        62,
        26,
        65,
        51,
        25,
        18,
        41,
        56,
        17,
        2,
        36,
        49,
        66,
        5,
        32,
        63,
        59,
        47,
        19,
        6,
        14,
        58,
        37,
        35,
        33,
        50,
        68,
        69,
        15,
        46,
        16,
        13,
        28,
        52,
        3,
        43,
        27,
        48,
        70,
        34,
        20,
        8,
        23,
        4
    ],
    "lkh_length": 118674,
    "lkh_time_s": 0.14374069997575134,
    "lkh_tour": [
        8,
        20,
        34,
        70,
        48,
        27,
        43,
        3,
        52,
        28,
        13,
        16,
        46,
        15,
        69,
        68,
        50,
        33,
        35,
        37,
        58,
        14,
        6,
        19,
        47,
        59,
        63,
        32,
        5,
        66,
        49,
        36,
        2,
        17,
        56,
        41,
        18,
        25,
        51,
        65,
        26,
        62,
        40,
        67,
        12,
        7,
        21,
        55,
        53,
        38,
        10,
        42,
        61,
        22,
        24,
        64,
        30,
        45,
        31,
        57,
        39,
        54,
        60,
        44,
        9,
        29,
        11,
        1,
        4,
        23
    ],
    "lkh_gap_pct": 0.0
}