{
    "instance_name": "N70_D2_G10000_grid_20",
    "n_customers": 70,
    "dimension": 2,
    "grid_size": 10000,
    "optimal_cost": 68839,
    "optimal_tour": [
        20,
        37,
        7,
        29,
        22,
        27,
        67,
        65,
        53,
        34,
        40,
        30,
        21,
        47,
        62,
        68,
        49,
        5,
        41,
        50,
        19,
        11,
        61,
        56,
        16,
        4,
        10,
        18,
        12,
        70,
        48,
        51,
        17,
        28,
        69,
        26,
        42,
        54,
        33,
        39,
        15,
        57,
        6,
        9,
        45,
        24,
        64,
        25,
        43,
        44,
        1,
        14,
        32,
        23,
        3,
        35,
        31,
        36,
        8,
        58,
        66,
        2,
        52,
        46,
        55,
        59,
        38,
        13,
        60,
        63
    ],
    "optimal_solver": "lkh",
    "instance_file_path": "c:\\TSP_ND_ML_Project\\instances\\N70_D2_G10000_grid_20.json",
    "concorde_length": 68839,
    "concorde_time_s": 1.2130412999831606,
    "concorde_tour": [
        1,
        14,
        32,
        23,
        3,
        35,
        31,
        36,
        8,
        58,
        66,
        2,
        52,
        46,
        55,
        59,
        38,
        13,
        60,
        63,
        20,
        37,
        7,
        29,
        22,
        27,
        67,
        65,
        53,
        34,
        40,
        30,
        21,
        47,
        62,
        68,
        49,
        5,
        41,
        50,
        19,
        11,
        61,
        56,
        16,
        4,
        10,
        18,
        12,
        70,
        48,
        51,
        17,
        28,
        69,
        26,
        42,
        54,
        33,
        39,
        15,
        57,
        6,
        9,
        45,
        24,
        64,
        25,
        43,
        44
    ],
    "lkh_length": 68839,
    "lkh_time_s": 0.24392119998810813,
    "lkh_tour": [
        20,
        37,
        7,
        29,
        22,
        27,
        67,
        65,
        53,
        34,
        40,
        30,
        21,
        47,
        62,
        68,
        49,
        5,
        41,
        50,
        19,
        11,
        61,
        56,
        16,
        4,
        10,
        18,
        12,
        70,
        48,
        51,
        17,
        28,
        69,
        26,
        42,
        54,
        33,
        39,
        15,
        57,
        6,
        9,
        45,
        24,
        64,
        25,
        43,
        44,
        1,
        14,
        32,
        23,
        3,
        35,
        31,
        36,
        8,
        58,
        66,
        2,
        52,
        46,
        55,
        59,
        38,
        13,
        60,
        63
    ],
    "lkh_gap_pct": 0.0
}