{
    "instance_name": "N70_D3_G1000_norm_14",
    "n_customers": 70,
    "dimension": 3,
    "grid_size": 1000,
    "optimal_cost": 9056,
    "optimal_tour": [
        65,
        21,
        12,
        34,
        68,
        32,
        2,
        36,
        5,
        64,
        30,
        6,
        24,
        37,
        49,
        59,
        25,
        41,
        45,
        8,
        20,
        15,
        13,
        9,
        16,
        27,
        50,
        66,
        3,
        35,
        39,
        51,
        31,
        54,
        33,
        17,
        58,
        69,
        19,
        18,
        7,
        44,
        38,
        23,
        29,
        11,
        53,
        28,
        55,
        4,
        42,
        47,
        26,
        22,
        70,
        57,
        62,
        43,
        14,
        61,
        46,
        60,
        48,
        10,
        56,
        52,
        63,
        67,
        1,
        40
    ],
    "optimal_solver": "lkh",
    "instance_file_path": "c:\\TSP_ND_ML_Project\\instances\\N70_D3_G1000_norm_14.json",
    "concorde_length": 9056,
    "concorde_time_s": 1.8515184000134468,
    "concorde_tour": [
        1,
        67,
        63,
        52,
        56,
        10,
        48,
        60,
        46,
        61,
        14,
        43,
        62,
        57,
        70,
        22,
        26,
        47,
        42,
        4,
        55,
        28,
        53,
        11,
        29,
        23,
        38,
        44,
        7,
        18,
        19,
        69,
        58,
        17,
        33,
        54,
        31,
        51,
        39,
        35,
        3,
        66,
        50,
        27,
        16,
        9,
        13,
        15,
        20,
        8,
        45,
        41,
        25,
        59,
        49,
        37,
        24,
        6,
        30,
        64,
        5,
        36,
        2,
        32,
        68,
        34,
        12,
        21,
        65,
        40
    ],
    "lkh_length": 9056,
    "lkh_time_s": 0.16310569999041036,
    "lkh_tour": [
        65,
        21,
        12,
        34,
        68,
        32,
        2,
        36,
        5,
        64,
        30,
        6,
        24,
        37,
        49,
        59,
        25,
        41,
        45,
        8,
        20,
        15,
        13,
        9,
        16,
        27,
        50,
        66,
        3,
        35,
        39,
        51,
        31,
        54,
        33,
        17,
        58,
        69,
        19,
        18,
        7,
        44,
        38,
        23,
        29,
        11,
        53,
        28,
        55,
        4,
        42,
        47,
        26,
        22,
        70,
        57,
        62,
        43,
        14,
        61,
        46,
        60,
        48,
        10,
        56,
        52,
        63,
        67,
        1,
        40
    ],
    "lkh_gap_pct": 0.0
}