{
    "instance_name": "N70_D4_G10000_pow_12",
    "n_customers": 70,
    "dimension": 4,
    "grid_size": 10000,
    "optimal_cost": 160000,
    "optimal_tour": [
        49,
        43,
        1,
        34,
        19,
        24,
        44,
        57,
        68,
        42,
        48,
        3,
        70,
        17,
        4,
        33,
        60,
        32,
        63,
        41,
        12,
        5,
        7,
        25,
        8,
        64,
        47,
        23,
        62,
        28,
        11,
        30,
        14,
        52,
        35,
        16,
        9,
        69,
        37,
        54,
        51,
        36,
        20,
        13,
        29,
        61,
        59,
        53,
        31,
        10,
        40,
        55,
        6,
        21,
        56,
        66,
        26,
        45,
        2,
        50,
        27,
        38,
        18,
        15,
        46,
        39,
        22,
        58,
        67,
        65
    ],
    "optimal_solver": "lkh",
    "instance_file_path": "c:\\TSP_ND_ML_Project\\instances\\N70_D4_G10000_pow_12.json",
    "concorde_length": 160000,
    "concorde_time_s": 1.77551060001133,
    "concorde_tour": [
        1,
        34,
        45,
        50,
        66,
        26,
        27,
        2,
        36,
        29,
        13,
        20,
        51,
        54,
        37,
        33,
        4,
        32,
        12,
        60,
        63,
        41,
        43,
        49,
        65,
        67,
        18,
        15,
        39,
        22,
        38,
        58,
        46,
        52,
        14,
        9,
        69,
        35,
        16,
        59,
        40,
        61,
        53,
        10,
        31,
        55,
        56,
        6,
        21,
        44,
        19,
        24,
        57,
        62,
        11,
        28,
        30,
        25,
        7,
        8,
        5,
        23,
        64,
        47,
        48,
        42,
        3,
        68,
        70,
        17
    ],
    "lkh_length": 160000,
    "lkh_time_s": 0.8773681999882683,
    "lkh_tour": [
        49,
        43,
        1,
        34,
        19,
        24,
        44,
        57,
        68,
        42,
        48,
        3,
        70,
        17,
        4,
        33,
        60,
        32,
        63,
        41,
        12,
        5,
        7,
        25,
        8,
        64,
        47,
        23,
        62,
        28,
        11,
        30,
        14,
        52,
        35,
        16,
        9,
        69,
        37,
        54,
        51,
        36,
        20,
        13,
        29,
        61,
        59,
        53,
        31,
        10,
        40,
        55,
        6,
        21,
        56,
        66,
        26,
        45,
        2,
        50,
        27,
        38,
        18,
        15,
        46,
        39,
        22,
        58,
        67,
        65
    ],
    "lkh_gap_pct": 0.0
}