{
    "instance_name": "N70_D4_G100_rand_2",
    "n_customers": 70,
    "dimension": 4,
    "grid_size": 100,
    "optimal_cost": 2100,
    "optimal_tour": [
        8,
        38,
        5,
        17,
        6,
        55,
        39,
        56,
        68,
        57,
        12,
        34,
        32,
        50,
        2,
        62,
        49,
        69,
        61,
        16,
        63,
        1,
        35,
        10,
        13,
        18,
        22,
        42,
        53,
        59,
        19,
        20,
        51,
        43,
        54,
        9,
        14,
        46,
        67,
        52,
        70,
        28,
        7,
        33,
        24,
        4,
        27,
        40,
        47,
        30,
        25,
        41,
        65,
        31,
        36,
        37,
        60,
        15,
        21,
        48,
        29,
        66,
        26,
        44,
        64,
        58,
        11,
        3,
        23,
        45
    ],
    "optimal_solver": "lkh",
    "instance_file_path": "c:\\TSP_ND_ML_Project\\instances\\N70_D4_G100_rand_2.json",
    "concorde_length": 2100,
    "concorde_time_s": 1.1333320999983698,
    "concorde_tour": [
        1,
        63,
        16,
        61,
        69,
        49,
        62,
        2,
        50,
        32,
        34,
        12,
        57,
        68,
        56,
        39,
        55,
        6,
        17,
        5,
        38,
        8,
        45,
        23,
        3,
        11,
        58,
        64,
        44,
        26,
        66,
        29,
        48,
        21,
        15,
        60,
        37,
        36,
        31,
        65,
        41,
        25,
        30,
        47,
        40,
        27,
        4,
        24,
        33,
        7,
        28,
        70,
        52,
        67,
        46,
        14,
        9,
        54,
        43,
        51,
        20,
        19,
        59,
        53,
        42,
        22,
        18,
        13,
        10,
        35
    ],
    "lkh_length": 2100,
    "lkh_time_s": 0.1351515999995172,
    "lkh_tour": [
        8,
        38,
        5,
        17,
        6,
        55,
        39,
        56,
        68,
        57,
        12,
        34,
        32,
        50,
        2,
        62,
        49,
        69,
        61,
        16,
        63,
        1,
        35,
        10,
        13,
        18,
        22,
        42,
        53,
        59,
        19,
        20,
        51,
        43,
        54,
        9,
        14,
        46,
        67,
        52,
        70,
        28,
        7,
        33,
        24,
        4,
        27,
        40,
        47,
        30,
        25,
        41,
        65,
        31,
        36,
        37,
        60,
        15,
        21,
        48,
        29,
        66,
        26,
        44,
        64,
        58,
        11,
        3,
        23,
        45
    ],
    "lkh_gap_pct": 0.0
}