{
    "instance_name": "N70_D5_G10000_ring_16",
    "n_customers": 70,
    "dimension": 5,
    "grid_size": 10000,
    "optimal_cost": 185970,
    "optimal_tour": [
        34,
        14,
        70,
        46,
        65,
        19,
        61,
        20,
        3,
        7,
        57,
        64,
        1,
        12,
        18,
        2,
        28,
        49,
        6,
        16,
        43,
        50,
        17,
        55,
        63,
        41,
        48,
        56,
        53,
        29,
        15,
        51,
        69,
        59,
        38,
        24,
        4,
        40,
        58,
        67,
        35,
        54,
        10,
        5,
        13,
        52,
        44,
        27,
        9,
        33,
        68,
        31,
        42,
        62,
        36,
        11,
        21,
        23,
        45,
        25,
        37,
        30,
        39,
        26,
        22,
        47,
        8,
        60,
        32,
        66
    ],
    "optimal_solver": "lkh",
    "instance_file_path": "c:\\TSP_ND_ML_Project\\instances\\N70_D5_G10000_ring_16.json",
    "concorde_length": 185970,
    "concorde_time_s": 2.000092300004326,
    "concorde_tour": [
        1,
        12,
        18,
        2,
        28,
        49,
        6,
        16,
        43,
        50,
        17,
        55,
        63,
        41,
        48,
        56,
        53,
        29,
        15,
        51,
        69,
        59,
        38,
        24,
        4,
        40,
        58,
        67,
        35,
        54,
        10,
        5,
        13,
        52,
        44,
        27,
        9,
        33,
        68,
        31,
        42,
        62,
        36,
        11,
        21,
        23,
        45,
        25,
        37,
        30,
        39,
        26,
        22,
        47,
        8,
        60,
        32,
        66,
        34,
        14,
        70,
        46,
        65,
        19,
        61,
        20,
        3,
        7,
        57,
        64
    ],
    "lkh_length": 185970,
    "lkh_time_s": 0.4071587999933399,
    "lkh_tour": [
        34,
        14,
        70,
        46,
        65,
        19,
        61,
        20,
        3,
        7,
        57,
        64,
        1,
        12,
        18,
        2,
        28,
        49,
        6,
        16,
        43,
        50,
        17,
        55,
        63,
        41,
        48,
        56,
        53,
        29,
        15,
        51,
        69,
        59,
        38,
        24,
        4,
        40,
        58,
        67,
        35,
        54,
        10,
        5,
        13,
        52,
        44,
        27,
        9,
        33,
        68,
        31,
        42,
        62,
        36,
        11,
        21,
        23,
        45,
        25,
        37,
        30,
        39,
        26,
        22,
        47,
        8,
        60,
        32,
        66
    ],
    "lkh_gap_pct": 0.0
}