{
    "instance_name": "N70_D4_G1000_rand_17",
    "n_customers": 70,
    "dimension": 4,
    "grid_size": 1000,
    "optimal_cost": 20318,
    "optimal_tour": [
        52,
        14,
        5,
        43,
        29,
        53,
        46,
        64,
        36,
        39,
        23,
        8,
        37,
        49,
        40,
        60,
        58,
        70,
        7,
        45,
        55,
        16,
        31,
        25,
        2,
        47,
        59,
        38,
        18,
        19,
        57,
        67,
        27,
        28,
        44,
        30,
        4,
        41,
        50,
        62,
        26,
        69,
        21,
        24,
        15,
        22,
        56,
        48,
        66,
        13,
        10,
        61,
        42,
        9,
        20,
        33,
        11,
        68,
        17,
        54,
        35,
        3,
        63,
        1,
        32,
        51,
        6,
        65,
        12,
        34
    ],
    "optimal_solver": "lkh",
    "instance_file_path": "c:\\TSP_ND_ML_Project\\instances\\N70_D4_G1000_rand_17.json",
    "concorde_length": 20318,
    "concorde_time_s": 1.3421795000322163,
    "concorde_tour": [
        1,
        32,
        51,
        6,
        65,
        12,
        34,
        52,
        14,
        5,
        43,
        29,
        53,
        46,
        64,
        36,
        39,
        23,
        8,
        37,
        49,
        40,
        60,
        58,
        70,
        7,
        45,
        55,
        16,
        31,
        25,
        2,
        47,
        59,
        38,
        18,
        19,
        57,
        67,
        27,
        28,
        44,
        30,
        4,
        41,
        50,
        62,
        26,
        69,
        21,
        24,
        15,
        22,
        56,
        48,
        66,
        13,
        10,
        61,
        42,
        9,
        20,
        33,
        11,
        68,
        17,
        54,
        35,
        3,
        63
    ],
    "lkh_length": 20318,
    "lkh_time_s": 0.17068069998640567,
    "lkh_tour": [
        52,
        14,
        5,
        43,
        29,
        53,
        46,
        64,
        36,
        39,
        23,
        8,
        37,
        49,
        40,
        60,
        58,
        70,
        7,
        45,
        55,
        16,
        31,
        25,
        2,
        47,
        59,
        38,
        18,
        19,
        57,
        67,
        27,
        28,
        44,
        30,
        4,
        41,
        50,
        62,
        26,
        69,
        21,
        24,
        15,
        22,
        56,
        48,
        66,
        13,
        10,
        61,
        42,
        9,
        20,
        33,
        11,
        68,
        17,
        54,
        35,
        3,
        63,
        1,
        32,
        51,
        6,
        65,
        12,
        34
    ],
    "lkh_gap_pct": 0.0
}