{
    "instance_name": "N70_D5_G1000_corr_19",
    "n_customers": 70,
    "dimension": 5,
    "grid_size": 1000,
    "optimal_cost": 12191,
    "optimal_tour": [
        63,
        45,
        31,
        26,
        7,
        57,
        64,
        53,
        67,
        25,
        28,
        30,
        61,
        27,
        49,
        47,
        18,
        22,
        65,
        70,
        10,
        2,
        6,
        59,
        38,
        48,
        19,
        40,
        50,
        66,
        5,
        20,
        43,
        24,
        4,
        35,
        12,
        32,
        16,
        29,
        21,
        34,
        52,
        23,
        15,
        8,
        3,
        36,
        9,
        58,
        41,
        42,
        60,
        14,
        17,
        69,
        46,
        39,
        1,
        33,
        13,
        56,
        44,
        54,
        62,
        51,
        11,
        55,
        37,
        68
    ],
    "optimal_solver": "lkh",
    "instance_file_path": "c:\\TSP_ND_ML_Project\\instances\\N70_D5_G1000_corr_19.json",
    "concorde_length": 12191,
    "concorde_time_s": 1.4141689999960363,
    "concorde_tour": [
        1,
        39,
        46,
        69,
        17,
        14,
        60,
        42,
        41,
        58,
        9,
        36,
        3,
        8,
        15,
        23,
        52,
        34,
        21,
        29,
        16,
        32,
        12,
        35,
        4,
        24,
        43,
        20,
        5,
        66,
        50,
        40,
        19,
        48,
        38,
        59,
        6,
        2,
        10,
        70,
        65,
        22,
        18,
        47,
        49,
        27,
        61,
        30,
        28,
        25,
        67,
        53,
        64,
        57,
        7,
        26,
        31,
        45,
        63,
        68,
        37,
        55,
        11,
        51,
        62,
        54,
        44,
        56,
        13,
        33
    ],
    "lkh_length": 12191,
    "lkh_time_s": 0.17780710000079125,
    "lkh_tour": [
        63,
        45,
        31,
        26,
        7,
        57,
        64,
        53,
        67,
        25,
        28,
        30,
        61,
        27,
        49,
        47,
        18,
        22,
        65,
        70,
        10,
        2,
        6,
        59,
        38,
        48,
        19,
        40,
        50,
        66,
        5,
        20,
        43,
        24,
        4,
        35,
        12,
        32,
        16,
        29,
        21,
        34,
        52,
        23,
        15,
        8,
        3,
        36,
        9,
        58,
        41,
        42,
        60,
        14,
        17,
        69,
        46,
        39,
        1,
        33,
        13,
        56,
        44,
        54,
        62,
        51,
        11,
        55,
        37,
        68
    ],
    "lkh_gap_pct": 0.0
}