{
    "instance_name": "N70_D2_G10000_tria_1",
    "n_customers": 70,
    "dimension": 2,
    "grid_size": 10000,
    "optimal_cost": 65879,
    "optimal_tour": [
        63,
        51,
        47,
        57,
        58,
        49,
        23,
        70,
        6,
        30,
        8,
        37,
        66,
        43,
        32,
        46,
        21,
        15,
        56,
        22,
        65,
        28,
        67,
        12,
        3,
        60,
        25,
        53,
        59,
        7,
        16,
        35,
        36,
        26,
        1,
        14,
        61,
        24,
        13,
        39,
        40,
        19,
        11,
        4,
        55,
        2,
        48,
        9,
        42,
        29,
        31,
        50,
        34,
        20,
        41,
        38,
        68,
        17,
        52,
        64,
        33,
        54,
        44,
        62,
        18,
        27,
        5,
        45,
        10,
        69
    ],
    "optimal_solver": "lkh",
    "instance_file_path": "c:\\TSP_ND_ML_Project\\instances\\N70_D2_G10000_tria_1.json",
    "concorde_length": 65879,
    "concorde_time_s": 0.517427900020266,
    "concorde_tour": [
        1,
        26,
        36,
        35,
        16,
        7,
        59,
        53,
        25,
        60,
        3,
        12,
        67,
        28,
        65,
        22,
        56,
        15,
        21,
        46,
        32,
        43,
        66,
        37,
        8,
        30,
        6,
        70,
        23,
        49,
        58,
        57,
        47,
        51,
        63,
        69,
        10,
        45,
        5,
        27,
        18,
        62,
        44,
        54,
        33,
        64,
        52,
        17,
        68,
        38,
        41,
        20,
        34,
        50,
        31,
        29,
        42,
        9,
        48,
        2,
        55,
        4,
        11,
        19,
        40,
        39,
        13,
        24,
        61,
        14
    ],
    "lkh_length": 65879,
    "lkh_time_s": 0.1269386000058148,
    "lkh_tour": [
        63,
        51,
        47,
        57,
        58,
        49,
        23,
        70,
        6,
        30,
        8,
        37,
        66,
        43,
        32,
        46,
        21,
        15,
        56,
        22,
        65,
        28,
        67,
        12,
        3,
        60,
        25,
        53,
        59,
        7,
        16,
        35,
        36,
        26,
        1,
        14,
        61,
        24,
        13,
        39,
        40,
        19,
        11,
        4,
        55,
        2,
        48,
        9,
        42,
        29,
        31,
        50,
        34,
        20,
        41,
        38,
        68,
        17,
        52,
        64,
        33,
        54,
        44,
        62,
        18,
        27,
        5,
        45,
        10,
        69
    ],
    "lkh_gap_pct": 0.0
}