{
    "instance_name": "N70_D3_G100_pow_15",
    "n_customers": 70,
    "dimension": 3,
    "grid_size": 100,
    "optimal_cost": 800,
    "optimal_tour": [
        13,
        67,
        43,
        12,
        14,
        66,
        25,
        26,
        15,
        61,
        56,
        23,
        38,
        10,
        31,
        54,
        17,
        11,
        29,
        49,
        53,
        68,
        52,
        34,
        7,
        20,
        59,
        24,
        39,
        42,
        8,
        51,
        30,
        3,
        2,
        28,
        9,
        21,
        36,
        55,
        63,
        45,
        1,
        19,
        22,
        62,
        60,
        46,
        70,
        44,
        18,
        64,
        6,
        5,
        16,
        65,
        57,
        27,
        69,
        41,
        50,
        40,
        33,
        35,
        32,
        37,
        48,
        4,
        47,
        58
    ],
    "optimal_solver": "lkh",
    "instance_file_path": "c:\\TSP_ND_ML_Project\\instances\\N70_D3_G100_pow_15.json",
    "concorde_length": 800,
    "concorde_time_s": 2.3835315000033006,
    "concorde_tour": [
        1,
        45,
        19,
        2,
        3,
        36,
        21,
        9,
        28,
        30,
        8,
        42,
        51,
        5,
        44,
        18,
        6,
        16,
        64,
        70,
        65,
        13,
        35,
        27,
        4,
        32,
        33,
        41,
        40,
        50,
        69,
        58,
        47,
        37,
        48,
        67,
        57,
        59,
        68,
        52,
        34,
        7,
        24,
        39,
        20,
        54,
        29,
        53,
        17,
        49,
        11,
        31,
        10,
        23,
        15,
        12,
        14,
        25,
        26,
        66,
        43,
        56,
        38,
        61,
        46,
        63,
        62,
        55,
        60,
        22
    ],
    "lkh_length": 800,
    "lkh_time_s": 4.284082799975295,
    "lkh_tour": [
        13,
        67,
        43,
        12,
        14,
        66,
        25,
        26,
        15,
        61,
        56,
        23,
        38,
        10,
        31,
        54,
        17,
        11,
        29,
        49,
        53,
        68,
        52,
        34,
        7,
        20,
        59,
        24,
        39,
        42,
        8,
        51,
        30,
        3,
        2,
        28,
        9,
        21,
        36,
        55,
        63,
        45,
        1,
        19,
        22,
        62,
        60,
        46,
        70,
        44,
        18,
        64,
        6,
        5,
        16,
        65,
        57,
        27,
        69,
        41,
        50,
        40,
        33,
        35,
        32,
        37,
        48,
        4,
        47,
        58
    ],
    "lkh_gap_pct": 0.0
}