{
    "instance_name": "N70_D5_G100_clus_2",
    "n_customers": 70,
    "dimension": 5,
    "grid_size": 100,
    "optimal_cost": 850,
    "optimal_tour": [
        19,
        60,
        65,
        46,
        23,
        51,
        28,
        12,
        27,
        42,
        67,
        36,
        13,
        58,
        4,
        11,
        44,
        25,
        14,
        26,
        50,
        32,
        39,
        64,
        70,
        52,
        38,
        47,
        16,
        68,
        6,
        7,
        20,
        45,
        43,
        69,
        2,
        22,
        66,
        56,
        33,
        30,
        29,
        41,
        57,
        5,
        35,
        61,
        34,
        59,
        21,
        1,
        3,
        8,
        37,
        54,
        63,
        55,
        31,
        17,
        18,
        53,
        62,
        10,
        9,
        15,
        24,
        40,
        49,
        48
    ],
    "optimal_solver": "lkh",
    "instance_file_path": "c:\\TSP_ND_ML_Project\\instances\\N70_D5_G100_clus_2.json",
    "concorde_length": 850,
    "concorde_time_s": 2.5040047999937087,
    "concorde_tour": [
        1,
        3,
        8,
        37,
        54,
        63,
        55,
        31,
        17,
        18,
        53,
        62,
        10,
        9,
        15,
        24,
        40,
        49,
        48,
        19,
        60,
        65,
        46,
        23,
        51,
        28,
        12,
        27,
        42,
        67,
        36,
        13,
        58,
        4,
        11,
        44,
        25,
        14,
        26,
        50,
        32,
        39,
        64,
        70,
        52,
        38,
        47,
        16,
        68,
        6,
        7,
        20,
        45,
        43,
        69,
        2,
        22,
        66,
        56,
        33,
        30,
        29,
        41,
        57,
        5,
        35,
        61,
        34,
        59,
        21
    ],
    "lkh_length": 850,
    "lkh_time_s": 0.2932499999878928,
    "lkh_tour": [
        19,
        60,
        65,
        46,
        23,
        51,
        28,
        12,
        27,
        42,
        67,
        36,
        13,
        58,
        4,
        11,
        44,
        25,
        14,
        26,
        50,
        32,
        39,
        64,
        70,
        52,
        38,
        47,
        16,
        68,
        6,
        7,
        20,
        45,
        43,
        69,
        2,
        22,
        66,
        56,
        33,
        30,
        29,
        41,
        57,
        5,
        35,
        61,
        34,
        59,
        21,
        1,
        3,
        8,
        37,
        54,
        63,
        55,
        31,
        17,
        18,
        53,
        62,
        10,
        9,
        15,
        24,
        40,
        49,
        48
    ],
    "lkh_gap_pct": 0.0
}