{
    "instance_name": "N70_D3_G100_grid_12",
    "n_customers": 70,
    "dimension": 3,
    "grid_size": 100,
    "optimal_cost": 1445,
    "optimal_tour": [
        11,
        54,
        60,
        10,
        33,
        36,
        58,
        59,
        14,
        13,
        17,
        26,
        20,
        69,
        27,
        50,
        51,
        25,
        63,
        3,
        12,
        55,
        35,
        65,
        49,
        18,
        24,
        61,
        40,
        6,
        67,
        70,
        48,
        39,
        31,
        2,
        66,
        34,
        57,
        32,
        53,
        56,
        4,
        64,
        1,
        8,
        68,
        43,
        19,
        21,
        5,
        30,
        22,
        47,
        44,
        9,
        41,
        38,
        15,
        52,
        28,
        62,
        29,
        37,
        42,
        46,
        16,
        45,
        7,
        23
    ],
    "optimal_solver": "lkh",
    "instance_file_path": "c:\\TSP_ND_ML_Project\\instances\\N70_D3_G100_grid_12.json",
    "concorde_length": 1445,
    "concorde_time_s": 1.6468706000014208,
    "concorde_tour": [
        1,
        8,
        68,
        43,
        19,
        21,
        5,
        30,
        22,
        47,
        44,
        9,
        41,
        38,
        15,
        52,
        28,
        62,
        29,
        37,
        42,
        46,
        16,
        45,
        7,
        23,
        11,
        54,
        60,
        10,
        33,
        36,
        58,
        59,
        14,
        13,
        17,
        26,
        20,
        69,
        27,
        50,
        51,
        25,
        63,
        3,
        12,
        55,
        35,
        65,
        49,
        18,
        24,
        61,
        40,
        6,
        67,
        70,
        48,
        39,
        31,
        2,
        66,
        34,
        57,
        32,
        53,
        56,
        4,
        64
    ],
    "lkh_length": 1445,
    "lkh_time_s": 0.21669929998461157,
    "lkh_tour": [
        11,
        54,
        60,
        10,
        33,
        36,
        58,
        59,
        14,
        13,
        17,
        26,
        20,
        69,
        27,
        50,
        51,
        25,
        63,
        3,
        12,
        55,
        35,
        65,
        49,
        18,
        24,
        61,
        40,
        6,
        67,
        70,
        48,
        39,
        31,
        2,
        66,
        34,
        57,
        32,
        53,
        56,
        4,
        64,
        1,
        8,
        68,
        43,
        19,
        21,
        5,
        30,
        22,
        47,
        44,
        9,
        41,
        38,
        15,
        52,
        28,
        62,
        29,
        37,
        42,
        46,
        16,
        45,
        7,
        23
    ],
    "lkh_gap_pct": 0.0
}