{
    "instance_name": "N70_D4_G10000_corr_16",
    "n_customers": 70,
    "dimension": 4,
    "grid_size": 10000,
    "optimal_cost": 90525,
    "optimal_tour": [
        49,
        12,
        6,
        60,
        65,
        1,
        62,
        48,
        70,
        28,
        42,
        11,
        8,
        37,
        17,
        56,
        5,
        63,
        16,
        64,
        21,
        25,
        23,
        24,
        46,
        57,
        52,
        27,
        10,
        30,
        40,
        61,
        18,
        39,
        44,
        4,
        36,
        22,
        54,
        31,
        43,
        53,
        38,
        47,
        15,
        29,
        58,
        55,
        41,
        19,
        33,
        34,
        7,
        32,
        69,
        13,
        51,
        35,
        9,
        14,
        3,
        67,
        2,
        59,
        45,
        20,
        68,
        66,
        50,
        26
    ],
    "optimal_solver": "lkh",
    "instance_file_path": "c:\\TSP_ND_ML_Project\\instances\\N70_D4_G10000_corr_16.json",
    "concorde_length": 90525,
    "concorde_time_s": 1.724682500003837,
    "concorde_tour": [
        1,
        65,
        60,
        6,
        12,
        49,
        26,
        50,
        66,
        68,
        20,
        45,
        59,
        2,
        67,
        3,
        14,
        9,
        35,
        51,
        13,
        69,
        32,
        7,
        34,
        33,
        19,
        41,
        55,
        58,
        29,
        15,
        47,
        38,
        53,
        43,
        31,
        54,
        22,
        36,
        4,
        44,
        39,
        18,
        61,
        40,
        30,
        10,
        27,
        52,
        57,
        46,
        24,
        23,
        25,
        21,
        64,
        16,
        63,
        5,
        56,
        17,
        37,
        8,
        11,
        42,
        28,
        70,
        48,
        62
    ],
    "lkh_length": 90525,
    "lkh_time_s": 0.07978369999909773,
    "lkh_tour": [
        49,
        12,
        6,
        60,
        65,
        1,
        62,
        48,
        70,
        28,
        42,
        11,
        8,
        37,
        17,
        56,
        5,
        63,
        16,
        64,
        21,
        25,
        23,
        24,
        46,
        57,
        52,
        27,
        10,
        30,
        40,
        61,
        18,
        39,
        44,
        4,
        36,
        22,
        54,
        31,
        43,
        53,
        38,
        47,
        15,
        29,
        58,
        55,
        41,
        19,
        33,
        34,
        7,
        32,
        69,
        13,
        51,
        35,
        9,
        14,
        3,
        67,
        2,
        59,
        45,
        20,
        68,
        66,
        50,
        26
    ],
    "lkh_gap_pct": 0.0
}