{
    "instance_name": "N70_D4_G10000_rand_18",
    "n_customers": 70,
    "dimension": 4,
    "grid_size": 10000,
    "optimal_cost": 197166,
    "optimal_tour": [
        34,
        25,
        48,
        35,
        36,
        57,
        65,
        26,
        22,
        24,
        13,
        45,
        12,
        27,
        56,
        28,
        30,
        33,
        41,
        37,
        31,
        62,
        16,
        69,
        55,
        53,
        4,
        7,
        8,
        11,
        54,
        44,
        21,
        39,
        63,
        70,
        3,
        67,
        2,
        6,
        47,
        59,
        51,
        15,
        19,
        29,
        42,
        46,
        49,
        20,
        9,
        23,
        14,
        17,
        10,
        58,
        68,
        1,
        66,
        43,
        61,
        5,
        40,
        50,
        18,
        52,
        60,
        64,
        32,
        38
    ],
    "optimal_solver": "lkh",
    "instance_file_path": "c:\\TSP_ND_ML_Project\\instances\\N70_D4_G10000_rand_18.json",
    "concorde_length": 197166,
    "concorde_time_s": 1.7912995000369847,
    "concorde_tour": [
        1,
        66,
        43,
        61,
        5,
        40,
        50,
        18,
        52,
        60,
        64,
        32,
        38,
        34,
        25,
        48,
        35,
        36,
        57,
        65,
        26,
        22,
        24,
        13,
        45,
        12,
        27,
        56,
        28,
        30,
        33,
        41,
        37,
        31,
        62,
        16,
        69,
        55,
        53,
        4,
        7,
        8,
        11,
        54,
        44,
        21,
        39,
        63,
        70,
        3,
        67,
        2,
        6,
        47,
        59,
        51,
        15,
        19,
        29,
        42,
        46,
        49,
        20,
        9,
        23,
        14,
        17,
        10,
        58,
        68
    ],
    "lkh_length": 197166,
    "lkh_time_s": 0.22070639999583364,
    "lkh_tour": [
        34,
        25,
        48,
        35,
        36,
        57,
        65,
        26,
        22,
        24,
        13,
        45,
        12,
        27,
        56,
        28,
        30,
        33,
        41,
        37,
        31,
        62,
        16,
        69,
        55,
        53,
        4,
        7,
        8,
        11,
        54,
        44,
        21,
        39,
        63,
        70,
        3,
        67,
        2,
        6,
        47,
        59,
        51,
        15,
        19,
        29,
        42,
        46,
        49,
        20,
        9,
        23,
        14,
        17,
        10,
        58,
        68,
        1,
        66,
        43,
        61,
        5,
        40,
        50,
        18,
        52,
        60,
        64,
        32,
        38
    ],
    "lkh_gap_pct": 0.0
}