{
    "instance_name": "N70_D3_G10000_rand_5",
    "n_customers": 70,
    "dimension": 3,
    "grid_size": 10000,
    "optimal_cost": 129862,
    "optimal_tour": [
        47,
        70,
        28,
        46,
        15,
        53,
        6,
        69,
        57,
        16,
        65,
        31,
        11,
        50,
        21,
        64,
        58,
        63,
        10,
        26,
        39,
        49,
        54,
        44,
        27,
        66,
        13,
        62,
        40,
        9,
        51,
        25,
        8,
        52,
        37,
        23,
        43,
        17,
        3,
        48,
        12,
        34,
        5,
        18,
        33,
        45,
        32,
        22,
        36,
        42,
        7,
        20,
        60,
        41,
        19,
        56,
        68,
        30,
        55,
        24,
        67,
        4,
        38,
        59,
        61,
        35,
        29,
        14,
        1,
        2
    ],
    "optimal_solver": "lkh",
    "instance_file_path": "c:\\TSP_ND_ML_Project\\instances\\N70_D3_G10000_rand_5.json",
    "concorde_length": 129862,
    "concorde_time_s": 2.091442000004463,
    "concorde_tour": [
        1,
        2,
        47,
        70,
        28,
        46,
        15,
        53,
        6,
        69,
        57,
        16,
        65,
        31,
        11,
        50,
        21,
        64,
        58,
        63,
        10,
        26,
        39,
        49,
        54,
        44,
        27,
        66,
        13,
        62,
        40,
        9,
        51,
        25,
        8,
        52,
        37,
        23,
        43,
        17,
        3,
        48,
        12,
        34,
        5,
        18,
        33,
        45,
        32,
        22,
        36,
        42,
        7,
        20,
        60,
        41,
        19,
        56,
        68,
        30,
        55,
        24,
        67,
        4,
        38,
        59,
        61,
        35,
        29,
        14
    ],
    "lkh_length": 129862,
    "lkh_time_s": 0.27163009997457266,
    "lkh_tour": [
        47,
        70,
        28,
        46,
        15,
        53,
        6,
        69,
        57,
        16,
        65,
        31,
        11,
        50,
        21,
        64,
        58,
        63,
        10,
        26,
        39,
        49,
        54,
        44,
        27,
        66,
        13,
        62,
        40,
        9,
        51,
        25,
        8,
        52,
        37,
        23,
        43,
        17,
        3,
        48,
        12,
        34,
        5,
        18,
        33,
        45,
        32,
        22,
        36,
        42,
        7,
        20,
        60,
        41,
        19,
        56,
        68,
        30,
        55,
        24,
        67,
        4,
        38,
        59,
        61,
        35,
        29,
        14,
        1,
        2
    ],
    "lkh_gap_pct": 0.0
}