{
    "instance_name": "N70_D2_G10000_grid_7",
    "n_customers": 70,
    "dimension": 2,
    "grid_size": 10000,
    "optimal_cost": 68297,
    "optimal_tour": [
        15,
        59,
        21,
        1,
        19,
        22,
        41,
        23,
        70,
        12,
        25,
        9,
        52,
        3,
        56,
        61,
        2,
        4,
        66,
        26,
        8,
        28,
        54,
        49,
        62,
        47,
        29,
        53,
        58,
        50,
        44,
        57,
        67,
        24,
        27,
        11,
        10,
        39,
        46,
        14,
        64,
        40,
        37,
        18,
        20,
        32,
        68,
        6,
        36,
        30,
        31,
        5,
        34,
        35,
        65,
        69,
        45,
        16,
        17,
        51,
        7,
        38,
        60,
        33,
        13,
        55,
        48,
        42,
        43,
        63
    ],
    "optimal_solver": "lkh",
    "instance_file_path": "c:\\TSP_ND_ML_Project\\instances\\N70_D2_G10000_grid_7.json",
    "concorde_length": 68297,
    "concorde_time_s": 0.7820452000014484,
    "concorde_tour": [
        1,
        19,
        22,
        41,
        23,
        70,
        12,
        25,
        9,
        52,
        3,
        56,
        61,
        2,
        4,
        66,
        26,
        8,
        28,
        54,
        49,
        62,
        47,
        29,
        53,
        58,
        50,
        44,
        57,
        67,
        24,
        27,
        11,
        10,
        39,
        46,
        14,
        64,
        40,
        37,
        18,
        20,
        32,
        68,
        6,
        36,
        30,
        31,
        5,
        34,
        35,
        65,
        69,
        45,
        16,
        17,
        51,
        7,
        38,
        60,
        33,
        13,
        55,
        48,
        42,
        43,
        63,
        15,
        59,
        21
    ],
    "lkh_length": 68297,
    "lkh_time_s": 0.19293769999057986,
    "lkh_tour": [
        15,
        59,
        21,
        1,
        19,
        22,
        41,
        23,
        70,
        12,
        25,
        9,
        52,
        3,
        56,
        61,
        2,
        4,
        66,
        26,
        8,
        28,
        54,
        49,
        62,
        47,
        29,
        53,
        58,
        50,
        44,
        57,
        67,
        24,
        27,
        11,
        10,
        39,
        46,
        14,
        64,
        40,
        37,
        18,
        20,
        32,
        68,
        6,
        36,
        30,
        31,
        5,
        34,
        35,
        65,
        69,
        45,
        16,
        17,
        51,
        7,
        38,
        60,
        33,
        13,
        55,
        48,
        42,
        43,
        63
    ],
    "lkh_gap_pct": 0.0
}