{
    "instance_name": "N70_D5_G10000_pow_1",
    "n_customers": 70,
    "dimension": 5,
    "grid_size": 10000,
    "optimal_cost": 294142,
    "optimal_tour": [
        55,
        11,
        56,
        30,
        60,
        4,
        17,
        31,
        18,
        57,
        26,
        34,
        35,
        3,
        62,
        28,
        5,
        43,
        52,
        7,
        54,
        49,
        47,
        25,
        32,
        21,
        16,
        69,
        38,
        24,
        41,
        42,
        1,
        29,
        12,
        36,
        27,
        58,
        6,
        65,
        45,
        8,
        68,
        66,
        14,
        46,
        70,
        22,
        39,
        19,
        53,
        64,
        67,
        10,
        48,
        63,
        40,
        59,
        37,
        51,
        2,
        44,
        15,
        33,
        61,
        50,
        9,
        13,
        23,
        20
    ],
    "optimal_solver": "lkh",
    "instance_file_path": "c:\\TSP_ND_ML_Project\\instances\\N70_D5_G10000_pow_1.json",
    "concorde_length": 294142,
    "concorde_time_s": 1.1889817000483163,
    "concorde_tour": [
        1,
        29,
        35,
        26,
        34,
        28,
        3,
        62,
        43,
        5,
        7,
        52,
        54,
        49,
        25,
        47,
        33,
        61,
        39,
        46,
        70,
        22,
        11,
        30,
        56,
        4,
        60,
        66,
        14,
        8,
        45,
        65,
        68,
        58,
        6,
        27,
        19,
        53,
        64,
        67,
        48,
        10,
        16,
        21,
        32,
        23,
        9,
        13,
        50,
        55,
        20,
        24,
        42,
        41,
        69,
        38,
        31,
        17,
        12,
        36,
        18,
        57,
        63,
        40,
        59,
        44,
        37,
        51,
        15,
        2
    ],
    "lkh_length": 294142,
    "lkh_time_s": 7.031022100010887,
    "lkh_tour": [
        55,
        11,
        56,
        30,
        60,
        4,
        17,
        31,
        18,
        57,
        26,
        34,
        35,
        3,
        62,
        28,
        5,
        43,
        52,
        7,
        54,
        49,
        47,
        25,
        32,
        21,
        16,
        69,
        38,
        24,
        41,
        42,
        1,
        29,
        12,
        36,
        27,
        58,
        6,
        65,
        45,
        8,
        68,
        66,
        14,
        46,
        70,
        22,
        39,
        19,
        53,
        64,
        67,
        10,
        48,
        63,
        40,
        59,
        37,
        51,
        2,
        44,
        15,
        33,
        61,
        50,
        9,
        13,
        23,
        20
    ],
    "lkh_gap_pct": 0.0
}