{
    "instance_name": "N70_D2_G1000_ring_9",
    "n_customers": 70,
    "dimension": 2,
    "grid_size": 1000,
    "optimal_cost": 3992,
    "optimal_tour": [
        31,
        42,
        16,
        61,
        68,
        41,
        64,
        29,
        53,
        21,
        67,
        19,
        24,
        9,
        39,
        62,
        66,
        56,
        14,
        60,
        27,
        13,
        22,
        51,
        37,
        65,
        69,
        58,
        47,
        70,
        18,
        59,
        46,
        38,
        17,
        7,
        40,
        4,
        36,
        50,
        1,
        15,
        3,
        28,
        35,
        25,
        33,
        54,
        63,
        52,
        44,
        30,
        55,
        5,
        34,
        2,
        8,
        26,
        43,
        45,
        48,
        20,
        57,
        11,
        23,
        12,
        32,
        10,
        49,
        6
    ],
    "optimal_solver": "lkh",
    "instance_file_path": "c:\\TSP_ND_ML_Project\\instances\\N70_D2_G1000_ring_9.json",
    "concorde_length": 3992,
    "concorde_time_s": 0.8163921000086702,
    "concorde_tour": [
        1,
        50,
        36,
        4,
        40,
        7,
        17,
        38,
        46,
        59,
        18,
        37,
        70,
        47,
        58,
        69,
        65,
        27,
        51,
        22,
        13,
        60,
        14,
        56,
        66,
        62,
        39,
        9,
        24,
        19,
        67,
        21,
        53,
        29,
        64,
        41,
        68,
        61,
        16,
        42,
        31,
        6,
        49,
        10,
        32,
        12,
        23,
        11,
        57,
        20,
        48,
        45,
        43,
        26,
        8,
        2,
        34,
        5,
        55,
        30,
        44,
        52,
        63,
        54,
        33,
        25,
        35,
        28,
        3,
        15
    ],
    "lkh_length": 3992,
    "lkh_time_s": 0.1646339999861084,
    "lkh_tour": [
        31,
        42,
        16,
        61,
        68,
        41,
        64,
        29,
        53,
        21,
        67,
        19,
        24,
        9,
        39,
        62,
        66,
        56,
        14,
        60,
        27,
        13,
        22,
        51,
        37,
        65,
        69,
        58,
        47,
        70,
        18,
        59,
        46,
        38,
        17,
        7,
        40,
        4,
        36,
        50,
        1,
        15,
        3,
        28,
        35,
        25,
        33,
        54,
        63,
        52,
        44,
        30,
        55,
        5,
        34,
        2,
        8,
        26,
        43,
        45,
        48,
        20,
        57,
        11,
        23,
        12,
        32,
        10,
        49,
        6
    ],
    "lkh_gap_pct": 0.0
}