{
    "instance_name": "N70_D3_G10000_corr_5",
    "n_customers": 70,
    "dimension": 3,
    "grid_size": 10000,
    "optimal_cost": 66697,
    "optimal_tour": [
        18,
        45,
        32,
        57,
        26,
        55,
        59,
        29,
        5,
        16,
        28,
        62,
        66,
        31,
        65,
        6,
        40,
        39,
        15,
        69,
        13,
        52,
        20,
        51,
        56,
        38,
        48,
        50,
        46,
        1,
        17,
        60,
        3,
        58,
        44,
        35,
        42,
        61,
        23,
        19,
        34,
        7,
        36,
        41,
        10,
        4,
        2,
        43,
        30,
        11,
        47,
        21,
        14,
        24,
        64,
        70,
        33,
        67,
        37,
        63,
        68,
        54,
        49,
        9,
        25,
        22,
        8,
        27,
        12,
        53
    ],
    "optimal_solver": "lkh",
    "instance_file_path": "c:\\TSP_ND_ML_Project\\instances\\N70_D3_G10000_corr_5.json",
    "concorde_length": 66697,
    "concorde_time_s": 1.582499700016342,
    "concorde_tour": [
        1,
        46,
        50,
        48,
        38,
        56,
        51,
        20,
        52,
        13,
        69,
        15,
        39,
        40,
        6,
        65,
        31,
        66,
        62,
        28,
        16,
        5,
        29,
        59,
        55,
        26,
        57,
        32,
        45,
        18,
        53,
        12,
        27,
        8,
        22,
        25,
        9,
        49,
        54,
        68,
        63,
        37,
        67,
        33,
        70,
        64,
        24,
        14,
        21,
        47,
        11,
        30,
        43,
        2,
        4,
        10,
        41,
        36,
        7,
        34,
        19,
        23,
        61,
        42,
        35,
        44,
        58,
        3,
        60,
        17
    ],
    "lkh_length": 66697,
    "lkh_time_s": 0.1463977000094019,
    "lkh_tour": [
        18,
        45,
        32,
        57,
        26,
        55,
        59,
        29,
        5,
        16,
        28,
        62,
        66,
        31,
        65,
        6,
        40,
        39,
        15,
        69,
        13,
        52,
        20,
        51,
        56,
        38,
        48,
        50,
        46,
        1,
        17,
        60,
        3,
        58,
        44,
        35,
        42,
        61,
        23,
        19,
        34,
        7,
        36,
        41,
        10,
        4,
        2,
        43,
        30,
        11,
        47,
        21,
        14,
        24,
        64,
        70,
        33,
        67,
        37,
        63,
        68,
        54,
        49,
        9,
        25,
        22,
        8,
        27,
        12,
        53
    ],
    "lkh_gap_pct": 0.0
}