{
    "instance_name": "N70_D2_G10000_pow_6",
    "n_customers": 70,
    "dimension": 2,
    "grid_size": 10000,
    "optimal_cost": 40000,
    "optimal_tour": [
        10,
        64,
        1,
        47,
        5,
        68,
        50,
        12,
        36,
        30,
        25,
        4,
        52,
        61,
        18,
        17,
        14,
        13,
        65,
        51,
        44,
        28,
        2,
        22,
        70,
        42,
        21,
        31,
        27,
        11,
        35,
        66,
        37,
        39,
        38,
        45,
        48,
        9,
        34,
        62,
        55,
        33,
        54,
        69,
        6,
        40,
        49,
        46,
        58,
        19,
        24,
        26,
        16,
        53,
        20,
        59,
        8,
        15,
        29,
        57,
        63,
        43,
        56,
        60,
        32,
        3,
        41,
        7,
        67,
        23
    ],
    "optimal_solver": "lkh",
    "instance_file_path": "c:\\TSP_ND_ML_Project\\instances\\N70_D2_G10000_pow_6.json",
    "concorde_length": 40000,
    "concorde_time_s": 3.6941159999987576,
    "concorde_tour": [
        1,
        3,
        10,
        7,
        5,
        32,
        64,
        67,
        60,
        47,
        41,
        23,
        12,
        4,
        13,
        2,
        52,
        28,
        36,
        50,
        30,
        14,
        25,
        17,
        22,
        18,
        61,
        51,
        42,
        44,
        70,
        65,
        68,
        38,
        45,
        49,
        40,
        46,
        39,
        48,
        69,
        55,
        62,
        66,
        54,
        58,
        11,
        27,
        6,
        9,
        21,
        34,
        33,
        37,
        31,
        35,
        26,
        56,
        29,
        59,
        43,
        53,
        24,
        16,
        19,
        15,
        8,
        20,
        63,
        57
    ],
    "lkh_length": 40000,
    "lkh_time_s": 0.4847846000047866,
    "lkh_tour": [
        10,
        64,
        1,
        47,
        5,
        68,
        50,
        12,
        36,
        30,
        25,
        4,
        52,
        61,
        18,
        17,
        14,
        13,
        65,
        51,
        44,
        28,
        2,
        22,
        70,
        42,
        21,
        31,
        27,
        11,
        35,
        66,
        37,
        39,
        38,
        45,
        48,
        9,
        34,
        62,
        55,
        33,
        54,
        69,
        6,
        40,
        49,
        46,
        58,
        19,
        24,
        26,
        16,
        53,
        20,
        59,
        8,
        15,
        29,
        57,
        63,
        43,
        56,
        60,
        32,
        3,
        41,
        7,
        67,
        23
    ],
    "lkh_gap_pct": 0.0
}