{
    "instance_name": "N70_D2_G10000_rand_3",
    "n_customers": 70,
    "dimension": 2,
    "grid_size": 10000,
    "optimal_cost": 62178,
    "optimal_tour": [
        45,
        43,
        66,
        41,
        7,
        37,
        14,
        12,
        16,
        67,
        70,
        5,
        18,
        4,
        24,
        46,
        69,
        48,
        58,
        68,
        52,
        34,
        63,
        6,
        20,
        19,
        56,
        27,
        39,
        42,
        61,
        60,
        10,
        53,
        9,
        44,
        22,
        57,
        65,
        35,
        49,
        23,
        36,
        11,
        54,
        51,
        33,
        28,
        64,
        38,
        55,
        40,
        50,
        25,
        31,
        30,
        2,
        15,
        1,
        3,
        8,
        47,
        26,
        17,
        21,
        13,
        29,
        62,
        32,
        59
    ],
    "optimal_solver": "lkh",
    "instance_file_path": "c:\\TSP_ND_ML_Project\\instances\\N70_D2_G10000_rand_3.json",
    "concorde_length": 62178,
    "concorde_time_s": 0.6035967999778222,
    "concorde_tour": [
        1,
        3,
        8,
        47,
        26,
        17,
        21,
        13,
        29,
        62,
        32,
        59,
        45,
        43,
        66,
        41,
        7,
        37,
        14,
        12,
        16,
        67,
        70,
        5,
        18,
        4,
        24,
        46,
        69,
        48,
        58,
        68,
        52,
        34,
        63,
        6,
        20,
        19,
        56,
        27,
        39,
        42,
        61,
        60,
        10,
        53,
        9,
        44,
        22,
        57,
        65,
        35,
        49,
        23,
        36,
        11,
        54,
        51,
        33,
        28,
        64,
        38,
        55,
        40,
        50,
        25,
        31,
        30,
        2,
        15
    ],
    "lkh_length": 62178,
    "lkh_time_s": 0.2532327999942936,
    "lkh_tour": [
        45,
        43,
        66,
        41,
        7,
        37,
        14,
        12,
        16,
        67,
        70,
        5,
        18,
        4,
        24,
        46,
        69,
        48,
        58,
        68,
        52,
        34,
        63,
        6,
        20,
        19,
        56,
        27,
        39,
        42,
        61,
        60,
        10,
        53,
        9,
        44,
        22,
        57,
        65,
        35,
        49,
        23,
        36,
        11,
        54,
        51,
        33,
        28,
        64,
        38,
        55,
        40,
        50,
        25,
        31,
        30,
        2,
        15,
        1,
        3,
        8,
        47,
        26,
        17,
        21,
        13,
        29,
        62,
        32,
        59
    ],
    "lkh_gap_pct": 0.0
}