{
    "instance_name": "N70_D2_G10000_grid_6",
    "n_customers": 70,
    "dimension": 2,
    "grid_size": 10000,
    "optimal_cost": 66255,
    "optimal_tour": [
        32,
        25,
        43,
        61,
        6,
        70,
        55,
        68,
        38,
        20,
        54,
        51,
        48,
        44,
        39,
        65,
        66,
        40,
        49,
        31,
        23,
        12,
        52,
        64,
        27,
        18,
        57,
        37,
        17,
        4,
        26,
        69,
        10,
        19,
        33,
        60,
        21,
        34,
        7,
        29,
        67,
        24,
        53,
        9,
        8,
        13,
        50,
        30,
        46,
        62,
        5,
        59,
        63,
        22,
        41,
        14,
        28,
        45,
        2,
        36,
        1,
        11,
        3,
        35,
        58,
        42,
        15,
        47,
        56,
        16
    ],
    "optimal_solver": "lkh",
    "instance_file_path": "c:\\TSP_ND_ML_Project\\instances\\N70_D2_G10000_grid_6.json",
    "concorde_length": 66255,
    "concorde_time_s": 0.6244713000196498,
    "concorde_tour": [
        1,
        36,
        2,
        45,
        28,
        14,
        41,
        22,
        63,
        59,
        5,
        62,
        46,
        30,
        50,
        13,
        8,
        9,
        53,
        24,
        67,
        29,
        7,
        34,
        21,
        60,
        33,
        19,
        10,
        69,
        26,
        4,
        17,
        37,
        57,
        18,
        27,
        64,
        52,
        12,
        23,
        31,
        49,
        40,
        66,
        65,
        39,
        44,
        48,
        51,
        54,
        20,
        38,
        68,
        55,
        70,
        6,
        61,
        43,
        25,
        32,
        16,
        56,
        47,
        15,
        42,
        58,
        35,
        3,
        11
    ],
    "lkh_length": 66255,
    "lkh_time_s": 0.14793630002532154,
    "lkh_tour": [
        32,
        25,
        43,
        61,
        6,
        70,
        55,
        68,
        38,
        20,
        54,
        51,
        48,
        44,
        39,
        65,
        66,
        40,
        49,
        31,
        23,
        12,
        52,
        64,
        27,
        18,
        57,
        37,
        17,
        4,
        26,
        69,
        10,
        19,
        33,
        60,
        21,
        34,
        7,
        29,
        67,
        24,
        53,
        9,
        8,
        13,
        50,
        30,
        46,
        62,
        5,
        59,
        63,
        22,
        41,
        14,
        28,
        45,
        2,
        36,
        1,
        11,
        3,
        35,
        58,
        42,
        15,
        47,
        56,
        16
    ],
    "lkh_gap_pct": 0.0
}