{
    "instance_name": "N70_D5_G100_norm_8",
    "n_customers": 70,
    "dimension": 5,
    "grid_size": 100,
    "optimal_cost": 1711,
    "optimal_tour": [
        30,
        21,
        18,
        45,
        66,
        7,
        51,
        53,
        57,
        13,
        6,
        56,
        50,
        44,
        59,
        20,
        15,
        11,
        33,
        9,
        42,
        63,
        49,
        67,
        61,
        8,
        40,
        23,
        27,
        10,
        55,
        41,
        29,
        60,
        5,
        62,
        38,
        4,
        58,
        52,
        70,
        28,
        1,
        26,
        37,
        14,
        24,
        31,
        69,
        65,
        19,
        34,
        12,
        17,
        35,
        32,
        3,
        16,
        36,
        68,
        54,
        47,
        64,
        2,
        43,
        39,
        46,
        48,
        25,
        22
    ],
    "optimal_solver": "lkh",
    "instance_file_path": "c:\\TSP_ND_ML_Project\\instances\\N70_D5_G100_norm_8.json",
    "concorde_length": 1711,
    "concorde_time_s": 2.1012815999565646,
    "concorde_tour": [
        1,
        28,
        70,
        52,
        58,
        4,
        38,
        62,
        5,
        60,
        29,
        41,
        55,
        10,
        27,
        23,
        40,
        8,
        61,
        67,
        49,
        63,
        42,
        9,
        33,
        11,
        15,
        20,
        59,
        44,
        50,
        56,
        6,
        13,
        57,
        53,
        51,
        7,
        66,
        45,
        18,
        21,
        30,
        22,
        25,
        48,
        46,
        39,
        43,
        2,
        64,
        47,
        54,
        68,
        36,
        16,
        3,
        32,
        35,
        17,
        12,
        34,
        19,
        65,
        69,
        31,
        24,
        14,
        37,
        26
    ],
    "lkh_length": 1711,
    "lkh_time_s": 0.18478050001431257,
    "lkh_tour": [
        30,
        21,
        18,
        45,
        66,
        7,
        51,
        53,
        57,
        13,
        6,
        56,
        50,
        44,
        59,
        20,
        15,
        11,
        33,
        9,
        42,
        63,
        49,
        67,
        61,
        8,
        40,
        23,
        27,
        10,
        55,
        41,
        29,
        60,
        5,
        62,
        38,
        4,
        58,
        52,
        70,
        28,
        1,
        26,
        37,
        14,
        24,
        31,
        69,
        65,
        19,
        34,
        12,
        17,
        35,
        32,
        3,
        16,
        36,
        68,
        54,
        47,
        64,
        2,
        43,
        39,
        46,
        48,
        25,
        22
    ],
    "lkh_gap_pct": 0.0
}