{
    "instance_name": "N70_D2_G1000_corn_12",
    "n_customers": 70,
    "dimension": 2,
    "grid_size": 1000,
    "optimal_cost": 4136,
    "optimal_tour": [
        58,
        70,
        34,
        36,
        16,
        50,
        69,
        65,
        42,
        35,
        7,
        21,
        47,
        67,
        41,
        48,
        49,
        6,
        15,
        13,
        64,
        66,
        52,
        40,
        39,
        30,
        26,
        4,
        12,
        29,
        32,
        8,
        28,
        62,
        37,
        24,
        18,
        23,
        1,
        22,
        68,
        10,
        27,
        31,
        51,
        20,
        44,
        56,
        38,
        45,
        33,
        61,
        14,
        11,
        63,
        43,
        55,
        3,
        59,
        25,
        60,
        2,
        19,
        53,
        54,
        9,
        57,
        46,
        5,
        17
    ],
    "optimal_solver": "lkh",
    "instance_file_path": "c:\\TSP_ND_ML_Project\\instances\\N70_D2_G1000_corn_12.json",
    "concorde_length": 4136,
    "concorde_time_s": 1.0921532000065781,
    "concorde_tour": [
        1,
        22,
        68,
        10,
        27,
        31,
        45,
        51,
        38,
        56,
        44,
        20,
        33,
        61,
        14,
        11,
        63,
        43,
        55,
        3,
        59,
        60,
        25,
        2,
        19,
        53,
        54,
        9,
        57,
        46,
        5,
        17,
        70,
        58,
        36,
        34,
        16,
        50,
        69,
        65,
        42,
        35,
        7,
        21,
        47,
        67,
        41,
        48,
        49,
        13,
        6,
        64,
        52,
        66,
        15,
        40,
        39,
        30,
        26,
        4,
        12,
        29,
        32,
        28,
        8,
        62,
        37,
        24,
        18,
        23
    ],
    "lkh_length": 4136,
    "lkh_time_s": 3.96457849998842,
    "lkh_tour": [
        58,
        70,
        34,
        36,
        16,
        50,
        69,
        65,
        42,
        35,
        7,
        21,
        47,
        67,
        41,
        48,
        49,
        6,
        15,
        13,
        64,
        66,
        52,
        40,
        39,
        30,
        26,
        4,
        12,
        29,
        32,
        8,
        28,
        62,
        37,
        24,
        18,
        23,
        1,
        22,
        68,
        10,
        27,
        31,
        51,
        20,
        44,
        56,
        38,
        45,
        33,
        61,
        14,
        11,
        63,
        43,
        55,
        3,
        59,
        25,
        60,
        2,
        19,
        53,
        54,
        9,
        57,
        46,
        5,
        17
    ],
    "lkh_gap_pct": 0.0
}