{
    "instance_name": "N70_D2_G1000_clus_4",
    "n_customers": 70,
    "dimension": 2,
    "grid_size": 1000,
    "optimal_cost": 2879,
    "optimal_tour": [
        62,
        15,
        38,
        19,
        49,
        43,
        68,
        34,
        16,
        9,
        23,
        46,
        11,
        61,
        59,
        47,
        32,
        24,
        48,
        17,
        57,
        20,
        25,
        40,
        12,
        14,
        36,
        63,
        41,
        30,
        55,
        33,
        65,
        4,
        5,
        28,
        35,
        10,
        56,
        69,
        6,
        54,
        53,
        18,
        64,
        70,
        50,
        27,
        1,
        2,
        60,
        37,
        45,
        58,
        13,
        7,
        26,
        67,
        52,
        29,
        31,
        21,
        8,
        51,
        66,
        22,
        42,
        44,
        39,
        3
    ],
    "optimal_solver": "lkh",
    "instance_file_path": "c:\\TSP_ND_ML_Project\\instances\\N70_D2_G1000_clus_4.json",
    "concorde_length": 2879,
    "concorde_time_s": 0.7701107999891974,
    "concorde_tour": [
        1,
        27,
        50,
        70,
        64,
        18,
        53,
        54,
        6,
        69,
        56,
        10,
        35,
        28,
        5,
        4,
        65,
        33,
        55,
        30,
        41,
        63,
        36,
        14,
        12,
        40,
        25,
        20,
        57,
        48,
        17,
        24,
        32,
        47,
        59,
        58,
        13,
        61,
        11,
        46,
        23,
        9,
        16,
        34,
        68,
        43,
        49,
        19,
        38,
        15,
        62,
        3,
        39,
        44,
        42,
        22,
        66,
        51,
        8,
        21,
        31,
        29,
        52,
        67,
        26,
        7,
        45,
        37,
        60,
        2
    ],
    "lkh_length": 2879,
    "lkh_time_s": 1.5910944000061136,
    "lkh_tour": [
        62,
        15,
        38,
        19,
        49,
        43,
        68,
        34,
        16,
        9,
        23,
        46,
        11,
        61,
        59,
        47,
        32,
        24,
        48,
        17,
        57,
        20,
        25,
        40,
        12,
        14,
        36,
        63,
        41,
        30,
        55,
        33,
        65,
        4,
        5,
        28,
        35,
        10,
        56,
        69,
        6,
        54,
        53,
        18,
        64,
        70,
        50,
        27,
        1,
        2,
        60,
        37,
        45,
        58,
        13,
        7,
        26,
        67,
        52,
        29,
        31,
        21,
        8,
        51,
        66,
        22,
        42,
        44,
        39,
        3
    ],
    "lkh_gap_pct": 0.0
}