{
    "instance_name": "N70_D4_G100_rand_13",
    "n_customers": 70,
    "dimension": 4,
    "grid_size": 100,
    "optimal_cost": 2006,
    "optimal_tour": [
        29,
        39,
        24,
        63,
        11,
        4,
        35,
        37,
        42,
        48,
        23,
        3,
        15,
        56,
        57,
        21,
        46,
        12,
        8,
        16,
        27,
        6,
        58,
        40,
        41,
        49,
        32,
        43,
        38,
        62,
        50,
        64,
        59,
        28,
        45,
        19,
        5,
        53,
        10,
        2,
        17,
        33,
        44,
        14,
        9,
        26,
        34,
        1,
        18,
        54,
        60,
        52,
        13,
        36,
        7,
        22,
        66,
        31,
        69,
        20,
        25,
        30,
        47,
        51,
        67,
        70,
        61,
        65,
        55,
        68
    ],
    "optimal_solver": "lkh",
    "instance_file_path": "c:\\TSP_ND_ML_Project\\instances\\N70_D4_G100_rand_13.json",
    "concorde_length": 2006,
    "concorde_time_s": 1.814477399981115,
    "concorde_tour": [
        1,
        34,
        26,
        9,
        14,
        44,
        33,
        17,
        2,
        10,
        53,
        5,
        19,
        45,
        28,
        59,
        64,
        50,
        62,
        38,
        43,
        32,
        49,
        41,
        40,
        58,
        6,
        27,
        16,
        8,
        12,
        46,
        21,
        57,
        56,
        15,
        3,
        23,
        48,
        42,
        37,
        35,
        4,
        11,
        63,
        24,
        39,
        29,
        68,
        55,
        65,
        61,
        70,
        67,
        51,
        47,
        30,
        25,
        20,
        69,
        31,
        66,
        22,
        7,
        36,
        13,
        52,
        60,
        54,
        18
    ],
    "lkh_length": 2006,
    "lkh_time_s": 0.20415870001306757,
    "lkh_tour": [
        29,
        39,
        24,
        63,
        11,
        4,
        35,
        37,
        42,
        48,
        23,
        3,
        15,
        56,
        57,
        21,
        46,
        12,
        8,
        16,
        27,
        6,
        58,
        40,
        41,
        49,
        32,
        43,
        38,
        62,
        50,
        64,
        59,
        28,
        45,
        19,
        5,
        53,
        10,
        2,
        17,
        33,
        44,
        14,
        9,
        26,
        34,
        1,
        18,
        54,
        60,
        52,
        13,
        36,
        7,
        22,
        66,
        31,
        69,
        20,
        25,
        30,
        47,
        51,
        67,
        70,
        61,
        65,
        55,
        68
    ],
    "lkh_gap_pct": 0.0
}