{
    "instance_name": "N70_D2_G10000_tria_4",
    "n_customers": 70,
    "dimension": 2,
    "grid_size": 10000,
    "optimal_cost": 63401,
    "optimal_tour": [
        35,
        49,
        40,
        9,
        57,
        51,
        33,
        39,
        6,
        27,
        25,
        63,
        36,
        58,
        70,
        53,
        67,
        31,
        41,
        26,
        66,
        50,
        60,
        32,
        14,
        61,
        21,
        62,
        3,
        19,
        28,
        24,
        46,
        1,
        44,
        10,
        2,
        20,
        5,
        11,
        23,
        38,
        59,
        7,
        16,
        45,
        4,
        18,
        47,
        68,
        56,
        54,
        55,
        13,
        64,
        69,
        37,
        30,
        29,
        8,
        43,
        22,
        15,
        52,
        17,
        65,
        42,
        34,
        12,
        48
    ],
    "optimal_solver": "lkh",
    "instance_file_path": "c:\\TSP_ND_ML_Project\\instances\\N70_D2_G10000_tria_4.json",
    "concorde_length": 63401,
    "concorde_time_s": 0.49970179999945685,
    "concorde_tour": [
        1,
        44,
        10,
        2,
        20,
        5,
        11,
        23,
        38,
        59,
        7,
        16,
        45,
        4,
        18,
        47,
        68,
        56,
        54,
        55,
        13,
        64,
        69,
        37,
        30,
        29,
        8,
        43,
        22,
        15,
        52,
        17,
        65,
        42,
        34,
        12,
        48,
        35,
        49,
        40,
        9,
        57,
        51,
        33,
        39,
        6,
        27,
        25,
        63,
        36,
        58,
        70,
        53,
        67,
        31,
        41,
        26,
        66,
        50,
        60,
        32,
        14,
        61,
        21,
        62,
        3,
        19,
        28,
        24,
        46
    ],
    "lkh_length": 63401,
    "lkh_time_s": 0.0626306000049226,
    "lkh_tour": [
        35,
        49,
        40,
        9,
        57,
        51,
        33,
        39,
        6,
        27,
        25,
        63,
        36,
        58,
        70,
        53,
        67,
        31,
        41,
        26,
        66,
        50,
        60,
        32,
        14,
        61,
        21,
        62,
        3,
        19,
        28,
        24,
        46,
        1,
        44,
        10,
        2,
        20,
        5,
        11,
        23,
        38,
        59,
        7,
        16,
        45,
        4,
        18,
        47,
        68,
        56,
        54,
        55,
        13,
        64,
        69,
        37,
        30,
        29,
        8,
        43,
        22,
        15,
        52,
        17,
        65,
        42,
        34,
        12,
        48
    ],
    "lkh_gap_pct": 0.0
}