{
    "instance_name": "N70_D3_G100_clus_10",
    "n_customers": 70,
    "dimension": 3,
    "grid_size": 100,
    "optimal_cost": 631,
    "optimal_tour": [
        38,
        53,
        52,
        66,
        47,
        8,
        17,
        24,
        10,
        5,
        51,
        64,
        18,
        56,
        36,
        1,
        9,
        62,
        39,
        34,
        57,
        33,
        4,
        65,
        49,
        23,
        35,
        7,
        60,
        25,
        63,
        31,
        68,
        30,
        70,
        3,
        16,
        19,
        46,
        32,
        43,
        13,
        20,
        50,
        15,
        26,
        54,
        58,
        22,
        2,
        40,
        44,
        41,
        21,
        6,
        45,
        55,
        69,
        11,
        37,
        28,
        59,
        27,
        12,
        29,
        42,
        61,
        14,
        48,
        67
    ],
    "optimal_solver": "lkh",
    "instance_file_path": "c:\\TSP_ND_ML_Project\\instances\\N70_D3_G100_clus_10.json",
    "concorde_length": 631,
    "concorde_time_s": 1.9470779999974184,
    "concorde_tour": [
        1,
        9,
        62,
        39,
        34,
        57,
        33,
        4,
        65,
        49,
        23,
        35,
        7,
        60,
        25,
        63,
        31,
        68,
        30,
        70,
        3,
        16,
        19,
        46,
        32,
        43,
        13,
        20,
        50,
        15,
        26,
        54,
        58,
        22,
        2,
        40,
        44,
        41,
        21,
        6,
        45,
        55,
        69,
        11,
        37,
        28,
        59,
        27,
        12,
        29,
        42,
        61,
        14,
        48,
        67,
        38,
        53,
        52,
        66,
        47,
        8,
        17,
        24,
        10,
        5,
        51,
        64,
        18,
        56,
        36
    ],
    "lkh_length": 631,
    "lkh_time_s": 0.16137290000915527,
    "lkh_tour": [
        38,
        53,
        52,
        66,
        47,
        8,
        17,
        24,
        10,
        5,
        51,
        64,
        18,
        56,
        36,
        1,
        9,
        62,
        39,
        34,
        57,
        33,
        4,
        65,
        49,
        23,
        35,
        7,
        60,
        25,
        63,
        31,
        68,
        30,
        70,
        3,
        16,
        19,
        46,
        32,
        43,
        13,
        20,
        50,
        15,
        26,
        54,
        58,
        22,
        2,
        40,
        44,
        41,
        21,
        6,
        45,
        55,
        69,
        11,
        37,
        28,
        59,
        27,
        12,
        29,
        42,
        61,
        14,
        48,
        67
    ],
    "lkh_gap_pct": 0.0
}