{
    "instance_name": "N70_D2_G100_rand_20",
    "n_customers": 70,
    "dimension": 2,
    "grid_size": 100,
    "optimal_cost": 669,
    "optimal_tour": [
        49,
        1,
        39,
        68,
        13,
        15,
        51,
        31,
        21,
        38,
        12,
        16,
        20,
        50,
        66,
        46,
        58,
        56,
        24,
        14,
        5,
        23,
        2,
        19,
        60,
        33,
        36,
        25,
        27,
        6,
        70,
        28,
        7,
        22,
        35,
        55,
        11,
        41,
        3,
        29,
        30,
        34,
        10,
        40,
        42,
        18,
        53,
        67,
        43,
        64,
        17,
        9,
        52,
        65,
        4,
        47,
        59,
        45,
        26,
        44,
        37,
        54,
        63,
        61,
        8,
        69,
        62,
        57,
        32,
        48
    ],
    "optimal_solver": "lkh",
    "instance_file_path": "c:\\TSP_ND_ML_Project\\instances\\N70_D2_G100_rand_20.json",
    "concorde_length": 669,
    "concorde_time_s": 0.9624468999973033,
    "concorde_tour": [
        1,
        49,
        48,
        32,
        57,
        62,
        69,
        8,
        61,
        63,
        54,
        37,
        44,
        26,
        45,
        59,
        47,
        4,
        65,
        52,
        9,
        17,
        64,
        43,
        67,
        53,
        18,
        42,
        40,
        10,
        34,
        30,
        29,
        3,
        41,
        11,
        55,
        35,
        22,
        7,
        28,
        70,
        6,
        27,
        25,
        36,
        60,
        33,
        19,
        2,
        23,
        5,
        14,
        24,
        56,
        58,
        46,
        66,
        50,
        20,
        16,
        12,
        38,
        21,
        31,
        51,
        15,
        13,
        68,
        39
    ],
    "lkh_length": 669,
    "lkh_time_s": 0.2556310999789275,
    "lkh_tour": [
        49,
        1,
        39,
        68,
        13,
        15,
        51,
        31,
        21,
        38,
        12,
        16,
        20,
        50,
        66,
        46,
        58,
        56,
        24,
        14,
        5,
        23,
        2,
        19,
        60,
        33,
        36,
        25,
        27,
        6,
        70,
        28,
        7,
        22,
        35,
        55,
        11,
        41,
        3,
        29,
        30,
        34,
        10,
        40,
        42,
        18,
        53,
        67,
        43,
        64,
        17,
        9,
        52,
        65,
        4,
        47,
        59,
        45,
        26,
        44,
        37,
        54,
        63,
        61,
        8,
        69,
        62,
        57,
        32,
        48
    ],
    "lkh_gap_pct": 0.0
}