{
    "instance_name": "N70_D2_G1000_ring_20",
    "n_customers": 70,
    "dimension": 2,
    "grid_size": 1000,
    "optimal_cost": 3518,
    "optimal_tour": [
        5,
        40,
        12,
        68,
        47,
        21,
        29,
        36,
        66,
        61,
        45,
        30,
        38,
        53,
        49,
        28,
        42,
        17,
        19,
        11,
        55,
        57,
        70,
        10,
        60,
        22,
        31,
        24,
        23,
        9,
        37,
        63,
        43,
        34,
        13,
        33,
        15,
        50,
        14,
        25,
        58,
        32,
        69,
        3,
        52,
        51,
        41,
        39,
        35,
        20,
        2,
        44,
        18,
        48,
        62,
        64,
        7,
        59,
        56,
        4,
        26,
        67,
        46,
        54,
        8,
        6,
        27,
        1,
        16,
        65
    ],
    "optimal_solver": "lkh",
    "instance_file_path": "c:\\TSP_ND_ML_Project\\instances\\N70_D2_G1000_ring_20.json",
    "concorde_length": 3518,
    "concorde_time_s": 1.0648572000209242,
    "concorde_tour": [
        1,
        16,
        65,
        5,
        40,
        12,
        68,
        47,
        21,
        29,
        36,
        66,
        61,
        45,
        30,
        38,
        53,
        49,
        28,
        42,
        17,
        19,
        11,
        55,
        57,
        70,
        10,
        60,
        22,
        31,
        24,
        23,
        9,
        37,
        63,
        43,
        34,
        13,
        33,
        15,
        50,
        14,
        25,
        58,
        32,
        69,
        3,
        52,
        51,
        41,
        39,
        35,
        20,
        2,
        44,
        18,
        48,
        62,
        64,
        7,
        59,
        56,
        4,
        26,
        67,
        46,
        54,
        8,
        6,
        27
    ],
    "lkh_length": 3518,
    "lkh_time_s": 0.05588310002349317,
    "lkh_tour": [
        5,
        40,
        12,
        68,
        47,
        21,
        29,
        36,
        66,
        61,
        45,
        30,
        38,
        53,
        49,
        28,
        42,
        17,
        19,
        11,
        55,
        57,
        70,
        10,
        60,
        22,
        31,
        24,
        23,
        9,
        37,
        63,
        43,
        34,
        13,
        33,
        15,
        50,
        14,
        25,
        58,
        32,
        69,
        3,
        52,
        51,
        41,
        39,
        35,
        20,
        2,
        44,
        18,
        48,
        62,
        64,
        7,
        59,
        56,
        4,
        26,
        67,
        46,
        54,
        8,
        6,
        27,
        1,
        16,
        65
    ],
    "lkh_gap_pct": 0.0
}