{
    "instance_name": "N70_D3_G10000_corn_13",
    "n_customers": 70,
    "dimension": 3,
    "grid_size": 10000,
    "optimal_cost": 84094,
    "optimal_tour": [
        14,
        7,
        20,
        62,
        58,
        6,
        33,
        25,
        34,
        19,
        22,
        52,
        66,
        64,
        16,
        57,
        63,
        39,
        2,
        56,
        26,
        53,
        55,
        70,
        42,
        17,
        65,
        31,
        54,
        49,
        37,
        11,
        15,
        29,
        60,
        59,
        36,
        47,
        30,
        4,
        27,
        3,
        51,
        24,
        23,
        8,
        40,
        18,
        45,
        67,
        21,
        41,
        5,
        61,
        35,
        44,
        13,
        43,
        32,
        9,
        28,
        68,
        46,
        38,
        1,
        12,
        69,
        10,
        50,
        48
    ],
    "optimal_solver": "lkh",
    "instance_file_path": "c:\\TSP_ND_ML_Project\\instances\\N70_D3_G10000_corn_13.json",
    "concorde_length": 84094,
    "concorde_time_s": 0.6687293000286445,
    "concorde_tour": [
        1,
        12,
        69,
        10,
        50,
        48,
        14,
        7,
        62,
        20,
        58,
        6,
        33,
        25,
        34,
        19,
        22,
        52,
        66,
        64,
        16,
        57,
        63,
        39,
        2,
        56,
        26,
        53,
        55,
        70,
        42,
        17,
        65,
        31,
        54,
        49,
        37,
        11,
        15,
        29,
        60,
        59,
        36,
        47,
        30,
        4,
        27,
        3,
        51,
        24,
        23,
        8,
        40,
        18,
        45,
        67,
        21,
        41,
        5,
        61,
        35,
        44,
        13,
        43,
        32,
        9,
        28,
        68,
        46,
        38
    ],
    "lkh_length": 84094,
    "lkh_time_s": 0.8898295999970287,
    "lkh_tour": [
        14,
        7,
        20,
        62,
        58,
        6,
        33,
        25,
        34,
        19,
        22,
        52,
        66,
        64,
        16,
        57,
        63,
        39,
        2,
        56,
        26,
        53,
        55,
        70,
        42,
        17,
        65,
        31,
        54,
        49,
        37,
        11,
        15,
        29,
        60,
        59,
        36,
        47,
        30,
        4,
        27,
        3,
        51,
        24,
        23,
        8,
        40,
        18,
        45,
        67,
        21,
        41,
        5,
        61,
        35,
        44,
        13,
        43,
        32,
        9,
        28,
        68,
        46,
        38,
        1,
        12,
        69,
        10,
        50,
        48
    ],
    "lkh_gap_pct": 0.0
}