{
    "instance_name": "N70_D5_G1000_norm_15",
    "n_customers": 70,
    "dimension": 5,
    "grid_size": 1000,
    "optimal_cost": 16065,
    "optimal_tour": [
        29,
        58,
        16,
        10,
        50,
        61,
        7,
        49,
        6,
        64,
        21,
        39,
        36,
        3,
        2,
        65,
        68,
        20,
        52,
        70,
        62,
        42,
        30,
        15,
        8,
        27,
        57,
        44,
        45,
        24,
        37,
        47,
        18,
        41,
        67,
        66,
        28,
        54,
        40,
        1,
        25,
        22,
        63,
        11,
        56,
        38,
        26,
        46,
        43,
        31,
        4,
        32,
        48,
        12,
        69,
        33,
        14,
        23,
        34,
        59,
        53,
        60,
        13,
        55,
        9,
        51,
        19,
        17,
        5,
        35
    ],
    "optimal_solver": "lkh",
    "instance_file_path": "c:\\TSP_ND_ML_Project\\instances\\N70_D5_G1000_norm_15.json",
    "concorde_length": 16065,
    "concorde_time_s": 5.2668366999714635,
    "concorde_tour": [
        1,
        25,
        22,
        63,
        11,
        56,
        38,
        26,
        46,
        43,
        31,
        4,
        32,
        48,
        12,
        69,
        33,
        14,
        23,
        34,
        59,
        53,
        60,
        13,
        55,
        9,
        51,
        19,
        17,
        5,
        35,
        29,
        58,
        16,
        10,
        50,
        61,
        7,
        49,
        6,
        64,
        21,
        39,
        36,
        3,
        2,
        65,
        68,
        20,
        52,
        70,
        62,
        42,
        30,
        15,
        8,
        27,
        57,
        44,
        45,
        24,
        37,
        47,
        18,
        41,
        67,
        66,
        28,
        54,
        40
    ],
    "lkh_length": 16065,
    "lkh_time_s": 0.3439276999561116,
    "lkh_tour": [
        29,
        58,
        16,
        10,
        50,
        61,
        7,
        49,
        6,
        64,
        21,
        39,
        36,
        3,
        2,
        65,
        68,
        20,
        52,
        70,
        62,
        42,
        30,
        15,
        8,
        27,
        57,
        44,
        45,
        24,
        37,
        47,
        18,
        41,
        67,
        66,
        28,
        54,
        40,
        1,
        25,
        22,
        63,
        11,
        56,
        38,
        26,
        46,
        43,
        31,
        4,
        32,
        48,
        12,
        69,
        33,
        14,
        23,
        34,
        59,
        53,
        60,
        13,
        55,
        9,
        51,
        19,
        17,
        5,
        35
    ],
    "lkh_gap_pct": 0.0
}