{
    "instance_name": "N70_D5_G1000_corr_17",
    "n_customers": 70,
    "dimension": 5,
    "grid_size": 1000,
    "optimal_cost": 12425,
    "optimal_tour": [
        10,
        40,
        33,
        65,
        28,
        66,
        38,
        36,
        51,
        21,
        41,
        14,
        23,
        63,
        1,
        61,
        25,
        32,
        24,
        34,
        53,
        35,
        18,
        22,
        8,
        42,
        46,
        44,
        47,
        20,
        70,
        11,
        69,
        62,
        17,
        30,
        31,
        57,
        9,
        2,
        7,
        19,
        3,
        29,
        37,
        58,
        45,
        27,
        60,
        43,
        15,
        68,
        55,
        50,
        13,
        39,
        56,
        12,
        4,
        5,
        26,
        52,
        67,
        6,
        59,
        49,
        64,
        16,
        54,
        48
    ],
    "optimal_solver": "lkh",
    "instance_file_path": "c:\\TSP_ND_ML_Project\\instances\\N70_D5_G1000_corr_17.json",
    "concorde_length": 12425,
    "concorde_time_s": 1.6145144999609329,
    "concorde_tour": [
        1,
        63,
        23,
        14,
        41,
        21,
        51,
        36,
        38,
        66,
        28,
        65,
        33,
        40,
        10,
        48,
        54,
        16,
        64,
        49,
        59,
        6,
        67,
        52,
        26,
        5,
        4,
        12,
        56,
        39,
        13,
        50,
        55,
        68,
        15,
        43,
        60,
        27,
        45,
        58,
        37,
        29,
        3,
        19,
        7,
        2,
        9,
        57,
        31,
        30,
        17,
        62,
        69,
        11,
        70,
        20,
        47,
        44,
        46,
        42,
        8,
        22,
        18,
        35,
        53,
        34,
        24,
        32,
        61,
        25
    ],
    "lkh_length": 12425,
    "lkh_time_s": 0.18420730001525953,
    "lkh_tour": [
        10,
        40,
        33,
        65,
        28,
        66,
        38,
        36,
        51,
        21,
        41,
        14,
        23,
        63,
        1,
        61,
        25,
        32,
        24,
        34,
        53,
        35,
        18,
        22,
        8,
        42,
        46,
        44,
        47,
        20,
        70,
        11,
        69,
        62,
        17,
        30,
        31,
        57,
        9,
        2,
        7,
        19,
        3,
        29,
        37,
        58,
        45,
        27,
        60,
        43,
        15,
        68,
        55,
        50,
        13,
        39,
        56,
        12,
        4,
        5,
        26,
        52,
        67,
        6,
        59,
        49,
        64,
        16,
        54,
        48
    ],
    "lkh_gap_pct": 0.0
}