{
    "instance_name": "N70_D5_G100_ring_1",
    "n_customers": 70,
    "dimension": 5,
    "grid_size": 100,
    "optimal_cost": 1802,
    "optimal_tour": [
        6,
        41,
        68,
        25,
        7,
        46,
        17,
        40,
        39,
        64,
        14,
        12,
        53,
        19,
        31,
        48,
        26,
        54,
        20,
        9,
        34,
        15,
        1,
        5,
        70,
        59,
        38,
        63,
        69,
        4,
        32,
        60,
        67,
        43,
        28,
        65,
        3,
        10,
        21,
        56,
        13,
        66,
        16,
        61,
        35,
        23,
        18,
        42,
        11,
        62,
        51,
        22,
        47,
        24,
        29,
        45,
        52,
        50,
        57,
        30,
        37,
        2,
        58,
        27,
        44,
        49,
        36,
        8,
        55,
        33
    ],
    "optimal_solver": "lkh",
    "instance_file_path": "c:\\TSP_ND_ML_Project\\instances\\N70_D5_G100_ring_1.json",
    "concorde_length": 1802,
    "concorde_time_s": 2.9572783999610692,
    "concorde_tour": [
        1,
        15,
        34,
        9,
        20,
        54,
        26,
        48,
        31,
        19,
        53,
        12,
        14,
        64,
        39,
        40,
        17,
        46,
        7,
        25,
        68,
        41,
        6,
        33,
        55,
        8,
        36,
        49,
        44,
        27,
        58,
        2,
        37,
        30,
        57,
        50,
        52,
        45,
        29,
        24,
        47,
        22,
        51,
        62,
        11,
        42,
        18,
        23,
        35,
        61,
        16,
        66,
        13,
        56,
        21,
        10,
        3,
        65,
        28,
        43,
        67,
        60,
        32,
        4,
        69,
        63,
        59,
        38,
        70,
        5
    ],
    "lkh_length": 1802,
    "lkh_time_s": 0.19698170002084225,
    "lkh_tour": [
        6,
        41,
        68,
        25,
        7,
        46,
        17,
        40,
        39,
        64,
        14,
        12,
        53,
        19,
        31,
        48,
        26,
        54,
        20,
        9,
        34,
        15,
        1,
        5,
        70,
        59,
        38,
        63,
        69,
        4,
        32,
        60,
        67,
        43,
        28,
        65,
        3,
        10,
        21,
        56,
        13,
        66,
        16,
        61,
        35,
        23,
        18,
        42,
        11,
        62,
        51,
        22,
        47,
        24,
        29,
        45,
        52,
        50,
        57,
        30,
        37,
        2,
        58,
        27,
        44,
        49,
        36,
        8,
        55,
        33
    ],
    "lkh_gap_pct": 0.0
}