{
    "instance_name": "N70_D4_G1000_ring_13",
    "n_customers": 70,
    "dimension": 4,
    "grid_size": 1000,
    "optimal_cost": 12677,
    "optimal_tour": [
        47,
        10,
        53,
        50,
        39,
        25,
        54,
        29,
        24,
        63,
        49,
        2,
        36,
        6,
        42,
        68,
        57,
        65,
        5,
        11,
        19,
        27,
        40,
        17,
        48,
        52,
        59,
        18,
        16,
        55,
        31,
        1,
        23,
        30,
        62,
        61,
        26,
        69,
        45,
        3,
        32,
        9,
        28,
        4,
        15,
        20,
        22,
        43,
        44,
        37,
        13,
        35,
        66,
        58,
        67,
        38,
        12,
        21,
        14,
        41,
        7,
        60,
        33,
        64,
        46,
        51,
        8,
        70,
        34,
        56
    ],
    "optimal_solver": "lkh",
    "instance_file_path": "c:\\TSP_ND_ML_Project\\instances\\N70_D4_G1000_ring_13.json",
    "concorde_length": 12677,
    "concorde_time_s": 1.6521240000147372,
    "concorde_tour": [
        1,
        31,
        55,
        16,
        18,
        59,
        52,
        48,
        17,
        40,
        27,
        19,
        11,
        5,
        65,
        57,
        68,
        42,
        6,
        36,
        2,
        49,
        63,
        24,
        29,
        54,
        25,
        39,
        50,
        53,
        10,
        47,
        56,
        34,
        70,
        8,
        51,
        46,
        64,
        33,
        60,
        7,
        41,
        14,
        21,
        12,
        38,
        67,
        58,
        66,
        35,
        13,
        37,
        44,
        43,
        22,
        20,
        15,
        4,
        28,
        9,
        32,
        3,
        45,
        69,
        26,
        61,
        62,
        30,
        23
    ],
    "lkh_length": 12677,
    "lkh_time_s": 0.12038570002187043,
    "lkh_tour": [
        47,
        10,
        53,
        50,
        39,
        25,
        54,
        29,
        24,
        63,
        49,
        2,
        36,
        6,
        42,
        68,
        57,
        65,
        5,
        11,
        19,
        27,
        40,
        17,
        48,
        52,
        59,
        18,
        16,
        55,
        31,
        1,
        23,
        30,
        62,
        61,
        26,
        69,
        45,
        3,
        32,
        9,
        28,
        4,
        15,
        20,
        22,
        43,
        44,
        37,
        13,
        35,
        66,
        58,
        67,
        38,
        12,
        21,
        14,
        41,
        7,
        60,
        33,
        64,
        46,
        51,
        8,
        70,
        34,
        56
    ],
    "lkh_gap_pct": 0.0
}