{
    "instance_name": "N70_D4_G1000_grid_15",
    "n_customers": 70,
    "dimension": 4,
    "grid_size": 1000,
    "optimal_cost": 20431,
    "optimal_tour": [
        12,
        32,
        33,
        17,
        67,
        7,
        56,
        20,
        37,
        65,
        64,
        42,
        4,
        57,
        15,
        43,
        2,
        44,
        11,
        36,
        39,
        19,
        10,
        30,
        40,
        22,
        52,
        47,
        34,
        53,
        8,
        31,
        25,
        28,
        54,
        61,
        1,
        29,
        27,
        63,
        60,
        5,
        69,
        58,
        16,
        70,
        50,
        62,
        24,
        55,
        66,
        59,
        14,
        9,
        46,
        35,
        51,
        21,
        6,
        41,
        38,
        13,
        68,
        23,
        3,
        45,
        49,
        18,
        48,
        26
    ],
    "optimal_solver": "lkh",
    "instance_file_path": "c:\\TSP_ND_ML_Project\\instances\\N70_D4_G1000_grid_15.json",
    "concorde_length": 20431,
    "concorde_time_s": 8.233536600018851,
    "concorde_tour": [
        1,
        29,
        27,
        63,
        60,
        5,
        69,
        58,
        16,
        70,
        50,
        62,
        24,
        55,
        66,
        59,
        14,
        9,
        46,
        35,
        51,
        21,
        6,
        41,
        38,
        13,
        68,
        23,
        3,
        45,
        49,
        18,
        48,
        26,
        12,
        32,
        33,
        17,
        67,
        7,
        56,
        20,
        37,
        65,
        64,
        42,
        4,
        57,
        15,
        43,
        2,
        44,
        11,
        36,
        39,
        19,
        10,
        30,
        40,
        22,
        52,
        47,
        34,
        53,
        8,
        31,
        25,
        28,
        54,
        61
    ],
    "lkh_length": 20431,
    "lkh_time_s": 0.18107439996674657,
    "lkh_tour": [
        12,
        32,
        33,
        17,
        67,
        7,
        56,
        20,
        37,
        65,
        64,
        42,
        4,
        57,
        15,
        43,
        2,
        44,
        11,
        36,
        39,
        19,
        10,
        30,
        40,
        22,
        52,
        47,
        34,
        53,
        8,
        31,
        25,
        28,
        54,
        61,
        1,
        29,
        27,
        63,
        60,
        5,
        69,
        58,
        16,
        70,
        50,
        62,
        24,
        55,
        66,
        59,
        14,
        9,
        46,
        35,
        51,
        21,
        6,
        41,
        38,
        13,
        68,
        23,
        3,
        45,
        49,
        18,
        48,
        26
    ],
    "lkh_gap_pct": 0.0
}