{
    "instance_name": "N70_D2_G1000_tria_11",
    "n_customers": 70,
    "dimension": 2,
    "grid_size": 1000,
    "optimal_cost": 6985,
    "optimal_tour": [
        65,
        70,
        25,
        66,
        24,
        18,
        35,
        28,
        7,
        53,
        45,
        43,
        21,
        5,
        8,
        68,
        20,
        63,
        52,
        55,
        59,
        54,
        69,
        32,
        2,
        34,
        19,
        38,
        44,
        26,
        29,
        4,
        39,
        3,
        47,
        17,
        67,
        30,
        31,
        50,
        48,
        13,
        16,
        23,
        57,
        37,
        9,
        58,
        60,
        61,
        1,
        12,
        14,
        41,
        40,
        42,
        27,
        46,
        11,
        51,
        22,
        10,
        62,
        36,
        15,
        49,
        56,
        64,
        6,
        33
    ],
    "optimal_solver": "lkh",
    "instance_file_path": "c:\\TSP_ND_ML_Project\\instances\\N70_D2_G1000_tria_11.json",
    "concorde_length": 6985,
    "concorde_time_s": 1.696996200014837,
    "concorde_tour": [
        1,
        61,
        60,
        58,
        9,
        37,
        57,
        23,
        16,
        13,
        48,
        50,
        31,
        30,
        67,
        17,
        47,
        3,
        39,
        4,
        29,
        26,
        44,
        38,
        19,
        34,
        2,
        32,
        69,
        54,
        59,
        55,
        52,
        63,
        20,
        68,
        8,
        5,
        21,
        43,
        45,
        53,
        7,
        28,
        35,
        18,
        24,
        66,
        25,
        70,
        65,
        33,
        6,
        64,
        56,
        49,
        15,
        36,
        62,
        10,
        22,
        51,
        11,
        46,
        27,
        42,
        40,
        41,
        14,
        12
    ],
    "lkh_length": 6985,
    "lkh_time_s": 0.7144350000016857,
    "lkh_tour": [
        65,
        70,
        25,
        66,
        24,
        18,
        35,
        28,
        7,
        53,
        45,
        43,
        21,
        5,
        8,
        68,
        20,
        63,
        52,
        55,
        59,
        54,
        69,
        32,
        2,
        34,
        19,
        38,
        44,
        26,
        29,
        4,
        39,
        3,
        47,
        17,
        67,
        30,
        31,
        50,
        48,
        13,
        16,
        23,
        57,
        37,
        9,
        58,
        60,
        61,
        1,
        12,
        14,
        41,
        40,
        42,
        27,
        46,
        11,
        51,
        22,
        10,
        62,
        36,
        15,
        49,
        56,
        64,
        6,
        33
    ],
    "lkh_gap_pct": 0.0
}