{
    "instance_name": "N70_D2_G10000_rand_12",
    "n_customers": 70,
    "dimension": 2,
    "grid_size": 10000,
    "optimal_cost": 66671,
    "optimal_tour": [
        60,
        68,
        43,
        70,
        10,
        34,
        8,
        56,
        44,
        69,
        9,
        23,
        36,
        49,
        4,
        46,
        5,
        28,
        3,
        24,
        45,
        17,
        65,
        53,
        22,
        40,
        51,
        48,
        58,
        57,
        25,
        50,
        30,
        27,
        66,
        13,
        39,
        38,
        26,
        31,
        1,
        19,
        7,
        35,
        29,
        33,
        21,
        52,
        54,
        47,
        61,
        12,
        59,
        41,
        55,
        16,
        14,
        6,
        37,
        15,
        11,
        32,
        42,
        62,
        64,
        2,
        67,
        63,
        20,
        18
    ],
    "optimal_solver": "lkh",
    "instance_file_path": "c:\\TSP_ND_ML_Project\\instances\\N70_D2_G10000_rand_12.json",
    "concorde_length": 66671,
    "concorde_time_s": 0.9684564000053797,
    "concorde_tour": [
        1,
        19,
        7,
        35,
        29,
        33,
        21,
        52,
        54,
        47,
        61,
        12,
        59,
        41,
        55,
        16,
        14,
        6,
        37,
        15,
        11,
        32,
        42,
        62,
        64,
        2,
        67,
        63,
        20,
        18,
        60,
        68,
        43,
        70,
        10,
        34,
        8,
        56,
        44,
        69,
        9,
        23,
        36,
        49,
        4,
        46,
        5,
        28,
        3,
        24,
        45,
        17,
        65,
        53,
        22,
        40,
        51,
        48,
        58,
        57,
        25,
        50,
        30,
        27,
        66,
        13,
        39,
        38,
        26,
        31
    ],
    "lkh_length": 66671,
    "lkh_time_s": 0.3021145000238903,
    "lkh_tour": [
        60,
        68,
        43,
        70,
        10,
        34,
        8,
        56,
        44,
        69,
        9,
        23,
        36,
        49,
        4,
        46,
        5,
        28,
        3,
        24,
        45,
        17,
        65,
        53,
        22,
        40,
        51,
        48,
        58,
        57,
        25,
        50,
        30,
        27,
        66,
        13,
        39,
        38,
        26,
        31,
        1,
        19,
        7,
        35,
        29,
        33,
        21,
        52,
        54,
        47,
        61,
        12,
        59,
        41,
        55,
        16,
        14,
        6,
        37,
        15,
        11,
        32,
        42,
        62,
        64,
        2,
        67,
        63,
        20,
        18
    ],
    "lkh_gap_pct": 0.0
}