{
    "instance_name": "N70_D2_G100_tria_16",
    "n_customers": 70,
    "dimension": 2,
    "grid_size": 100,
    "optimal_cost": 658,
    "optimal_tour": [
        29,
        32,
        59,
        18,
        44,
        47,
        30,
        65,
        46,
        41,
        48,
        1,
        2,
        45,
        66,
        61,
        27,
        33,
        38,
        17,
        22,
        39,
        8,
        40,
        19,
        52,
        42,
        53,
        70,
        20,
        14,
        58,
        16,
        50,
        11,
        64,
        54,
        56,
        31,
        36,
        35,
        21,
        49,
        69,
        26,
        25,
        4,
        62,
        5,
        9,
        63,
        3,
        10,
        13,
        57,
        68,
        67,
        55,
        24,
        60,
        6,
        15,
        34,
        37,
        28,
        23,
        12,
        43,
        51,
        7
    ],
    "optimal_solver": "lkh",
    "instance_file_path": "c:\\TSP_ND_ML_Project\\instances\\N70_D2_G100_tria_16.json",
    "concorde_length": 658,
    "concorde_time_s": 0.8184243999421597,
    "concorde_tour": [
        1,
        48,
        41,
        46,
        65,
        30,
        47,
        44,
        18,
        59,
        32,
        29,
        7,
        51,
        43,
        12,
        23,
        28,
        37,
        34,
        15,
        6,
        60,
        24,
        55,
        67,
        68,
        57,
        13,
        10,
        3,
        63,
        9,
        5,
        62,
        4,
        25,
        26,
        69,
        49,
        21,
        35,
        36,
        31,
        56,
        54,
        64,
        11,
        50,
        16,
        14,
        58,
        20,
        70,
        53,
        42,
        52,
        19,
        40,
        8,
        39,
        22,
        17,
        38,
        33,
        27,
        61,
        66,
        45,
        2
    ],
    "lkh_length": 658,
    "lkh_time_s": 0.2679547000443563,
    "lkh_tour": [
        29,
        32,
        59,
        18,
        44,
        47,
        30,
        65,
        46,
        41,
        48,
        1,
        2,
        45,
        66,
        61,
        27,
        33,
        38,
        17,
        22,
        39,
        8,
        40,
        19,
        52,
        42,
        53,
        70,
        20,
        14,
        58,
        16,
        50,
        11,
        64,
        54,
        56,
        31,
        36,
        35,
        21,
        49,
        69,
        26,
        25,
        4,
        62,
        5,
        9,
        63,
        3,
        10,
        13,
        57,
        68,
        67,
        55,
        24,
        60,
        6,
        15,
        34,
        37,
        28,
        23,
        12,
        43,
        51,
        7
    ],
    "lkh_gap_pct": 0.0
}