{
    "instance_name": "N70_D3_G1000_pow_7",
    "n_customers": 70,
    "dimension": 3,
    "grid_size": 1000,
    "optimal_cost": 8000,
    "optimal_tour": [
        9,
        32,
        41,
        61,
        33,
        70,
        62,
        29,
        35,
        55,
        65,
        49,
        6,
        11,
        5,
        12,
        52,
        51,
        50,
        13,
        7,
        20,
        31,
        43,
        44,
        64,
        46,
        21,
        14,
        59,
        2,
        25,
        26,
        39,
        40,
        23,
        8,
        63,
        17,
        27,
        54,
        60,
        56,
        1,
        16,
        3,
        48,
        37,
        68,
        58,
        38,
        34,
        15,
        28,
        30,
        36,
        69,
        45,
        67,
        42,
        66,
        4,
        18,
        19,
        57,
        22,
        24,
        53,
        10,
        47
    ],
    "optimal_solver": "lkh",
    "instance_file_path": "c:\\TSP_ND_ML_Project\\instances\\N70_D3_G1000_pow_7.json",
    "concorde_length": 8000,
    "concorde_time_s": 2.2625102999736555,
    "concorde_tour": [
        1,
        37,
        15,
        70,
        35,
        29,
        62,
        55,
        11,
        65,
        49,
        6,
        27,
        8,
        39,
        23,
        17,
        40,
        60,
        56,
        54,
        63,
        59,
        26,
        2,
        21,
        44,
        43,
        14,
        25,
        46,
        64,
        51,
        52,
        31,
        12,
        50,
        20,
        5,
        7,
        13,
        61,
        33,
        24,
        9,
        32,
        53,
        47,
        10,
        22,
        41,
        69,
        57,
        67,
        66,
        42,
        18,
        30,
        4,
        19,
        36,
        45,
        58,
        48,
        68,
        38,
        3,
        16,
        34,
        28
    ],
    "lkh_length": 8000,
    "lkh_time_s": 7.169472199981101,
    "lkh_tour": [
        9,
        32,
        41,
        61,
        33,
        70,
        62,
        29,
        35,
        55,
        65,
        49,
        6,
        11,
        5,
        12,
        52,
        51,
        50,
        13,
        7,
        20,
        31,
        43,
        44,
        64,
        46,
        21,
        14,
        59,
        2,
        25,
        26,
        39,
        40,
        23,
        8,
        63,
        17,
        27,
        54,
        60,
        56,
        1,
        16,
        3,
        48,
        37,
        68,
        58,
        38,
        34,
        15,
        28,
        30,
        36,
        69,
        45,
        67,
        42,
        66,
        4,
        18,
        19,
        57,
        22,
        24,
        53,
        10,
        47
    ],
    "lkh_gap_pct": 0.0
}