{
    "instance_name": "N70_D4_G1000_clus_10",
    "n_customers": 70,
    "dimension": 4,
    "grid_size": 1000,
    "optimal_cost": 8793,
    "optimal_tour": [
        9,
        57,
        49,
        22,
        29,
        47,
        16,
        54,
        67,
        34,
        50,
        36,
        26,
        21,
        18,
        20,
        68,
        38,
        44,
        1,
        5,
        3,
        59,
        6,
        32,
        7,
        2,
        55,
        11,
        40,
        23,
        58,
        39,
        14,
        65,
        63,
        15,
        51,
        61,
        27,
        37,
        33,
        17,
        56,
        62,
        64,
        28,
        25,
        41,
        30,
        24,
        69,
        48,
        12,
        60,
        70,
        53,
        19,
        31,
        45,
        35,
        66,
        52,
        42,
        46,
        4,
        10,
        13,
        43,
        8
    ],
    "optimal_solver": "lkh",
    "instance_file_path": "c:\\TSP_ND_ML_Project\\instances\\N70_D4_G1000_clus_10.json",
    "concorde_length": 8793,
    "concorde_time_s": 2.3575727000134066,
    "concorde_tour": [
        1,
        44,
        38,
        68,
        20,
        18,
        21,
        26,
        36,
        50,
        34,
        67,
        54,
        16,
        47,
        29,
        22,
        49,
        57,
        9,
        8,
        43,
        13,
        10,
        4,
        46,
        42,
        52,
        66,
        35,
        45,
        31,
        19,
        53,
        70,
        60,
        12,
        48,
        69,
        24,
        30,
        41,
        25,
        28,
        64,
        62,
        56,
        17,
        33,
        37,
        27,
        61,
        51,
        15,
        63,
        65,
        14,
        39,
        58,
        23,
        40,
        11,
        55,
        2,
        7,
        32,
        6,
        59,
        3,
        5
    ],
    "lkh_length": 8793,
    "lkh_time_s": 0.18027859996072948,
    "lkh_tour": [
        9,
        57,
        49,
        22,
        29,
        47,
        16,
        54,
        67,
        34,
        50,
        36,
        26,
        21,
        18,
        20,
        68,
        38,
        44,
        1,
        5,
        3,
        59,
        6,
        32,
        7,
        2,
        55,
        11,
        40,
        23,
        58,
        39,
        14,
        65,
        63,
        15,
        51,
        61,
        27,
        37,
        33,
        17,
        56,
        62,
        64,
        28,
        25,
        41,
        30,
        24,
        69,
        48,
        12,
        60,
        70,
        53,
        19,
        31,
        45,
        35,
        66,
        52,
        42,
        46,
        4,
        10,
        13,
        43,
        8
    ],
    "lkh_gap_pct": 0.0
}