{
    "instance_name": "N70_D4_G100_corn_15",
    "n_customers": 70,
    "dimension": 4,
    "grid_size": 100,
    "optimal_cost": 1642,
    "optimal_tour": [
        60,
        35,
        32,
        47,
        61,
        11,
        36,
        28,
        7,
        50,
        8,
        34,
        44,
        16,
        9,
        64,
        38,
        37,
        26,
        52,
        65,
        55,
        66,
        27,
        22,
        40,
        39,
        68,
        13,
        59,
        69,
        57,
        51,
        19,
        70,
        10,
        18,
        56,
        1,
        46,
        23,
        42,
        25,
        58,
        48,
        41,
        29,
        21,
        43,
        62,
        12,
        31,
        17,
        2,
        6,
        53,
        14,
        30,
        3,
        4,
        15,
        54,
        5,
        67,
        20,
        24,
        33,
        45,
        49,
        63
    ],
    "optimal_solver": "lkh",
    "instance_file_path": "c:\\TSP_ND_ML_Project\\instances\\N70_D4_G100_corn_15.json",
    "concorde_length": 1642,
    "concorde_time_s": 1.6903720000409521,
    "concorde_tour": [
        1,
        23,
        46,
        56,
        10,
        18,
        70,
        19,
        57,
        51,
        69,
        59,
        13,
        68,
        39,
        40,
        22,
        27,
        66,
        65,
        55,
        52,
        26,
        37,
        38,
        64,
        9,
        16,
        44,
        34,
        8,
        50,
        7,
        28,
        36,
        11,
        61,
        47,
        32,
        35,
        60,
        63,
        49,
        45,
        33,
        24,
        20,
        67,
        5,
        54,
        15,
        4,
        3,
        30,
        14,
        53,
        6,
        2,
        17,
        31,
        12,
        62,
        43,
        21,
        29,
        41,
        48,
        58,
        25,
        42
    ],
    "lkh_length": 1642,
    "lkh_time_s": 0.2938737000222318,
    "lkh_tour": [
        60,
        35,
        32,
        47,
        61,
        11,
        36,
        28,
        7,
        50,
        8,
        34,
        44,
        16,
        9,
        64,
        38,
        37,
        26,
        52,
        65,
        55,
        66,
        27,
        22,
        40,
        39,
        68,
        13,
        59,
        69,
        57,
        51,
        19,
        70,
        10,
        18,
        56,
        1,
        46,
        23,
        42,
        25,
        58,
        48,
        41,
        29,
        21,
        43,
        62,
        12,
        31,
        17,
        2,
        6,
        53,
        14,
        30,
        3,
        4,
        15,
        54,
        5,
        67,
        20,
        24,
        33,
        45,
        49,
        63
    ],
    "lkh_gap_pct": 0.0
}