{
    "instance_name": "N70_D3_G10000_pow_6",
    "n_customers": 70,
    "dimension": 3,
    "grid_size": 10000,
    "optimal_cost": 80000,
    "optimal_tour": [
        44,
        65,
        21,
        68,
        60,
        4,
        7,
        40,
        47,
        3,
        62,
        51,
        52,
        45,
        15,
        56,
        64,
        58,
        54,
        26,
        55,
        28,
        46,
        43,
        67,
        6,
        49,
        31,
        30,
        63,
        35,
        53,
        27,
        38,
        16,
        32,
        10,
        9,
        5,
        25,
        33,
        2,
        13,
        50,
        29,
        22,
        17,
        41,
        48,
        37,
        39,
        42,
        70,
        61,
        20,
        34,
        11,
        8,
        36,
        1,
        19,
        12,
        59,
        24,
        57,
        14,
        18,
        23,
        66,
        69
    ],
    "optimal_solver": "lkh",
    "instance_file_path": "c:\\TSP_ND_ML_Project\\instances\\N70_D3_G10000_pow_6.json",
    "concorde_length": 80000,
    "concorde_time_s": 2.433380899950862,
    "concorde_tour": [
        1,
        34,
        8,
        17,
        41,
        48,
        39,
        37,
        42,
        44,
        14,
        18,
        23,
        65,
        69,
        68,
        66,
        21,
        7,
        3,
        4,
        40,
        60,
        47,
        62,
        52,
        51,
        50,
        29,
        33,
        22,
        13,
        2,
        25,
        16,
        31,
        10,
        30,
        63,
        38,
        53,
        49,
        32,
        9,
        5,
        6,
        27,
        35,
        43,
        55,
        58,
        64,
        54,
        67,
        46,
        56,
        15,
        28,
        45,
        26,
        59,
        19,
        24,
        12,
        57,
        20,
        36,
        70,
        61,
        11
    ],
    "lkh_length": 80000,
    "lkh_time_s": 6.02024949999759,
    "lkh_tour": [
        44,
        65,
        21,
        68,
        60,
        4,
        7,
        40,
        47,
        3,
        62,
        51,
        52,
        45,
        15,
        56,
        64,
        58,
        54,
        26,
        55,
        28,
        46,
        43,
        67,
        6,
        49,
        31,
        30,
        63,
        35,
        53,
        27,
        38,
        16,
        32,
        10,
        9,
        5,
        25,
        33,
        2,
        13,
        50,
        29,
        22,
        17,
        41,
        48,
        37,
        39,
        42,
        70,
        61,
        20,
        34,
        11,
        8,
        36,
        1,
        19,
        12,
        59,
        24,
        57,
        14,
        18,
        23,
        66,
        69
    ],
    "lkh_gap_pct": 0.0
}