{
    "instance_name": "N70_D2_G100_corn_7",
    "n_customers": 70,
    "dimension": 2,
    "grid_size": 100,
    "optimal_cost": 407,
    "optimal_tour": [
        15,
        39,
        60,
        42,
        34,
        7,
        26,
        45,
        36,
        6,
        52,
        12,
        35,
        58,
        24,
        18,
        33,
        5,
        44,
        25,
        67,
        17,
        69,
        1,
        51,
        31,
        32,
        48,
        16,
        40,
        13,
        21,
        27,
        9,
        29,
        61,
        19,
        2,
        8,
        46,
        70,
        49,
        55,
        38,
        28,
        64,
        57,
        62,
        59,
        23,
        47,
        54,
        3,
        11,
        22,
        41,
        43,
        56,
        30,
        63,
        14,
        20,
        37,
        53,
        4,
        65,
        68,
        66,
        50,
        10
    ],
    "optimal_solver": "lkh",
    "instance_file_path": "c:\\TSP_ND_ML_Project\\instances\\N70_D2_G100_corn_7.json",
    "concorde_length": 407,
    "concorde_time_s": 0.7775723999948241,
    "concorde_tour": [
        1,
        51,
        69,
        17,
        67,
        25,
        44,
        24,
        18,
        58,
        33,
        5,
        52,
        35,
        12,
        6,
        36,
        45,
        26,
        7,
        34,
        42,
        60,
        50,
        68,
        66,
        65,
        10,
        39,
        4,
        15,
        20,
        37,
        14,
        53,
        63,
        43,
        56,
        30,
        41,
        22,
        11,
        3,
        54,
        47,
        59,
        23,
        28,
        64,
        62,
        57,
        38,
        55,
        49,
        70,
        46,
        8,
        19,
        2,
        29,
        61,
        27,
        9,
        48,
        40,
        32,
        16,
        31,
        21,
        13
    ],
    "lkh_length": 407,
    "lkh_time_s": 4.290570499986643,
    "lkh_tour": [
        15,
        39,
        60,
        42,
        34,
        7,
        26,
        45,
        36,
        6,
        52,
        12,
        35,
        58,
        24,
        18,
        33,
        5,
        44,
        25,
        67,
        17,
        69,
        1,
        51,
        31,
        32,
        48,
        16,
        40,
        13,
        21,
        27,
        9,
        29,
        61,
        19,
        2,
        8,
        46,
        70,
        49,
        55,
        38,
        28,
        64,
        57,
        62,
        59,
        23,
        47,
        54,
        3,
        11,
        22,
        41,
        43,
        56,
        30,
        63,
        14,
        20,
        37,
        53,
        4,
        65,
        68,
        66,
        50,
        10
    ],
    "lkh_gap_pct": 0.0
}