{
    "instance_name": "N70_D2_G100_norm_4",
    "n_customers": 70,
    "dimension": 2,
    "grid_size": 100,
    "optimal_cost": 506,
    "optimal_tour": [
        50,
        53,
        39,
        33,
        56,
        21,
        47,
        36,
        26,
        43,
        70,
        16,
        62,
        18,
        34,
        37,
        35,
        61,
        6,
        59,
        32,
        11,
        38,
        19,
        67,
        69,
        45,
        48,
        51,
        57,
        7,
        25,
        4,
        9,
        27,
        66,
        22,
        55,
        28,
        41,
        15,
        31,
        3,
        2,
        40,
        10,
        54,
        30,
        60,
        68,
        44,
        12,
        20,
        52,
        13,
        23,
        42,
        24,
        63,
        49,
        5,
        14,
        65,
        58,
        1,
        29,
        46,
        8,
        17,
        64
    ],
    "optimal_solver": "lkh",
    "instance_file_path": "c:\\TSP_ND_ML_Project\\instances\\N70_D2_G100_norm_4.json",
    "concorde_length": 506,
    "concorde_time_s": 1.377247600001283,
    "concorde_tour": [
        1,
        29,
        58,
        65,
        14,
        5,
        49,
        63,
        24,
        42,
        23,
        13,
        52,
        20,
        12,
        10,
        54,
        44,
        68,
        60,
        30,
        31,
        15,
        41,
        28,
        55,
        22,
        66,
        27,
        25,
        3,
        2,
        40,
        32,
        59,
        6,
        11,
        38,
        19,
        61,
        35,
        37,
        34,
        18,
        62,
        16,
        70,
        36,
        67,
        69,
        45,
        48,
        51,
        57,
        7,
        4,
        9,
        53,
        50,
        64,
        17,
        8,
        46,
        39,
        33,
        56,
        21,
        47,
        26,
        43
    ],
    "lkh_length": 506,
    "lkh_time_s": 0.7040922000014689,
    "lkh_tour": [
        50,
        53,
        39,
        33,
        56,
        21,
        47,
        36,
        26,
        43,
        70,
        16,
        62,
        18,
        34,
        37,
        35,
        61,
        6,
        59,
        32,
        11,
        38,
        19,
        67,
        69,
        45,
        48,
        51,
        57,
        7,
        25,
        4,
        9,
        27,
        66,
        22,
        55,
        28,
        41,
        15,
        31,
        3,
        2,
        40,
        10,
        54,
        30,
        60,
        68,
        44,
        12,
        20,
        52,
        13,
        23,
        42,
        24,
        63,
        49,
        5,
        14,
        65,
        58,
        1,
        29,
        46,
        8,
        17,
        64
    ],
    "lkh_gap_pct": 0.0
}