{
    "instance_name": "N70_D4_G1000_corn_11",
    "n_customers": 70,
    "dimension": 4,
    "grid_size": 1000,
    "optimal_cost": 16457,
    "optimal_tour": [
        64,
        27,
        56,
        66,
        61,
        68,
        5,
        30,
        63,
        70,
        38,
        57,
        1,
        15,
        12,
        28,
        47,
        69,
        60,
        34,
        52,
        37,
        58,
        40,
        17,
        48,
        13,
        8,
        46,
        11,
        49,
        42,
        20,
        14,
        62,
        2,
        29,
        35,
        9,
        45,
        33,
        31,
        7,
        39,
        59,
        18,
        65,
        36,
        23,
        22,
        4,
        67,
        54,
        26,
        51,
        55,
        16,
        6,
        3,
        50,
        32,
        44,
        10,
        41,
        19,
        43,
        53,
        24,
        21,
        25
    ],
    "optimal_solver": "lkh",
    "instance_file_path": "c:\\TSP_ND_ML_Project\\instances\\N70_D4_G1000_corn_11.json",
    "concorde_length": 16457,
    "concorde_time_s": 2.670215400052257,
    "concorde_tour": [
        1,
        57,
        38,
        70,
        63,
        30,
        5,
        68,
        61,
        66,
        56,
        27,
        64,
        25,
        21,
        24,
        53,
        43,
        19,
        41,
        10,
        44,
        32,
        50,
        3,
        6,
        16,
        55,
        51,
        26,
        54,
        67,
        4,
        22,
        23,
        36,
        65,
        18,
        59,
        39,
        31,
        33,
        7,
        45,
        9,
        35,
        29,
        2,
        62,
        14,
        20,
        42,
        49,
        11,
        46,
        8,
        13,
        48,
        17,
        40,
        58,
        52,
        37,
        34,
        60,
        69,
        47,
        28,
        12,
        15
    ],
    "lkh_length": 16457,
    "lkh_time_s": 0.21882949996506795,
    "lkh_tour": [
        64,
        27,
        56,
        66,
        61,
        68,
        5,
        30,
        63,
        70,
        38,
        57,
        1,
        15,
        12,
        28,
        47,
        69,
        60,
        34,
        52,
        37,
        58,
        40,
        17,
        48,
        13,
        8,
        46,
        11,
        49,
        42,
        20,
        14,
        62,
        2,
        29,
        35,
        9,
        45,
        33,
        31,
        7,
        39,
        59,
        18,
        65,
        36,
        23,
        22,
        4,
        67,
        54,
        26,
        51,
        55,
        16,
        6,
        3,
        50,
        32,
        44,
        10,
        41,
        19,
        43,
        53,
        24,
        21,
        25
    ],
    "lkh_gap_pct": 0.0
}