{
    "instance_name": "N70_D2_G100_rand_6",
    "n_customers": 70,
    "dimension": 2,
    "grid_size": 100,
    "optimal_cost": 699,
    "optimal_tour": [
        60,
        7,
        9,
        20,
        66,
        17,
        38,
        33,
        37,
        6,
        70,
        18,
        30,
        13,
        26,
        19,
        21,
        45,
        2,
        39,
        15,
        25,
        27,
        32,
        22,
        44,
        62,
        24,
        63,
        31,
        40,
        23,
        59,
        51,
        3,
        11,
        34,
        16,
        35,
        46,
        48,
        42,
        55,
        10,
        69,
        49,
        43,
        5,
        29,
        4,
        54,
        52,
        14,
        68,
        64,
        8,
        28,
        67,
        58,
        61,
        1,
        53,
        57,
        50,
        41,
        36,
        65,
        47,
        12,
        56
    ],
    "optimal_solver": "lkh",
    "instance_file_path": "c:\\TSP_ND_ML_Project\\instances\\N70_D2_G100_rand_6.json",
    "concorde_length": 699,
    "concorde_time_s": 0.8546534999914002,
    "concorde_tour": [
        1,
        53,
        57,
        50,
        41,
        36,
        65,
        47,
        12,
        56,
        60,
        7,
        9,
        20,
        66,
        17,
        38,
        33,
        37,
        6,
        70,
        18,
        30,
        13,
        26,
        19,
        21,
        45,
        2,
        39,
        15,
        25,
        27,
        32,
        22,
        44,
        62,
        24,
        63,
        31,
        40,
        23,
        59,
        51,
        3,
        11,
        34,
        16,
        35,
        46,
        48,
        42,
        55,
        10,
        69,
        49,
        43,
        5,
        29,
        4,
        54,
        52,
        14,
        68,
        64,
        8,
        28,
        67,
        58,
        61
    ],
    "lkh_length": 699,
    "lkh_time_s": 0.3076393000083044,
    "lkh_tour": [
        60,
        7,
        9,
        20,
        66,
        17,
        38,
        33,
        37,
        6,
        70,
        18,
        30,
        13,
        26,
        19,
        21,
        45,
        2,
        39,
        15,
        25,
        27,
        32,
        22,
        44,
        62,
        24,
        63,
        31,
        40,
        23,
        59,
        51,
        3,
        11,
        34,
        16,
        35,
        46,
        48,
        42,
        55,
        10,
        69,
        49,
        43,
        5,
        29,
        4,
        54,
        52,
        14,
        68,
        64,
        8,
        28,
        67,
        58,
        61,
        1,
        53,
        57,
        50,
        41,
        36,
        65,
        47,
        12,
        56
    ],
    "lkh_gap_pct": 0.0
}