{
    "instance_name": "N70_D2_G100_corn_19",
    "n_customers": 70,
    "dimension": 2,
    "grid_size": 100,
    "optimal_cost": 412,
    "optimal_tour": [
        51,
        3,
        30,
        4,
        11,
        26,
        57,
        35,
        67,
        7,
        34,
        66,
        27,
        8,
        38,
        16,
        1,
        10,
        46,
        22,
        44,
        41,
        63,
        31,
        65,
        47,
        45,
        21,
        40,
        49,
        6,
        24,
        19,
        64,
        42,
        39,
        23,
        32,
        36,
        55,
        15,
        61,
        5,
        48,
        53,
        18,
        14,
        33,
        52,
        68,
        54,
        13,
        12,
        20,
        28,
        17,
        50,
        62,
        69,
        60,
        25,
        29,
        43,
        9,
        59,
        2,
        58,
        70,
        37,
        56
    ],
    "optimal_solver": "lkh",
    "instance_file_path": "c:\\TSP_ND_ML_Project\\instances\\N70_D2_G100_corn_19.json",
    "concorde_length": 412,
    "concorde_time_s": 0.9378717000072356,
    "concorde_tour": [
        1,
        22,
        10,
        46,
        44,
        41,
        63,
        65,
        31,
        47,
        45,
        21,
        40,
        6,
        49,
        24,
        19,
        64,
        39,
        23,
        42,
        36,
        15,
        55,
        32,
        5,
        61,
        48,
        53,
        18,
        14,
        33,
        52,
        68,
        54,
        13,
        12,
        28,
        20,
        17,
        50,
        62,
        69,
        60,
        29,
        25,
        43,
        9,
        2,
        3,
        4,
        11,
        37,
        30,
        58,
        70,
        51,
        56,
        59,
        35,
        67,
        57,
        26,
        7,
        34,
        66,
        27,
        38,
        8,
        16
    ],
    "lkh_length": 412,
    "lkh_time_s": 4.36954329998116,
    "lkh_tour": [
        51,
        3,
        30,
        4,
        11,
        26,
        57,
        35,
        67,
        7,
        34,
        66,
        27,
        8,
        38,
        16,
        1,
        10,
        46,
        22,
        44,
        41,
        63,
        31,
        65,
        47,
        45,
        21,
        40,
        49,
        6,
        24,
        19,
        64,
        42,
        39,
        23,
        32,
        36,
        55,
        15,
        61,
        5,
        48,
        53,
        18,
        14,
        33,
        52,
        68,
        54,
        13,
        12,
        20,
        28,
        17,
        50,
        62,
        69,
        60,
        25,
        29,
        43,
        9,
        59,
        2,
        58,
        70,
        37,
        56
    ],
    "lkh_gap_pct": 0.0
}