{
    "instance_name": "N70_D3_G10000_clus_15",
    "n_customers": 70,
    "dimension": 3,
    "grid_size": 10000,
    "optimal_cost": 56922,
    "optimal_tour": [
        11,
        57,
        38,
        19,
        66,
        2,
        67,
        56,
        18,
        70,
        55,
        27,
        45,
        51,
        20,
        53,
        68,
        52,
        30,
        37,
        8,
        35,
        25,
        13,
        1,
        7,
        65,
        5,
        10,
        22,
        49,
        50,
        43,
        4,
        32,
        60,
        6,
        59,
        58,
        46,
        64,
        41,
        48,
        39,
        24,
        63,
        16,
        42,
        62,
        17,
        9,
        54,
        12,
        40,
        26,
        3,
        33,
        34,
        15,
        29,
        47,
        69,
        14,
        36,
        44,
        21,
        23,
        31,
        28,
        61
    ],
    "optimal_solver": "lkh",
    "instance_file_path": "c:\\TSP_ND_ML_Project\\instances\\N70_D3_G10000_clus_15.json",
    "concorde_length": 56922,
    "concorde_time_s": 1.4651030000532046,
    "concorde_tour": [
        1,
        13,
        25,
        35,
        8,
        37,
        30,
        52,
        68,
        53,
        20,
        51,
        45,
        27,
        55,
        70,
        18,
        56,
        67,
        2,
        66,
        19,
        38,
        57,
        11,
        61,
        28,
        31,
        23,
        21,
        44,
        36,
        14,
        69,
        47,
        29,
        15,
        34,
        33,
        3,
        26,
        40,
        12,
        54,
        9,
        17,
        62,
        42,
        16,
        63,
        24,
        39,
        48,
        41,
        64,
        46,
        58,
        59,
        6,
        60,
        32,
        4,
        43,
        50,
        49,
        22,
        10,
        5,
        65,
        7
    ],
    "lkh_length": 56922,
    "lkh_time_s": 0.1066376999951899,
    "lkh_tour": [
        11,
        57,
        38,
        19,
        66,
        2,
        67,
        56,
        18,
        70,
        55,
        27,
        45,
        51,
        20,
        53,
        68,
        52,
        30,
        37,
        8,
        35,
        25,
        13,
        1,
        7,
        65,
        5,
        10,
        22,
        49,
        50,
        43,
        4,
        32,
        60,
        6,
        59,
        58,
        46,
        64,
        41,
        48,
        39,
        24,
        63,
        16,
        42,
        62,
        17,
        9,
        54,
        12,
        40,
        26,
        3,
        33,
        34,
        15,
        29,
        47,
        69,
        14,
        36,
        44,
        21,
        23,
        31,
        28,
        61
    ],
    "lkh_gap_pct": 0.0
}