{
    "instance_name": "N70_D4_G1000_clus_4",
    "n_customers": 70,
    "dimension": 4,
    "grid_size": 1000,
    "optimal_cost": 8087,
    "optimal_tour": [
        57,
        70,
        32,
        34,
        64,
        15,
        12,
        52,
        53,
        8,
        30,
        61,
        59,
        35,
        1,
        24,
        54,
        21,
        4,
        41,
        62,
        13,
        29,
        36,
        39,
        18,
        2,
        19,
        17,
        51,
        27,
        37,
        16,
        43,
        20,
        33,
        67,
        69,
        55,
        7,
        58,
        42,
        28,
        68,
        3,
        14,
        46,
        63,
        26,
        10,
        60,
        23,
        56,
        38,
        45,
        48,
        47,
        50,
        25,
        31,
        40,
        5,
        49,
        22,
        11,
        65,
        44,
        6,
        66,
        9
    ],
    "optimal_solver": "lkh",
    "instance_file_path": "c:\\TSP_ND_ML_Project\\instances\\N70_D4_G1000_clus_4.json",
    "concorde_length": 8087,
    "concorde_time_s": 2.4924020000034943,
    "concorde_tour": [
        1,
        24,
        54,
        21,
        4,
        41,
        62,
        13,
        29,
        36,
        39,
        18,
        2,
        19,
        17,
        51,
        27,
        37,
        16,
        43,
        20,
        33,
        67,
        69,
        55,
        7,
        58,
        42,
        28,
        68,
        3,
        14,
        46,
        63,
        26,
        10,
        60,
        23,
        56,
        38,
        45,
        48,
        47,
        50,
        25,
        31,
        40,
        5,
        49,
        22,
        11,
        65,
        44,
        6,
        66,
        9,
        57,
        70,
        32,
        34,
        64,
        15,
        12,
        52,
        53,
        8,
        30,
        61,
        59,
        35
    ],
    "lkh_length": 8087,
    "lkh_time_s": 0.32120170001871884,
    "lkh_tour": [
        57,
        70,
        32,
        34,
        64,
        15,
        12,
        52,
        53,
        8,
        30,
        61,
        59,
        35,
        1,
        24,
        54,
        21,
        4,
        41,
        62,
        13,
        29,
        36,
        39,
        18,
        2,
        19,
        17,
        51,
        27,
        37,
        16,
        43,
        20,
        33,
        67,
        69,
        55,
        7,
        58,
        42,
        28,
        68,
        3,
        14,
        46,
        63,
        26,
        10,
        60,
        23,
        56,
        38,
        45,
        48,
        47,
        50,
        25,
        31,
        40,
        5,
        49,
        22,
        11,
        65,
        44,
        6,
        66,
        9
    ],
    "lkh_gap_pct": 0.0
}