{
    "instance_name": "N70_D5_G1000_norm_20",
    "n_customers": 70,
    "dimension": 5,
    "grid_size": 1000,
    "optimal_cost": 16794,
    "optimal_tour": [
        42,
        19,
        64,
        15,
        32,
        59,
        38,
        27,
        53,
        66,
        58,
        2,
        47,
        10,
        35,
        41,
        4,
        49,
        26,
        14,
        43,
        62,
        20,
        56,
        40,
        51,
        69,
        46,
        6,
        34,
        21,
        67,
        25,
        65,
        33,
        70,
        45,
        39,
        36,
        3,
        8,
        55,
        1,
        22,
        24,
        23,
        61,
        30,
        52,
        11,
        68,
        16,
        12,
        31,
        63,
        50,
        17,
        5,
        44,
        48,
        29,
        9,
        54,
        28,
        37,
        13,
        7,
        18,
        57,
        60
    ],
    "optimal_solver": "lkh",
    "instance_file_path": "c:\\TSP_ND_ML_Project\\instances\\N70_D5_G1000_norm_20.json",
    "concorde_length": 16794,
    "concorde_time_s": 1.978843999968376,
    "concorde_tour": [
        1,
        22,
        24,
        23,
        61,
        30,
        52,
        11,
        68,
        16,
        12,
        31,
        63,
        50,
        17,
        5,
        44,
        48,
        29,
        9,
        54,
        28,
        37,
        13,
        7,
        18,
        57,
        60,
        42,
        19,
        64,
        15,
        32,
        59,
        38,
        27,
        53,
        66,
        58,
        2,
        47,
        10,
        35,
        41,
        4,
        49,
        26,
        14,
        43,
        62,
        20,
        56,
        40,
        51,
        69,
        46,
        6,
        34,
        21,
        67,
        25,
        65,
        33,
        70,
        45,
        39,
        36,
        3,
        8,
        55
    ],
    "lkh_length": 16794,
    "lkh_time_s": 0.19437760004075244,
    "lkh_tour": [
        42,
        19,
        64,
        15,
        32,
        59,
        38,
        27,
        53,
        66,
        58,
        2,
        47,
        10,
        35,
        41,
        4,
        49,
        26,
        14,
        43,
        62,
        20,
        56,
        40,
        51,
        69,
        46,
        6,
        34,
        21,
        67,
        25,
        65,
        33,
        70,
        45,
        39,
        36,
        3,
        8,
        55,
        1,
        22,
        24,
        23,
        61,
        30,
        52,
        11,
        68,
        16,
        12,
        31,
        63,
        50,
        17,
        5,
        44,
        48,
        29,
        9,
        54,
        28,
        37,
        13,
        7,
        18,
        57,
        60
    ],
    "lkh_gap_pct": 0.0
}