{
    "instance_name": "N70_D2_G10000_ring_4",
    "n_customers": 70,
    "dimension": 2,
    "grid_size": 10000,
    "optimal_cost": 35488,
    "optimal_tour": [
        15,
        49,
        31,
        7,
        50,
        52,
        9,
        21,
        33,
        54,
        12,
        18,
        62,
        58,
        68,
        60,
        41,
        39,
        16,
        53,
        34,
        24,
        44,
        37,
        43,
        17,
        30,
        25,
        57,
        32,
        45,
        51,
        8,
        35,
        14,
        46,
        1,
        26,
        3,
        11,
        22,
        63,
        36,
        67,
        59,
        55,
        6,
        2,
        27,
        4,
        70,
        13,
        65,
        29,
        69,
        42,
        5,
        28,
        38,
        48,
        23,
        47,
        20,
        40,
        10,
        56,
        64,
        66,
        19,
        61
    ],
    "optimal_solver": "lkh",
    "instance_file_path": "c:\\TSP_ND_ML_Project\\instances\\N70_D2_G10000_ring_4.json",
    "concorde_length": 35488,
    "concorde_time_s": 0.948768200003542,
    "concorde_tour": [
        1,
        26,
        3,
        11,
        22,
        63,
        36,
        67,
        59,
        55,
        6,
        2,
        27,
        4,
        70,
        13,
        65,
        29,
        69,
        42,
        5,
        28,
        38,
        48,
        23,
        47,
        20,
        40,
        10,
        56,
        64,
        66,
        19,
        61,
        15,
        49,
        31,
        7,
        50,
        52,
        9,
        21,
        33,
        54,
        12,
        18,
        62,
        58,
        68,
        60,
        41,
        39,
        16,
        53,
        34,
        24,
        44,
        37,
        43,
        17,
        30,
        25,
        57,
        32,
        45,
        51,
        8,
        35,
        14,
        46
    ],
    "lkh_length": 35488,
    "lkh_time_s": 0.09115729999030009,
    "lkh_tour": [
        15,
        49,
        31,
        7,
        50,
        52,
        9,
        21,
        33,
        54,
        12,
        18,
        62,
        58,
        68,
        60,
        41,
        39,
        16,
        53,
        34,
        24,
        44,
        37,
        43,
        17,
        30,
        25,
        57,
        32,
        45,
        51,
        8,
        35,
        14,
        46,
        1,
        26,
        3,
        11,
        22,
        63,
        36,
        67,
        59,
        55,
        6,
        2,
        27,
        4,
        70,
        13,
        65,
        29,
        69,
        42,
        5,
        28,
        38,
        48,
        23,
        47,
        20,
        40,
        10,
        56,
        64,
        66,
        19,
        61
    ],
    "lkh_gap_pct": 0.0
}