{
    "instance_name": "N70_D5_G100_grid_9",
    "n_customers": 70,
    "dimension": 5,
    "grid_size": 100,
    "optimal_cost": 2786,
    "optimal_tour": [
        48,
        63,
        39,
        25,
        5,
        54,
        64,
        19,
        42,
        49,
        58,
        15,
        37,
        69,
        2,
        17,
        28,
        52,
        14,
        47,
        35,
        32,
        27,
        20,
        45,
        31,
        56,
        68,
        41,
        44,
        30,
        65,
        33,
        9,
        26,
        38,
        23,
        70,
        29,
        24,
        46,
        40,
        60,
        34,
        18,
        50,
        1,
        36,
        67,
        55,
        4,
        22,
        13,
        43,
        3,
        53,
        57,
        11,
        21,
        61,
        62,
        12,
        16,
        10,
        8,
        51,
        66,
        6,
        7,
        59
    ],
    "optimal_solver": "lkh",
    "instance_file_path": "c:\\TSP_ND_ML_Project\\instances\\N70_D5_G100_grid_9.json",
    "concorde_length": 2786,
    "concorde_time_s": 4.61153860000195,
    "concorde_tour": [
        1,
        36,
        67,
        55,
        4,
        22,
        13,
        43,
        3,
        53,
        57,
        11,
        21,
        61,
        62,
        12,
        16,
        10,
        8,
        51,
        66,
        6,
        7,
        59,
        48,
        63,
        39,
        25,
        5,
        54,
        64,
        19,
        42,
        49,
        58,
        15,
        37,
        69,
        2,
        17,
        28,
        52,
        14,
        47,
        35,
        32,
        27,
        20,
        45,
        56,
        68,
        41,
        44,
        30,
        65,
        33,
        9,
        26,
        38,
        23,
        70,
        31,
        29,
        24,
        46,
        40,
        60,
        34,
        18,
        50
    ],
    "lkh_length": 2786,
    "lkh_time_s": 0.32130160002270713,
    "lkh_tour": [
        48,
        63,
        39,
        25,
        5,
        54,
        64,
        19,
        42,
        49,
        58,
        15,
        37,
        69,
        2,
        17,
        28,
        52,
        14,
        47,
        35,
        32,
        27,
        20,
        45,
        31,
        56,
        68,
        41,
        44,
        30,
        65,
        33,
        9,
        26,
        38,
        23,
        70,
        29,
        24,
        46,
        40,
        60,
        34,
        18,
        50,
        1,
        36,
        67,
        55,
        4,
        22,
        13,
        43,
        3,
        53,
        57,
        11,
        21,
        61,
        62,
        12,
        16,
        10,
        8,
        51,
        66,
        6,
        7,
        59
    ],
    "lkh_gap_pct": 0.0
}