{
    "instance_name": "N70_D5_G10000_tria_20",
    "n_customers": 70,
    "dimension": 5,
    "grid_size": 10000,
    "optimal_cost": 324716,
    "optimal_tour": [
        48,
        62,
        50,
        56,
        70,
        36,
        6,
        59,
        13,
        9,
        61,
        65,
        32,
        46,
        30,
        10,
        66,
        29,
        18,
        51,
        54,
        12,
        63,
        57,
        64,
        14,
        58,
        55,
        67,
        26,
        8,
        15,
        16,
        44,
        24,
        42,
        28,
        33,
        19,
        41,
        1,
        20,
        69,
        22,
        35,
        43,
        7,
        21,
        52,
        37,
        27,
        45,
        17,
        47,
        40,
        60,
        23,
        2,
        39,
        38,
        3,
        11,
        49,
        34,
        5,
        31,
        25,
        4,
        53,
        68
    ],
    "optimal_solver": "lkh",
    "instance_file_path": "c:\\TSP_ND_ML_Project\\instances\\N70_D5_G10000_tria_20.json",
    "concorde_length": 769705,
    "concorde_time_s": 0.9305879001040012,
    "concorde_tour": [
        1,
        17,
        27,
        38,
        30,
        69,
        43,
        70,
        66,
        57,
        4,
        19,
        13,
        16,
        47,
        46,
        24,
        33,
        67,
        32,
        36,
        23,
        29,
        31,
        52,
        9,
        15,
        42,
        18,
        63,
        64,
        14,
        37,
        5,
        7,
        8,
        51,
        21,
        60,
        6,
        40,
        65,
        54,
        45,
        56,
        39,
        58,
        35,
        61,
        55,
        59,
        11,
        53,
        34,
        2,
        10,
        3,
        22,
        12,
        20,
        48,
        62,
        44,
        41,
        68,
        28,
        50,
        26,
        49,
        25
    ],
    "lkh_length": 324716,
    "lkh_time_s": 0.12760500004515052,
    "lkh_tour": [
        48,
        62,
        50,
        56,
        70,
        36,
        6,
        59,
        13,
        9,
        61,
        65,
        32,
        46,
        30,
        10,
        66,
        29,
        18,
        51,
        54,
        12,
        63,
        57,
        64,
        14,
        58,
        55,
        67,
        26,
        8,
        15,
        16,
        44,
        24,
        42,
        28,
        33,
        19,
        41,
        1,
        20,
        69,
        22,
        35,
        43,
        7,
        21,
        52,
        37,
        27,
        45,
        17,
        47,
        40,
        60,
        23,
        2,
        39,
        38,
        3,
        11,
        49,
        34,
        5,
        31,
        25,
        4,
        53,
        68
    ],
    "lkh_gap_pct": -57.81292832968475
}