{
    "instance_name": "N70_D3_G1000_corr_10",
    "n_customers": 70,
    "dimension": 3,
    "grid_size": 1000,
    "optimal_cost": 7087,
    "optimal_tour": [
        66,
        13,
        7,
        26,
        63,
        56,
        54,
        6,
        24,
        4,
        2,
        8,
        57,
        39,
        36,
        44,
        61,
        1,
        29,
        69,
        49,
        46,
        30,
        47,
        31,
        11,
        70,
        51,
        60,
        41,
        64,
        59,
        32,
        25,
        45,
        43,
        5,
        37,
        35,
        28,
        65,
        48,
        3,
        42,
        21,
        38,
        17,
        34,
        27,
        53,
        55,
        23,
        68,
        40,
        14,
        50,
        9,
        18,
        52,
        12,
        67,
        16,
        19,
        10,
        62,
        15,
        20,
        22,
        33,
        58
    ],
    "optimal_solver": "lkh",
    "instance_file_path": "c:\\TSP_ND_ML_Project\\instances\\N70_D3_G1000_corr_10.json",
    "concorde_length": 7087,
    "concorde_time_s": 1.2832853999570943,
    "concorde_tour": [
        1,
        61,
        44,
        36,
        39,
        57,
        8,
        2,
        4,
        24,
        6,
        54,
        56,
        63,
        26,
        7,
        13,
        66,
        58,
        33,
        22,
        20,
        15,
        62,
        10,
        19,
        16,
        67,
        12,
        52,
        18,
        9,
        50,
        14,
        40,
        68,
        23,
        55,
        53,
        27,
        34,
        17,
        38,
        21,
        42,
        3,
        48,
        65,
        28,
        35,
        37,
        5,
        45,
        43,
        25,
        32,
        59,
        64,
        41,
        60,
        51,
        70,
        11,
        31,
        47,
        30,
        46,
        49,
        69,
        29
    ],
    "lkh_length": 7087,
    "lkh_time_s": 0.08983089996036142,
    "lkh_tour": [
        66,
        13,
        7,
        26,
        63,
        56,
        54,
        6,
        24,
        4,
        2,
        8,
        57,
        39,
        36,
        44,
        61,
        1,
        29,
        69,
        49,
        46,
        30,
        47,
        31,
        11,
        70,
        51,
        60,
        41,
        64,
        59,
        32,
        25,
        45,
        43,
        5,
        37,
        35,
        28,
        65,
        48,
        3,
        42,
        21,
        38,
        17,
        34,
        27,
        53,
        55,
        23,
        68,
        40,
        14,
        50,
        9,
        18,
        52,
        12,
        67,
        16,
        19,
        10,
        62,
        15,
        20,
        22,
        33,
        58
    ],
    "lkh_gap_pct": 0.0
}