{
    "instance_name": "N70_D4_G10000_grid_9",
    "n_customers": 70,
    "dimension": 4,
    "grid_size": 10000,
    "optimal_cost": 211371,
    "optimal_tour": [
        42,
        55,
        21,
        1,
        9,
        45,
        66,
        26,
        67,
        18,
        38,
        13,
        30,
        10,
        5,
        32,
        35,
        70,
        63,
        12,
        25,
        2,
        8,
        16,
        56,
        62,
        44,
        36,
        3,
        51,
        69,
        40,
        34,
        22,
        27,
        59,
        48,
        39,
        47,
        60,
        4,
        6,
        29,
        58,
        15,
        46,
        7,
        53,
        61,
        17,
        19,
        37,
        49,
        57,
        11,
        24,
        64,
        52,
        43,
        14,
        20,
        65,
        50,
        68,
        41,
        31,
        23,
        28,
        33,
        54
    ],
    "optimal_solver": "lkh",
    "instance_file_path": "c:\\TSP_ND_ML_Project\\instances\\N70_D4_G10000_grid_9.json",
    "concorde_length": 211371,
    "concorde_time_s": 3.6138794000144117,
    "concorde_tour": [
        1,
        21,
        55,
        42,
        54,
        33,
        28,
        23,
        31,
        41,
        68,
        50,
        65,
        20,
        14,
        43,
        52,
        64,
        24,
        11,
        57,
        49,
        37,
        19,
        17,
        61,
        53,
        7,
        46,
        15,
        58,
        29,
        6,
        4,
        60,
        47,
        39,
        48,
        59,
        27,
        22,
        34,
        40,
        69,
        51,
        3,
        36,
        44,
        62,
        56,
        16,
        8,
        2,
        25,
        12,
        63,
        70,
        35,
        32,
        5,
        10,
        30,
        13,
        38,
        18,
        67,
        26,
        66,
        45,
        9
    ],
    "lkh_length": 211371,
    "lkh_time_s": 0.23952909995568916,
    "lkh_tour": [
        42,
        55,
        21,
        1,
        9,
        45,
        66,
        26,
        67,
        18,
        38,
        13,
        30,
        10,
        5,
        32,
        35,
        70,
        63,
        12,
        25,
        2,
        8,
        16,
        56,
        62,
        44,
        36,
        3,
        51,
        69,
        40,
        34,
        22,
        27,
        59,
        48,
        39,
        47,
        60,
        4,
        6,
        29,
        58,
        15,
        46,
        7,
        53,
        61,
        17,
        19,
        37,
        49,
        57,
        11,
        24,
        64,
        52,
        43,
        14,
        20,
        65,
        50,
        68,
        41,
        31,
        23,
        28,
        33,
        54
    ],
    "lkh_gap_pct": 0.0
}