{
    "instance_name": "N70_D3_G100_grid_17",
    "n_customers": 70,
    "dimension": 3,
    "grid_size": 100,
    "optimal_cost": 1360,
    "optimal_tour": [
        30,
        62,
        37,
        24,
        44,
        39,
        13,
        63,
        17,
        4,
        58,
        57,
        56,
        35,
        66,
        29,
        69,
        2,
        11,
        15,
        47,
        25,
        65,
        16,
        20,
        21,
        64,
        5,
        40,
        68,
        14,
        19,
        31,
        52,
        48,
        54,
        7,
        26,
        51,
        8,
        46,
        6,
        38,
        42,
        53,
        43,
        28,
        67,
        23,
        70,
        18,
        34,
        61,
        1,
        12,
        10,
        50,
        27,
        59,
        49,
        45,
        55,
        41,
        33,
        36,
        60,
        22,
        32,
        3,
        9
    ],
    "optimal_solver": "lkh",
    "instance_file_path": "c:\\TSP_ND_ML_Project\\instances\\N70_D3_G100_grid_17.json",
    "concorde_length": 1360,
    "concorde_time_s": 1.5719296999741346,
    "concorde_tour": [
        1,
        12,
        10,
        50,
        27,
        59,
        49,
        45,
        55,
        41,
        33,
        36,
        60,
        22,
        32,
        3,
        9,
        30,
        62,
        37,
        24,
        44,
        39,
        13,
        63,
        17,
        4,
        58,
        57,
        56,
        35,
        66,
        29,
        69,
        2,
        11,
        15,
        47,
        25,
        65,
        16,
        20,
        21,
        64,
        5,
        40,
        68,
        14,
        19,
        31,
        52,
        48,
        54,
        7,
        26,
        51,
        8,
        46,
        6,
        38,
        42,
        53,
        43,
        28,
        67,
        23,
        70,
        18,
        34,
        61
    ],
    "lkh_length": 1360,
    "lkh_time_s": 0.14936810004292056,
    "lkh_tour": [
        30,
        62,
        37,
        24,
        44,
        39,
        13,
        63,
        17,
        4,
        58,
        57,
        56,
        35,
        66,
        29,
        69,
        2,
        11,
        15,
        47,
        25,
        65,
        16,
        20,
        21,
        64,
        5,
        40,
        68,
        14,
        19,
        31,
        52,
        48,
        54,
        7,
        26,
        51,
        8,
        46,
        6,
        38,
        42,
        53,
        43,
        28,
        67,
        23,
        70,
        18,
        34,
        61,
        1,
        12,
        10,
        50,
        27,
        59,
        49,
        45,
        55,
        41,
        33,
        36,
        60,
        22,
        32,
        3,
        9
    ],
    "lkh_gap_pct": 0.0
}