{
    "instance_name": "N70_D5_G10000_ring_17",
    "n_customers": 70,
    "dimension": 5,
    "grid_size": 10000,
    "optimal_cost": 182730,
    "optimal_tour": [
        37,
        16,
        48,
        33,
        26,
        8,
        13,
        62,
        53,
        9,
        42,
        34,
        24,
        69,
        67,
        21,
        17,
        63,
        11,
        49,
        1,
        19,
        50,
        30,
        36,
        51,
        55,
        6,
        18,
        68,
        40,
        27,
        54,
        45,
        35,
        39,
        32,
        25,
        59,
        64,
        57,
        47,
        4,
        56,
        60,
        43,
        14,
        20,
        44,
        5,
        22,
        31,
        61,
        3,
        70,
        12,
        2,
        15,
        41,
        65,
        66,
        58,
        23,
        28,
        7,
        52,
        10,
        29,
        38,
        46
    ],
    "optimal_solver": "lkh",
    "instance_file_path": "c:\\TSP_ND_ML_Project\\instances\\N70_D5_G10000_ring_17.json",
    "concorde_length": 182730,
    "concorde_time_s": 7.538755999994464,
    "concorde_tour": [
        1,
        49,
        11,
        63,
        17,
        21,
        67,
        69,
        24,
        34,
        42,
        9,
        53,
        62,
        13,
        8,
        26,
        33,
        48,
        16,
        37,
        46,
        38,
        29,
        10,
        52,
        7,
        28,
        23,
        58,
        66,
        65,
        41,
        15,
        2,
        12,
        70,
        3,
        61,
        31,
        22,
        5,
        44,
        20,
        14,
        43,
        60,
        56,
        4,
        47,
        57,
        64,
        59,
        25,
        32,
        39,
        35,
        45,
        54,
        27,
        40,
        68,
        18,
        6,
        55,
        51,
        36,
        30,
        50,
        19
    ],
    "lkh_length": 182730,
    "lkh_time_s": 0.40957020001951605,
    "lkh_tour": [
        37,
        16,
        48,
        33,
        26,
        8,
        13,
        62,
        53,
        9,
        42,
        34,
        24,
        69,
        67,
        21,
        17,
        63,
        11,
        49,
        1,
        19,
        50,
        30,
        36,
        51,
        55,
        6,
        18,
        68,
        40,
        27,
        54,
        45,
        35,
        39,
        32,
        25,
        59,
        64,
        57,
        47,
        4,
        56,
        60,
        43,
        14,
        20,
        44,
        5,
        22,
        31,
        61,
        3,
        70,
        12,
        2,
        15,
        41,
        65,
        66,
        58,
        23,
        28,
        7,
        52,
        10,
        29,
        38,
        46
    ],
    "lkh_gap_pct": 0.0
}