{
    "instance_name": "N70_D4_G100_clus_20",
    "n_customers": 70,
    "dimension": 4,
    "grid_size": 100,
    "optimal_cost": 834,
    "optimal_tour": [
        69,
        67,
        26,
        36,
        63,
        35,
        2,
        37,
        15,
        43,
        47,
        61,
        25,
        58,
        1,
        12,
        48,
        20,
        10,
        16,
        21,
        34,
        22,
        11,
        27,
        60,
        68,
        40,
        3,
        50,
        7,
        19,
        17,
        29,
        13,
        65,
        57,
        18,
        23,
        66,
        44,
        24,
        46,
        42,
        45,
        39,
        56,
        59,
        14,
        62,
        54,
        6,
        28,
        41,
        5,
        52,
        64,
        8,
        70,
        9,
        33,
        30,
        51,
        49,
        38,
        32,
        53,
        4,
        55,
        31
    ],
    "optimal_solver": "lkh",
    "instance_file_path": "c:\\TSP_ND_ML_Project\\instances\\N70_D4_G100_clus_20.json",
    "concorde_length": 834,
    "concorde_time_s": 2.885369899973739,
    "concorde_tour": [
        1,
        58,
        25,
        61,
        47,
        43,
        15,
        37,
        2,
        35,
        63,
        36,
        26,
        67,
        69,
        31,
        55,
        4,
        53,
        32,
        38,
        49,
        51,
        30,
        33,
        14,
        62,
        9,
        70,
        8,
        64,
        52,
        5,
        41,
        28,
        6,
        54,
        56,
        59,
        39,
        45,
        42,
        46,
        24,
        44,
        66,
        23,
        18,
        57,
        65,
        13,
        29,
        17,
        19,
        7,
        50,
        3,
        40,
        68,
        60,
        11,
        27,
        22,
        34,
        21,
        16,
        10,
        20,
        48,
        12
    ],
    "lkh_length": 834,
    "lkh_time_s": 1.4691439000307582,
    "lkh_tour": [
        69,
        67,
        26,
        36,
        63,
        35,
        2,
        37,
        15,
        43,
        47,
        61,
        25,
        58,
        1,
        12,
        48,
        20,
        10,
        16,
        21,
        34,
        22,
        11,
        27,
        60,
        68,
        40,
        3,
        50,
        7,
        19,
        17,
        29,
        13,
        65,
        57,
        18,
        23,
        66,
        44,
        24,
        46,
        42,
        45,
        39,
        56,
        59,
        14,
        62,
        54,
        6,
        28,
        41,
        5,
        52,
        64,
        8,
        70,
        9,
        33,
        30,
        51,
        49,
        38,
        32,
        53,
        4,
        55,
        31
    ],
    "lkh_gap_pct": 0.0
}