{
    "instance_name": "N70_D2_G10000_ring_11",
    "n_customers": 70,
    "dimension": 2,
    "grid_size": 10000,
    "optimal_cost": 38997,
    "optimal_tour": [
        20,
        12,
        70,
        39,
        8,
        49,
        46,
        29,
        26,
        35,
        11,
        28,
        66,
        37,
        1,
        23,
        68,
        59,
        45,
        16,
        63,
        62,
        25,
        18,
        31,
        57,
        3,
        6,
        5,
        9,
        13,
        27,
        53,
        41,
        19,
        21,
        17,
        42,
        40,
        48,
        34,
        30,
        58,
        14,
        44,
        15,
        33,
        24,
        22,
        67,
        10,
        69,
        65,
        7,
        55,
        51,
        54,
        32,
        50,
        36,
        61,
        47,
        64,
        2,
        56,
        52,
        43,
        60,
        38,
        4
    ],
    "optimal_solver": "lkh",
    "instance_file_path": "c:\\TSP_ND_ML_Project\\instances\\N70_D2_G10000_ring_11.json",
    "concorde_length": 38997,
    "concorde_time_s": 0.9610650999820791,
    "concorde_tour": [
        1,
        37,
        66,
        28,
        11,
        35,
        26,
        29,
        46,
        49,
        8,
        39,
        70,
        12,
        20,
        4,
        38,
        60,
        43,
        52,
        56,
        2,
        64,
        47,
        61,
        36,
        50,
        32,
        54,
        51,
        55,
        7,
        65,
        69,
        10,
        67,
        22,
        24,
        33,
        15,
        44,
        14,
        58,
        30,
        34,
        48,
        40,
        42,
        17,
        21,
        19,
        41,
        53,
        27,
        13,
        9,
        5,
        6,
        3,
        57,
        31,
        18,
        25,
        62,
        63,
        16,
        45,
        59,
        68,
        23
    ],
    "lkh_length": 38997,
    "lkh_time_s": 0.27943940000841394,
    "lkh_tour": [
        20,
        12,
        70,
        39,
        8,
        49,
        46,
        29,
        26,
        35,
        11,
        28,
        66,
        37,
        1,
        23,
        68,
        59,
        45,
        16,
        63,
        62,
        25,
        18,
        31,
        57,
        3,
        6,
        5,
        9,
        13,
        27,
        53,
        41,
        19,
        21,
        17,
        42,
        40,
        48,
        34,
        30,
        58,
        14,
        44,
        15,
        33,
        24,
        22,
        67,
        10,
        69,
        65,
        7,
        55,
        51,
        54,
        32,
        50,
        36,
        61,
        47,
        64,
        2,
        56,
        52,
        43,
        60,
        38,
        4
    ],
    "lkh_gap_pct": 0.0
}