{
    "instance_name": "N70_D4_G10000_pow_5",
    "n_customers": 70,
    "dimension": 4,
    "grid_size": 10000,
    "optimal_cost": 154142,
    "optimal_tour": [
        4,
        21,
        25,
        57,
        47,
        59,
        16,
        14,
        63,
        64,
        65,
        1,
        35,
        70,
        66,
        48,
        54,
        7,
        46,
        67,
        55,
        37,
        50,
        26,
        10,
        39,
        45,
        9,
        17,
        5,
        51,
        6,
        24,
        38,
        15,
        20,
        23,
        41,
        40,
        32,
        49,
        62,
        33,
        44,
        58,
        28,
        22,
        60,
        13,
        3,
        30,
        11,
        19,
        12,
        31,
        52,
        42,
        43,
        27,
        68,
        53,
        61,
        29,
        34,
        2,
        8,
        36,
        18,
        69,
        56
    ],
    "optimal_solver": "lkh",
    "instance_file_path": "c:\\TSP_ND_ML_Project\\instances\\N70_D4_G10000_pow_5.json",
    "concorde_length": 154142,
    "concorde_time_s": 1.6580789999570698,
    "concorde_tour": [
        1,
        35,
        65,
        64,
        70,
        16,
        63,
        14,
        10,
        26,
        55,
        39,
        50,
        37,
        17,
        51,
        9,
        5,
        45,
        24,
        6,
        38,
        23,
        40,
        41,
        20,
        15,
        32,
        33,
        49,
        62,
        58,
        22,
        44,
        60,
        28,
        30,
        13,
        3,
        2,
        34,
        69,
        36,
        8,
        29,
        18,
        56,
        57,
        47,
        25,
        59,
        4,
        21,
        43,
        68,
        53,
        61,
        42,
        52,
        27,
        31,
        12,
        19,
        11,
        54,
        46,
        7,
        67,
        66,
        48
    ],
    "lkh_length": 154142,
    "lkh_time_s": 4.944169000023976,
    "lkh_tour": [
        4,
        21,
        25,
        57,
        47,
        59,
        16,
        14,
        63,
        64,
        65,
        1,
        35,
        70,
        66,
        48,
        54,
        7,
        46,
        67,
        55,
        37,
        50,
        26,
        10,
        39,
        45,
        9,
        17,
        5,
        51,
        6,
        24,
        38,
        15,
        20,
        23,
        41,
        40,
        32,
        49,
        62,
        33,
        44,
        58,
        28,
        22,
        60,
        13,
        3,
        30,
        11,
        19,
        12,
        31,
        52,
        42,
        43,
        27,
        68,
        53,
        61,
        29,
        34,
        2,
        8,
        36,
        18,
        69,
        56
    ],
    "lkh_gap_pct": 0.0
}