{
    "instance_name": "N70_D5_G100_clus_11",
    "n_customers": 70,
    "dimension": 5,
    "grid_size": 100,
    "optimal_cost": 1165,
    "optimal_tour": [
        9,
        51,
        32,
        62,
        6,
        70,
        52,
        67,
        3,
        4,
        60,
        22,
        63,
        54,
        42,
        34,
        1,
        33,
        36,
        12,
        30,
        10,
        21,
        31,
        25,
        61,
        14,
        55,
        20,
        35,
        53,
        29,
        47,
        65,
        2,
        28,
        56,
        26,
        59,
        19,
        5,
        46,
        57,
        49,
        69,
        64,
        16,
        68,
        58,
        11,
        45,
        18,
        50,
        41,
        38,
        24,
        40,
        43,
        48,
        15,
        37,
        7,
        23,
        27,
        17,
        13,
        44,
        66,
        39,
        8
    ],
    "optimal_solver": "lkh",
    "instance_file_path": "c:\\TSP_ND_ML_Project\\instances\\N70_D5_G100_clus_11.json",
    "concorde_length": 1165,
    "concorde_time_s": 2.598897899966687,
    "concorde_tour": [
        1,
        34,
        42,
        54,
        63,
        22,
        60,
        4,
        3,
        67,
        52,
        70,
        6,
        62,
        32,
        51,
        9,
        8,
        39,
        66,
        44,
        13,
        17,
        27,
        23,
        7,
        37,
        15,
        48,
        43,
        40,
        24,
        38,
        41,
        50,
        18,
        45,
        11,
        58,
        68,
        16,
        64,
        69,
        49,
        57,
        46,
        5,
        19,
        59,
        26,
        56,
        28,
        2,
        65,
        47,
        29,
        53,
        35,
        20,
        55,
        14,
        61,
        25,
        31,
        21,
        10,
        30,
        12,
        36,
        33
    ],
    "lkh_length": 1165,
    "lkh_time_s": 0.1418594000278972,
    "lkh_tour": [
        9,
        51,
        32,
        62,
        6,
        70,
        52,
        67,
        3,
        4,
        60,
        22,
        63,
        54,
        42,
        34,
        1,
        33,
        36,
        12,
        30,
        10,
        21,
        31,
        25,
        61,
        14,
        55,
        20,
        35,
        53,
        29,
        47,
        65,
        2,
        28,
        56,
        26,
        59,
        19,
        5,
        46,
        57,
        49,
        69,
        64,
        16,
        68,
        58,
        11,
        45,
        18,
        50,
        41,
        38,
        24,
        40,
        43,
        48,
        15,
        37,
        7,
        23,
        27,
        17,
        13,
        44,
        66,
        39,
        8
    ],
    "lkh_gap_pct": 0.0
}