{
    "instance_name": "N70_D5_G1000_tria_15",
    "n_customers": 70,
    "dimension": 5,
    "grid_size": 1000,
    "optimal_cost": 29877,
    "optimal_tour": [
        29,
        68,
        66,
        25,
        41,
        10,
        7,
        51,
        45,
        69,
        47,
        65,
        5,
        20,
        59,
        13,
        63,
        11,
        34,
        70,
        15,
        52,
        43,
        27,
        18,
        39,
        49,
        53,
        40,
        48,
        1,
        16,
        28,
        32,
        17,
        58,
        33,
        67,
        54,
        2,
        62,
        23,
        22,
        36,
        12,
        35,
        9,
        42,
        31,
        44,
        4,
        8,
        46,
        6,
        3,
        37,
        21,
        14,
        26,
        61,
        50,
        24,
        60,
        19,
        55,
        56,
        30,
        64,
        57,
        38
    ],
    "optimal_solver": "lkh",
    "instance_file_path": "c:\\TSP_ND_ML_Project\\instances\\N70_D5_G1000_tria_15.json",
    "concorde_length": 29877,
    "concorde_time_s": 1.0867371000349522,
    "concorde_tour": [
        1,
        16,
        28,
        32,
        17,
        58,
        33,
        67,
        54,
        2,
        62,
        23,
        22,
        36,
        12,
        35,
        9,
        42,
        31,
        44,
        4,
        8,
        46,
        6,
        3,
        37,
        21,
        14,
        26,
        61,
        50,
        24,
        60,
        19,
        55,
        56,
        30,
        64,
        57,
        38,
        29,
        68,
        66,
        25,
        41,
        10,
        7,
        51,
        45,
        69,
        47,
        65,
        5,
        20,
        59,
        13,
        63,
        11,
        34,
        70,
        15,
        52,
        43,
        27,
        18,
        39,
        49,
        53,
        40,
        48
    ],
    "lkh_length": 29877,
    "lkh_time_s": 0.4480764999752864,
    "lkh_tour": [
        29,
        68,
        66,
        25,
        41,
        10,
        7,
        51,
        45,
        69,
        47,
        65,
        5,
        20,
        59,
        13,
        63,
        11,
        34,
        70,
        15,
        52,
        43,
        27,
        18,
        39,
        49,
        53,
        40,
        48,
        1,
        16,
        28,
        32,
        17,
        58,
        33,
        67,
        54,
        2,
        62,
        23,
        22,
        36,
        12,
        35,
        9,
        42,
        31,
        44,
        4,
        8,
        46,
        6,
        3,
        37,
        21,
        14,
        26,
        61,
        50,
        24,
        60,
        19,
        55,
        56,
        30,
        64,
        57,
        38
    ],
    "lkh_gap_pct": 0.0
}