{
    "instance_name": "N70_D5_G1000_grid_17",
    "n_customers": 70,
    "dimension": 5,
    "grid_size": 1000,
    "optimal_cost": 26283,
    "optimal_tour": [
        66,
        20,
        55,
        5,
        18,
        31,
        39,
        37,
        46,
        62,
        64,
        47,
        10,
        12,
        32,
        4,
        3,
        68,
        38,
        9,
        34,
        36,
        19,
        33,
        30,
        21,
        15,
        52,
        24,
        42,
        16,
        57,
        50,
        23,
        69,
        26,
        6,
        29,
        22,
        2,
        61,
        56,
        48,
        1,
        28,
        60,
        51,
        58,
        49,
        63,
        41,
        27,
        67,
        53,
        8,
        14,
        40,
        11,
        54,
        59,
        44,
        70,
        17,
        43,
        65,
        25,
        35,
        13,
        7,
        45
    ],
    "optimal_solver": "lkh",
    "instance_file_path": "c:\\TSP_ND_ML_Project\\instances\\N70_D5_G1000_grid_17.json",
    "concorde_length": 26283,
    "concorde_time_s": 1.4490110999904573,
    "concorde_tour": [
        1,
        48,
        56,
        61,
        2,
        22,
        29,
        6,
        26,
        69,
        23,
        50,
        57,
        16,
        42,
        24,
        52,
        15,
        21,
        30,
        33,
        19,
        36,
        34,
        9,
        38,
        68,
        3,
        4,
        32,
        12,
        10,
        47,
        64,
        62,
        46,
        37,
        39,
        31,
        18,
        5,
        55,
        20,
        66,
        45,
        7,
        13,
        35,
        25,
        65,
        43,
        17,
        70,
        44,
        59,
        54,
        11,
        40,
        14,
        8,
        53,
        67,
        27,
        41,
        63,
        49,
        58,
        51,
        60,
        28
    ],
    "lkh_length": 26283,
    "lkh_time_s": 0.18784359999699518,
    "lkh_tour": [
        66,
        20,
        55,
        5,
        18,
        31,
        39,
        37,
        46,
        62,
        64,
        47,
        10,
        12,
        32,
        4,
        3,
        68,
        38,
        9,
        34,
        36,
        19,
        33,
        30,
        21,
        15,
        52,
        24,
        42,
        16,
        57,
        50,
        23,
        69,
        26,
        6,
        29,
        22,
        2,
        61,
        56,
        48,
        1,
        28,
        60,
        51,
        58,
        49,
        63,
        41,
        27,
        67,
        53,
        8,
        14,
        40,
        11,
        54,
        59,
        44,
        70,
        17,
        43,
        65,
        25,
        35,
        13,
        7,
        45
    ],
    "lkh_gap_pct": 0.0
}