{
    "instance_name": "N70_D5_G100_grid_2",
    "n_customers": 70,
    "dimension": 5,
    "grid_size": 100,
    "optimal_cost": 2675,
    "optimal_tour": [
        50,
        39,
        9,
        31,
        34,
        66,
        67,
        29,
        15,
        64,
        51,
        5,
        56,
        1,
        6,
        30,
        11,
        27,
        28,
        23,
        55,
        46,
        49,
        37,
        4,
        21,
        63,
        40,
        62,
        68,
        43,
        45,
        47,
        52,
        3,
        14,
        41,
        69,
        18,
        12,
        10,
        36,
        26,
        42,
        70,
        57,
        8,
        60,
        58,
        54,
        7,
        24,
        33,
        20,
        48,
        65,
        2,
        17,
        38,
        13,
        35,
        61,
        16,
        22,
        25,
        32,
        59,
        44,
        19,
        53
    ],
    "optimal_solver": "lkh",
    "instance_file_path": "c:\\TSP_ND_ML_Project\\instances\\N70_D5_G100_grid_2.json",
    "concorde_length": 2675,
    "concorde_time_s": 1.1388265999848954,
    "concorde_tour": [
        1,
        6,
        30,
        11,
        27,
        28,
        23,
        55,
        46,
        49,
        37,
        4,
        21,
        63,
        40,
        62,
        68,
        43,
        45,
        47,
        52,
        3,
        14,
        41,
        69,
        18,
        12,
        10,
        36,
        26,
        42,
        70,
        57,
        8,
        60,
        58,
        54,
        7,
        24,
        33,
        20,
        48,
        65,
        2,
        17,
        38,
        13,
        35,
        61,
        16,
        22,
        25,
        32,
        59,
        44,
        19,
        53,
        50,
        39,
        9,
        31,
        34,
        66,
        67,
        29,
        15,
        64,
        51,
        5,
        56
    ],
    "lkh_length": 2675,
    "lkh_time_s": 0.06095020001521334,
    "lkh_tour": [
        50,
        39,
        9,
        31,
        34,
        66,
        67,
        29,
        15,
        64,
        51,
        5,
        56,
        1,
        6,
        30,
        11,
        27,
        28,
        23,
        55,
        46,
        49,
        37,
        4,
        21,
        63,
        40,
        62,
        68,
        43,
        45,
        47,
        52,
        3,
        14,
        41,
        69,
        18,
        12,
        10,
        36,
        26,
        42,
        70,
        57,
        8,
        60,
        58,
        54,
        7,
        24,
        33,
        20,
        48,
        65,
        2,
        17,
        38,
        13,
        35,
        61,
        16,
        22,
        25,
        32,
        59,
        44,
        19,
        53
    ],
    "lkh_gap_pct": 0.0
}