{
    "instance_name": "N70_D5_G100_pow_11",
    "n_customers": 70,
    "dimension": 5,
    "grid_size": 100,
    "optimal_cost": 3023,
    "optimal_tour": [
        46,
        47,
        63,
        66,
        18,
        26,
        35,
        9,
        50,
        33,
        16,
        41,
        54,
        40,
        5,
        14,
        56,
        69,
        3,
        55,
        34,
        49,
        21,
        2,
        31,
        62,
        12,
        13,
        45,
        10,
        29,
        67,
        23,
        36,
        30,
        70,
        27,
        38,
        20,
        48,
        61,
        52,
        4,
        17,
        39,
        59,
        58,
        1,
        7,
        53,
        15,
        68,
        42,
        11,
        37,
        51,
        22,
        44,
        57,
        65,
        60,
        6,
        64,
        28,
        32,
        8,
        19,
        25,
        43,
        24
    ],
    "optimal_solver": "lkh",
    "instance_file_path": "c:\\TSP_ND_ML_Project\\instances\\N70_D5_G100_pow_11.json",
    "concorde_length": 3023,
    "concorde_time_s": 1.9962596999830566,
    "concorde_tour": [
        1,
        53,
        15,
        7,
        6,
        60,
        65,
        64,
        28,
        25,
        32,
        19,
        8,
        3,
        10,
        13,
        31,
        62,
        12,
        45,
        49,
        55,
        34,
        21,
        2,
        29,
        42,
        11,
        37,
        68,
        56,
        69,
        57,
        22,
        44,
        51,
        41,
        54,
        40,
        5,
        23,
        67,
        30,
        70,
        36,
        27,
        20,
        38,
        14,
        48,
        33,
        16,
        50,
        26,
        9,
        35,
        39,
        59,
        58,
        17,
        4,
        52,
        61,
        24,
        43,
        46,
        47,
        63,
        66,
        18
    ],
    "lkh_length": 3023,
    "lkh_time_s": 9.418437900021672,
    "lkh_tour": [
        46,
        47,
        63,
        66,
        18,
        26,
        35,
        9,
        50,
        33,
        16,
        41,
        54,
        40,
        5,
        14,
        56,
        69,
        3,
        55,
        34,
        49,
        21,
        2,
        31,
        62,
        12,
        13,
        45,
        10,
        29,
        67,
        23,
        36,
        30,
        70,
        27,
        38,
        20,
        48,
        61,
        52,
        4,
        17,
        39,
        59,
        58,
        1,
        7,
        53,
        15,
        68,
        42,
        11,
        37,
        51,
        22,
        44,
        57,
        65,
        60,
        6,
        64,
        28,
        32,
        8,
        19,
        25,
        43,
        24
    ],
    "lkh_gap_pct": 0.0
}