{
    "instance_name": "N70_D3_G10000_norm_7",
    "n_customers": 70,
    "dimension": 3,
    "grid_size": 10000,
    "optimal_cost": 92453,
    "optimal_tour": [
        56,
        19,
        16,
        14,
        67,
        49,
        58,
        34,
        12,
        38,
        59,
        69,
        44,
        70,
        60,
        63,
        50,
        28,
        41,
        23,
        30,
        61,
        13,
        10,
        39,
        27,
        36,
        17,
        46,
        31,
        32,
        7,
        48,
        68,
        24,
        66,
        21,
        51,
        33,
        35,
        26,
        8,
        5,
        37,
        9,
        15,
        22,
        40,
        65,
        11,
        18,
        3,
        4,
        45,
        57,
        53,
        47,
        43,
        55,
        1,
        20,
        64,
        54,
        29,
        2,
        42,
        52,
        62,
        6,
        25
    ],
    "optimal_solver": "lkh",
    "instance_file_path": "c:\\TSP_ND_ML_Project\\instances\\N70_D3_G10000_norm_7.json",
    "concorde_length": 92453,
    "concorde_time_s": 10.237331599986646,
    "concorde_tour": [
        1,
        20,
        64,
        54,
        29,
        2,
        42,
        52,
        62,
        6,
        25,
        56,
        19,
        16,
        14,
        67,
        49,
        58,
        34,
        12,
        38,
        59,
        69,
        44,
        70,
        60,
        63,
        50,
        28,
        41,
        23,
        30,
        61,
        13,
        10,
        39,
        27,
        36,
        17,
        46,
        31,
        32,
        7,
        48,
        68,
        24,
        66,
        21,
        51,
        33,
        35,
        26,
        8,
        5,
        37,
        9,
        15,
        22,
        40,
        65,
        11,
        18,
        3,
        4,
        45,
        57,
        53,
        47,
        43,
        55
    ],
    "lkh_length": 92453,
    "lkh_time_s": 0.5261326000327244,
    "lkh_tour": [
        56,
        19,
        16,
        14,
        67,
        49,
        58,
        34,
        12,
        38,
        59,
        69,
        44,
        70,
        60,
        63,
        50,
        28,
        41,
        23,
        30,
        61,
        13,
        10,
        39,
        27,
        36,
        17,
        46,
        31,
        32,
        7,
        48,
        68,
        24,
        66,
        21,
        51,
        33,
        35,
        26,
        8,
        5,
        37,
        9,
        15,
        22,
        40,
        65,
        11,
        18,
        3,
        4,
        45,
        57,
        53,
        47,
        43,
        55,
        1,
        20,
        64,
        54,
        29,
        2,
        42,
        52,
        62,
        6,
        25
    ],
    "lkh_gap_pct": 0.0
}