{
    "instance_name": "N70_D4_G100_corr_13",
    "n_customers": 70,
    "dimension": 4,
    "grid_size": 100,
    "optimal_cost": 1005,
    "optimal_tour": [
        70,
        68,
        5,
        44,
        23,
        69,
        55,
        25,
        7,
        34,
        26,
        2,
        10,
        43,
        65,
        33,
        16,
        54,
        9,
        61,
        47,
        66,
        20,
        52,
        12,
        22,
        27,
        59,
        14,
        67,
        13,
        40,
        11,
        30,
        50,
        58,
        38,
        39,
        1,
        24,
        45,
        60,
        37,
        32,
        3,
        28,
        8,
        53,
        42,
        64,
        29,
        46,
        31,
        48,
        21,
        19,
        57,
        63,
        49,
        62,
        36,
        4,
        35,
        41,
        15,
        56,
        51,
        6,
        17,
        18
    ],
    "optimal_solver": "lkh",
    "instance_file_path": "c:\\TSP_ND_ML_Project\\instances\\N70_D4_G100_corr_13.json",
    "concorde_length": 1005,
    "concorde_time_s": 2.0493494999827817,
    "concorde_tour": [
        1,
        39,
        38,
        58,
        50,
        30,
        11,
        40,
        13,
        67,
        14,
        59,
        27,
        22,
        12,
        52,
        20,
        66,
        47,
        61,
        9,
        54,
        16,
        33,
        65,
        43,
        10,
        2,
        26,
        34,
        7,
        25,
        55,
        69,
        23,
        44,
        5,
        68,
        70,
        18,
        17,
        6,
        51,
        56,
        15,
        41,
        35,
        4,
        36,
        62,
        49,
        63,
        57,
        19,
        21,
        48,
        31,
        46,
        29,
        64,
        42,
        53,
        8,
        28,
        3,
        32,
        37,
        60,
        45,
        24
    ],
    "lkh_length": 1005,
    "lkh_time_s": 0.05955480004195124,
    "lkh_tour": [
        70,
        68,
        5,
        44,
        23,
        69,
        55,
        25,
        7,
        34,
        26,
        2,
        10,
        43,
        65,
        33,
        16,
        54,
        9,
        61,
        47,
        66,
        20,
        52,
        12,
        22,
        27,
        59,
        14,
        67,
        13,
        40,
        11,
        30,
        50,
        58,
        38,
        39,
        1,
        24,
        45,
        60,
        37,
        32,
        3,
        28,
        8,
        53,
        42,
        64,
        29,
        46,
        31,
        48,
        21,
        19,
        57,
        63,
        49,
        62,
        36,
        4,
        35,
        41,
        15,
        56,
        51,
        6,
        17,
        18
    ],
    "lkh_gap_pct": 0.0
}