{
    "instance_name": "N70_D5_G1000_corr_9",
    "n_customers": 70,
    "dimension": 5,
    "grid_size": 1000,
    "optimal_cost": 11946,
    "optimal_tour": [
        28,
        23,
        50,
        54,
        70,
        4,
        2,
        55,
        22,
        31,
        53,
        46,
        1,
        26,
        16,
        30,
        34,
        25,
        20,
        45,
        33,
        10,
        49,
        67,
        36,
        44,
        66,
        58,
        59,
        40,
        65,
        57,
        18,
        6,
        69,
        11,
        52,
        27,
        24,
        8,
        5,
        60,
        56,
        64,
        29,
        7,
        61,
        21,
        15,
        19,
        48,
        14,
        12,
        41,
        42,
        62,
        63,
        13,
        9,
        39,
        51,
        38,
        32,
        3,
        17,
        43,
        68,
        37,
        47,
        35
    ],
    "optimal_solver": "lkh",
    "instance_file_path": "c:\\TSP_ND_ML_Project\\instances\\N70_D5_G1000_corr_9.json",
    "concorde_length": 11946,
    "concorde_time_s": 1.765943399979733,
    "concorde_tour": [
        1,
        46,
        53,
        31,
        22,
        55,
        2,
        4,
        70,
        54,
        50,
        23,
        28,
        35,
        47,
        37,
        68,
        43,
        17,
        3,
        32,
        38,
        51,
        39,
        9,
        13,
        63,
        62,
        42,
        41,
        12,
        14,
        48,
        19,
        15,
        21,
        61,
        7,
        29,
        64,
        56,
        60,
        5,
        8,
        24,
        27,
        52,
        11,
        69,
        6,
        18,
        57,
        65,
        40,
        59,
        58,
        66,
        44,
        36,
        67,
        49,
        10,
        33,
        45,
        20,
        25,
        34,
        30,
        16,
        26
    ],
    "lkh_length": 11946,
    "lkh_time_s": 0.37804169999435544,
    "lkh_tour": [
        28,
        23,
        50,
        54,
        70,
        4,
        2,
        55,
        22,
        31,
        53,
        46,
        1,
        26,
        16,
        30,
        34,
        25,
        20,
        45,
        33,
        10,
        49,
        67,
        36,
        44,
        66,
        58,
        59,
        40,
        65,
        57,
        18,
        6,
        69,
        11,
        52,
        27,
        24,
        8,
        5,
        60,
        56,
        64,
        29,
        7,
        61,
        21,
        15,
        19,
        48,
        14,
        12,
        41,
        42,
        62,
        63,
        13,
        9,
        39,
        51,
        38,
        32,
        3,
        17,
        43,
        68,
        37,
        47,
        35
    ],
    "lkh_gap_pct": 0.0
}