{
    "instance_name": "N70_D5_G10000_grid_3",
    "n_customers": 70,
    "dimension": 5,
    "grid_size": 10000,
    "optimal_cost": 271069,
    "optimal_tour": [
        65,
        35,
        43,
        24,
        8,
        31,
        7,
        15,
        69,
        61,
        60,
        36,
        70,
        42,
        18,
        39,
        50,
        53,
        62,
        29,
        41,
        55,
        49,
        30,
        45,
        58,
        21,
        5,
        59,
        19,
        2,
        48,
        16,
        37,
        6,
        33,
        27,
        64,
        54,
        47,
        44,
        11,
        28,
        32,
        56,
        46,
        9,
        13,
        4,
        26,
        3,
        25,
        14,
        57,
        63,
        67,
        52,
        17,
        12,
        38,
        23,
        34,
        68,
        20,
        51,
        22,
        10,
        40,
        66,
        1
    ],
    "optimal_solver": "lkh",
    "instance_file_path": "c:\\TSP_ND_ML_Project\\instances\\N70_D5_G10000_grid_3.json",
    "concorde_length": 271069,
    "concorde_time_s": 1.5034507000236772,
    "concorde_tour": [
        1,
        65,
        35,
        43,
        24,
        8,
        31,
        7,
        15,
        69,
        61,
        60,
        36,
        70,
        42,
        18,
        39,
        50,
        53,
        62,
        29,
        41,
        55,
        49,
        30,
        45,
        58,
        21,
        5,
        59,
        19,
        2,
        48,
        16,
        37,
        6,
        33,
        27,
        64,
        54,
        47,
        44,
        11,
        28,
        32,
        56,
        46,
        9,
        13,
        4,
        26,
        3,
        25,
        14,
        57,
        63,
        67,
        52,
        17,
        12,
        38,
        23,
        34,
        68,
        20,
        51,
        22,
        10,
        40,
        66
    ],
    "lkh_length": 271069,
    "lkh_time_s": 0.18640499998582527,
    "lkh_tour": [
        65,
        35,
        43,
        24,
        8,
        31,
        7,
        15,
        69,
        61,
        60,
        36,
        70,
        42,
        18,
        39,
        50,
        53,
        62,
        29,
        41,
        55,
        49,
        30,
        45,
        58,
        21,
        5,
        59,
        19,
        2,
        48,
        16,
        37,
        6,
        33,
        27,
        64,
        54,
        47,
        44,
        11,
        28,
        32,
        56,
        46,
        9,
        13,
        4,
        26,
        3,
        25,
        14,
        57,
        63,
        67,
        52,
        17,
        12,
        38,
        23,
        34,
        68,
        20,
        51,
        22,
        10,
        40,
        66,
        1
    ],
    "lkh_gap_pct": 0.0
}