{
    "instance_name": "N70_D4_G10000_pow_3",
    "n_customers": 70,
    "dimension": 4,
    "grid_size": 10000,
    "optimal_cost": 160000,
    "optimal_tour": [
        44,
        12,
        66,
        3,
        65,
        2,
        18,
        46,
        23,
        34,
        30,
        45,
        31,
        25,
        58,
        49,
        20,
        60,
        53,
        13,
        24,
        48,
        67,
        52,
        38,
        64,
        17,
        43,
        51,
        50,
        32,
        42,
        21,
        19,
        62,
        68,
        56,
        40,
        37,
        54,
        39,
        61,
        1,
        41,
        57,
        16,
        27,
        14,
        11,
        29,
        69,
        28,
        15,
        10,
        33,
        6,
        35,
        47,
        36,
        8,
        70,
        5,
        7,
        59,
        55,
        26,
        4,
        9,
        22,
        63
    ],
    "optimal_solver": "lkh",
    "instance_file_path": "c:\\TSP_ND_ML_Project\\instances\\N70_D4_G10000_pow_3.json",
    "concorde_length": 160000,
    "concorde_time_s": 2.0930924999993294,
    "concorde_tour": [
        1,
        39,
        54,
        40,
        61,
        57,
        59,
        4,
        55,
        26,
        45,
        30,
        23,
        31,
        34,
        48,
        24,
        67,
        52,
        49,
        60,
        53,
        13,
        20,
        58,
        25,
        32,
        21,
        42,
        50,
        51,
        36,
        47,
        33,
        35,
        10,
        6,
        28,
        11,
        14,
        15,
        69,
        29,
        5,
        7,
        8,
        70,
        38,
        64,
        43,
        17,
        12,
        3,
        2,
        18,
        66,
        65,
        46,
        22,
        9,
        44,
        63,
        68,
        62,
        56,
        19,
        16,
        27,
        41,
        37
    ],
    "lkh_length": 160000,
    "lkh_time_s": 0.794906799972523,
    "lkh_tour": [
        44,
        12,
        66,
        3,
        65,
        2,
        18,
        46,
        23,
        34,
        30,
        45,
        31,
        25,
        58,
        49,
        20,
        60,
        53,
        13,
        24,
        48,
        67,
        52,
        38,
        64,
        17,
        43,
        51,
        50,
        32,
        42,
        21,
        19,
        62,
        68,
        56,
        40,
        37,
        54,
        39,
        61,
        1,
        41,
        57,
        16,
        27,
        14,
        11,
        29,
        69,
        28,
        15,
        10,
        33,
        6,
        35,
        47,
        36,
        8,
        70,
        5,
        7,
        59,
        55,
        26,
        4,
        9,
        22,
        63
    ],
    "lkh_gap_pct": 0.0
}