{
    "instance_name": "N70_D2_G100_tria_19",
    "n_customers": 70,
    "dimension": 2,
    "grid_size": 100,
    "optimal_cost": 670,
    "optimal_tour": [
        48,
        11,
        19,
        41,
        21,
        34,
        45,
        47,
        9,
        37,
        40,
        30,
        52,
        63,
        65,
        17,
        66,
        53,
        12,
        1,
        8,
        54,
        68,
        35,
        42,
        31,
        60,
        39,
        20,
        50,
        7,
        49,
        59,
        69,
        43,
        5,
        10,
        32,
        57,
        13,
        61,
        58,
        24,
        44,
        25,
        46,
        15,
        4,
        33,
        29,
        36,
        23,
        56,
        6,
        26,
        18,
        67,
        38,
        28,
        51,
        70,
        64,
        16,
        27,
        22,
        62,
        14,
        2,
        55,
        3
    ],
    "optimal_solver": "lkh",
    "instance_file_path": "c:\\TSP_ND_ML_Project\\instances\\N70_D2_G100_tria_19.json",
    "concorde_length": 670,
    "concorde_time_s": 1.1054145999951288,
    "concorde_tour": [
        1,
        12,
        53,
        66,
        65,
        17,
        63,
        52,
        30,
        40,
        37,
        9,
        47,
        45,
        34,
        21,
        41,
        19,
        11,
        48,
        3,
        55,
        2,
        14,
        62,
        22,
        27,
        16,
        64,
        70,
        51,
        28,
        38,
        67,
        18,
        26,
        6,
        56,
        23,
        36,
        29,
        33,
        4,
        15,
        46,
        25,
        44,
        24,
        58,
        61,
        13,
        57,
        32,
        10,
        5,
        43,
        69,
        59,
        49,
        7,
        50,
        20,
        39,
        60,
        31,
        42,
        35,
        68,
        54,
        8
    ],
    "lkh_length": 670,
    "lkh_time_s": 0.6230194999952801,
    "lkh_tour": [
        48,
        11,
        19,
        41,
        21,
        34,
        45,
        47,
        9,
        37,
        40,
        30,
        52,
        63,
        65,
        17,
        66,
        53,
        12,
        1,
        8,
        54,
        68,
        35,
        42,
        31,
        60,
        39,
        20,
        50,
        7,
        49,
        59,
        69,
        43,
        5,
        10,
        32,
        57,
        13,
        61,
        58,
        24,
        44,
        25,
        46,
        15,
        4,
        33,
        29,
        36,
        23,
        56,
        6,
        26,
        18,
        67,
        38,
        28,
        51,
        70,
        64,
        16,
        27,
        22,
        62,
        14,
        2,
        55,
        3
    ],
    "lkh_gap_pct": 0.0
}