{
    "instance_name": "N70_D4_G10000_clus_5",
    "n_customers": 70,
    "dimension": 4,
    "grid_size": 10000,
    "optimal_cost": 77041,
    "optimal_tour": [
        70,
        29,
        36,
        27,
        66,
        68,
        35,
        65,
        23,
        41,
        9,
        20,
        51,
        50,
        22,
        37,
        8,
        17,
        64,
        56,
        14,
        11,
        15,
        39,
        62,
        16,
        7,
        28,
        54,
        13,
        24,
        59,
        34,
        69,
        21,
        44,
        60,
        49,
        45,
        42,
        61,
        26,
        25,
        5,
        3,
        32,
        48,
        63,
        43,
        55,
        12,
        30,
        52,
        53,
        67,
        31,
        19,
        4,
        6,
        2,
        46,
        1,
        38,
        47,
        58,
        57,
        18,
        33,
        40,
        10
    ],
    "optimal_solver": "lkh",
    "instance_file_path": "c:\\TSP_ND_ML_Project\\instances\\N70_D4_G10000_clus_5.json",
    "concorde_length": 77041,
    "concorde_time_s": 1.5775131999980658,
    "concorde_tour": [
        1,
        38,
        47,
        58,
        57,
        18,
        33,
        40,
        10,
        70,
        29,
        36,
        27,
        66,
        68,
        35,
        65,
        23,
        41,
        9,
        20,
        51,
        50,
        22,
        37,
        8,
        17,
        64,
        56,
        14,
        11,
        15,
        39,
        62,
        16,
        7,
        28,
        54,
        13,
        24,
        59,
        34,
        69,
        21,
        44,
        60,
        49,
        45,
        42,
        61,
        26,
        25,
        5,
        3,
        32,
        48,
        63,
        43,
        55,
        12,
        30,
        52,
        53,
        67,
        31,
        19,
        4,
        6,
        2,
        46
    ],
    "lkh_length": 77041,
    "lkh_time_s": 0.15673160000005737,
    "lkh_tour": [
        70,
        29,
        36,
        27,
        66,
        68,
        35,
        65,
        23,
        41,
        9,
        20,
        51,
        50,
        22,
        37,
        8,
        17,
        64,
        56,
        14,
        11,
        15,
        39,
        62,
        16,
        7,
        28,
        54,
        13,
        24,
        59,
        34,
        69,
        21,
        44,
        60,
        49,
        45,
        42,
        61,
        26,
        25,
        5,
        3,
        32,
        48,
        63,
        43,
        55,
        12,
        30,
        52,
        53,
        67,
        31,
        19,
        4,
        6,
        2,
        46,
        1,
        38,
        47,
        58,
        57,
        18,
        33,
        40,
        10
    ],
    "lkh_gap_pct": 0.0
}