{
    "instance_name": "N70_D4_G100_corn_20",
    "n_customers": 70,
    "dimension": 4,
    "grid_size": 100,
    "optimal_cost": 1593,
    "optimal_tour": [
        13,
        20,
        52,
        60,
        66,
        15,
        49,
        64,
        44,
        37,
        65,
        4,
        26,
        27,
        9,
        21,
        57,
        58,
        29,
        59,
        2,
        3,
        6,
        22,
        24,
        36,
        17,
        30,
        39,
        45,
        54,
        16,
        8,
        7,
        40,
        63,
        32,
        35,
        14,
        43,
        42,
        19,
        41,
        10,
        38,
        23,
        69,
        1,
        25,
        68,
        48,
        50,
        34,
        33,
        67,
        12,
        11,
        46,
        53,
        55,
        62,
        18,
        31,
        28,
        51,
        47,
        61,
        5,
        56,
        70
    ],
    "optimal_solver": "lkh",
    "instance_file_path": "c:\\TSP_ND_ML_Project\\instances\\N70_D4_G100_corn_20.json",
    "concorde_length": 1593,
    "concorde_time_s": 1.9297956999507733,
    "concorde_tour": [
        1,
        25,
        68,
        48,
        33,
        67,
        12,
        34,
        50,
        11,
        46,
        53,
        55,
        62,
        18,
        31,
        28,
        51,
        47,
        61,
        56,
        5,
        70,
        13,
        20,
        52,
        60,
        66,
        15,
        49,
        64,
        44,
        37,
        65,
        4,
        26,
        27,
        9,
        21,
        57,
        2,
        59,
        29,
        58,
        3,
        6,
        22,
        36,
        24,
        17,
        30,
        39,
        45,
        16,
        54,
        8,
        7,
        40,
        63,
        32,
        14,
        35,
        43,
        42,
        19,
        41,
        10,
        38,
        23,
        69
    ],
    "lkh_length": 1593,
    "lkh_time_s": 1.9833286000066437,
    "lkh_tour": [
        13,
        20,
        52,
        60,
        66,
        15,
        49,
        64,
        44,
        37,
        65,
        4,
        26,
        27,
        9,
        21,
        57,
        58,
        29,
        59,
        2,
        3,
        6,
        22,
        24,
        36,
        17,
        30,
        39,
        45,
        54,
        16,
        8,
        7,
        40,
        63,
        32,
        35,
        14,
        43,
        42,
        19,
        41,
        10,
        38,
        23,
        69,
        1,
        25,
        68,
        48,
        50,
        34,
        33,
        67,
        12,
        11,
        46,
        53,
        55,
        62,
        18,
        31,
        28,
        51,
        47,
        61,
        5,
        56,
        70
    ],
    "lkh_gap_pct": 0.0
}