{
    "instance_name": "N70_D2_G10000_corn_14",
    "n_customers": 70,
    "dimension": 2,
    "grid_size": 10000,
    "optimal_cost": 41446,
    "optimal_tour": [
        16,
        59,
        29,
        18,
        60,
        56,
        4,
        48,
        11,
        52,
        8,
        34,
        40,
        58,
        36,
        31,
        44,
        17,
        1,
        15,
        65,
        49,
        7,
        25,
        3,
        13,
        41,
        19,
        68,
        21,
        46,
        53,
        30,
        20,
        35,
        23,
        2,
        61,
        24,
        39,
        67,
        37,
        32,
        14,
        62,
        66,
        55,
        51,
        10,
        28,
        47,
        26,
        69,
        22,
        64,
        6,
        45,
        50,
        63,
        27,
        70,
        33,
        5,
        42,
        43,
        9,
        54,
        38,
        12,
        57
    ],
    "optimal_solver": "lkh",
    "instance_file_path": "c:\\TSP_ND_ML_Project\\instances\\N70_D2_G10000_corn_14.json",
    "concorde_length": 41446,
    "concorde_time_s": 0.7109594000212383,
    "concorde_tour": [
        1,
        31,
        17,
        34,
        44,
        58,
        40,
        36,
        8,
        52,
        11,
        48,
        4,
        56,
        60,
        18,
        29,
        59,
        16,
        57,
        12,
        54,
        38,
        9,
        43,
        42,
        5,
        33,
        70,
        27,
        63,
        50,
        45,
        6,
        64,
        22,
        26,
        69,
        28,
        10,
        51,
        47,
        55,
        66,
        62,
        14,
        32,
        37,
        67,
        39,
        24,
        61,
        2,
        23,
        35,
        20,
        30,
        53,
        46,
        21,
        68,
        19,
        41,
        13,
        3,
        25,
        7,
        49,
        65,
        15
    ],
    "lkh_length": 41446,
    "lkh_time_s": 1.3452964999887627,
    "lkh_tour": [
        16,
        59,
        29,
        18,
        60,
        56,
        4,
        48,
        11,
        52,
        8,
        34,
        40,
        58,
        36,
        31,
        44,
        17,
        1,
        15,
        65,
        49,
        7,
        25,
        3,
        13,
        41,
        19,
        68,
        21,
        46,
        53,
        30,
        20,
        35,
        23,
        2,
        61,
        24,
        39,
        67,
        37,
        32,
        14,
        62,
        66,
        55,
        51,
        10,
        28,
        47,
        26,
        69,
        22,
        64,
        6,
        45,
        50,
        63,
        27,
        70,
        33,
        5,
        42,
        43,
        9,
        54,
        38,
        12,
        57
    ],
    "lkh_gap_pct": 0.0
}