{
    "instance_name": "N70_D2_G1000_grid_9",
    "n_customers": 70,
    "dimension": 2,
    "grid_size": 1000,
    "optimal_cost": 6467,
    "optimal_tour": [
        16,
        55,
        57,
        35,
        54,
        56,
        13,
        8,
        40,
        48,
        66,
        11,
        42,
        24,
        51,
        58,
        2,
        62,
        4,
        6,
        65,
        52,
        5,
        34,
        50,
        17,
        63,
        14,
        47,
        70,
        60,
        26,
        3,
        28,
        43,
        44,
        46,
        10,
        9,
        53,
        59,
        21,
        67,
        39,
        7,
        69,
        23,
        45,
        61,
        32,
        68,
        12,
        20,
        64,
        33,
        19,
        49,
        38,
        1,
        29,
        30,
        22,
        18,
        31,
        41,
        27,
        37,
        36,
        15,
        25
    ],
    "optimal_solver": "lkh",
    "instance_file_path": "c:\\TSP_ND_ML_Project\\instances\\N70_D2_G1000_grid_9.json",
    "concorde_length": 6467,
    "concorde_time_s": 1.144754999986617,
    "concorde_tour": [
        1,
        29,
        30,
        22,
        18,
        31,
        41,
        27,
        37,
        36,
        15,
        25,
        16,
        55,
        57,
        35,
        54,
        56,
        13,
        8,
        40,
        48,
        66,
        11,
        42,
        24,
        51,
        58,
        2,
        62,
        4,
        6,
        65,
        52,
        5,
        34,
        50,
        17,
        63,
        14,
        47,
        70,
        60,
        26,
        3,
        28,
        43,
        44,
        46,
        10,
        9,
        53,
        59,
        21,
        67,
        39,
        7,
        69,
        23,
        45,
        61,
        32,
        68,
        12,
        20,
        64,
        33,
        19,
        49,
        38
    ],
    "lkh_length": 6467,
    "lkh_time_s": 0.8287323999975342,
    "lkh_tour": [
        16,
        55,
        57,
        35,
        54,
        56,
        13,
        8,
        40,
        48,
        66,
        11,
        42,
        24,
        51,
        58,
        2,
        62,
        4,
        6,
        65,
        52,
        5,
        34,
        50,
        17,
        63,
        14,
        47,
        70,
        60,
        26,
        3,
        28,
        43,
        44,
        46,
        10,
        9,
        53,
        59,
        21,
        67,
        39,
        7,
        69,
        23,
        45,
        61,
        32,
        68,
        12,
        20,
        64,
        33,
        19,
        49,
        38,
        1,
        29,
        30,
        22,
        18,
        31,
        41,
        27,
        37,
        36,
        15,
        25
    ],
    "lkh_gap_pct": 0.0
}