{
    "instance_name": "N70_D5_G1000_grid_4",
    "n_customers": 70,
    "dimension": 5,
    "grid_size": 1000,
    "optimal_cost": 28397,
    "optimal_tour": [
        58,
        45,
        46,
        23,
        25,
        64,
        28,
        14,
        39,
        67,
        11,
        62,
        15,
        65,
        26,
        42,
        19,
        44,
        34,
        18,
        49,
        41,
        55,
        7,
        69,
        30,
        29,
        21,
        43,
        16,
        4,
        40,
        48,
        61,
        12,
        9,
        27,
        68,
        54,
        57,
        70,
        22,
        31,
        66,
        63,
        24,
        36,
        47,
        35,
        1,
        2,
        52,
        59,
        37,
        33,
        3,
        50,
        38,
        17,
        20,
        10,
        53,
        60,
        13,
        32,
        6,
        5,
        56,
        51,
        8
    ],
    "optimal_solver": "lkh",
    "instance_file_path": "c:\\TSP_ND_ML_Project\\instances\\N70_D5_G1000_grid_4.json",
    "concorde_length": 28397,
    "concorde_time_s": 6.114187900035176,
    "concorde_tour": [
        1,
        2,
        52,
        59,
        37,
        33,
        3,
        50,
        38,
        17,
        20,
        10,
        53,
        60,
        13,
        32,
        6,
        5,
        56,
        51,
        8,
        58,
        45,
        46,
        23,
        25,
        64,
        28,
        14,
        39,
        67,
        11,
        62,
        15,
        65,
        26,
        42,
        19,
        44,
        34,
        18,
        49,
        41,
        55,
        7,
        69,
        30,
        29,
        21,
        43,
        16,
        4,
        40,
        48,
        61,
        12,
        9,
        27,
        68,
        54,
        57,
        70,
        22,
        31,
        66,
        63,
        24,
        36,
        47,
        35
    ],
    "lkh_length": 28397,
    "lkh_time_s": 0.17723920004209504,
    "lkh_tour": [
        58,
        45,
        46,
        23,
        25,
        64,
        28,
        14,
        39,
        67,
        11,
        62,
        15,
        65,
        26,
        42,
        19,
        44,
        34,
        18,
        49,
        41,
        55,
        7,
        69,
        30,
        29,
        21,
        43,
        16,
        4,
        40,
        48,
        61,
        12,
        9,
        27,
        68,
        54,
        57,
        70,
        22,
        31,
        66,
        63,
        24,
        36,
        47,
        35,
        1,
        2,
        52,
        59,
        37,
        33,
        3,
        50,
        38,
        17,
        20,
        10,
        53,
        60,
        13,
        32,
        6,
        5,
        56,
        51,
        8
    ],
    "lkh_gap_pct": 0.0
}