{
    "instance_name": "N70_D3_G10000_pow_12",
    "n_customers": 70,
    "dimension": 3,
    "grid_size": 10000,
    "optimal_cost": 80000,
    "optimal_tour": [
        19,
        44,
        31,
        14,
        12,
        29,
        3,
        26,
        10,
        33,
        15,
        30,
        47,
        65,
        20,
        45,
        24,
        35,
        64,
        62,
        56,
        57,
        25,
        36,
        61,
        59,
        40,
        37,
        55,
        69,
        17,
        63,
        32,
        42,
        46,
        53,
        43,
        49,
        18,
        5,
        22,
        66,
        34,
        11,
        60,
        1,
        39,
        48,
        4,
        70,
        54,
        67,
        23,
        41,
        6,
        50,
        58,
        68,
        38,
        28,
        52,
        2,
        8,
        9,
        51,
        7,
        21,
        13,
        16,
        27
    ],
    "optimal_solver": "lkh",
    "instance_file_path": "c:\\TSP_ND_ML_Project\\instances\\N70_D3_G10000_pow_12.json",
    "concorde_length": 80000,
    "concorde_time_s": 2.6710673000197858,
    "concorde_tour": [
        1,
        18,
        49,
        66,
        60,
        17,
        46,
        63,
        53,
        32,
        43,
        42,
        55,
        69,
        40,
        36,
        37,
        61,
        59,
        25,
        15,
        24,
        20,
        35,
        30,
        45,
        47,
        62,
        64,
        65,
        56,
        57,
        10,
        26,
        29,
        27,
        44,
        33,
        31,
        19,
        3,
        12,
        14,
        16,
        13,
        21,
        2,
        7,
        9,
        8,
        38,
        28,
        68,
        52,
        51,
        23,
        6,
        4,
        41,
        50,
        70,
        54,
        39,
        48,
        58,
        67,
        34,
        11,
        22,
        5
    ],
    "lkh_length": 80000,
    "lkh_time_s": 10.162770199996885,
    "lkh_tour": [
        19,
        44,
        31,
        14,
        12,
        29,
        3,
        26,
        10,
        33,
        15,
        30,
        47,
        65,
        20,
        45,
        24,
        35,
        64,
        62,
        56,
        57,
        25,
        36,
        61,
        59,
        40,
        37,
        55,
        69,
        17,
        63,
        32,
        42,
        46,
        53,
        43,
        49,
        18,
        5,
        22,
        66,
        34,
        11,
        60,
        1,
        39,
        48,
        4,
        70,
        54,
        67,
        23,
        41,
        6,
        50,
        58,
        68,
        38,
        28,
        52,
        2,
        8,
        9,
        51,
        7,
        21,
        13,
        16,
        27
    ],
    "lkh_gap_pct": 0.0
}