{
    "instance_name": "N70_D4_G10000_rand_13",
    "n_customers": 70,
    "dimension": 4,
    "grid_size": 10000,
    "optimal_cost": 210766,
    "optimal_tour": [
        47,
        46,
        67,
        48,
        13,
        45,
        53,
        3,
        18,
        23,
        61,
        35,
        14,
        40,
        51,
        60,
        37,
        30,
        62,
        2,
        8,
        4,
        7,
        22,
        65,
        1,
        28,
        9,
        52,
        43,
        15,
        24,
        33,
        17,
        39,
        38,
        27,
        59,
        64,
        50,
        49,
        34,
        20,
        36,
        19,
        69,
        16,
        58,
        31,
        41,
        54,
        57,
        42,
        26,
        63,
        25,
        44,
        55,
        11,
        12,
        66,
        56,
        10,
        5,
        68,
        6,
        21,
        32,
        29,
        70
    ],
    "optimal_solver": "lkh",
    "instance_file_path": "c:\\TSP_ND_ML_Project\\instances\\N70_D4_G10000_rand_13.json",
    "concorde_length": 210766,
    "concorde_time_s": 4.754447999992408,
    "concorde_tour": [
        1,
        28,
        9,
        52,
        43,
        15,
        24,
        33,
        17,
        39,
        38,
        27,
        59,
        64,
        50,
        49,
        34,
        20,
        36,
        19,
        69,
        16,
        58,
        31,
        41,
        54,
        57,
        42,
        26,
        63,
        25,
        44,
        55,
        11,
        12,
        66,
        56,
        10,
        5,
        68,
        6,
        21,
        32,
        29,
        70,
        47,
        46,
        67,
        48,
        13,
        45,
        53,
        3,
        18,
        23,
        61,
        35,
        14,
        40,
        51,
        60,
        37,
        30,
        62,
        2,
        8,
        4,
        7,
        22,
        65
    ],
    "lkh_length": 210766,
    "lkh_time_s": 0.2595045999623835,
    "lkh_tour": [
        47,
        46,
        67,
        48,
        13,
        45,
        53,
        3,
        18,
        23,
        61,
        35,
        14,
        40,
        51,
        60,
        37,
        30,
        62,
        2,
        8,
        4,
        7,
        22,
        65,
        1,
        28,
        9,
        52,
        43,
        15,
        24,
        33,
        17,
        39,
        38,
        27,
        59,
        64,
        50,
        49,
        34,
        20,
        36,
        19,
        69,
        16,
        58,
        31,
        41,
        54,
        57,
        42,
        26,
        63,
        25,
        44,
        55,
        11,
        12,
        66,
        56,
        10,
        5,
        68,
        6,
        21,
        32,
        29,
        70
    ],
    "lkh_gap_pct": 0.0
}