{
    "instance_name": "N70_D3_G10000_ring_20",
    "n_customers": 70,
    "dimension": 3,
    "grid_size": 10000,
    "optimal_cost": 68660,
    "optimal_tour": [
        9,
        32,
        42,
        36,
        22,
        65,
        66,
        60,
        39,
        17,
        33,
        28,
        61,
        62,
        58,
        14,
        67,
        5,
        44,
        53,
        3,
        12,
        31,
        19,
        4,
        41,
        56,
        57,
        50,
        21,
        23,
        46,
        20,
        52,
        63,
        29,
        30,
        7,
        11,
        38,
        6,
        47,
        64,
        69,
        27,
        48,
        49,
        51,
        10,
        25,
        37,
        18,
        55,
        1,
        8,
        68,
        54,
        34,
        59,
        45,
        35,
        15,
        40,
        43,
        13,
        2,
        26,
        24,
        70,
        16
    ],
    "optimal_solver": "lkh",
    "instance_file_path": "c:\\TSP_ND_ML_Project\\instances\\N70_D3_G10000_ring_20.json",
    "concorde_length": 68660,
    "concorde_time_s": 1.7203700999962166,
    "concorde_tour": [
        1,
        55,
        18,
        37,
        25,
        10,
        51,
        49,
        48,
        27,
        69,
        64,
        47,
        6,
        38,
        11,
        7,
        30,
        29,
        63,
        52,
        20,
        46,
        23,
        21,
        50,
        57,
        56,
        41,
        4,
        19,
        31,
        12,
        3,
        53,
        44,
        5,
        67,
        14,
        58,
        62,
        61,
        28,
        33,
        17,
        39,
        60,
        66,
        65,
        22,
        36,
        42,
        32,
        9,
        16,
        70,
        24,
        26,
        2,
        13,
        43,
        40,
        15,
        35,
        45,
        59,
        34,
        54,
        68,
        8
    ],
    "lkh_length": 68660,
    "lkh_time_s": 0.36803349998081103,
    "lkh_tour": [
        9,
        32,
        42,
        36,
        22,
        65,
        66,
        60,
        39,
        17,
        33,
        28,
        61,
        62,
        58,
        14,
        67,
        5,
        44,
        53,
        3,
        12,
        31,
        19,
        4,
        41,
        56,
        57,
        50,
        21,
        23,
        46,
        20,
        52,
        63,
        29,
        30,
        7,
        11,
        38,
        6,
        47,
        64,
        69,
        27,
        48,
        49,
        51,
        10,
        25,
        37,
        18,
        55,
        1,
        8,
        68,
        54,
        34,
        59,
        45,
        35,
        15,
        40,
        43,
        13,
        2,
        26,
        24,
        70,
        16
    ],
    "lkh_gap_pct": 0.0
}