{
    "instance_name": "N70_D2_G10000_tria_18",
    "n_customers": 70,
    "dimension": 2,
    "grid_size": 10000,
    "optimal_cost": 63852,
    "optimal_tour": [
        28,
        12,
        6,
        15,
        59,
        67,
        8,
        4,
        7,
        11,
        70,
        64,
        40,
        41,
        44,
        54,
        48,
        38,
        69,
        29,
        23,
        25,
        55,
        32,
        19,
        20,
        27,
        62,
        53,
        56,
        52,
        51,
        14,
        26,
        36,
        43,
        42,
        31,
        65,
        68,
        5,
        39,
        61,
        1,
        16,
        18,
        46,
        50,
        57,
        13,
        21,
        24,
        10,
        33,
        30,
        35,
        9,
        63,
        49,
        37,
        22,
        66,
        17,
        34,
        60,
        58,
        47,
        3,
        45,
        2
    ],
    "optimal_solver": "lkh",
    "instance_file_path": "c:\\TSP_ND_ML_Project\\instances\\N70_D2_G10000_tria_18.json",
    "concorde_length": 63852,
    "concorde_time_s": 0.6166961999842897,
    "concorde_tour": [
        1,
        61,
        39,
        5,
        68,
        65,
        31,
        42,
        43,
        36,
        26,
        14,
        51,
        52,
        56,
        53,
        62,
        27,
        20,
        19,
        32,
        55,
        25,
        23,
        29,
        69,
        38,
        48,
        54,
        44,
        41,
        40,
        64,
        70,
        11,
        7,
        4,
        8,
        67,
        59,
        15,
        6,
        12,
        28,
        2,
        45,
        3,
        47,
        58,
        60,
        34,
        17,
        66,
        22,
        37,
        49,
        63,
        9,
        35,
        30,
        33,
        10,
        24,
        21,
        13,
        57,
        50,
        46,
        18,
        16
    ],
    "lkh_length": 63852,
    "lkh_time_s": 0.5166945999953896,
    "lkh_tour": [
        28,
        12,
        6,
        15,
        59,
        67,
        8,
        4,
        7,
        11,
        70,
        64,
        40,
        41,
        44,
        54,
        48,
        38,
        69,
        29,
        23,
        25,
        55,
        32,
        19,
        20,
        27,
        62,
        53,
        56,
        52,
        51,
        14,
        26,
        36,
        43,
        42,
        31,
        65,
        68,
        5,
        39,
        61,
        1,
        16,
        18,
        46,
        50,
        57,
        13,
        21,
        24,
        10,
        33,
        30,
        35,
        9,
        63,
        49,
        37,
        22,
        66,
        17,
        34,
        60,
        58,
        47,
        3,
        45,
        2
    ],
    "lkh_gap_pct": 0.0
}