{
    "instance_name": "N70_D3_G100_clus_3",
    "n_customers": 70,
    "dimension": 3,
    "grid_size": 100,
    "optimal_cost": 503,
    "optimal_tour": [
        15,
        4,
        47,
        41,
        1,
        2,
        19,
        60,
        16,
        52,
        26,
        21,
        57,
        45,
        34,
        31,
        63,
        33,
        23,
        25,
        70,
        44,
        36,
        64,
        30,
        43,
        49,
        6,
        13,
        38,
        11,
        61,
        24,
        18,
        35,
        50,
        27,
        17,
        9,
        40,
        28,
        32,
        59,
        8,
        65,
        53,
        66,
        7,
        67,
        42,
        22,
        51,
        37,
        55,
        68,
        5,
        39,
        12,
        54,
        69,
        46,
        10,
        3,
        20,
        29,
        62,
        58,
        14,
        48,
        56
    ],
    "optimal_solver": "lkh",
    "instance_file_path": "c:\\TSP_ND_ML_Project\\instances\\N70_D3_G100_clus_3.json",
    "concorde_length": 503,
    "concorde_time_s": 1.9496895999764092,
    "concorde_tour": [
        1,
        2,
        19,
        60,
        16,
        52,
        5,
        39,
        68,
        26,
        55,
        37,
        33,
        63,
        66,
        23,
        25,
        70,
        44,
        36,
        64,
        30,
        43,
        49,
        6,
        13,
        38,
        11,
        61,
        24,
        18,
        35,
        50,
        27,
        17,
        9,
        40,
        28,
        32,
        59,
        8,
        53,
        65,
        7,
        67,
        42,
        22,
        51,
        31,
        34,
        45,
        57,
        21,
        12,
        54,
        69,
        46,
        10,
        3,
        20,
        29,
        62,
        58,
        14,
        48,
        56,
        15,
        4,
        47,
        41
    ],
    "lkh_length": 503,
    "lkh_time_s": 0.6904031000449322,
    "lkh_tour": [
        15,
        4,
        47,
        41,
        1,
        2,
        19,
        60,
        16,
        52,
        26,
        21,
        57,
        45,
        34,
        31,
        63,
        33,
        23,
        25,
        70,
        44,
        36,
        64,
        30,
        43,
        49,
        6,
        13,
        38,
        11,
        61,
        24,
        18,
        35,
        50,
        27,
        17,
        9,
        40,
        28,
        32,
        59,
        8,
        65,
        53,
        66,
        7,
        67,
        42,
        22,
        51,
        37,
        55,
        68,
        5,
        39,
        12,
        54,
        69,
        46,
        10,
        3,
        20,
        29,
        62,
        58,
        14,
        48,
        56
    ],
    "lkh_gap_pct": 0.0
}