{
    "instance_name": "N70_D5_G10000_tria_5",
    "n_customers": 70,
    "dimension": 5,
    "grid_size": 10000,
    "optimal_cost": 311528,
    "optimal_tour": [
        23,
        53,
        41,
        33,
        5,
        7,
        56,
        30,
        69,
        55,
        40,
        50,
        68,
        28,
        13,
        36,
        2,
        16,
        49,
        20,
        26,
        43,
        51,
        25,
        62,
        32,
        58,
        52,
        4,
        61,
        17,
        22,
        15,
        8,
        3,
        47,
        6,
        21,
        1,
        11,
        12,
        34,
        59,
        24,
        14,
        27,
        39,
        45,
        46,
        48,
        38,
        66,
        70,
        63,
        65,
        31,
        19,
        67,
        18,
        42,
        64,
        35,
        57,
        9,
        10,
        29,
        54,
        44,
        60,
        37
    ],
    "optimal_solver": "lkh",
    "instance_file_path": "c:\\TSP_ND_ML_Project\\instances\\N70_D5_G10000_tria_5.json",
    "concorde_length": 311528,
    "concorde_time_s": 1.6039060999755748,
    "concorde_tour": [
        1,
        21,
        6,
        47,
        3,
        8,
        15,
        22,
        17,
        61,
        4,
        52,
        58,
        32,
        62,
        25,
        51,
        43,
        26,
        20,
        49,
        16,
        2,
        36,
        13,
        28,
        68,
        50,
        40,
        55,
        69,
        30,
        56,
        7,
        5,
        33,
        41,
        53,
        23,
        37,
        60,
        44,
        54,
        29,
        10,
        9,
        57,
        35,
        64,
        42,
        18,
        67,
        19,
        31,
        65,
        63,
        70,
        66,
        38,
        48,
        46,
        45,
        39,
        27,
        14,
        24,
        59,
        34,
        12,
        11
    ],
    "lkh_length": 311528,
    "lkh_time_s": 0.1154748999979347,
    "lkh_tour": [
        23,
        53,
        41,
        33,
        5,
        7,
        56,
        30,
        69,
        55,
        40,
        50,
        68,
        28,
        13,
        36,
        2,
        16,
        49,
        20,
        26,
        43,
        51,
        25,
        62,
        32,
        58,
        52,
        4,
        61,
        17,
        22,
        15,
        8,
        3,
        47,
        6,
        21,
        1,
        11,
        12,
        34,
        59,
        24,
        14,
        27,
        39,
        45,
        46,
        48,
        38,
        66,
        70,
        63,
        65,
        31,
        19,
        67,
        18,
        42,
        64,
        35,
        57,
        9,
        10,
        29,
        54,
        44,
        60,
        37
    ],
    "lkh_gap_pct": 0.0
}