{
    "instance_name": "N70_D2_G1000_clus_19",
    "n_customers": 70,
    "dimension": 2,
    "grid_size": 1000,
    "optimal_cost": 3648,
    "optimal_tour": [
        21,
        44,
        3,
        9,
        23,
        6,
        2,
        68,
        65,
        12,
        35,
        28,
        61,
        24,
        19,
        31,
        41,
        39,
        69,
        66,
        50,
        1,
        30,
        25,
        58,
        29,
        34,
        64,
        53,
        20,
        55,
        52,
        14,
        32,
        43,
        56,
        54,
        5,
        26,
        17,
        70,
        4,
        59,
        47,
        8,
        11,
        48,
        46,
        45,
        38,
        16,
        40,
        13,
        60,
        10,
        42,
        36,
        15,
        27,
        62,
        67,
        18,
        33,
        22,
        37,
        49,
        51,
        63,
        7,
        57
    ],
    "optimal_solver": "lkh",
    "instance_file_path": "c:\\TSP_ND_ML_Project\\instances\\N70_D2_G1000_clus_19.json",
    "concorde_length": 3648,
    "concorde_time_s": 0.7963476000004448,
    "concorde_tour": [
        1,
        30,
        25,
        58,
        29,
        34,
        64,
        53,
        20,
        55,
        52,
        14,
        32,
        43,
        56,
        54,
        5,
        26,
        17,
        70,
        4,
        59,
        47,
        8,
        11,
        48,
        46,
        45,
        38,
        16,
        40,
        13,
        60,
        10,
        42,
        36,
        15,
        27,
        62,
        67,
        18,
        33,
        22,
        37,
        49,
        51,
        63,
        7,
        57,
        21,
        44,
        3,
        9,
        23,
        6,
        2,
        68,
        65,
        12,
        35,
        28,
        61,
        24,
        19,
        31,
        41,
        39,
        69,
        66,
        50
    ],
    "lkh_length": 3648,
    "lkh_time_s": 0.4585564000008162,
    "lkh_tour": [
        21,
        44,
        3,
        9,
        23,
        6,
        2,
        68,
        65,
        12,
        35,
        28,
        61,
        24,
        19,
        31,
        41,
        39,
        69,
        66,
        50,
        1,
        30,
        25,
        58,
        29,
        34,
        64,
        53,
        20,
        55,
        52,
        14,
        32,
        43,
        56,
        54,
        5,
        26,
        17,
        70,
        4,
        59,
        47,
        8,
        11,
        48,
        46,
        45,
        38,
        16,
        40,
        13,
        60,
        10,
        42,
        36,
        15,
        27,
        62,
        67,
        18,
        33,
        22,
        37,
        49,
        51,
        63,
        7,
        57
    ],
    "lkh_gap_pct": 0.0
}