{
    "instance_name": "N70_D4_G100_ring_16",
    "n_customers": 70,
    "dimension": 4,
    "grid_size": 100,
    "optimal_cost": 1197,
    "optimal_tour": [
        35,
        33,
        41,
        14,
        23,
        32,
        65,
        55,
        1,
        44,
        31,
        51,
        17,
        62,
        20,
        25,
        40,
        42,
        30,
        15,
        39,
        19,
        64,
        34,
        26,
        4,
        10,
        7,
        29,
        52,
        6,
        11,
        18,
        28,
        61,
        49,
        38,
        57,
        58,
        69,
        2,
        70,
        67,
        24,
        9,
        47,
        27,
        59,
        3,
        43,
        36,
        54,
        63,
        48,
        50,
        12,
        68,
        60,
        53,
        13,
        45,
        16,
        56,
        22,
        66,
        46,
        8,
        37,
        21,
        5
    ],
    "optimal_solver": "lkh",
    "instance_file_path": "c:\\TSP_ND_ML_Project\\instances\\N70_D4_G100_ring_16.json",
    "concorde_length": 1197,
    "concorde_time_s": 2.209540800016839,
    "concorde_tour": [
        1,
        44,
        31,
        51,
        17,
        62,
        20,
        25,
        40,
        42,
        30,
        15,
        39,
        19,
        26,
        64,
        34,
        4,
        10,
        7,
        29,
        52,
        6,
        11,
        18,
        28,
        61,
        49,
        38,
        57,
        58,
        69,
        2,
        70,
        67,
        24,
        9,
        47,
        27,
        59,
        3,
        43,
        36,
        54,
        63,
        48,
        50,
        12,
        68,
        60,
        53,
        13,
        45,
        16,
        56,
        22,
        66,
        46,
        8,
        37,
        21,
        5,
        35,
        33,
        41,
        14,
        23,
        32,
        65,
        55
    ],
    "lkh_length": 1197,
    "lkh_time_s": 0.1563427000073716,
    "lkh_tour": [
        35,
        33,
        41,
        14,
        23,
        32,
        65,
        55,
        1,
        44,
        31,
        51,
        17,
        62,
        20,
        25,
        40,
        42,
        30,
        15,
        39,
        19,
        64,
        34,
        26,
        4,
        10,
        7,
        29,
        52,
        6,
        11,
        18,
        28,
        61,
        49,
        38,
        57,
        58,
        69,
        2,
        70,
        67,
        24,
        9,
        47,
        27,
        59,
        3,
        43,
        36,
        54,
        63,
        48,
        50,
        12,
        68,
        60,
        53,
        13,
        45,
        16,
        56,
        22,
        66,
        46,
        8,
        37,
        21,
        5
    ],
    "lkh_gap_pct": 0.0
}