{
    "instance_name": "N70_D2_G10000_grid_11",
    "n_customers": 70,
    "dimension": 2,
    "grid_size": 10000,
    "optimal_cost": 63422,
    "optimal_tour": [
        8,
        45,
        2,
        29,
        5,
        67,
        10,
        4,
        40,
        61,
        7,
        41,
        31,
        12,
        21,
        30,
        15,
        42,
        52,
        60,
        68,
        6,
        14,
        48,
        19,
        13,
        1,
        9,
        34,
        18,
        46,
        66,
        11,
        32,
        70,
        62,
        38,
        24,
        55,
        33,
        59,
        57,
        37,
        49,
        54,
        17,
        16,
        47,
        53,
        43,
        27,
        50,
        22,
        58,
        64,
        3,
        39,
        63,
        25,
        23,
        44,
        28,
        56,
        51,
        20,
        35,
        69,
        36,
        26,
        65
    ],
    "optimal_solver": "lkh",
    "instance_file_path": "c:\\TSP_ND_ML_Project\\instances\\N70_D2_G10000_grid_11.json",
    "concorde_length": 63422,
    "concorde_time_s": 1.9665207999933045,
    "concorde_tour": [
        1,
        9,
        34,
        18,
        46,
        66,
        11,
        32,
        70,
        62,
        38,
        24,
        55,
        33,
        59,
        57,
        37,
        49,
        54,
        17,
        16,
        47,
        53,
        43,
        27,
        50,
        22,
        58,
        64,
        3,
        39,
        63,
        25,
        23,
        44,
        28,
        56,
        51,
        20,
        35,
        69,
        36,
        26,
        65,
        8,
        45,
        2,
        29,
        5,
        67,
        10,
        4,
        40,
        61,
        7,
        41,
        31,
        12,
        21,
        30,
        15,
        42,
        52,
        60,
        68,
        6,
        14,
        48,
        19,
        13
    ],
    "lkh_length": 63422,
    "lkh_time_s": 0.44659320000209846,
    "lkh_tour": [
        8,
        45,
        2,
        29,
        5,
        67,
        10,
        4,
        40,
        61,
        7,
        41,
        31,
        12,
        21,
        30,
        15,
        42,
        52,
        60,
        68,
        6,
        14,
        48,
        19,
        13,
        1,
        9,
        34,
        18,
        46,
        66,
        11,
        32,
        70,
        62,
        38,
        24,
        55,
        33,
        59,
        57,
        37,
        49,
        54,
        17,
        16,
        47,
        53,
        43,
        27,
        50,
        22,
        58,
        64,
        3,
        39,
        63,
        25,
        23,
        44,
        28,
        56,
        51,
        20,
        35,
        69,
        36,
        26,
        65
    ],
    "lkh_gap_pct": 0.0
}