{
    "instance_name": "N70_D4_G1000_ring_15",
    "n_customers": 70,
    "dimension": 4,
    "grid_size": 1000,
    "optimal_cost": 11877,
    "optimal_tour": [
        70,
        14,
        25,
        52,
        31,
        55,
        47,
        1,
        9,
        13,
        20,
        44,
        21,
        50,
        24,
        4,
        27,
        68,
        42,
        69,
        5,
        32,
        2,
        57,
        53,
        3,
        59,
        49,
        34,
        17,
        30,
        8,
        63,
        12,
        33,
        18,
        26,
        36,
        41,
        10,
        16,
        61,
        43,
        46,
        6,
        38,
        22,
        29,
        15,
        35,
        11,
        64,
        60,
        58,
        56,
        37,
        51,
        40,
        19,
        45,
        28,
        65,
        67,
        62,
        7,
        54,
        48,
        23,
        66,
        39
    ],
    "optimal_solver": "lkh",
    "instance_file_path": "c:\\TSP_ND_ML_Project\\instances\\N70_D4_G1000_ring_15.json",
    "concorde_length": 11877,
    "concorde_time_s": 1.393724099965766,
    "concorde_tour": [
        1,
        47,
        55,
        31,
        52,
        25,
        14,
        70,
        39,
        66,
        23,
        48,
        54,
        7,
        62,
        67,
        65,
        28,
        45,
        19,
        40,
        51,
        37,
        56,
        58,
        60,
        64,
        11,
        35,
        15,
        29,
        22,
        38,
        6,
        46,
        43,
        61,
        16,
        10,
        41,
        36,
        26,
        18,
        33,
        12,
        63,
        8,
        30,
        17,
        34,
        49,
        59,
        3,
        57,
        53,
        2,
        32,
        5,
        69,
        42,
        68,
        27,
        4,
        24,
        50,
        21,
        44,
        20,
        13,
        9
    ],
    "lkh_length": 11877,
    "lkh_time_s": 0.20956430002115667,
    "lkh_tour": [
        70,
        14,
        25,
        52,
        31,
        55,
        47,
        1,
        9,
        13,
        20,
        44,
        21,
        50,
        24,
        4,
        27,
        68,
        42,
        69,
        5,
        32,
        2,
        57,
        53,
        3,
        59,
        49,
        34,
        17,
        30,
        8,
        63,
        12,
        33,
        18,
        26,
        36,
        41,
        10,
        16,
        61,
        43,
        46,
        6,
        38,
        22,
        29,
        15,
        35,
        11,
        64,
        60,
        58,
        56,
        37,
        51,
        40,
        19,
        45,
        28,
        65,
        67,
        62,
        7,
        54,
        48,
        23,
        66,
        39
    ],
    "lkh_gap_pct": 0.0
}