{
    "instance_name": "N70_D5_G10000_corn_4",
    "n_customers": 70,
    "dimension": 5,
    "grid_size": 10000,
    "optimal_cost": 295345,
    "optimal_tour": [
        7,
        60,
        53,
        1,
        51,
        63,
        58,
        14,
        29,
        38,
        9,
        55,
        49,
        33,
        3,
        30,
        12,
        6,
        67,
        61,
        32,
        16,
        13,
        69,
        54,
        28,
        22,
        31,
        57,
        62,
        17,
        19,
        5,
        36,
        27,
        42,
        39,
        40,
        26,
        46,
        70,
        68,
        21,
        47,
        41,
        56,
        66,
        35,
        20,
        2,
        25,
        44,
        65,
        48,
        15,
        23,
        52,
        50,
        24,
        8,
        34,
        11,
        10,
        64,
        18,
        59,
        43,
        4,
        45,
        37
    ],
    "optimal_solver": "lkh",
    "instance_file_path": "c:\\TSP_ND_ML_Project\\instances\\N70_D5_G10000_corn_4.json",
    "concorde_length": 295345,
    "concorde_time_s": 1.6282320000464097,
    "concorde_tour": [
        1,
        51,
        63,
        58,
        14,
        29,
        38,
        9,
        55,
        49,
        33,
        3,
        30,
        12,
        6,
        67,
        61,
        32,
        16,
        13,
        69,
        54,
        28,
        22,
        31,
        57,
        62,
        17,
        19,
        5,
        36,
        27,
        42,
        39,
        40,
        26,
        46,
        70,
        68,
        21,
        47,
        41,
        56,
        66,
        35,
        20,
        2,
        25,
        44,
        65,
        48,
        15,
        23,
        52,
        50,
        24,
        8,
        34,
        11,
        10,
        64,
        18,
        59,
        43,
        4,
        45,
        37,
        7,
        60,
        53
    ],
    "lkh_length": 295345,
    "lkh_time_s": 0.6123380999779329,
    "lkh_tour": [
        7,
        60,
        53,
        1,
        51,
        63,
        58,
        14,
        29,
        38,
        9,
        55,
        49,
        33,
        3,
        30,
        12,
        6,
        67,
        61,
        32,
        16,
        13,
        69,
        54,
        28,
        22,
        31,
        57,
        62,
        17,
        19,
        5,
        36,
        27,
        42,
        39,
        40,
        26,
        46,
        70,
        68,
        21,
        47,
        41,
        56,
        66,
        35,
        20,
        2,
        25,
        44,
        65,
        48,
        15,
        23,
        52,
        50,
        24,
        8,
        34,
        11,
        10,
        64,
        18,
        59,
        43,
        4,
        45,
        37
    ],
    "lkh_gap_pct": 0.0
}