{
    "instance_name": "N70_D4_G100_pow_14",
    "n_customers": 70,
    "dimension": 4,
    "grid_size": 100,
    "optimal_cost": 1600,
    "optimal_tour": [
        15,
        7,
        22,
        48,
        37,
        62,
        56,
        13,
        14,
        5,
        31,
        36,
        30,
        50,
        63,
        42,
        8,
        41,
        64,
        12,
        45,
        18,
        9,
        25,
        46,
        32,
        17,
        65,
        43,
        35,
        54,
        49,
        2,
        61,
        53,
        28,
        68,
        47,
        1,
        4,
        44,
        24,
        16,
        69,
        39,
        11,
        38,
        34,
        23,
        27,
        60,
        10,
        19,
        55,
        52,
        66,
        59,
        33,
        6,
        3,
        58,
        26,
        67,
        21,
        40,
        29,
        20,
        57,
        51,
        70
    ],
    "optimal_solver": "lkh",
    "instance_file_path": "c:\\TSP_ND_ML_Project\\instances\\N70_D4_G100_pow_14.json",
    "concorde_length": 1600,
    "concorde_time_s": 1.7515404999721795,
    "concorde_tour": [
        1,
        44,
        4,
        28,
        53,
        61,
        60,
        27,
        11,
        16,
        24,
        69,
        34,
        38,
        39,
        23,
        31,
        13,
        14,
        5,
        7,
        48,
        37,
        22,
        62,
        56,
        15,
        2,
        21,
        67,
        26,
        29,
        40,
        3,
        58,
        55,
        66,
        33,
        6,
        10,
        52,
        59,
        19,
        20,
        57,
        70,
        51,
        50,
        63,
        36,
        30,
        41,
        42,
        8,
        9,
        12,
        25,
        18,
        46,
        45,
        32,
        64,
        65,
        17,
        35,
        43,
        54,
        49,
        47,
        68
    ],
    "lkh_length": 1600,
    "lkh_time_s": 1.2553587000002153,
    "lkh_tour": [
        15,
        7,
        22,
        48,
        37,
        62,
        56,
        13,
        14,
        5,
        31,
        36,
        30,
        50,
        63,
        42,
        8,
        41,
        64,
        12,
        45,
        18,
        9,
        25,
        46,
        32,
        17,
        65,
        43,
        35,
        54,
        49,
        2,
        61,
        53,
        28,
        68,
        47,
        1,
        4,
        44,
        24,
        16,
        69,
        39,
        11,
        38,
        34,
        23,
        27,
        60,
        10,
        19,
        55,
        52,
        66,
        59,
        33,
        6,
        3,
        58,
        26,
        67,
        21,
        40,
        29,
        20,
        57,
        51,
        70
    ],
    "lkh_gap_pct": 0.0
}