{
    "instance_name": "N70_D5_G10000_pow_5",
    "n_customers": 70,
    "dimension": 5,
    "grid_size": 10000,
    "optimal_cost": 274142,
    "optimal_tour": [
        10,
        67,
        39,
        8,
        50,
        66,
        2,
        43,
        53,
        55,
        47,
        56,
        3,
        7,
        33,
        49,
        5,
        35,
        12,
        68,
        26,
        9,
        65,
        54,
        41,
        57,
        36,
        60,
        21,
        52,
        62,
        40,
        15,
        34,
        69,
        16,
        20,
        29,
        46,
        13,
        27,
        64,
        31,
        59,
        11,
        61,
        4,
        63,
        19,
        38,
        14,
        37,
        24,
        6,
        17,
        42,
        22,
        70,
        32,
        44,
        58,
        30,
        1,
        18,
        23,
        45,
        48,
        25,
        51,
        28
    ],
    "optimal_solver": "lkh",
    "instance_file_path": "c:\\TSP_ND_ML_Project\\instances\\N70_D5_G10000_pow_5.json",
    "concorde_length": 274142,
    "concorde_time_s": 1.459252499975264,
    "concorde_tour": [
        1,
        70,
        44,
        32,
        30,
        58,
        61,
        4,
        19,
        63,
        38,
        3,
        56,
        47,
        49,
        7,
        33,
        13,
        16,
        29,
        46,
        20,
        69,
        34,
        35,
        5,
        12,
        68,
        65,
        26,
        9,
        54,
        52,
        57,
        36,
        60,
        62,
        41,
        21,
        15,
        40,
        53,
        55,
        43,
        42,
        37,
        6,
        24,
        17,
        14,
        22,
        2,
        50,
        67,
        8,
        66,
        39,
        48,
        51,
        25,
        28,
        10,
        27,
        11,
        59,
        64,
        31,
        45,
        23,
        18
    ],
    "lkh_length": 274142,
    "lkh_time_s": 8.20232370001031,
    "lkh_tour": [
        10,
        67,
        39,
        8,
        50,
        66,
        2,
        43,
        53,
        55,
        47,
        56,
        3,
        7,
        33,
        49,
        5,
        35,
        12,
        68,
        26,
        9,
        65,
        54,
        41,
        57,
        36,
        60,
        21,
        52,
        62,
        40,
        15,
        34,
        69,
        16,
        20,
        29,
        46,
        13,
        27,
        64,
        31,
        59,
        11,
        61,
        4,
        63,
        19,
        38,
        14,
        37,
        24,
        6,
        17,
        42,
        22,
        70,
        32,
        44,
        58,
        30,
        1,
        18,
        23,
        45,
        48,
        25,
        51,
        28
    ],
    "lkh_gap_pct": 0.0
}