{
    "instance_name": "N70_D4_G1000_ring_5",
    "n_customers": 70,
    "dimension": 4,
    "grid_size": 1000,
    "optimal_cost": 12608,
    "optimal_tour": [
        66,
        65,
        32,
        17,
        18,
        67,
        22,
        47,
        56,
        60,
        16,
        62,
        15,
        26,
        54,
        57,
        24,
        70,
        34,
        29,
        37,
        36,
        42,
        10,
        19,
        58,
        64,
        40,
        21,
        11,
        35,
        30,
        9,
        38,
        55,
        5,
        27,
        1,
        3,
        31,
        23,
        14,
        48,
        51,
        68,
        6,
        45,
        63,
        2,
        49,
        50,
        20,
        39,
        46,
        8,
        25,
        61,
        69,
        41,
        12,
        7,
        4,
        59,
        13,
        52,
        33,
        28,
        43,
        44,
        53
    ],
    "optimal_solver": "lkh",
    "instance_file_path": "c:\\TSP_ND_ML_Project\\instances\\N70_D4_G1000_ring_5.json",
    "concorde_length": 12608,
    "concorde_time_s": 3.3768414999940433,
    "concorde_tour": [
        1,
        3,
        31,
        23,
        14,
        48,
        51,
        68,
        6,
        45,
        63,
        2,
        49,
        50,
        20,
        39,
        46,
        8,
        25,
        61,
        69,
        41,
        12,
        7,
        4,
        59,
        13,
        52,
        33,
        28,
        43,
        44,
        53,
        66,
        65,
        32,
        17,
        18,
        67,
        22,
        47,
        56,
        60,
        16,
        62,
        15,
        26,
        54,
        57,
        24,
        70,
        34,
        29,
        37,
        36,
        42,
        10,
        19,
        58,
        64,
        40,
        21,
        11,
        35,
        30,
        9,
        38,
        55,
        5,
        27
    ],
    "lkh_length": 12608,
    "lkh_time_s": 0.21006399998441339,
    "lkh_tour": [
        66,
        65,
        32,
        17,
        18,
        67,
        22,
        47,
        56,
        60,
        16,
        62,
        15,
        26,
        54,
        57,
        24,
        70,
        34,
        29,
        37,
        36,
        42,
        10,
        19,
        58,
        64,
        40,
        21,
        11,
        35,
        30,
        9,
        38,
        55,
        5,
        27,
        1,
        3,
        31,
        23,
        14,
        48,
        51,
        68,
        6,
        45,
        63,
        2,
        49,
        50,
        20,
        39,
        46,
        8,
        25,
        61,
        69,
        41,
        12,
        7,
        4,
        59,
        13,
        52,
        33,
        28,
        43,
        44,
        53
    ],
    "lkh_gap_pct": 0.0
}