{
    "instance_name": "N70_D5_G1000_ring_7",
    "n_customers": 70,
    "dimension": 5,
    "grid_size": 1000,
    "optimal_cost": 17810,
    "optimal_tour": [
        6,
        69,
        5,
        25,
        48,
        29,
        41,
        36,
        45,
        60,
        33,
        59,
        30,
        66,
        34,
        44,
        21,
        54,
        67,
        16,
        51,
        23,
        47,
        1,
        46,
        53,
        37,
        18,
        68,
        38,
        7,
        2,
        15,
        63,
        31,
        3,
        52,
        4,
        11,
        28,
        9,
        61,
        32,
        22,
        62,
        42,
        10,
        40,
        64,
        50,
        39,
        13,
        49,
        58,
        56,
        14,
        65,
        57,
        55,
        19,
        20,
        43,
        35,
        70,
        27,
        12,
        17,
        26,
        8,
        24
    ],
    "optimal_solver": "lkh",
    "instance_file_path": "c:\\TSP_ND_ML_Project\\instances\\N70_D5_G1000_ring_7.json",
    "concorde_length": 17810,
    "concorde_time_s": 3.2303086000028998,
    "concorde_tour": [
        1,
        47,
        23,
        51,
        16,
        67,
        54,
        21,
        44,
        34,
        66,
        30,
        59,
        33,
        60,
        45,
        36,
        41,
        29,
        48,
        25,
        5,
        69,
        6,
        24,
        8,
        26,
        17,
        12,
        27,
        70,
        35,
        43,
        20,
        19,
        55,
        57,
        65,
        14,
        56,
        58,
        49,
        13,
        39,
        50,
        64,
        40,
        10,
        42,
        62,
        22,
        32,
        61,
        9,
        28,
        11,
        4,
        52,
        3,
        31,
        63,
        15,
        2,
        7,
        38,
        68,
        18,
        37,
        53,
        46
    ],
    "lkh_length": 17810,
    "lkh_time_s": 0.32672750001074746,
    "lkh_tour": [
        6,
        69,
        5,
        25,
        48,
        29,
        41,
        36,
        45,
        60,
        33,
        59,
        30,
        66,
        34,
        44,
        21,
        54,
        67,
        16,
        51,
        23,
        47,
        1,
        46,
        53,
        37,
        18,
        68,
        38,
        7,
        2,
        15,
        63,
        31,
        3,
        52,
        4,
        11,
        28,
        9,
        61,
        32,
        22,
        62,
        42,
        10,
        40,
        64,
        50,
        39,
        13,
        49,
        58,
        56,
        14,
        65,
        57,
        55,
        19,
        20,
        43,
        35,
        70,
        27,
        12,
        17,
        26,
        8,
        24
    ],
    "lkh_gap_pct": 0.0
}