{
    "instance_name": "N70_D3_G100_pow_7",
    "n_customers": 70,
    "dimension": 3,
    "grid_size": 100,
    "optimal_cost": 800,
    "optimal_tour": [
        23,
        8,
        39,
        50,
        3,
        70,
        49,
        41,
        21,
        55,
        58,
        31,
        9,
        15,
        53,
        64,
        13,
        45,
        59,
        51,
        63,
        22,
        66,
        65,
        46,
        33,
        4,
        20,
        57,
        17,
        36,
        11,
        19,
        28,
        34,
        48,
        43,
        62,
        27,
        1,
        26,
        24,
        52,
        67,
        38,
        35,
        32,
        7,
        68,
        5,
        42,
        37,
        14,
        30,
        10,
        47,
        6,
        40,
        29,
        12,
        54,
        16,
        2,
        56,
        60,
        44,
        25,
        18,
        69,
        61
    ],
    "optimal_solver": "lkh",
    "instance_file_path": "c:\\TSP_ND_ML_Project\\instances\\N70_D3_G100_pow_7.json",
    "concorde_length": 800,
    "concorde_time_s": 2.4232457000180148,
    "concorde_tour": [
        1,
        27,
        26,
        62,
        53,
        58,
        64,
        50,
        49,
        55,
        70,
        41,
        15,
        9,
        3,
        21,
        31,
        59,
        66,
        20,
        13,
        17,
        4,
        22,
        33,
        46,
        45,
        63,
        57,
        65,
        51,
        28,
        11,
        34,
        36,
        19,
        48,
        10,
        30,
        6,
        14,
        47,
        40,
        37,
        29,
        54,
        25,
        16,
        2,
        12,
        18,
        44,
        69,
        56,
        60,
        61,
        8,
        23,
        39,
        38,
        68,
        52,
        42,
        67,
        35,
        24,
        7,
        5,
        32,
        43
    ],
    "lkh_length": 800,
    "lkh_time_s": 5.876026000012644,
    "lkh_tour": [
        23,
        8,
        39,
        50,
        3,
        70,
        49,
        41,
        21,
        55,
        58,
        31,
        9,
        15,
        53,
        64,
        13,
        45,
        59,
        51,
        63,
        22,
        66,
        65,
        46,
        33,
        4,
        20,
        57,
        17,
        36,
        11,
        19,
        28,
        34,
        48,
        43,
        62,
        27,
        1,
        26,
        24,
        52,
        67,
        38,
        35,
        32,
        7,
        68,
        5,
        42,
        37,
        14,
        30,
        10,
        47,
        6,
        40,
        29,
        12,
        54,
        16,
        2,
        56,
        60,
        44,
        25,
        18,
        69,
        61
    ],
    "lkh_gap_pct": 0.0
}