{
    "instance_name": "N70_D2_G1000_norm_20",
    "n_customers": 70,
    "dimension": 2,
    "grid_size": 1000,
    "optimal_cost": 4735,
    "optimal_tour": [
        64,
        55,
        8,
        35,
        69,
        28,
        56,
        18,
        65,
        16,
        70,
        46,
        66,
        52,
        5,
        38,
        1,
        33,
        44,
        68,
        47,
        54,
        58,
        25,
        57,
        62,
        63,
        40,
        43,
        50,
        20,
        34,
        6,
        32,
        51,
        53,
        24,
        59,
        60,
        19,
        9,
        14,
        61,
        31,
        22,
        17,
        11,
        30,
        42,
        45,
        29,
        48,
        12,
        27,
        10,
        36,
        4,
        21,
        3,
        13,
        37,
        15,
        41,
        2,
        67,
        49,
        26,
        7,
        39,
        23
    ],
    "optimal_solver": "lkh",
    "instance_file_path": "c:\\TSP_ND_ML_Project\\instances\\N70_D2_G1000_norm_20.json",
    "concorde_length": 4735,
    "concorde_time_s": 1.873944599996321,
    "concorde_tour": [
        1,
        38,
        5,
        52,
        66,
        46,
        70,
        16,
        65,
        18,
        56,
        28,
        69,
        35,
        8,
        55,
        64,
        23,
        39,
        7,
        26,
        49,
        67,
        2,
        41,
        15,
        37,
        13,
        3,
        21,
        4,
        36,
        10,
        27,
        12,
        48,
        29,
        45,
        42,
        30,
        11,
        17,
        22,
        31,
        61,
        14,
        9,
        19,
        60,
        59,
        24,
        53,
        51,
        32,
        6,
        34,
        20,
        50,
        43,
        40,
        63,
        62,
        57,
        25,
        58,
        54,
        47,
        68,
        44,
        33
    ],
    "lkh_length": 4735,
    "lkh_time_s": 0.502314799989108,
    "lkh_tour": [
        64,
        55,
        8,
        35,
        69,
        28,
        56,
        18,
        65,
        16,
        70,
        46,
        66,
        52,
        5,
        38,
        1,
        33,
        44,
        68,
        47,
        54,
        58,
        25,
        57,
        62,
        63,
        40,
        43,
        50,
        20,
        34,
        6,
        32,
        51,
        53,
        24,
        59,
        60,
        19,
        9,
        14,
        61,
        31,
        22,
        17,
        11,
        30,
        42,
        45,
        29,
        48,
        12,
        27,
        10,
        36,
        4,
        21,
        3,
        13,
        37,
        15,
        41,
        2,
        67,
        49,
        26,
        7,
        39,
        23
    ],
    "lkh_gap_pct": 0.0
}