{
    "instance_name": "N70_D5_G1000_ring_11",
    "n_customers": 70,
    "dimension": 5,
    "grid_size": 1000,
    "optimal_cost": 17983,
    "optimal_tour": [
        17,
        38,
        49,
        16,
        8,
        67,
        1,
        14,
        44,
        31,
        55,
        15,
        25,
        46,
        7,
        13,
        30,
        20,
        10,
        54,
        41,
        18,
        68,
        6,
        62,
        2,
        66,
        52,
        35,
        65,
        33,
        12,
        9,
        34,
        21,
        23,
        60,
        37,
        32,
        63,
        4,
        48,
        56,
        36,
        51,
        70,
        11,
        47,
        39,
        5,
        45,
        59,
        29,
        24,
        40,
        64,
        57,
        3,
        22,
        26,
        61,
        27,
        50,
        19,
        43,
        28,
        58,
        42,
        53,
        69
    ],
    "optimal_solver": "lkh",
    "instance_file_path": "c:\\TSP_ND_ML_Project\\instances\\N70_D5_G1000_ring_11.json",
    "concorde_length": 17983,
    "concorde_time_s": 2.6153960000374354,
    "concorde_tour": [
        1,
        67,
        8,
        16,
        49,
        38,
        17,
        69,
        53,
        42,
        58,
        28,
        43,
        19,
        50,
        27,
        61,
        26,
        22,
        3,
        57,
        64,
        40,
        24,
        29,
        59,
        45,
        5,
        39,
        47,
        11,
        70,
        51,
        36,
        56,
        48,
        4,
        63,
        32,
        37,
        60,
        23,
        21,
        34,
        9,
        12,
        33,
        65,
        35,
        52,
        66,
        2,
        62,
        6,
        68,
        18,
        41,
        54,
        10,
        20,
        30,
        13,
        7,
        46,
        25,
        15,
        55,
        31,
        44,
        14
    ],
    "lkh_length": 17983,
    "lkh_time_s": 0.2175105000496842,
    "lkh_tour": [
        17,
        38,
        49,
        16,
        8,
        67,
        1,
        14,
        44,
        31,
        55,
        15,
        25,
        46,
        7,
        13,
        30,
        20,
        10,
        54,
        41,
        18,
        68,
        6,
        62,
        2,
        66,
        52,
        35,
        65,
        33,
        12,
        9,
        34,
        21,
        23,
        60,
        37,
        32,
        63,
        4,
        48,
        56,
        36,
        51,
        70,
        11,
        47,
        39,
        5,
        45,
        59,
        29,
        24,
        40,
        64,
        57,
        3,
        22,
        26,
        61,
        27,
        50,
        19,
        43,
        28,
        58,
        42,
        53,
        69
    ],
    "lkh_gap_pct": 0.0
}