{
    "instance_name": "N70_D4_G10000_tria_16",
    "n_customers": 70,
    "dimension": 4,
    "grid_size": 10000,
    "optimal_cost": 223689,
    "optimal_tour": [
        42,
        53,
        12,
        10,
        21,
        55,
        46,
        60,
        20,
        16,
        43,
        14,
        1,
        8,
        41,
        4,
        44,
        19,
        9,
        65,
        61,
        49,
        11,
        5,
        57,
        40,
        51,
        62,
        34,
        70,
        37,
        35,
        33,
        48,
        6,
        63,
        25,
        29,
        36,
        54,
        45,
        69,
        24,
        23,
        13,
        52,
        64,
        38,
        18,
        26,
        30,
        66,
        22,
        59,
        50,
        56,
        31,
        27,
        47,
        58,
        7,
        2,
        15,
        68,
        3,
        67,
        17,
        39,
        32,
        28
    ],
    "optimal_solver": "lkh",
    "instance_file_path": "c:\\TSP_ND_ML_Project\\instances\\N70_D4_G10000_tria_16.json",
    "concorde_length": 223689,
    "concorde_time_s": 1.86049799999455,
    "concorde_tour": [
        1,
        8,
        41,
        4,
        44,
        19,
        9,
        65,
        61,
        49,
        11,
        5,
        57,
        40,
        51,
        62,
        34,
        70,
        37,
        35,
        33,
        48,
        6,
        63,
        25,
        29,
        36,
        54,
        45,
        69,
        24,
        23,
        13,
        52,
        64,
        38,
        18,
        26,
        30,
        66,
        22,
        59,
        50,
        56,
        31,
        27,
        47,
        58,
        7,
        2,
        15,
        68,
        3,
        67,
        17,
        39,
        32,
        28,
        42,
        53,
        12,
        10,
        21,
        55,
        46,
        60,
        20,
        16,
        43,
        14
    ],
    "lkh_length": 223689,
    "lkh_time_s": 0.14589789998717606,
    "lkh_tour": [
        42,
        53,
        12,
        10,
        21,
        55,
        46,
        60,
        20,
        16,
        43,
        14,
        1,
        8,
        41,
        4,
        44,
        19,
        9,
        65,
        61,
        49,
        11,
        5,
        57,
        40,
        51,
        62,
        34,
        70,
        37,
        35,
        33,
        48,
        6,
        63,
        25,
        29,
        36,
        54,
        45,
        69,
        24,
        23,
        13,
        52,
        64,
        38,
        18,
        26,
        30,
        66,
        22,
        59,
        50,
        56,
        31,
        27,
        47,
        58,
        7,
        2,
        15,
        68,
        3,
        67,
        17,
        39,
        32,
        28
    ],
    "lkh_gap_pct": 0.0
}