{
    "instance_name": "N70_D4_G1000_norm_20",
    "n_customers": 70,
    "dimension": 4,
    "grid_size": 1000,
    "optimal_cost": 12864,
    "optimal_tour": [
        41,
        22,
        15,
        34,
        14,
        30,
        43,
        9,
        19,
        65,
        16,
        37,
        31,
        39,
        12,
        42,
        57,
        17,
        62,
        40,
        35,
        55,
        54,
        7,
        4,
        69,
        2,
        56,
        27,
        50,
        1,
        10,
        3,
        18,
        36,
        11,
        24,
        21,
        8,
        70,
        6,
        49,
        58,
        46,
        5,
        23,
        48,
        13,
        64,
        33,
        45,
        52,
        59,
        60,
        63,
        25,
        53,
        32,
        29,
        26,
        44,
        47,
        68,
        38,
        61,
        67,
        28,
        20,
        66,
        51
    ],
    "optimal_solver": "lkh",
    "instance_file_path": "c:\\TSP_ND_ML_Project\\instances\\N70_D4_G1000_norm_20.json",
    "concorde_length": 12864,
    "concorde_time_s": 1.5573162999935448,
    "concorde_tour": [
        1,
        50,
        27,
        56,
        2,
        69,
        4,
        7,
        54,
        55,
        35,
        40,
        62,
        17,
        57,
        42,
        12,
        39,
        31,
        37,
        16,
        65,
        19,
        9,
        43,
        30,
        14,
        34,
        15,
        22,
        41,
        51,
        66,
        20,
        28,
        67,
        61,
        38,
        68,
        47,
        44,
        26,
        29,
        32,
        53,
        25,
        63,
        60,
        59,
        52,
        45,
        33,
        64,
        13,
        48,
        23,
        5,
        46,
        58,
        49,
        6,
        70,
        8,
        21,
        24,
        11,
        36,
        18,
        3,
        10
    ],
    "lkh_length": 12864,
    "lkh_time_s": 0.16215550003107637,
    "lkh_tour": [
        41,
        22,
        15,
        34,
        14,
        30,
        43,
        9,
        19,
        65,
        16,
        37,
        31,
        39,
        12,
        42,
        57,
        17,
        62,
        40,
        35,
        55,
        54,
        7,
        4,
        69,
        2,
        56,
        27,
        50,
        1,
        10,
        3,
        18,
        36,
        11,
        24,
        21,
        8,
        70,
        6,
        49,
        58,
        46,
        5,
        23,
        48,
        13,
        64,
        33,
        45,
        52,
        59,
        60,
        63,
        25,
        53,
        32,
        29,
        26,
        44,
        47,
        68,
        38,
        61,
        67,
        28,
        20,
        66,
        51
    ],
    "lkh_gap_pct": 0.0
}