{
    "instance_name": "N70_D4_G100_pow_6",
    "n_customers": 70,
    "dimension": 4,
    "grid_size": 100,
    "optimal_cost": 1600,
    "optimal_tour": [
        16,
        33,
        66,
        60,
        70,
        28,
        10,
        39,
        13,
        5,
        48,
        4,
        30,
        59,
        25,
        56,
        1,
        36,
        38,
        69,
        2,
        54,
        19,
        29,
        49,
        41,
        31,
        61,
        62,
        45,
        24,
        9,
        18,
        14,
        11,
        22,
        37,
        64,
        3,
        27,
        50,
        53,
        32,
        21,
        8,
        51,
        34,
        23,
        12,
        26,
        67,
        15,
        58,
        44,
        52,
        63,
        55,
        17,
        47,
        65,
        46,
        68,
        40,
        57,
        7,
        6,
        20,
        43,
        42,
        35
    ],
    "optimal_solver": "lkh",
    "instance_file_path": "c:\\TSP_ND_ML_Project\\instances\\N70_D4_G100_pow_6.json",
    "concorde_length": 1600,
    "concorde_time_s": 2.254272599995602,
    "concorde_tour": [
        1,
        5,
        25,
        59,
        48,
        30,
        13,
        4,
        10,
        39,
        28,
        29,
        49,
        41,
        31,
        61,
        66,
        70,
        33,
        16,
        60,
        35,
        8,
        51,
        21,
        32,
        50,
        53,
        37,
        27,
        3,
        64,
        22,
        26,
        12,
        34,
        23,
        20,
        57,
        7,
        43,
        42,
        6,
        18,
        9,
        24,
        62,
        45,
        11,
        14,
        19,
        54,
        52,
        68,
        63,
        47,
        40,
        17,
        44,
        46,
        55,
        65,
        67,
        58,
        15,
        38,
        2,
        69,
        36,
        56
    ],
    "lkh_length": 1600,
    "lkh_time_s": 0.7770348999765702,
    "lkh_tour": [
        16,
        33,
        66,
        60,
        70,
        28,
        10,
        39,
        13,
        5,
        48,
        4,
        30,
        59,
        25,
        56,
        1,
        36,
        38,
        69,
        2,
        54,
        19,
        29,
        49,
        41,
        31,
        61,
        62,
        45,
        24,
        9,
        18,
        14,
        11,
        22,
        37,
        64,
        3,
        27,
        50,
        53,
        32,
        21,
        8,
        51,
        34,
        23,
        12,
        26,
        67,
        15,
        58,
        44,
        52,
        63,
        55,
        17,
        47,
        65,
        46,
        68,
        40,
        57,
        7,
        6,
        20,
        43,
        42,
        35
    ],
    "lkh_gap_pct": 0.0
}