{
    "instance_name": "N70_D4_G100_grid_1",
    "n_customers": 70,
    "dimension": 4,
    "grid_size": 100,
    "optimal_cost": 2131,
    "optimal_tour": [
        49,
        68,
        13,
        47,
        26,
        30,
        19,
        25,
        69,
        60,
        44,
        28,
        58,
        1,
        33,
        41,
        39,
        37,
        23,
        29,
        27,
        21,
        31,
        15,
        9,
        53,
        24,
        67,
        7,
        43,
        38,
        55,
        63,
        32,
        45,
        5,
        11,
        65,
        2,
        64,
        48,
        51,
        61,
        3,
        36,
        54,
        10,
        20,
        12,
        4,
        46,
        66,
        16,
        17,
        8,
        34,
        59,
        35,
        50,
        62,
        40,
        57,
        70,
        56,
        14,
        18,
        22,
        52,
        42,
        6
    ],
    "optimal_solver": "lkh",
    "instance_file_path": "c:\\TSP_ND_ML_Project\\instances\\N70_D4_G100_grid_1.json",
    "concorde_length": 2131,
    "concorde_time_s": 4.8588073999853805,
    "concorde_tour": [
        1,
        58,
        28,
        44,
        60,
        69,
        25,
        19,
        30,
        26,
        47,
        13,
        68,
        49,
        56,
        14,
        18,
        22,
        52,
        42,
        6,
        70,
        57,
        40,
        62,
        50,
        35,
        59,
        34,
        8,
        17,
        16,
        66,
        46,
        4,
        12,
        20,
        10,
        54,
        36,
        3,
        61,
        51,
        48,
        64,
        2,
        65,
        11,
        5,
        45,
        32,
        63,
        55,
        38,
        43,
        7,
        67,
        24,
        53,
        9,
        15,
        31,
        21,
        27,
        29,
        23,
        37,
        39,
        41,
        33
    ],
    "lkh_length": 2131,
    "lkh_time_s": 0.6573241000296548,
    "lkh_tour": [
        49,
        68,
        13,
        47,
        26,
        30,
        19,
        25,
        69,
        60,
        44,
        28,
        58,
        1,
        33,
        41,
        39,
        37,
        23,
        29,
        27,
        21,
        31,
        15,
        9,
        53,
        24,
        67,
        7,
        43,
        38,
        55,
        63,
        32,
        45,
        5,
        11,
        65,
        2,
        64,
        48,
        51,
        61,
        3,
        36,
        54,
        10,
        20,
        12,
        4,
        46,
        66,
        16,
        17,
        8,
        34,
        59,
        35,
        50,
        62,
        40,
        57,
        70,
        56,
        14,
        18,
        22,
        52,
        42,
        6
    ],
    "lkh_gap_pct": 0.0
}