{
    "instance_name": "N80_D2_G100_norm_14",
    "n_customers": 80,
    "dimension": 2,
    "grid_size": 100,
    "optimal_cost": 527,
    "optimal_tour": [
        34,
        71,
        46,
        17,
        63,
        64,
        48,
        76,
        1,
        30,
        67,
        65,
        10,
        54,
        72,
        23,
        26,
        9,
        2,
        77,
        75,
        66,
        14,
        61,
        22,
        20,
        38,
        27,
        78,
        5,
        18,
        73,
        49,
        45,
        12,
        62,
        24,
        58,
        28,
        36,
        50,
        15,
        40,
        44,
        6,
        7,
        35,
        43,
        47,
        31,
        16,
        57,
        32,
        11,
        39,
        42,
        55,
        70,
        51,
        4,
        60,
        33,
        3,
        8,
        79,
        80,
        37,
        25,
        74,
        13,
        68,
        53,
        56,
        59,
        69,
        41,
        52,
        21,
        29,
        19
    ],
    "optimal_solver": "lkh",
    "instance_file_path": "c:\\TSP_ND_ML_Project\\instances\\N80_D2_G100_norm_14.json",
    "concorde_length": 527,
    "concorde_time_s": 0.7548451000184286,
    "concorde_tour": [
        1,
        76,
        48,
        64,
        63,
        17,
        46,
        71,
        34,
        19,
        29,
        21,
        52,
        41,
        69,
        59,
        56,
        53,
        68,
        13,
        74,
        25,
        37,
        80,
        79,
        8,
        3,
        33,
        60,
        4,
        51,
        70,
        55,
        42,
        39,
        36,
        11,
        57,
        32,
        16,
        31,
        47,
        43,
        35,
        7,
        6,
        44,
        40,
        15,
        50,
        28,
        58,
        24,
        62,
        12,
        45,
        49,
        73,
        18,
        5,
        78,
        27,
        38,
        20,
        22,
        61,
        14,
        66,
        75,
        77,
        2,
        9,
        26,
        23,
        72,
        54,
        10,
        65,
        67,
        30
    ],
    "lkh_length": 527,
    "lkh_time_s": 0.3947333000251092,
    "lkh_tour": [
        34,
        71,
        46,
        17,
        63,
        64,
        48,
        76,
        1,
        30,
        67,
        65,
        10,
        54,
        72,
        23,
        26,
        9,
        2,
        77,
        75,
        66,
        14,
        61,
        22,
        20,
        38,
        27,
        78,
        5,
        18,
        73,
        49,
        45,
        12,
        62,
        24,
        58,
        28,
        36,
        50,
        15,
        40,
        44,
        6,
        7,
        35,
        43,
        47,
        31,
        16,
        57,
        32,
        11,
        39,
        42,
        55,
        70,
        51,
        4,
        60,
        33,
        3,
        8,
        79,
        80,
        37,
        25,
        74,
        13,
        68,
        53,
        56,
        59,
        69,
        41,
        52,
        21,
        29,
        19
    ],
    "lkh_gap_pct": 0.0
}