{
    "instance_name": "N80_D2_G1000_corn_15",
    "n_customers": 80,
    "dimension": 2,
    "grid_size": 1000,
    "optimal_cost": 4156,
    "optimal_tour": [
        31,
        69,
        33,
        42,
        15,
        52,
        28,
        67,
        22,
        12,
        58,
        10,
        20,
        35,
        2,
        39,
        21,
        62,
        30,
        49,
        53,
        3,
        48,
        54,
        14,
        80,
        13,
        9,
        72,
        47,
        59,
        61,
        8,
        27,
        63,
        50,
        74,
        55,
        11,
        46,
        73,
        71,
        75,
        60,
        66,
        44,
        76,
        41,
        43,
        56,
        57,
        29,
        18,
        65,
        38,
        51,
        40,
        17,
        70,
        79,
        24,
        64,
        78,
        7,
        36,
        23,
        68,
        25,
        1,
        6,
        45,
        37,
        77,
        5,
        32,
        26,
        16,
        34,
        19,
        4
    ],
    "optimal_solver": "lkh",
    "instance_file_path": "c:\\TSP_ND_ML_Project\\instances\\N80_D2_G1000_corn_15.json",
    "concorde_length": 4156,
    "concorde_time_s": 1.2103975999925751,
    "concorde_tour": [
        1,
        6,
        45,
        37,
        5,
        77,
        32,
        26,
        34,
        16,
        4,
        19,
        31,
        69,
        33,
        42,
        15,
        52,
        28,
        67,
        22,
        12,
        58,
        35,
        10,
        20,
        39,
        2,
        21,
        62,
        30,
        49,
        53,
        3,
        48,
        54,
        14,
        80,
        13,
        9,
        72,
        63,
        74,
        59,
        47,
        61,
        50,
        27,
        55,
        8,
        11,
        46,
        73,
        71,
        75,
        60,
        66,
        44,
        76,
        41,
        43,
        56,
        38,
        18,
        29,
        57,
        51,
        65,
        40,
        17,
        70,
        79,
        24,
        64,
        78,
        7,
        23,
        36,
        68,
        25
    ],
    "lkh_length": 4156,
    "lkh_time_s": 2.140323500003433,
    "lkh_tour": [
        31,
        69,
        33,
        42,
        15,
        52,
        28,
        67,
        22,
        12,
        58,
        10,
        20,
        35,
        2,
        39,
        21,
        62,
        30,
        49,
        53,
        3,
        48,
        54,
        14,
        80,
        13,
        9,
        72,
        47,
        59,
        61,
        8,
        27,
        63,
        50,
        74,
        55,
        11,
        46,
        73,
        71,
        75,
        60,
        66,
        44,
        76,
        41,
        43,
        56,
        57,
        29,
        18,
        65,
        38,
        51,
        40,
        17,
        70,
        79,
        24,
        64,
        78,
        7,
        36,
        23,
        68,
        25,
        1,
        6,
        45,
        37,
        77,
        5,
        32,
        26,
        16,
        34,
        19,
        4
    ],
    "lkh_gap_pct": 0.0
}