{
    "instance_name": "N80_D3_G10000_pow_15",
    "n_customers": 80,
    "dimension": 3,
    "grid_size": 10000,
    "optimal_cost": 80000,
    "optimal_tour": [
        63,
        41,
        25,
        45,
        7,
        35,
        10,
        74,
        53,
        4,
        54,
        34,
        36,
        30,
        8,
        51,
        13,
        62,
        28,
        18,
        67,
        76,
        77,
        12,
        11,
        3,
        75,
        9,
        80,
        52,
        78,
        16,
        79,
        58,
        73,
        44,
        56,
        17,
        29,
        22,
        27,
        64,
        21,
        42,
        1,
        31,
        20,
        5,
        2,
        66,
        39,
        68,
        65,
        38,
        59,
        48,
        24,
        55,
        71,
        14,
        70,
        46,
        40,
        60,
        15,
        6,
        61,
        43,
        26,
        23,
        50,
        72,
        19,
        47,
        69,
        49,
        32,
        33,
        57,
        37
    ],
    "optimal_solver": "lkh",
    "instance_file_path": "c:\\TSP_ND_ML_Project\\instances\\N80_D3_G10000_pow_15.json",
    "concorde_length": 80000,
    "concorde_time_s": 3.0988863999955356,
    "concorde_tour": [
        1,
        21,
        31,
        49,
        32,
        47,
        69,
        72,
        57,
        37,
        50,
        33,
        19,
        26,
        23,
        7,
        35,
        25,
        53,
        63,
        41,
        74,
        45,
        10,
        8,
        28,
        51,
        34,
        13,
        30,
        4,
        62,
        54,
        36,
        70,
        71,
        61,
        60,
        43,
        14,
        46,
        15,
        6,
        40,
        68,
        48,
        66,
        59,
        65,
        55,
        38,
        2,
        20,
        5,
        24,
        39,
        12,
        75,
        77,
        3,
        11,
        67,
        18,
        76,
        44,
        9,
        52,
        79,
        80,
        78,
        58,
        16,
        56,
        73,
        27,
        29,
        64,
        42,
        22,
        17
    ],
    "lkh_length": 80000,
    "lkh_time_s": 7.587275099998806,
    "lkh_tour": [
        63,
        41,
        25,
        45,
        7,
        35,
        10,
        74,
        53,
        4,
        54,
        34,
        36,
        30,
        8,
        51,
        13,
        62,
        28,
        18,
        67,
        76,
        77,
        12,
        11,
        3,
        75,
        9,
        80,
        52,
        78,
        16,
        79,
        58,
        73,
        44,
        56,
        17,
        29,
        22,
        27,
        64,
        21,
        42,
        1,
        31,
        20,
        5,
        2,
        66,
        39,
        68,
        65,
        38,
        59,
        48,
        24,
        55,
        71,
        14,
        70,
        46,
        40,
        60,
        15,
        6,
        61,
        43,
        26,
        23,
        50,
        72,
        19,
        47,
        69,
        49,
        32,
        33,
        57,
        37
    ],
    "lkh_gap_pct": 0.0
}