{
    "instance_name": "N80_D3_G100_ring_17",
    "n_customers": 80,
    "dimension": 3,
    "grid_size": 100,
    "optimal_cost": 751,
    "optimal_tour": [
        27,
        78,
        64,
        62,
        80,
        76,
        47,
        33,
        7,
        72,
        14,
        69,
        36,
        25,
        50,
        77,
        39,
        63,
        61,
        52,
        37,
        23,
        32,
        11,
        56,
        60,
        34,
        21,
        4,
        3,
        48,
        59,
        2,
        18,
        5,
        53,
        66,
        9,
        29,
        12,
        42,
        24,
        35,
        22,
        43,
        28,
        71,
        51,
        26,
        46,
        1,
        6,
        30,
        54,
        67,
        40,
        70,
        17,
        58,
        31,
        41,
        68,
        73,
        38,
        49,
        65,
        74,
        10,
        44,
        15,
        45,
        20,
        57,
        13,
        19,
        79,
        16,
        8,
        55,
        75
    ],
    "optimal_solver": "lkh",
    "instance_file_path": "c:\\TSP_ND_ML_Project\\instances\\N80_D3_G100_ring_17.json",
    "concorde_length": 751,
    "concorde_time_s": 1.6299138000467792,
    "concorde_tour": [
        1,
        6,
        30,
        54,
        67,
        40,
        70,
        17,
        58,
        31,
        41,
        68,
        73,
        38,
        49,
        65,
        74,
        10,
        44,
        15,
        45,
        20,
        57,
        13,
        19,
        79,
        16,
        8,
        55,
        75,
        27,
        78,
        64,
        62,
        72,
        14,
        7,
        80,
        33,
        47,
        76,
        69,
        36,
        25,
        50,
        77,
        39,
        63,
        61,
        52,
        37,
        23,
        32,
        11,
        56,
        60,
        34,
        21,
        4,
        3,
        48,
        59,
        2,
        18,
        53,
        5,
        66,
        9,
        29,
        12,
        42,
        24,
        35,
        22,
        43,
        28,
        71,
        51,
        26,
        46
    ],
    "lkh_length": 751,
    "lkh_time_s": 0.9198508000117727,
    "lkh_tour": [
        27,
        78,
        64,
        62,
        80,
        76,
        47,
        33,
        7,
        72,
        14,
        69,
        36,
        25,
        50,
        77,
        39,
        63,
        61,
        52,
        37,
        23,
        32,
        11,
        56,
        60,
        34,
        21,
        4,
        3,
        48,
        59,
        2,
        18,
        5,
        53,
        66,
        9,
        29,
        12,
        42,
        24,
        35,
        22,
        43,
        28,
        71,
        51,
        26,
        46,
        1,
        6,
        30,
        54,
        67,
        40,
        70,
        17,
        58,
        31,
        41,
        68,
        73,
        38,
        49,
        65,
        74,
        10,
        44,
        15,
        45,
        20,
        57,
        13,
        19,
        79,
        16,
        8,
        55,
        75
    ],
    "lkh_gap_pct": 0.0
}