{
    "instance_name": "N80_D4_G100_pow_9",
    "n_customers": 80,
    "dimension": 4,
    "grid_size": 100,
    "optimal_cost": 1600,
    "optimal_tour": [
        22,
        8,
        50,
        44,
        75,
        67,
        61,
        47,
        13,
        6,
        11,
        46,
        73,
        49,
        62,
        58,
        7,
        43,
        65,
        9,
        79,
        53,
        70,
        57,
        29,
        63,
        56,
        74,
        68,
        10,
        78,
        26,
        12,
        40,
        60,
        52,
        45,
        14,
        31,
        37,
        77,
        32,
        71,
        35,
        51,
        38,
        33,
        25,
        5,
        42,
        21,
        1,
        15,
        24,
        4,
        18,
        17,
        3,
        80,
        23,
        66,
        64,
        20,
        28,
        34,
        39,
        48,
        27,
        36,
        69,
        76,
        19,
        59,
        30,
        54,
        2,
        16,
        41,
        72,
        55
    ],
    "optimal_solver": "lkh",
    "instance_file_path": "c:\\TSP_ND_ML_Project\\instances\\N80_D4_G100_pow_9.json",
    "concorde_length": 1600,
    "concorde_time_s": 1.8643301000120118,
    "concorde_tour": [
        1,
        21,
        35,
        5,
        32,
        25,
        33,
        38,
        71,
        51,
        59,
        19,
        30,
        23,
        4,
        66,
        80,
        18,
        3,
        17,
        22,
        55,
        10,
        40,
        78,
        26,
        60,
        12,
        68,
        37,
        52,
        14,
        31,
        77,
        45,
        41,
        2,
        16,
        72,
        54,
        61,
        47,
        67,
        13,
        8,
        44,
        75,
        50,
        48,
        36,
        20,
        28,
        27,
        34,
        39,
        64,
        76,
        69,
        62,
        49,
        43,
        58,
        7,
        11,
        46,
        6,
        73,
        70,
        56,
        29,
        63,
        53,
        57,
        74,
        79,
        9,
        65,
        15,
        42,
        24
    ],
    "lkh_length": 1600,
    "lkh_time_s": 1.3144303999724798,
    "lkh_tour": [
        22,
        8,
        50,
        44,
        75,
        67,
        61,
        47,
        13,
        6,
        11,
        46,
        73,
        49,
        62,
        58,
        7,
        43,
        65,
        9,
        79,
        53,
        70,
        57,
        29,
        63,
        56,
        74,
        68,
        10,
        78,
        26,
        12,
        40,
        60,
        52,
        45,
        14,
        31,
        37,
        77,
        32,
        71,
        35,
        51,
        38,
        33,
        25,
        5,
        42,
        21,
        1,
        15,
        24,
        4,
        18,
        17,
        3,
        80,
        23,
        66,
        64,
        20,
        28,
        34,
        39,
        48,
        27,
        36,
        69,
        76,
        19,
        59,
        30,
        54,
        2,
        16,
        41,
        72,
        55
    ],
    "lkh_gap_pct": 0.0
}