{
    "instance_name": "N80_D3_G1000_corn_2",
    "n_customers": 80,
    "dimension": 3,
    "grid_size": 1000,
    "optimal_cost": 8648,
    "optimal_tour": [
        79,
        28,
        63,
        20,
        44,
        42,
        45,
        52,
        60,
        70,
        24,
        68,
        38,
        27,
        80,
        54,
        21,
        48,
        78,
        67,
        73,
        11,
        40,
        64,
        36,
        19,
        72,
        75,
        56,
        74,
        12,
        57,
        31,
        25,
        43,
        23,
        55,
        59,
        69,
        61,
        32,
        34,
        14,
        51,
        30,
        50,
        62,
        53,
        37,
        46,
        9,
        77,
        13,
        1,
        4,
        15,
        7,
        17,
        35,
        49,
        41,
        10,
        39,
        29,
        5,
        3,
        71,
        76,
        26,
        8,
        47,
        66,
        2,
        18,
        65,
        33,
        16,
        58,
        22,
        6
    ],
    "optimal_solver": "lkh",
    "instance_file_path": "c:\\TSP_ND_ML_Project\\instances\\N80_D3_G1000_corn_2.json",
    "concorde_length": 8648,
    "concorde_time_s": 2.904994999989867,
    "concorde_tour": [
        1,
        13,
        77,
        9,
        46,
        37,
        53,
        62,
        50,
        51,
        30,
        14,
        34,
        32,
        61,
        69,
        59,
        55,
        23,
        43,
        25,
        31,
        57,
        12,
        74,
        56,
        75,
        72,
        19,
        36,
        64,
        40,
        11,
        73,
        67,
        78,
        48,
        21,
        54,
        80,
        27,
        38,
        68,
        24,
        60,
        52,
        70,
        45,
        42,
        44,
        20,
        63,
        28,
        79,
        6,
        22,
        58,
        16,
        33,
        65,
        18,
        2,
        66,
        47,
        8,
        26,
        76,
        71,
        3,
        5,
        29,
        39,
        10,
        41,
        49,
        35,
        17,
        7,
        15,
        4
    ],
    "lkh_length": 8648,
    "lkh_time_s": 0.6763846999965608,
    "lkh_tour": [
        79,
        28,
        63,
        20,
        44,
        42,
        45,
        52,
        60,
        70,
        24,
        68,
        38,
        27,
        80,
        54,
        21,
        48,
        78,
        67,
        73,
        11,
        40,
        64,
        36,
        19,
        72,
        75,
        56,
        74,
        12,
        57,
        31,
        25,
        43,
        23,
        55,
        59,
        69,
        61,
        32,
        34,
        14,
        51,
        30,
        50,
        62,
        53,
        37,
        46,
        9,
        77,
        13,
        1,
        4,
        15,
        7,
        17,
        35,
        49,
        41,
        10,
        39,
        29,
        5,
        3,
        71,
        76,
        26,
        8,
        47,
        66,
        2,
        18,
        65,
        33,
        16,
        58,
        22,
        6
    ],
    "lkh_gap_pct": 0.0
}