{
    "instance_name": "N80_D4_G10000_grid_6",
    "n_customers": 80,
    "dimension": 4,
    "grid_size": 10000,
    "optimal_cost": 239853,
    "optimal_tour": [
        48,
        51,
        41,
        68,
        72,
        17,
        36,
        71,
        49,
        38,
        1,
        32,
        65,
        55,
        33,
        31,
        53,
        15,
        35,
        74,
        21,
        6,
        16,
        66,
        24,
        19,
        4,
        43,
        20,
        28,
        69,
        78,
        27,
        12,
        70,
        11,
        3,
        39,
        47,
        54,
        76,
        13,
        67,
        79,
        29,
        40,
        2,
        34,
        9,
        22,
        5,
        59,
        50,
        42,
        37,
        60,
        30,
        14,
        23,
        63,
        57,
        25,
        62,
        44,
        8,
        77,
        7,
        58,
        75,
        73,
        64,
        52,
        56,
        18,
        80,
        46,
        45,
        61,
        10,
        26
    ],
    "optimal_solver": "lkh",
    "instance_file_path": "c:\\TSP_ND_ML_Project\\instances\\N80_D4_G10000_grid_6.json",
    "concorde_length": 239853,
    "concorde_time_s": 0.9350182999623939,
    "concorde_tour": [
        1,
        38,
        49,
        71,
        36,
        17,
        72,
        68,
        41,
        51,
        48,
        26,
        10,
        61,
        45,
        46,
        80,
        18,
        56,
        52,
        64,
        73,
        75,
        58,
        7,
        77,
        8,
        44,
        62,
        25,
        57,
        63,
        23,
        14,
        30,
        60,
        37,
        42,
        50,
        59,
        5,
        22,
        9,
        34,
        2,
        40,
        29,
        79,
        67,
        13,
        76,
        54,
        47,
        39,
        3,
        11,
        70,
        12,
        27,
        78,
        69,
        28,
        20,
        43,
        4,
        19,
        24,
        66,
        16,
        6,
        21,
        74,
        35,
        15,
        53,
        31,
        33,
        55,
        65,
        32
    ],
    "lkh_length": 239853,
    "lkh_time_s": 0.147878700052388,
    "lkh_tour": [
        48,
        51,
        41,
        68,
        72,
        17,
        36,
        71,
        49,
        38,
        1,
        32,
        65,
        55,
        33,
        31,
        53,
        15,
        35,
        74,
        21,
        6,
        16,
        66,
        24,
        19,
        4,
        43,
        20,
        28,
        69,
        78,
        27,
        12,
        70,
        11,
        3,
        39,
        47,
        54,
        76,
        13,
        67,
        79,
        29,
        40,
        2,
        34,
        9,
        22,
        5,
        59,
        50,
        42,
        37,
        60,
        30,
        14,
        23,
        63,
        57,
        25,
        62,
        44,
        8,
        77,
        7,
        58,
        75,
        73,
        64,
        52,
        56,
        18,
        80,
        46,
        45,
        61,
        10,
        26
    ],
    "lkh_gap_pct": 0.0
}