{
    "instance_name": "N80_D5_G1000_ring_18",
    "n_customers": 80,
    "dimension": 5,
    "grid_size": 1000,
    "optimal_cost": 19748,
    "optimal_tour": [
        1,
        5,
        7,
        33,
        52,
        37,
        44,
        48,
        45,
        74,
        66,
        53,
        70,
        72,
        46,
        22,
        36,
        68,
        59,
        19,
        38,
        65,
        15,
        24,
        73,
        41,
        12,
        62,
        23,
        27,
        10,
        43,
        2,
        8,
        21,
        35,
        28,
        64,
        29,
        61,
        57,
        26,
        67,
        69,
        18,
        25,
        34,
        31,
        55,
        47,
        20,
        79,
        78,
        13,
        4,
        80,
        58,
        75,
        50,
        42,
        39,
        17,
        77,
        16,
        71,
        60,
        63,
        49,
        3,
        9,
        51,
        32,
        14,
        54,
        56,
        76,
        40,
        6,
        30,
        11
    ],
    "optimal_solver": "lkh",
    "instance_file_path": "c:\\TSP_ND_ML_Project\\instances\\N80_D5_G1000_ring_18.json",
    "concorde_length": 19748,
    "concorde_time_s": 3.9721781000262126,
    "concorde_tour": [
        1,
        5,
        7,
        33,
        52,
        37,
        44,
        48,
        45,
        74,
        66,
        53,
        70,
        72,
        46,
        22,
        36,
        68,
        59,
        19,
        38,
        65,
        15,
        24,
        73,
        41,
        12,
        62,
        23,
        27,
        10,
        43,
        2,
        8,
        21,
        35,
        28,
        64,
        29,
        61,
        57,
        26,
        67,
        69,
        18,
        25,
        34,
        31,
        55,
        47,
        20,
        79,
        78,
        13,
        4,
        80,
        58,
        75,
        50,
        42,
        39,
        17,
        77,
        16,
        71,
        60,
        63,
        49,
        3,
        9,
        51,
        32,
        14,
        54,
        56,
        76,
        40,
        6,
        30,
        11
    ],
    "lkh_length": 19748,
    "lkh_time_s": 0.5038543000118807,
    "lkh_tour": [
        1,
        5,
        7,
        33,
        52,
        37,
        44,
        48,
        45,
        74,
        66,
        53,
        70,
        72,
        46,
        22,
        36,
        68,
        59,
        19,
        38,
        65,
        15,
        24,
        73,
        41,
        12,
        62,
        23,
        27,
        10,
        43,
        2,
        8,
        21,
        35,
        28,
        64,
        29,
        61,
        57,
        26,
        67,
        69,
        18,
        25,
        34,
        31,
        55,
        47,
        20,
        79,
        78,
        13,
        4,
        80,
        58,
        75,
        50,
        42,
        39,
        17,
        77,
        16,
        71,
        60,
        63,
        49,
        3,
        9,
        51,
        32,
        14,
        54,
        56,
        76,
        40,
        6,
        30,
        11
    ],
    "lkh_gap_pct": 0.0
}