{
    "instance_name": "N80_D3_G100_grid_8",
    "n_customers": 80,
    "dimension": 3,
    "grid_size": 100,
    "optimal_cost": 1541,
    "optimal_tour": [
        46,
        4,
        26,
        13,
        64,
        70,
        45,
        28,
        2,
        69,
        39,
        74,
        16,
        52,
        11,
        60,
        55,
        40,
        67,
        56,
        33,
        5,
        49,
        48,
        30,
        61,
        75,
        1,
        63,
        19,
        32,
        78,
        50,
        10,
        53,
        31,
        12,
        80,
        73,
        3,
        76,
        7,
        23,
        47,
        42,
        37,
        24,
        25,
        21,
        54,
        14,
        58,
        18,
        71,
        44,
        35,
        62,
        20,
        36,
        8,
        17,
        68,
        66,
        15,
        38,
        43,
        6,
        79,
        51,
        9,
        57,
        72,
        41,
        27,
        22,
        59,
        77,
        34,
        29,
        65
    ],
    "optimal_solver": "lkh",
    "instance_file_path": "c:\\TSP_ND_ML_Project\\instances\\N80_D3_G100_grid_8.json",
    "concorde_length": 1541,
    "concorde_time_s": 1.8066369000007398,
    "concorde_tour": [
        1,
        63,
        19,
        32,
        78,
        50,
        10,
        53,
        31,
        12,
        80,
        73,
        3,
        76,
        7,
        23,
        47,
        42,
        37,
        24,
        25,
        21,
        54,
        14,
        58,
        18,
        71,
        44,
        35,
        62,
        20,
        36,
        8,
        17,
        68,
        66,
        15,
        38,
        43,
        6,
        79,
        51,
        9,
        57,
        72,
        41,
        27,
        22,
        59,
        77,
        34,
        29,
        65,
        46,
        4,
        26,
        13,
        64,
        70,
        45,
        28,
        2,
        69,
        39,
        74,
        16,
        52,
        11,
        60,
        55,
        40,
        67,
        56,
        33,
        5,
        49,
        48,
        30,
        61,
        75
    ],
    "lkh_length": 1541,
    "lkh_time_s": 0.40046440000878647,
    "lkh_tour": [
        46,
        4,
        26,
        13,
        64,
        70,
        45,
        28,
        2,
        69,
        39,
        74,
        16,
        52,
        11,
        60,
        55,
        40,
        67,
        56,
        33,
        5,
        49,
        48,
        30,
        61,
        75,
        1,
        63,
        19,
        32,
        78,
        50,
        10,
        53,
        31,
        12,
        80,
        73,
        3,
        76,
        7,
        23,
        47,
        42,
        37,
        24,
        25,
        21,
        54,
        14,
        58,
        18,
        71,
        44,
        35,
        62,
        20,
        36,
        8,
        17,
        68,
        66,
        15,
        38,
        43,
        6,
        79,
        51,
        9,
        57,
        72,
        41,
        27,
        22,
        59,
        77,
        34,
        29,
        65
    ],
    "lkh_gap_pct": 0.0
}