{
    "instance_name": "N80_D3_G10000_corr_12",
    "n_customers": 80,
    "dimension": 3,
    "grid_size": 10000,
    "optimal_cost": 71349,
    "optimal_tour": [
        7,
        56,
        41,
        70,
        11,
        63,
        20,
        69,
        52,
        80,
        17,
        31,
        72,
        71,
        75,
        2,
        55,
        34,
        66,
        40,
        36,
        29,
        44,
        21,
        48,
        22,
        8,
        73,
        43,
        76,
        10,
        67,
        38,
        13,
        53,
        12,
        24,
        3,
        4,
        45,
        49,
        32,
        65,
        6,
        26,
        78,
        42,
        58,
        28,
        61,
        68,
        62,
        14,
        33,
        54,
        23,
        79,
        64,
        18,
        25,
        5,
        57,
        35,
        74,
        1,
        16,
        77,
        30,
        47,
        39,
        15,
        59,
        27,
        51,
        19,
        46,
        9,
        37,
        50,
        60
    ],
    "optimal_solver": "lkh",
    "instance_file_path": "c:\\TSP_ND_ML_Project\\instances\\N80_D3_G10000_corr_12.json",
    "concorde_length": 71349,
    "concorde_time_s": 1.4158472000272013,
    "concorde_tour": [
        1,
        74,
        35,
        57,
        5,
        25,
        18,
        64,
        79,
        23,
        54,
        33,
        14,
        62,
        68,
        61,
        28,
        58,
        42,
        78,
        26,
        6,
        65,
        32,
        49,
        45,
        4,
        3,
        24,
        12,
        53,
        13,
        38,
        67,
        10,
        76,
        43,
        73,
        8,
        22,
        48,
        21,
        44,
        29,
        36,
        40,
        66,
        34,
        55,
        2,
        75,
        71,
        72,
        31,
        17,
        80,
        52,
        69,
        20,
        63,
        11,
        70,
        41,
        56,
        7,
        60,
        50,
        37,
        9,
        46,
        19,
        51,
        27,
        59,
        15,
        39,
        47,
        30,
        77,
        16
    ],
    "lkh_length": 71349,
    "lkh_time_s": 0.3987450000131503,
    "lkh_tour": [
        7,
        56,
        41,
        70,
        11,
        63,
        20,
        69,
        52,
        80,
        17,
        31,
        72,
        71,
        75,
        2,
        55,
        34,
        66,
        40,
        36,
        29,
        44,
        21,
        48,
        22,
        8,
        73,
        43,
        76,
        10,
        67,
        38,
        13,
        53,
        12,
        24,
        3,
        4,
        45,
        49,
        32,
        65,
        6,
        26,
        78,
        42,
        58,
        28,
        61,
        68,
        62,
        14,
        33,
        54,
        23,
        79,
        64,
        18,
        25,
        5,
        57,
        35,
        74,
        1,
        16,
        77,
        30,
        47,
        39,
        15,
        59,
        27,
        51,
        19,
        46,
        9,
        37,
        50,
        60
    ],
    "lkh_gap_pct": 0.0
}