{
    "instance_name": "N80_D2_G100_grid_17",
    "n_customers": 80,
    "dimension": 2,
    "grid_size": 100,
    "optimal_cost": 702,
    "optimal_tour": [
        64,
        36,
        12,
        2,
        50,
        6,
        74,
        24,
        49,
        14,
        58,
        55,
        21,
        41,
        52,
        18,
        79,
        23,
        40,
        47,
        43,
        22,
        34,
        35,
        13,
        37,
        7,
        26,
        16,
        78,
        3,
        65,
        68,
        15,
        33,
        4,
        30,
        72,
        62,
        54,
        32,
        17,
        56,
        59,
        10,
        66,
        53,
        11,
        60,
        80,
        63,
        71,
        45,
        9,
        67,
        70,
        51,
        39,
        28,
        25,
        48,
        57,
        69,
        31,
        29,
        75,
        76,
        73,
        8,
        27,
        42,
        1,
        19,
        5,
        44,
        61,
        77,
        46,
        20,
        38
    ],
    "optimal_solver": "lkh",
    "instance_file_path": "c:\\TSP_ND_ML_Project\\instances\\N80_D2_G100_grid_17.json",
    "concorde_length": 702,
    "concorde_time_s": 1.2454405000025872,
    "concorde_tour": [
        1,
        42,
        27,
        8,
        73,
        76,
        75,
        29,
        31,
        69,
        57,
        48,
        25,
        28,
        39,
        51,
        70,
        67,
        9,
        45,
        71,
        63,
        80,
        60,
        11,
        53,
        66,
        10,
        59,
        56,
        17,
        32,
        54,
        72,
        62,
        30,
        4,
        33,
        15,
        68,
        65,
        3,
        78,
        16,
        26,
        7,
        37,
        13,
        35,
        34,
        47,
        22,
        43,
        40,
        23,
        79,
        18,
        52,
        41,
        21,
        55,
        58,
        14,
        49,
        24,
        74,
        6,
        50,
        2,
        12,
        36,
        64,
        38,
        20,
        46,
        77,
        61,
        44,
        5,
        19
    ],
    "lkh_length": 702,
    "lkh_time_s": 0.18164860000251792,
    "lkh_tour": [
        64,
        36,
        12,
        2,
        50,
        6,
        74,
        24,
        49,
        14,
        58,
        55,
        21,
        41,
        52,
        18,
        79,
        23,
        40,
        47,
        43,
        22,
        34,
        35,
        13,
        37,
        7,
        26,
        16,
        78,
        3,
        65,
        68,
        15,
        33,
        4,
        30,
        72,
        62,
        54,
        32,
        17,
        56,
        59,
        10,
        66,
        53,
        11,
        60,
        80,
        63,
        71,
        45,
        9,
        67,
        70,
        51,
        39,
        28,
        25,
        48,
        57,
        69,
        31,
        29,
        75,
        76,
        73,
        8,
        27,
        42,
        1,
        19,
        5,
        44,
        61,
        77,
        46,
        20,
        38
    ],
    "lkh_gap_pct": 0.0
}