{
    "instance_name": "N80_D2_G100_corn_10",
    "n_customers": 80,
    "dimension": 2,
    "grid_size": 100,
    "optimal_cost": 412,
    "optimal_tour": [
        79,
        14,
        41,
        9,
        15,
        76,
        68,
        33,
        12,
        29,
        20,
        13,
        28,
        48,
        7,
        5,
        39,
        16,
        53,
        18,
        21,
        67,
        26,
        42,
        52,
        46,
        45,
        30,
        8,
        36,
        65,
        64,
        23,
        50,
        1,
        27,
        43,
        38,
        75,
        69,
        54,
        80,
        66,
        31,
        72,
        77,
        74,
        34,
        40,
        57,
        11,
        4,
        59,
        24,
        55,
        73,
        22,
        44,
        70,
        58,
        3,
        6,
        2,
        19,
        17,
        35,
        10,
        49,
        61,
        37,
        63,
        78,
        71,
        56,
        51,
        25,
        32,
        62,
        60,
        47
    ],
    "optimal_solver": "lkh",
    "instance_file_path": "c:\\TSP_ND_ML_Project\\instances\\N80_D2_G100_corn_10.json",
    "concorde_length": 412,
    "concorde_time_s": 1.0526264999934938,
    "concorde_tour": [
        1,
        27,
        43,
        38,
        75,
        69,
        80,
        54,
        66,
        31,
        72,
        77,
        74,
        34,
        40,
        11,
        57,
        4,
        59,
        55,
        24,
        73,
        22,
        58,
        70,
        44,
        3,
        6,
        19,
        2,
        17,
        35,
        10,
        49,
        37,
        78,
        61,
        63,
        71,
        51,
        56,
        25,
        60,
        62,
        32,
        47,
        79,
        14,
        41,
        9,
        15,
        76,
        68,
        13,
        33,
        48,
        39,
        29,
        20,
        28,
        12,
        7,
        5,
        18,
        16,
        21,
        53,
        67,
        26,
        42,
        52,
        46,
        45,
        30,
        8,
        36,
        50,
        65,
        64,
        23
    ],
    "lkh_length": 412,
    "lkh_time_s": 8.231052699993597,
    "lkh_tour": [
        79,
        14,
        41,
        9,
        15,
        76,
        68,
        33,
        12,
        29,
        20,
        13,
        28,
        48,
        7,
        5,
        39,
        16,
        53,
        18,
        21,
        67,
        26,
        42,
        52,
        46,
        45,
        30,
        8,
        36,
        65,
        64,
        23,
        50,
        1,
        27,
        43,
        38,
        75,
        69,
        54,
        80,
        66,
        31,
        72,
        77,
        74,
        34,
        40,
        57,
        11,
        4,
        59,
        24,
        55,
        73,
        22,
        44,
        70,
        58,
        3,
        6,
        2,
        19,
        17,
        35,
        10,
        49,
        61,
        37,
        63,
        78,
        71,
        56,
        51,
        25,
        32,
        62,
        60,
        47
    ],
    "lkh_gap_pct": 0.0
}