{
    "instance_name": "N80_D3_G1000_norm_10",
    "n_customers": 80,
    "dimension": 3,
    "grid_size": 1000,
    "optimal_cost": 9706,
    "optimal_tour": [
        33,
        46,
        80,
        8,
        79,
        28,
        66,
        65,
        6,
        13,
        49,
        70,
        51,
        61,
        7,
        52,
        26,
        22,
        14,
        58,
        1,
        17,
        41,
        4,
        72,
        54,
        55,
        23,
        32,
        10,
        24,
        42,
        47,
        64,
        43,
        12,
        30,
        62,
        20,
        19,
        29,
        68,
        25,
        18,
        76,
        75,
        56,
        69,
        74,
        67,
        44,
        60,
        73,
        57,
        78,
        45,
        50,
        63,
        40,
        48,
        38,
        37,
        11,
        36,
        21,
        27,
        31,
        71,
        53,
        39,
        59,
        3,
        35,
        15,
        34,
        9,
        5,
        2,
        77,
        16
    ],
    "optimal_solver": "lkh",
    "instance_file_path": "c:\\TSP_ND_ML_Project\\instances\\N80_D3_G1000_norm_10.json",
    "concorde_length": 9706,
    "concorde_time_s": 1.5227630999870598,
    "concorde_tour": [
        1,
        17,
        41,
        4,
        72,
        54,
        55,
        23,
        32,
        10,
        24,
        42,
        47,
        64,
        43,
        12,
        30,
        62,
        20,
        19,
        29,
        68,
        25,
        18,
        76,
        75,
        56,
        69,
        74,
        67,
        44,
        60,
        73,
        57,
        78,
        45,
        50,
        63,
        40,
        48,
        38,
        37,
        11,
        36,
        21,
        27,
        31,
        71,
        53,
        39,
        59,
        3,
        35,
        15,
        34,
        9,
        5,
        2,
        77,
        16,
        33,
        46,
        80,
        8,
        79,
        28,
        66,
        65,
        6,
        13,
        49,
        70,
        51,
        61,
        7,
        52,
        26,
        22,
        14,
        58
    ],
    "lkh_length": 9706,
    "lkh_time_s": 0.46879600000102073,
    "lkh_tour": [
        33,
        46,
        80,
        8,
        79,
        28,
        66,
        65,
        6,
        13,
        49,
        70,
        51,
        61,
        7,
        52,
        26,
        22,
        14,
        58,
        1,
        17,
        41,
        4,
        72,
        54,
        55,
        23,
        32,
        10,
        24,
        42,
        47,
        64,
        43,
        12,
        30,
        62,
        20,
        19,
        29,
        68,
        25,
        18,
        76,
        75,
        56,
        69,
        74,
        67,
        44,
        60,
        73,
        57,
        78,
        45,
        50,
        63,
        40,
        48,
        38,
        37,
        11,
        36,
        21,
        27,
        31,
        71,
        53,
        39,
        59,
        3,
        35,
        15,
        34,
        9,
        5,
        2,
        77,
        16
    ],
    "lkh_gap_pct": 0.0
}