{
    "instance_name": "N80_D5_G100_corr_6",
    "n_customers": 80,
    "dimension": 5,
    "grid_size": 100,
    "optimal_cost": 1233,
    "optimal_tour": [
        31,
        9,
        41,
        47,
        27,
        62,
        74,
        14,
        59,
        43,
        63,
        79,
        70,
        67,
        51,
        48,
        24,
        78,
        46,
        65,
        56,
        77,
        37,
        7,
        50,
        28,
        10,
        61,
        29,
        19,
        76,
        34,
        35,
        21,
        73,
        45,
        16,
        15,
        25,
        55,
        8,
        64,
        69,
        54,
        52,
        1,
        12,
        17,
        30,
        75,
        32,
        44,
        58,
        60,
        11,
        49,
        23,
        66,
        42,
        18,
        36,
        72,
        68,
        33,
        22,
        2,
        5,
        80,
        71,
        57,
        13,
        26,
        6,
        53,
        3,
        20,
        38,
        40,
        4,
        39
    ],
    "optimal_solver": "lkh",
    "instance_file_path": "c:\\TSP_ND_ML_Project\\instances\\N80_D5_G100_corr_6.json",
    "concorde_length": 1233,
    "concorde_time_s": 1.664171299955342,
    "concorde_tour": [
        1,
        52,
        54,
        69,
        64,
        8,
        55,
        25,
        15,
        16,
        45,
        73,
        21,
        35,
        34,
        76,
        19,
        29,
        61,
        10,
        28,
        50,
        7,
        37,
        77,
        56,
        65,
        46,
        78,
        24,
        48,
        51,
        67,
        70,
        79,
        63,
        43,
        59,
        14,
        74,
        62,
        27,
        47,
        41,
        9,
        31,
        39,
        4,
        40,
        38,
        20,
        3,
        53,
        6,
        26,
        13,
        57,
        71,
        80,
        5,
        2,
        22,
        33,
        68,
        72,
        36,
        18,
        42,
        66,
        23,
        49,
        11,
        60,
        58,
        44,
        32,
        75,
        30,
        17,
        12
    ],
    "lkh_length": 1233,
    "lkh_time_s": 0.38246689998777583,
    "lkh_tour": [
        31,
        9,
        41,
        47,
        27,
        62,
        74,
        14,
        59,
        43,
        63,
        79,
        70,
        67,
        51,
        48,
        24,
        78,
        46,
        65,
        56,
        77,
        37,
        7,
        50,
        28,
        10,
        61,
        29,
        19,
        76,
        34,
        35,
        21,
        73,
        45,
        16,
        15,
        25,
        55,
        8,
        64,
        69,
        54,
        52,
        1,
        12,
        17,
        30,
        75,
        32,
        44,
        58,
        60,
        11,
        49,
        23,
        66,
        42,
        18,
        36,
        72,
        68,
        33,
        22,
        2,
        5,
        80,
        71,
        57,
        13,
        26,
        6,
        53,
        3,
        20,
        38,
        40,
        4,
        39
    ],
    "lkh_gap_pct": 0.0
}