{
    "instance_name": "N80_D2_G10000_corn_7",
    "n_customers": 80,
    "dimension": 2,
    "grid_size": 10000,
    "optimal_cost": 41702,
    "optimal_tour": [
        61,
        21,
        20,
        45,
        41,
        72,
        7,
        16,
        4,
        17,
        37,
        63,
        57,
        80,
        69,
        50,
        40,
        55,
        13,
        34,
        77,
        36,
        78,
        38,
        52,
        1,
        47,
        14,
        12,
        25,
        29,
        59,
        48,
        54,
        3,
        22,
        64,
        24,
        18,
        10,
        39,
        32,
        76,
        15,
        46,
        11,
        6,
        68,
        73,
        56,
        26,
        75,
        66,
        70,
        67,
        30,
        58,
        60,
        71,
        8,
        19,
        79,
        28,
        35,
        65,
        27,
        62,
        9,
        33,
        53,
        5,
        43,
        74,
        49,
        44,
        42,
        51,
        23,
        2,
        31
    ],
    "optimal_solver": "lkh",
    "instance_file_path": "c:\\TSP_ND_ML_Project\\instances\\N80_D2_G10000_corn_7.json",
    "concorde_length": 41702,
    "concorde_time_s": 1.3902242000040133,
    "concorde_tour": [
        1,
        47,
        14,
        12,
        25,
        29,
        59,
        24,
        54,
        22,
        64,
        48,
        3,
        18,
        10,
        39,
        32,
        76,
        15,
        46,
        11,
        6,
        68,
        73,
        56,
        26,
        75,
        66,
        70,
        30,
        67,
        58,
        60,
        71,
        8,
        19,
        79,
        28,
        35,
        65,
        27,
        62,
        9,
        33,
        53,
        5,
        43,
        74,
        49,
        44,
        42,
        51,
        23,
        2,
        31,
        61,
        21,
        20,
        45,
        41,
        72,
        7,
        16,
        4,
        17,
        69,
        57,
        63,
        80,
        37,
        50,
        40,
        55,
        13,
        34,
        77,
        36,
        78,
        38,
        52
    ],
    "lkh_length": 41702,
    "lkh_time_s": 1.2116957000107504,
    "lkh_tour": [
        61,
        21,
        20,
        45,
        41,
        72,
        7,
        16,
        4,
        17,
        37,
        63,
        57,
        80,
        69,
        50,
        40,
        55,
        13,
        34,
        77,
        36,
        78,
        38,
        52,
        1,
        47,
        14,
        12,
        25,
        29,
        59,
        48,
        54,
        3,
        22,
        64,
        24,
        18,
        10,
        39,
        32,
        76,
        15,
        46,
        11,
        6,
        68,
        73,
        56,
        26,
        75,
        66,
        70,
        67,
        30,
        58,
        60,
        71,
        8,
        19,
        79,
        28,
        35,
        65,
        27,
        62,
        9,
        33,
        53,
        5,
        43,
        74,
        49,
        44,
        42,
        51,
        23,
        2,
        31
    ],
    "lkh_gap_pct": 0.0
}