{
    "instance_name": "N80_D4_G10000_corr_6",
    "n_customers": 80,
    "dimension": 4,
    "grid_size": 10000,
    "optimal_cost": 104906,
    "optimal_tour": [
        50,
        3,
        60,
        63,
        14,
        17,
        71,
        77,
        56,
        59,
        16,
        69,
        21,
        73,
        26,
        72,
        41,
        19,
        58,
        40,
        32,
        2,
        36,
        53,
        79,
        44,
        10,
        37,
        62,
        47,
        31,
        46,
        54,
        68,
        38,
        78,
        75,
        8,
        48,
        49,
        43,
        33,
        28,
        65,
        66,
        67,
        39,
        7,
        52,
        34,
        20,
        24,
        22,
        13,
        25,
        76,
        74,
        6,
        23,
        35,
        51,
        61,
        5,
        30,
        80,
        27,
        1,
        4,
        9,
        12,
        64,
        42,
        57,
        11,
        15,
        29,
        18,
        55,
        45,
        70
    ],
    "optimal_solver": "lkh",
    "instance_file_path": "c:\\TSP_ND_ML_Project\\instances\\N80_D4_G10000_corr_6.json",
    "concorde_length": 104906,
    "concorde_time_s": 1.4498284999863245,
    "concorde_tour": [
        1,
        27,
        80,
        30,
        5,
        61,
        51,
        35,
        23,
        6,
        74,
        76,
        25,
        13,
        22,
        24,
        20,
        34,
        52,
        7,
        39,
        67,
        66,
        65,
        28,
        33,
        43,
        49,
        48,
        8,
        75,
        78,
        38,
        68,
        54,
        46,
        31,
        47,
        62,
        37,
        10,
        44,
        79,
        53,
        36,
        2,
        32,
        40,
        58,
        19,
        41,
        72,
        26,
        73,
        21,
        69,
        16,
        59,
        56,
        77,
        71,
        17,
        14,
        63,
        60,
        3,
        50,
        70,
        45,
        55,
        18,
        29,
        15,
        11,
        57,
        42,
        64,
        12,
        9,
        4
    ],
    "lkh_length": 104906,
    "lkh_time_s": 0.14054579997900873,
    "lkh_tour": [
        50,
        3,
        60,
        63,
        14,
        17,
        71,
        77,
        56,
        59,
        16,
        69,
        21,
        73,
        26,
        72,
        41,
        19,
        58,
        40,
        32,
        2,
        36,
        53,
        79,
        44,
        10,
        37,
        62,
        47,
        31,
        46,
        54,
        68,
        38,
        78,
        75,
        8,
        48,
        49,
        43,
        33,
        28,
        65,
        66,
        67,
        39,
        7,
        52,
        34,
        20,
        24,
        22,
        13,
        25,
        76,
        74,
        6,
        23,
        35,
        51,
        61,
        5,
        30,
        80,
        27,
        1,
        4,
        9,
        12,
        64,
        42,
        57,
        11,
        15,
        29,
        18,
        55,
        45,
        70
    ],
    "lkh_gap_pct": 0.0
}