{
    "instance_name": "N80_D4_G1000_corn_13",
    "n_customers": 80,
    "dimension": 4,
    "grid_size": 1000,
    "optimal_cost": 16725,
    "optimal_tour": [
        79,
        40,
        45,
        77,
        29,
        43,
        25,
        24,
        4,
        35,
        2,
        23,
        8,
        15,
        14,
        50,
        48,
        31,
        32,
        34,
        76,
        68,
        7,
        16,
        78,
        70,
        27,
        53,
        44,
        17,
        9,
        64,
        46,
        6,
        28,
        30,
        37,
        49,
        1,
        26,
        58,
        65,
        74,
        66,
        55,
        5,
        47,
        56,
        73,
        39,
        80,
        75,
        71,
        52,
        36,
        20,
        54,
        22,
        11,
        38,
        12,
        62,
        33,
        10,
        69,
        60,
        41,
        42,
        18,
        59,
        63,
        67,
        72,
        21,
        57,
        13,
        19,
        51,
        61,
        3
    ],
    "optimal_solver": "lkh",
    "instance_file_path": "c:\\TSP_ND_ML_Project\\instances\\N80_D4_G1000_corn_13.json",
    "concorde_length": 16725,
    "concorde_time_s": 2.10743510001339,
    "concorde_tour": [
        1,
        49,
        37,
        30,
        28,
        6,
        46,
        64,
        9,
        17,
        44,
        27,
        53,
        70,
        78,
        16,
        7,
        68,
        76,
        34,
        32,
        31,
        48,
        50,
        14,
        15,
        8,
        23,
        2,
        35,
        4,
        24,
        25,
        43,
        29,
        77,
        45,
        40,
        79,
        3,
        61,
        51,
        19,
        13,
        57,
        21,
        72,
        67,
        63,
        59,
        18,
        42,
        41,
        60,
        69,
        10,
        33,
        12,
        62,
        38,
        11,
        22,
        54,
        20,
        36,
        52,
        71,
        75,
        80,
        39,
        73,
        56,
        47,
        5,
        55,
        66,
        74,
        65,
        58,
        26
    ],
    "lkh_length": 16725,
    "lkh_time_s": 0.22148159996140748,
    "lkh_tour": [
        79,
        40,
        45,
        77,
        29,
        43,
        25,
        24,
        4,
        35,
        2,
        23,
        8,
        15,
        14,
        50,
        48,
        31,
        32,
        34,
        76,
        68,
        7,
        16,
        78,
        70,
        27,
        53,
        44,
        17,
        9,
        64,
        46,
        6,
        28,
        30,
        37,
        49,
        1,
        26,
        58,
        65,
        74,
        66,
        55,
        5,
        47,
        56,
        73,
        39,
        80,
        75,
        71,
        52,
        36,
        20,
        54,
        22,
        11,
        38,
        12,
        62,
        33,
        10,
        69,
        60,
        41,
        42,
        18,
        59,
        63,
        67,
        72,
        21,
        57,
        13,
        19,
        51,
        61,
        3
    ],
    "lkh_gap_pct": 0.0
}