{
    "instance_name": "N80_D5_G10000_ring_3",
    "n_customers": 80,
    "dimension": 5,
    "grid_size": 10000,
    "optimal_cost": 198663,
    "optimal_tour": [
        70,
        54,
        22,
        10,
        48,
        55,
        6,
        63,
        56,
        1,
        49,
        76,
        71,
        61,
        65,
        69,
        8,
        52,
        42,
        27,
        26,
        44,
        11,
        13,
        57,
        45,
        75,
        4,
        60,
        46,
        9,
        38,
        40,
        12,
        7,
        68,
        30,
        15,
        77,
        66,
        5,
        50,
        41,
        23,
        18,
        78,
        72,
        20,
        19,
        73,
        53,
        80,
        37,
        3,
        39,
        33,
        62,
        74,
        67,
        14,
        51,
        58,
        32,
        59,
        64,
        36,
        79,
        21,
        28,
        16,
        25,
        29,
        24,
        34,
        2,
        31,
        43,
        17,
        47,
        35
    ],
    "optimal_solver": "lkh",
    "instance_file_path": "c:\\TSP_ND_ML_Project\\instances\\N80_D5_G10000_ring_3.json",
    "concorde_length": 198663,
    "concorde_time_s": 1.924055999959819,
    "concorde_tour": [
        1,
        49,
        76,
        71,
        61,
        65,
        69,
        8,
        52,
        42,
        27,
        26,
        44,
        11,
        13,
        57,
        45,
        75,
        4,
        60,
        46,
        9,
        38,
        40,
        12,
        7,
        68,
        30,
        15,
        77,
        66,
        5,
        50,
        41,
        23,
        18,
        78,
        72,
        20,
        19,
        73,
        53,
        80,
        37,
        3,
        39,
        33,
        62,
        74,
        67,
        14,
        51,
        58,
        32,
        59,
        64,
        36,
        79,
        21,
        28,
        16,
        25,
        29,
        24,
        34,
        2,
        31,
        43,
        17,
        47,
        35,
        70,
        54,
        22,
        10,
        48,
        55,
        6,
        63,
        56
    ],
    "lkh_length": 198663,
    "lkh_time_s": 0.17915039998479187,
    "lkh_tour": [
        70,
        54,
        22,
        10,
        48,
        55,
        6,
        63,
        56,
        1,
        49,
        76,
        71,
        61,
        65,
        69,
        8,
        52,
        42,
        27,
        26,
        44,
        11,
        13,
        57,
        45,
        75,
        4,
        60,
        46,
        9,
        38,
        40,
        12,
        7,
        68,
        30,
        15,
        77,
        66,
        5,
        50,
        41,
        23,
        18,
        78,
        72,
        20,
        19,
        73,
        53,
        80,
        37,
        3,
        39,
        33,
        62,
        74,
        67,
        14,
        51,
        58,
        32,
        59,
        64,
        36,
        79,
        21,
        28,
        16,
        25,
        29,
        24,
        34,
        2,
        31,
        43,
        17,
        47,
        35
    ],
    "lkh_gap_pct": 0.0
}