{
    "instance_name": "N80_D3_G100_ring_16",
    "n_customers": 80,
    "dimension": 3,
    "grid_size": 100,
    "optimal_cost": 772,
    "optimal_tour": [
        61,
        40,
        75,
        68,
        2,
        41,
        65,
        39,
        34,
        53,
        29,
        74,
        70,
        17,
        21,
        1,
        18,
        66,
        19,
        38,
        47,
        25,
        49,
        10,
        7,
        15,
        58,
        22,
        71,
        77,
        12,
        50,
        24,
        73,
        72,
        46,
        26,
        48,
        3,
        43,
        42,
        20,
        79,
        23,
        56,
        78,
        76,
        9,
        64,
        27,
        37,
        63,
        44,
        36,
        60,
        52,
        59,
        55,
        57,
        5,
        35,
        33,
        4,
        11,
        62,
        6,
        30,
        14,
        54,
        31,
        28,
        51,
        45,
        16,
        8,
        69,
        67,
        80,
        32,
        13
    ],
    "optimal_solver": "lkh",
    "instance_file_path": "c:\\TSP_ND_ML_Project\\instances\\N80_D3_G100_ring_16.json",
    "concorde_length": 772,
    "concorde_time_s": 0.7703391000395641,
    "concorde_tour": [
        1,
        66,
        18,
        19,
        38,
        47,
        25,
        49,
        10,
        7,
        15,
        58,
        22,
        71,
        77,
        12,
        50,
        24,
        73,
        72,
        46,
        26,
        48,
        3,
        43,
        42,
        20,
        79,
        23,
        56,
        78,
        76,
        9,
        64,
        27,
        37,
        63,
        44,
        36,
        60,
        52,
        59,
        55,
        57,
        5,
        35,
        33,
        4,
        11,
        62,
        6,
        30,
        14,
        54,
        31,
        28,
        51,
        45,
        16,
        8,
        61,
        40,
        67,
        32,
        80,
        69,
        13,
        75,
        68,
        2,
        41,
        65,
        39,
        34,
        53,
        29,
        74,
        70,
        17,
        21
    ],
    "lkh_length": 772,
    "lkh_time_s": 0.7035623000119813,
    "lkh_tour": [
        61,
        40,
        75,
        68,
        2,
        41,
        65,
        39,
        34,
        53,
        29,
        74,
        70,
        17,
        21,
        1,
        18,
        66,
        19,
        38,
        47,
        25,
        49,
        10,
        7,
        15,
        58,
        22,
        71,
        77,
        12,
        50,
        24,
        73,
        72,
        46,
        26,
        48,
        3,
        43,
        42,
        20,
        79,
        23,
        56,
        78,
        76,
        9,
        64,
        27,
        37,
        63,
        44,
        36,
        60,
        52,
        59,
        55,
        57,
        5,
        35,
        33,
        4,
        11,
        62,
        6,
        30,
        14,
        54,
        31,
        28,
        51,
        45,
        16,
        8,
        69,
        67,
        80,
        32,
        13
    ],
    "lkh_gap_pct": 0.0
}