{
    "instance_name": "N80_D5_G1000_tria_5",
    "n_customers": 80,
    "dimension": 5,
    "grid_size": 1000,
    "optimal_cost": 35018,
    "optimal_tour": [
        3,
        26,
        53,
        41,
        6,
        16,
        15,
        4,
        68,
        43,
        10,
        8,
        22,
        46,
        33,
        65,
        66,
        70,
        48,
        2,
        39,
        75,
        55,
        78,
        42,
        25,
        17,
        64,
        52,
        63,
        79,
        1,
        32,
        30,
        5,
        67,
        36,
        80,
        45,
        51,
        54,
        60,
        47,
        58,
        69,
        27,
        57,
        13,
        74,
        19,
        28,
        76,
        29,
        56,
        50,
        9,
        31,
        11,
        37,
        40,
        21,
        73,
        23,
        12,
        61,
        24,
        35,
        44,
        72,
        7,
        49,
        34,
        77,
        71,
        20,
        38,
        59,
        62,
        18,
        14
    ],
    "optimal_solver": "lkh",
    "instance_file_path": "c:\\TSP_ND_ML_Project\\instances\\N80_D5_G1000_tria_5.json",
    "concorde_length": 35018,
    "concorde_time_s": 1.6211536999908276,
    "concorde_tour": [
        1,
        32,
        30,
        5,
        67,
        36,
        80,
        45,
        51,
        54,
        60,
        47,
        58,
        69,
        27,
        57,
        13,
        74,
        19,
        28,
        76,
        29,
        56,
        50,
        9,
        31,
        11,
        37,
        40,
        21,
        73,
        23,
        12,
        61,
        24,
        35,
        44,
        72,
        7,
        49,
        34,
        77,
        71,
        20,
        38,
        59,
        62,
        18,
        14,
        3,
        26,
        53,
        41,
        6,
        16,
        15,
        4,
        68,
        43,
        10,
        8,
        22,
        46,
        33,
        65,
        66,
        70,
        48,
        2,
        39,
        75,
        55,
        78,
        42,
        25,
        17,
        64,
        52,
        63,
        79
    ],
    "lkh_length": 35018,
    "lkh_time_s": 0.18834529997548088,
    "lkh_tour": [
        3,
        26,
        53,
        41,
        6,
        16,
        15,
        4,
        68,
        43,
        10,
        8,
        22,
        46,
        33,
        65,
        66,
        70,
        48,
        2,
        39,
        75,
        55,
        78,
        42,
        25,
        17,
        64,
        52,
        63,
        79,
        1,
        32,
        30,
        5,
        67,
        36,
        80,
        45,
        51,
        54,
        60,
        47,
        58,
        69,
        27,
        57,
        13,
        74,
        19,
        28,
        76,
        29,
        56,
        50,
        9,
        31,
        11,
        37,
        40,
        21,
        73,
        23,
        12,
        61,
        24,
        35,
        44,
        72,
        7,
        49,
        34,
        77,
        71,
        20,
        38,
        59,
        62,
        18,
        14
    ],
    "lkh_gap_pct": 0.0
}