{
    "instance_name": "N80_D4_G1000_norm_17",
    "n_customers": 80,
    "dimension": 4,
    "grid_size": 1000,
    "optimal_cost": 13747,
    "optimal_tour": [
        47,
        5,
        7,
        61,
        31,
        75,
        53,
        54,
        77,
        37,
        60,
        68,
        48,
        45,
        58,
        27,
        3,
        55,
        2,
        28,
        39,
        49,
        25,
        32,
        13,
        16,
        11,
        26,
        72,
        22,
        69,
        38,
        51,
        29,
        43,
        59,
        70,
        50,
        63,
        74,
        9,
        40,
        67,
        18,
        19,
        73,
        78,
        21,
        23,
        62,
        20,
        66,
        36,
        44,
        80,
        79,
        64,
        56,
        1,
        34,
        57,
        10,
        30,
        71,
        14,
        76,
        52,
        8,
        35,
        42,
        4,
        33,
        15,
        41,
        24,
        46,
        12,
        65,
        17,
        6
    ],
    "optimal_solver": "lkh",
    "instance_file_path": "c:\\TSP_ND_ML_Project\\instances\\N80_D4_G1000_norm_17.json",
    "concorde_length": 13747,
    "concorde_time_s": 2.070268399955239,
    "concorde_tour": [
        1,
        34,
        57,
        10,
        30,
        71,
        14,
        76,
        52,
        8,
        35,
        42,
        4,
        33,
        15,
        41,
        24,
        46,
        12,
        65,
        17,
        6,
        47,
        5,
        7,
        61,
        31,
        75,
        53,
        54,
        77,
        37,
        60,
        68,
        48,
        45,
        58,
        27,
        3,
        55,
        2,
        28,
        39,
        49,
        25,
        32,
        13,
        16,
        11,
        26,
        72,
        22,
        69,
        38,
        51,
        29,
        43,
        59,
        70,
        50,
        63,
        74,
        9,
        40,
        67,
        18,
        19,
        73,
        78,
        21,
        23,
        62,
        20,
        66,
        36,
        44,
        80,
        79,
        64,
        56
    ],
    "lkh_length": 13747,
    "lkh_time_s": 0.26277279999339953,
    "lkh_tour": [
        47,
        5,
        7,
        61,
        31,
        75,
        53,
        54,
        77,
        37,
        60,
        68,
        48,
        45,
        58,
        27,
        3,
        55,
        2,
        28,
        39,
        49,
        25,
        32,
        13,
        16,
        11,
        26,
        72,
        22,
        69,
        38,
        51,
        29,
        43,
        59,
        70,
        50,
        63,
        74,
        9,
        40,
        67,
        18,
        19,
        73,
        78,
        21,
        23,
        62,
        20,
        66,
        36,
        44,
        80,
        79,
        64,
        56,
        1,
        34,
        57,
        10,
        30,
        71,
        14,
        76,
        52,
        8,
        35,
        42,
        4,
        33,
        15,
        41,
        24,
        46,
        12,
        65,
        17,
        6
    ],
    "lkh_gap_pct": 0.0
}