{
    "instance_name": "N80_D5_G100_rand_15",
    "n_customers": 80,
    "dimension": 5,
    "grid_size": 100,
    "optimal_cost": 3118,
    "optimal_tour": [
        15,
        25,
        64,
        23,
        35,
        38,
        53,
        37,
        72,
        51,
        59,
        58,
        20,
        39,
        18,
        27,
        48,
        70,
        57,
        10,
        66,
        12,
        46,
        17,
        60,
        56,
        34,
        13,
        3,
        67,
        16,
        5,
        7,
        71,
        29,
        47,
        19,
        22,
        54,
        24,
        55,
        44,
        69,
        49,
        68,
        73,
        11,
        77,
        6,
        78,
        80,
        50,
        32,
        30,
        65,
        31,
        45,
        76,
        28,
        74,
        9,
        43,
        61,
        2,
        62,
        8,
        75,
        33,
        21,
        42,
        40,
        52,
        26,
        14,
        36,
        63,
        4,
        41,
        79,
        1
    ],
    "optimal_solver": "lkh",
    "instance_file_path": "c:\\TSP_ND_ML_Project\\instances\\N80_D5_G100_rand_15.json",
    "concorde_length": 3118,
    "concorde_time_s": 2.420185399998445,
    "concorde_tour": [
        1,
        79,
        41,
        4,
        63,
        36,
        14,
        26,
        52,
        40,
        42,
        21,
        33,
        75,
        8,
        62,
        2,
        61,
        43,
        9,
        74,
        28,
        76,
        45,
        31,
        65,
        30,
        32,
        50,
        80,
        78,
        6,
        77,
        11,
        73,
        68,
        49,
        69,
        44,
        55,
        24,
        54,
        22,
        19,
        47,
        29,
        71,
        7,
        5,
        16,
        67,
        3,
        13,
        34,
        56,
        60,
        17,
        46,
        12,
        66,
        10,
        57,
        70,
        48,
        27,
        18,
        39,
        20,
        58,
        59,
        51,
        72,
        37,
        53,
        38,
        35,
        23,
        64,
        25,
        15
    ],
    "lkh_length": 3118,
    "lkh_time_s": 0.17702580004697666,
    "lkh_tour": [
        15,
        25,
        64,
        23,
        35,
        38,
        53,
        37,
        72,
        51,
        59,
        58,
        20,
        39,
        18,
        27,
        48,
        70,
        57,
        10,
        66,
        12,
        46,
        17,
        60,
        56,
        34,
        13,
        3,
        67,
        16,
        5,
        7,
        71,
        29,
        47,
        19,
        22,
        54,
        24,
        55,
        44,
        69,
        49,
        68,
        73,
        11,
        77,
        6,
        78,
        80,
        50,
        32,
        30,
        65,
        31,
        45,
        76,
        28,
        74,
        9,
        43,
        61,
        2,
        62,
        8,
        75,
        33,
        21,
        42,
        40,
        52,
        26,
        14,
        36,
        63,
        4,
        41,
        79,
        1
    ],
    "lkh_gap_pct": 0.0
}