{
    "instance_name": "N80_D3_G100_norm_12",
    "n_customers": 80,
    "dimension": 3,
    "grid_size": 100,
    "optimal_cost": 986,
    "optimal_tour": [
        13,
        33,
        78,
        35,
        50,
        7,
        80,
        11,
        9,
        6,
        74,
        43,
        21,
        15,
        31,
        45,
        56,
        1,
        39,
        44,
        75,
        29,
        67,
        25,
        52,
        69,
        48,
        76,
        49,
        24,
        16,
        12,
        40,
        60,
        8,
        4,
        20,
        77,
        59,
        54,
        19,
        53,
        30,
        10,
        37,
        42,
        41,
        79,
        71,
        51,
        63,
        61,
        14,
        58,
        28,
        66,
        70,
        34,
        62,
        5,
        23,
        27,
        36,
        55,
        38,
        57,
        46,
        65,
        26,
        73,
        32,
        3,
        22,
        17,
        47,
        64,
        18,
        68,
        72,
        2
    ],
    "optimal_solver": "lkh",
    "instance_file_path": "c:\\TSP_ND_ML_Project\\instances\\N80_D3_G100_norm_12.json",
    "concorde_length": 986,
    "concorde_time_s": 1.6654550000093877,
    "concorde_tour": [
        1,
        56,
        45,
        31,
        15,
        21,
        43,
        74,
        6,
        9,
        11,
        80,
        7,
        50,
        35,
        78,
        33,
        13,
        2,
        72,
        68,
        18,
        26,
        65,
        46,
        57,
        38,
        55,
        36,
        27,
        23,
        5,
        62,
        34,
        70,
        73,
        32,
        3,
        22,
        17,
        47,
        64,
        42,
        41,
        37,
        10,
        30,
        20,
        77,
        59,
        54,
        19,
        53,
        79,
        71,
        51,
        63,
        61,
        14,
        58,
        28,
        66,
        4,
        8,
        60,
        40,
        12,
        16,
        24,
        49,
        76,
        48,
        69,
        52,
        25,
        67,
        29,
        75,
        44,
        39
    ],
    "lkh_length": 986,
    "lkh_time_s": 0.23883650003699586,
    "lkh_tour": [
        13,
        33,
        78,
        35,
        50,
        7,
        80,
        11,
        9,
        6,
        74,
        43,
        21,
        15,
        31,
        45,
        56,
        1,
        39,
        44,
        75,
        29,
        67,
        25,
        52,
        69,
        48,
        76,
        49,
        24,
        16,
        12,
        40,
        60,
        8,
        4,
        20,
        77,
        59,
        54,
        19,
        53,
        30,
        10,
        37,
        42,
        41,
        79,
        71,
        51,
        63,
        61,
        14,
        58,
        28,
        66,
        70,
        34,
        62,
        5,
        23,
        27,
        36,
        55,
        38,
        57,
        46,
        65,
        26,
        73,
        32,
        3,
        22,
        17,
        47,
        64,
        18,
        68,
        72,
        2
    ],
    "lkh_gap_pct": 0.0
}