{
    "instance_name": "N80_D4_G1000_norm_18",
    "n_customers": 80,
    "dimension": 4,
    "grid_size": 1000,
    "optimal_cost": 14693,
    "optimal_tour": [
        40,
        11,
        27,
        22,
        77,
        60,
        18,
        19,
        24,
        44,
        52,
        38,
        14,
        68,
        51,
        2,
        32,
        70,
        69,
        34,
        75,
        66,
        30,
        15,
        49,
        62,
        29,
        36,
        71,
        28,
        17,
        10,
        13,
        45,
        42,
        48,
        64,
        65,
        25,
        33,
        43,
        46,
        73,
        1,
        57,
        39,
        20,
        54,
        5,
        4,
        53,
        56,
        58,
        35,
        80,
        16,
        37,
        8,
        26,
        31,
        61,
        67,
        79,
        47,
        50,
        41,
        63,
        3,
        6,
        21,
        7,
        9,
        23,
        55,
        12,
        74,
        72,
        76,
        78,
        59
    ],
    "optimal_solver": "lkh",
    "instance_file_path": "c:\\TSP_ND_ML_Project\\instances\\N80_D4_G1000_norm_18.json",
    "concorde_length": 14693,
    "concorde_time_s": 1.7174064999562688,
    "concorde_tour": [
        1,
        73,
        46,
        43,
        33,
        25,
        65,
        64,
        48,
        42,
        45,
        13,
        10,
        17,
        28,
        71,
        36,
        29,
        62,
        49,
        15,
        30,
        66,
        75,
        34,
        69,
        70,
        32,
        2,
        51,
        68,
        14,
        38,
        52,
        44,
        24,
        19,
        18,
        60,
        77,
        22,
        27,
        11,
        40,
        59,
        78,
        76,
        72,
        74,
        12,
        55,
        23,
        9,
        7,
        21,
        6,
        3,
        63,
        41,
        50,
        47,
        79,
        67,
        61,
        31,
        26,
        8,
        37,
        16,
        80,
        35,
        58,
        56,
        53,
        4,
        5,
        54,
        20,
        39,
        57
    ],
    "lkh_length": 14693,
    "lkh_time_s": 0.17071619996568188,
    "lkh_tour": [
        40,
        11,
        27,
        22,
        77,
        60,
        18,
        19,
        24,
        44,
        52,
        38,
        14,
        68,
        51,
        2,
        32,
        70,
        69,
        34,
        75,
        66,
        30,
        15,
        49,
        62,
        29,
        36,
        71,
        28,
        17,
        10,
        13,
        45,
        42,
        48,
        64,
        65,
        25,
        33,
        43,
        46,
        73,
        1,
        57,
        39,
        20,
        54,
        5,
        4,
        53,
        56,
        58,
        35,
        80,
        16,
        37,
        8,
        26,
        31,
        61,
        67,
        79,
        47,
        50,
        41,
        63,
        3,
        6,
        21,
        7,
        9,
        23,
        55,
        12,
        74,
        72,
        76,
        78,
        59
    ],
    "lkh_gap_pct": 0.0
}