{
    "instance_name": "N80_D4_G1000_corn_3",
    "n_customers": 80,
    "dimension": 4,
    "grid_size": 1000,
    "optimal_cost": 16609,
    "optimal_tour": [
        63,
        62,
        1,
        37,
        66,
        49,
        36,
        33,
        8,
        40,
        52,
        67,
        26,
        64,
        77,
        14,
        6,
        80,
        29,
        50,
        3,
        21,
        47,
        23,
        68,
        22,
        65,
        19,
        17,
        75,
        61,
        76,
        5,
        18,
        15,
        44,
        11,
        58,
        42,
        79,
        59,
        12,
        54,
        32,
        73,
        13,
        43,
        51,
        2,
        57,
        35,
        28,
        56,
        30,
        39,
        74,
        60,
        10,
        55,
        38,
        53,
        48,
        24,
        78,
        71,
        16,
        45,
        34,
        9,
        7,
        72,
        41,
        20,
        4,
        46,
        70,
        27,
        31,
        25,
        69
    ],
    "optimal_solver": "lkh",
    "instance_file_path": "c:\\TSP_ND_ML_Project\\instances\\N80_D4_G1000_corn_3.json",
    "concorde_length": 16609,
    "concorde_time_s": 3.827954500040505,
    "concorde_tour": [
        1,
        37,
        66,
        49,
        36,
        33,
        8,
        40,
        52,
        67,
        26,
        64,
        77,
        14,
        6,
        80,
        29,
        50,
        3,
        21,
        47,
        23,
        68,
        22,
        65,
        19,
        17,
        75,
        61,
        76,
        5,
        18,
        15,
        44,
        11,
        58,
        42,
        79,
        59,
        12,
        54,
        32,
        73,
        13,
        43,
        51,
        2,
        57,
        35,
        28,
        56,
        30,
        39,
        74,
        60,
        10,
        55,
        38,
        53,
        48,
        24,
        78,
        71,
        16,
        45,
        34,
        9,
        7,
        72,
        41,
        20,
        4,
        46,
        70,
        27,
        31,
        25,
        69,
        63,
        62
    ],
    "lkh_length": 16609,
    "lkh_time_s": 0.1891872999840416,
    "lkh_tour": [
        63,
        62,
        1,
        37,
        66,
        49,
        36,
        33,
        8,
        40,
        52,
        67,
        26,
        64,
        77,
        14,
        6,
        80,
        29,
        50,
        3,
        21,
        47,
        23,
        68,
        22,
        65,
        19,
        17,
        75,
        61,
        76,
        5,
        18,
        15,
        44,
        11,
        58,
        42,
        79,
        59,
        12,
        54,
        32,
        73,
        13,
        43,
        51,
        2,
        57,
        35,
        28,
        56,
        30,
        39,
        74,
        60,
        10,
        55,
        38,
        53,
        48,
        24,
        78,
        71,
        16,
        45,
        34,
        9,
        7,
        72,
        41,
        20,
        4,
        46,
        70,
        27,
        31,
        25,
        69
    ],
    "lkh_gap_pct": 0.0
}