{
    "instance_name": "N80_D5_G100_grid_17",
    "n_customers": 80,
    "dimension": 5,
    "grid_size": 100,
    "optimal_cost": 3075,
    "optimal_tour": [
        44,
        28,
        16,
        79,
        64,
        77,
        32,
        67,
        38,
        6,
        69,
        1,
        14,
        46,
        61,
        59,
        55,
        11,
        5,
        21,
        27,
        47,
        49,
        2,
        25,
        33,
        41,
        23,
        40,
        60,
        8,
        3,
        63,
        76,
        29,
        65,
        54,
        7,
        74,
        58,
        12,
        36,
        42,
        13,
        24,
        45,
        62,
        75,
        68,
        26,
        30,
        20,
        31,
        51,
        57,
        35,
        56,
        22,
        78,
        70,
        72,
        19,
        53,
        4,
        80,
        73,
        15,
        18,
        50,
        9,
        39,
        52,
        43,
        48,
        17,
        66,
        37,
        10,
        71,
        34
    ],
    "optimal_solver": "lkh",
    "instance_file_path": "c:\\TSP_ND_ML_Project\\instances\\N80_D5_G100_grid_17.json",
    "concorde_length": 3075,
    "concorde_time_s": 2.106662200007122,
    "concorde_tour": [
        1,
        69,
        6,
        38,
        67,
        32,
        77,
        64,
        79,
        16,
        28,
        44,
        34,
        71,
        10,
        37,
        66,
        17,
        48,
        43,
        52,
        39,
        9,
        50,
        18,
        15,
        73,
        80,
        4,
        53,
        19,
        72,
        70,
        78,
        22,
        56,
        35,
        57,
        51,
        31,
        20,
        30,
        26,
        68,
        75,
        62,
        45,
        24,
        13,
        42,
        36,
        12,
        58,
        74,
        7,
        54,
        65,
        29,
        76,
        63,
        3,
        8,
        60,
        40,
        23,
        41,
        33,
        25,
        2,
        49,
        47,
        27,
        21,
        5,
        11,
        55,
        59,
        61,
        46,
        14
    ],
    "lkh_length": 3075,
    "lkh_time_s": 0.4041340999538079,
    "lkh_tour": [
        44,
        28,
        16,
        79,
        64,
        77,
        32,
        67,
        38,
        6,
        69,
        1,
        14,
        46,
        61,
        59,
        55,
        11,
        5,
        21,
        27,
        47,
        49,
        2,
        25,
        33,
        41,
        23,
        40,
        60,
        8,
        3,
        63,
        76,
        29,
        65,
        54,
        7,
        74,
        58,
        12,
        36,
        42,
        13,
        24,
        45,
        62,
        75,
        68,
        26,
        30,
        20,
        31,
        51,
        57,
        35,
        56,
        22,
        78,
        70,
        72,
        19,
        53,
        4,
        80,
        73,
        15,
        18,
        50,
        9,
        39,
        52,
        43,
        48,
        17,
        66,
        37,
        10,
        71,
        34
    ],
    "lkh_gap_pct": 0.0
}