{
    "instance_name": "N80_D3_G100_rand_13",
    "n_customers": 80,
    "dimension": 3,
    "grid_size": 100,
    "optimal_cost": 1488,
    "optimal_tour": [
        56,
        8,
        4,
        10,
        22,
        7,
        80,
        5,
        78,
        73,
        2,
        62,
        29,
        79,
        70,
        47,
        30,
        46,
        67,
        48,
        13,
        38,
        45,
        68,
        6,
        32,
        21,
        59,
        64,
        71,
        49,
        50,
        34,
        23,
        61,
        18,
        33,
        35,
        17,
        39,
        74,
        60,
        37,
        16,
        20,
        69,
        36,
        19,
        58,
        31,
        25,
        66,
        63,
        12,
        77,
        55,
        44,
        11,
        26,
        41,
        51,
        40,
        14,
        75,
        28,
        72,
        9,
        24,
        52,
        15,
        3,
        43,
        76,
        27,
        53,
        65,
        1,
        42,
        54,
        57
    ],
    "optimal_solver": "lkh",
    "instance_file_path": "c:\\TSP_ND_ML_Project\\instances\\N80_D3_G100_rand_13.json",
    "concorde_length": 1488,
    "concorde_time_s": 2.2247003000229597,
    "concorde_tour": [
        1,
        65,
        53,
        27,
        76,
        43,
        3,
        15,
        52,
        24,
        9,
        33,
        18,
        61,
        23,
        34,
        50,
        49,
        71,
        64,
        59,
        21,
        32,
        6,
        68,
        45,
        38,
        13,
        48,
        67,
        46,
        30,
        47,
        70,
        79,
        29,
        62,
        2,
        73,
        78,
        5,
        80,
        7,
        22,
        10,
        4,
        8,
        56,
        57,
        42,
        54,
        26,
        11,
        44,
        55,
        77,
        12,
        63,
        66,
        25,
        31,
        58,
        19,
        36,
        69,
        20,
        16,
        37,
        60,
        74,
        39,
        17,
        35,
        14,
        40,
        51,
        41,
        75,
        28,
        72
    ],
    "lkh_length": 1488,
    "lkh_time_s": 0.31030810001539066,
    "lkh_tour": [
        56,
        8,
        4,
        10,
        22,
        7,
        80,
        5,
        78,
        73,
        2,
        62,
        29,
        79,
        70,
        47,
        30,
        46,
        67,
        48,
        13,
        38,
        45,
        68,
        6,
        32,
        21,
        59,
        64,
        71,
        49,
        50,
        34,
        23,
        61,
        18,
        33,
        35,
        17,
        39,
        74,
        60,
        37,
        16,
        20,
        69,
        36,
        19,
        58,
        31,
        25,
        66,
        63,
        12,
        77,
        55,
        44,
        11,
        26,
        41,
        51,
        40,
        14,
        75,
        28,
        72,
        9,
        24,
        52,
        15,
        3,
        43,
        76,
        27,
        53,
        65,
        1,
        42,
        54,
        57
    ],
    "lkh_gap_pct": 0.0
}