{
    "instance_name": "N80_D2_G1000_ring_10",
    "n_customers": 80,
    "dimension": 2,
    "grid_size": 1000,
    "optimal_cost": 4132,
    "optimal_tour": [
        46,
        54,
        62,
        9,
        35,
        21,
        77,
        43,
        75,
        6,
        69,
        33,
        80,
        51,
        15,
        52,
        53,
        63,
        40,
        60,
        26,
        50,
        29,
        37,
        76,
        45,
        72,
        27,
        47,
        31,
        64,
        67,
        66,
        2,
        59,
        58,
        49,
        7,
        3,
        23,
        20,
        24,
        4,
        78,
        22,
        18,
        65,
        41,
        61,
        36,
        10,
        14,
        38,
        70,
        11,
        25,
        79,
        39,
        73,
        48,
        44,
        19,
        1,
        17,
        74,
        30,
        56,
        68,
        12,
        16,
        57,
        71,
        55,
        32,
        5,
        42,
        8,
        28,
        13,
        34
    ],
    "optimal_solver": "lkh",
    "instance_file_path": "c:\\TSP_ND_ML_Project\\instances\\N80_D2_G1000_ring_10.json",
    "concorde_length": 4132,
    "concorde_time_s": 0.837694099987857,
    "concorde_tour": [
        1,
        19,
        44,
        48,
        73,
        39,
        79,
        25,
        11,
        70,
        38,
        14,
        10,
        36,
        61,
        41,
        65,
        18,
        22,
        78,
        4,
        24,
        20,
        23,
        3,
        7,
        49,
        58,
        59,
        2,
        66,
        67,
        64,
        31,
        47,
        27,
        72,
        45,
        76,
        37,
        29,
        50,
        26,
        60,
        40,
        63,
        53,
        52,
        15,
        51,
        80,
        33,
        69,
        6,
        75,
        43,
        77,
        21,
        35,
        9,
        62,
        54,
        46,
        34,
        13,
        28,
        8,
        42,
        5,
        32,
        55,
        71,
        57,
        16,
        12,
        68,
        56,
        30,
        74,
        17
    ],
    "lkh_length": 4132,
    "lkh_time_s": 0.10368379999999888,
    "lkh_tour": [
        46,
        54,
        62,
        9,
        35,
        21,
        77,
        43,
        75,
        6,
        69,
        33,
        80,
        51,
        15,
        52,
        53,
        63,
        40,
        60,
        26,
        50,
        29,
        37,
        76,
        45,
        72,
        27,
        47,
        31,
        64,
        67,
        66,
        2,
        59,
        58,
        49,
        7,
        3,
        23,
        20,
        24,
        4,
        78,
        22,
        18,
        65,
        41,
        61,
        36,
        10,
        14,
        38,
        70,
        11,
        25,
        79,
        39,
        73,
        48,
        44,
        19,
        1,
        17,
        74,
        30,
        56,
        68,
        12,
        16,
        57,
        71,
        55,
        32,
        5,
        42,
        8,
        28,
        13,
        34
    ],
    "lkh_gap_pct": 0.0
}