{
    "instance_name": "N80_D4_G100_corr_1",
    "n_customers": 80,
    "dimension": 4,
    "grid_size": 100,
    "optimal_cost": 983,
    "optimal_tour": [
        68,
        2,
        29,
        4,
        77,
        36,
        59,
        17,
        9,
        51,
        31,
        3,
        78,
        65,
        7,
        44,
        63,
        28,
        35,
        66,
        40,
        46,
        61,
        14,
        8,
        74,
        47,
        73,
        45,
        62,
        1,
        25,
        15,
        43,
        64,
        56,
        67,
        33,
        34,
        11,
        50,
        69,
        75,
        5,
        57,
        6,
        54,
        30,
        39,
        22,
        27,
        18,
        23,
        24,
        80,
        26,
        20,
        16,
        10,
        48,
        32,
        79,
        49,
        37,
        71,
        53,
        38,
        60,
        58,
        42,
        76,
        21,
        19,
        72,
        55,
        70,
        12,
        41,
        13,
        52
    ],
    "optimal_solver": "lkh",
    "instance_file_path": "c:\\TSP_ND_ML_Project\\instances\\N80_D4_G100_corr_1.json",
    "concorde_length": 983,
    "concorde_time_s": 2.191420899995137,
    "concorde_tour": [
        1,
        15,
        43,
        64,
        56,
        67,
        33,
        34,
        11,
        50,
        69,
        75,
        5,
        57,
        6,
        54,
        30,
        39,
        22,
        27,
        18,
        23,
        24,
        80,
        26,
        20,
        16,
        10,
        48,
        32,
        79,
        49,
        37,
        71,
        53,
        38,
        60,
        58,
        42,
        76,
        21,
        19,
        72,
        55,
        12,
        70,
        41,
        13,
        52,
        68,
        2,
        29,
        4,
        77,
        36,
        59,
        17,
        9,
        51,
        31,
        3,
        78,
        65,
        7,
        44,
        63,
        28,
        35,
        66,
        40,
        46,
        61,
        14,
        8,
        74,
        47,
        73,
        45,
        62,
        25
    ],
    "lkh_length": 983,
    "lkh_time_s": 0.20911809999961406,
    "lkh_tour": [
        68,
        2,
        29,
        4,
        77,
        36,
        59,
        17,
        9,
        51,
        31,
        3,
        78,
        65,
        7,
        44,
        63,
        28,
        35,
        66,
        40,
        46,
        61,
        14,
        8,
        74,
        47,
        73,
        45,
        62,
        1,
        25,
        15,
        43,
        64,
        56,
        67,
        33,
        34,
        11,
        50,
        69,
        75,
        5,
        57,
        6,
        54,
        30,
        39,
        22,
        27,
        18,
        23,
        24,
        80,
        26,
        20,
        16,
        10,
        48,
        32,
        79,
        49,
        37,
        71,
        53,
        38,
        60,
        58,
        42,
        76,
        21,
        19,
        72,
        55,
        70,
        12,
        41,
        13,
        52
    ],
    "lkh_gap_pct": 0.0
}