{
    "instance_name": "N80_D2_G1000_ring_18",
    "n_customers": 80,
    "dimension": 2,
    "grid_size": 1000,
    "optimal_cost": 3665,
    "optimal_tour": [
        62,
        74,
        18,
        21,
        34,
        6,
        15,
        4,
        69,
        39,
        70,
        28,
        30,
        43,
        36,
        79,
        12,
        31,
        9,
        61,
        27,
        73,
        54,
        63,
        46,
        49,
        35,
        23,
        11,
        56,
        44,
        64,
        3,
        25,
        58,
        71,
        52,
        45,
        77,
        59,
        57,
        76,
        66,
        60,
        78,
        26,
        51,
        68,
        2,
        80,
        5,
        41,
        10,
        38,
        8,
        53,
        40,
        19,
        72,
        20,
        37,
        32,
        75,
        14,
        33,
        42,
        7,
        67,
        48,
        16,
        24,
        55,
        22,
        47,
        65,
        1,
        50,
        29,
        17,
        13
    ],
    "optimal_solver": "lkh",
    "instance_file_path": "c:\\TSP_ND_ML_Project\\instances\\N80_D2_G1000_ring_18.json",
    "concorde_length": 3665,
    "concorde_time_s": 1.5147515999851748,
    "concorde_tour": [
        1,
        50,
        29,
        17,
        13,
        62,
        74,
        18,
        21,
        34,
        6,
        15,
        4,
        69,
        39,
        70,
        28,
        30,
        43,
        36,
        79,
        12,
        31,
        9,
        61,
        27,
        73,
        54,
        63,
        46,
        49,
        35,
        23,
        11,
        56,
        44,
        64,
        3,
        25,
        58,
        71,
        52,
        45,
        77,
        59,
        57,
        76,
        66,
        60,
        78,
        26,
        51,
        68,
        2,
        80,
        5,
        41,
        10,
        38,
        8,
        53,
        40,
        19,
        72,
        20,
        37,
        32,
        75,
        14,
        33,
        42,
        7,
        67,
        48,
        16,
        24,
        55,
        22,
        47,
        65
    ],
    "lkh_length": 3665,
    "lkh_time_s": 0.8033960000029765,
    "lkh_tour": [
        62,
        74,
        18,
        21,
        34,
        6,
        15,
        4,
        69,
        39,
        70,
        28,
        30,
        43,
        36,
        79,
        12,
        31,
        9,
        61,
        27,
        73,
        54,
        63,
        46,
        49,
        35,
        23,
        11,
        56,
        44,
        64,
        3,
        25,
        58,
        71,
        52,
        45,
        77,
        59,
        57,
        76,
        66,
        60,
        78,
        26,
        51,
        68,
        2,
        80,
        5,
        41,
        10,
        38,
        8,
        53,
        40,
        19,
        72,
        20,
        37,
        32,
        75,
        14,
        33,
        42,
        7,
        67,
        48,
        16,
        24,
        55,
        22,
        47,
        65,
        1,
        50,
        29,
        17,
        13
    ],
    "lkh_gap_pct": 0.0
}