{
    "instance_name": "N80_D4_G1000_ring_9",
    "n_customers": 80,
    "dimension": 4,
    "grid_size": 1000,
    "optimal_cost": 13021,
    "optimal_tour": [
        60,
        51,
        45,
        74,
        43,
        63,
        2,
        6,
        62,
        4,
        36,
        28,
        39,
        14,
        70,
        79,
        3,
        56,
        53,
        32,
        35,
        49,
        5,
        11,
        55,
        41,
        59,
        29,
        15,
        12,
        17,
        66,
        78,
        21,
        52,
        1,
        34,
        20,
        26,
        25,
        77,
        40,
        19,
        38,
        44,
        71,
        69,
        46,
        80,
        76,
        61,
        57,
        65,
        67,
        73,
        10,
        54,
        72,
        68,
        16,
        42,
        23,
        8,
        13,
        33,
        75,
        30,
        7,
        48,
        27,
        31,
        9,
        58,
        37,
        18,
        64,
        50,
        24,
        47,
        22
    ],
    "optimal_solver": "lkh",
    "instance_file_path": "c:\\TSP_ND_ML_Project\\instances\\N80_D4_G1000_ring_9.json",
    "concorde_length": 13021,
    "concorde_time_s": 0.8497459000209346,
    "concorde_tour": [
        1,
        52,
        21,
        78,
        66,
        17,
        12,
        15,
        29,
        59,
        41,
        55,
        11,
        5,
        49,
        35,
        32,
        53,
        56,
        3,
        79,
        70,
        14,
        39,
        28,
        36,
        4,
        62,
        6,
        2,
        63,
        43,
        74,
        45,
        51,
        60,
        22,
        47,
        24,
        50,
        64,
        18,
        37,
        58,
        9,
        31,
        27,
        48,
        7,
        30,
        75,
        33,
        13,
        8,
        23,
        42,
        16,
        68,
        72,
        54,
        10,
        73,
        67,
        65,
        57,
        61,
        76,
        80,
        46,
        69,
        71,
        44,
        38,
        19,
        40,
        77,
        25,
        26,
        20,
        34
    ],
    "lkh_length": 13021,
    "lkh_time_s": 0.22982299991417676,
    "lkh_tour": [
        60,
        51,
        45,
        74,
        43,
        63,
        2,
        6,
        62,
        4,
        36,
        28,
        39,
        14,
        70,
        79,
        3,
        56,
        53,
        32,
        35,
        49,
        5,
        11,
        55,
        41,
        59,
        29,
        15,
        12,
        17,
        66,
        78,
        21,
        52,
        1,
        34,
        20,
        26,
        25,
        77,
        40,
        19,
        38,
        44,
        71,
        69,
        46,
        80,
        76,
        61,
        57,
        65,
        67,
        73,
        10,
        54,
        72,
        68,
        16,
        42,
        23,
        8,
        13,
        33,
        75,
        30,
        7,
        48,
        27,
        31,
        9,
        58,
        37,
        18,
        64,
        50,
        24,
        47,
        22
    ],
    "lkh_gap_pct": 0.0
}