{
    "instance_name": "N80_D2_G10000_clus_12",
    "n_customers": 80,
    "dimension": 2,
    "grid_size": 10000,
    "optimal_cost": 18859,
    "optimal_tour": [
        15,
        6,
        16,
        13,
        21,
        39,
        67,
        19,
        20,
        69,
        47,
        53,
        46,
        59,
        1,
        31,
        60,
        41,
        29,
        24,
        36,
        14,
        27,
        79,
        65,
        62,
        51,
        56,
        3,
        73,
        12,
        18,
        30,
        64,
        49,
        54,
        43,
        32,
        42,
        80,
        70,
        34,
        72,
        23,
        8,
        74,
        78,
        35,
        44,
        9,
        68,
        71,
        58,
        40,
        25,
        57,
        63,
        66,
        28,
        55,
        50,
        76,
        45,
        75,
        61,
        38,
        10,
        52,
        7,
        26,
        77,
        48,
        17,
        5,
        37,
        2,
        22,
        11,
        33,
        4
    ],
    "optimal_solver": "lkh",
    "instance_file_path": "c:\\TSP_ND_ML_Project\\instances\\N80_D2_G10000_clus_12.json",
    "concorde_length": 18859,
    "concorde_time_s": 1.1829171999997925,
    "concorde_tour": [
        1,
        31,
        60,
        41,
        29,
        24,
        36,
        14,
        27,
        79,
        65,
        62,
        51,
        56,
        3,
        73,
        12,
        18,
        30,
        64,
        49,
        54,
        43,
        32,
        42,
        80,
        70,
        34,
        72,
        23,
        8,
        74,
        78,
        35,
        44,
        9,
        68,
        71,
        58,
        40,
        25,
        57,
        63,
        66,
        28,
        55,
        50,
        76,
        45,
        75,
        61,
        38,
        10,
        52,
        7,
        26,
        77,
        48,
        17,
        5,
        37,
        2,
        22,
        11,
        33,
        4,
        15,
        6,
        16,
        13,
        21,
        39,
        67,
        19,
        20,
        69,
        47,
        53,
        46,
        59
    ],
    "lkh_length": 18859,
    "lkh_time_s": 0.7425720000173897,
    "lkh_tour": [
        15,
        6,
        16,
        13,
        21,
        39,
        67,
        19,
        20,
        69,
        47,
        53,
        46,
        59,
        1,
        31,
        60,
        41,
        29,
        24,
        36,
        14,
        27,
        79,
        65,
        62,
        51,
        56,
        3,
        73,
        12,
        18,
        30,
        64,
        49,
        54,
        43,
        32,
        42,
        80,
        70,
        34,
        72,
        23,
        8,
        74,
        78,
        35,
        44,
        9,
        68,
        71,
        58,
        40,
        25,
        57,
        63,
        66,
        28,
        55,
        50,
        76,
        45,
        75,
        61,
        38,
        10,
        52,
        7,
        26,
        77,
        48,
        17,
        5,
        37,
        2,
        22,
        11,
        33,
        4
    ],
    "lkh_gap_pct": 0.0
}