{
    "instance_name": "N80_D4_G1000_clus_15",
    "n_customers": 80,
    "dimension": 4,
    "grid_size": 1000,
    "optimal_cost": 7409,
    "optimal_tour": [
        64,
        80,
        23,
        58,
        19,
        5,
        57,
        1,
        32,
        29,
        37,
        67,
        10,
        54,
        75,
        2,
        52,
        47,
        66,
        6,
        18,
        27,
        44,
        78,
        38,
        28,
        4,
        60,
        7,
        50,
        43,
        56,
        35,
        21,
        25,
        76,
        16,
        69,
        79,
        70,
        39,
        65,
        34,
        33,
        40,
        53,
        22,
        71,
        13,
        31,
        74,
        59,
        15,
        49,
        41,
        55,
        62,
        77,
        8,
        17,
        36,
        20,
        14,
        61,
        72,
        11,
        73,
        3,
        42,
        45,
        26,
        12,
        9,
        68,
        24,
        51,
        63,
        46,
        30,
        48
    ],
    "optimal_solver": "lkh",
    "instance_file_path": "c:\\TSP_ND_ML_Project\\instances\\N80_D4_G1000_clus_15.json",
    "concorde_length": 7409,
    "concorde_time_s": 2.4327548000146635,
    "concorde_tour": [
        1,
        32,
        29,
        37,
        67,
        10,
        54,
        75,
        2,
        52,
        47,
        66,
        6,
        18,
        27,
        44,
        78,
        38,
        28,
        4,
        60,
        7,
        50,
        43,
        56,
        35,
        21,
        25,
        76,
        16,
        69,
        79,
        70,
        39,
        65,
        34,
        33,
        40,
        53,
        22,
        71,
        13,
        31,
        74,
        59,
        15,
        49,
        41,
        55,
        62,
        77,
        8,
        17,
        36,
        20,
        14,
        61,
        72,
        11,
        73,
        3,
        42,
        45,
        26,
        12,
        9,
        68,
        24,
        51,
        63,
        46,
        30,
        48,
        64,
        80,
        23,
        58,
        19,
        5,
        57
    ],
    "lkh_length": 7409,
    "lkh_time_s": 0.29756420000921935,
    "lkh_tour": [
        64,
        80,
        23,
        58,
        19,
        5,
        57,
        1,
        32,
        29,
        37,
        67,
        10,
        54,
        75,
        2,
        52,
        47,
        66,
        6,
        18,
        27,
        44,
        78,
        38,
        28,
        4,
        60,
        7,
        50,
        43,
        56,
        35,
        21,
        25,
        76,
        16,
        69,
        79,
        70,
        39,
        65,
        34,
        33,
        40,
        53,
        22,
        71,
        13,
        31,
        74,
        59,
        15,
        49,
        41,
        55,
        62,
        77,
        8,
        17,
        36,
        20,
        14,
        61,
        72,
        11,
        73,
        3,
        42,
        45,
        26,
        12,
        9,
        68,
        24,
        51,
        63,
        46,
        30,
        48
    ],
    "lkh_gap_pct": 0.0
}