{
    "instance_name": "N80_D5_G1000_pow_1",
    "n_customers": 80,
    "dimension": 5,
    "grid_size": 1000,
    "optimal_cost": 27414,
    "optimal_tour": [
        65,
        37,
        58,
        36,
        29,
        11,
        8,
        57,
        68,
        2,
        38,
        75,
        47,
        24,
        7,
        6,
        48,
        62,
        3,
        77,
        28,
        10,
        66,
        70,
        23,
        69,
        4,
        59,
        60,
        55,
        32,
        21,
        16,
        46,
        45,
        30,
        52,
        76,
        73,
        26,
        9,
        71,
        49,
        25,
        53,
        56,
        20,
        12,
        34,
        13,
        42,
        33,
        61,
        67,
        80,
        18,
        14,
        5,
        41,
        44,
        51,
        63,
        19,
        43,
        17,
        79,
        22,
        31,
        39,
        64,
        15,
        40,
        54,
        1,
        35,
        50,
        78,
        27,
        74,
        72
    ],
    "optimal_solver": "lkh",
    "instance_file_path": "c:\\TSP_ND_ML_Project\\instances\\N80_D5_G1000_pow_1.json",
    "concorde_length": 27414,
    "concorde_time_s": 1.3335024999687448,
    "concorde_tour": [
        1,
        15,
        31,
        39,
        55,
        32,
        21,
        16,
        19,
        17,
        79,
        43,
        22,
        27,
        78,
        74,
        50,
        58,
        37,
        65,
        72,
        36,
        68,
        8,
        11,
        57,
        29,
        10,
        28,
        77,
        48,
        3,
        62,
        6,
        2,
        7,
        47,
        38,
        24,
        75,
        76,
        52,
        30,
        46,
        45,
        26,
        73,
        71,
        25,
        49,
        9,
        12,
        56,
        20,
        53,
        63,
        51,
        44,
        41,
        5,
        18,
        14,
        69,
        4,
        23,
        59,
        60,
        66,
        70,
        80,
        61,
        34,
        13,
        42,
        67,
        33,
        35,
        40,
        64,
        54
    ],
    "lkh_length": 27414,
    "lkh_time_s": 12.00014859996736,
    "lkh_tour": [
        65,
        37,
        58,
        36,
        29,
        11,
        8,
        57,
        68,
        2,
        38,
        75,
        47,
        24,
        7,
        6,
        48,
        62,
        3,
        77,
        28,
        10,
        66,
        70,
        23,
        69,
        4,
        59,
        60,
        55,
        32,
        21,
        16,
        46,
        45,
        30,
        52,
        76,
        73,
        26,
        9,
        71,
        49,
        25,
        53,
        56,
        20,
        12,
        34,
        13,
        42,
        33,
        61,
        67,
        80,
        18,
        14,
        5,
        41,
        44,
        51,
        63,
        19,
        43,
        17,
        79,
        22,
        31,
        39,
        64,
        15,
        40,
        54,
        1,
        35,
        50,
        78,
        27,
        74,
        72
    ],
    "lkh_gap_pct": 0.0
}