{
    "instance_name": "N80_D5_G100_corn_10",
    "n_customers": 80,
    "dimension": 5,
    "grid_size": 100,
    "optimal_cost": 2954,
    "optimal_tour": [
        24,
        51,
        47,
        26,
        78,
        29,
        23,
        57,
        1,
        21,
        25,
        53,
        16,
        31,
        43,
        50,
        66,
        52,
        61,
        49,
        65,
        69,
        12,
        10,
        59,
        45,
        76,
        75,
        54,
        22,
        2,
        27,
        38,
        72,
        42,
        3,
        14,
        4,
        55,
        17,
        58,
        30,
        11,
        48,
        60,
        62,
        9,
        20,
        46,
        33,
        18,
        15,
        80,
        5,
        37,
        7,
        28,
        70,
        73,
        19,
        40,
        71,
        13,
        63,
        79,
        41,
        6,
        64,
        8,
        36,
        67,
        35,
        34,
        32,
        77,
        39,
        74,
        68,
        44,
        56
    ],
    "optimal_solver": "lkh",
    "instance_file_path": "c:\\TSP_ND_ML_Project\\instances\\N80_D5_G100_corn_10.json",
    "concorde_length": 2954,
    "concorde_time_s": 1.8020891000051051,
    "concorde_tour": [
        1,
        21,
        25,
        53,
        16,
        31,
        43,
        50,
        66,
        52,
        61,
        49,
        65,
        69,
        12,
        10,
        59,
        45,
        76,
        75,
        54,
        22,
        2,
        27,
        38,
        72,
        42,
        3,
        14,
        4,
        55,
        17,
        58,
        30,
        48,
        11,
        60,
        62,
        9,
        20,
        46,
        33,
        18,
        15,
        80,
        5,
        37,
        7,
        28,
        70,
        73,
        19,
        40,
        71,
        13,
        63,
        79,
        41,
        6,
        64,
        8,
        36,
        67,
        35,
        34,
        32,
        77,
        39,
        68,
        74,
        44,
        56,
        24,
        51,
        47,
        26,
        78,
        29,
        23,
        57
    ],
    "lkh_length": 2954,
    "lkh_time_s": 0.6331363000208512,
    "lkh_tour": [
        24,
        51,
        47,
        26,
        78,
        29,
        23,
        57,
        1,
        21,
        25,
        53,
        16,
        31,
        43,
        50,
        66,
        52,
        61,
        49,
        65,
        69,
        12,
        10,
        59,
        45,
        76,
        75,
        54,
        22,
        2,
        27,
        38,
        72,
        42,
        3,
        14,
        4,
        55,
        17,
        58,
        30,
        11,
        48,
        60,
        62,
        9,
        20,
        46,
        33,
        18,
        15,
        80,
        5,
        37,
        7,
        28,
        70,
        73,
        19,
        40,
        71,
        13,
        63,
        79,
        41,
        6,
        64,
        8,
        36,
        67,
        35,
        34,
        32,
        77,
        39,
        74,
        68,
        44,
        56
    ],
    "lkh_gap_pct": 0.0
}