{
    "instance_name": "N80_D2_G10000_corr_8",
    "n_customers": 80,
    "dimension": 2,
    "grid_size": 10000,
    "optimal_cost": 41940,
    "optimal_tour": [
        8,
        33,
        48,
        76,
        57,
        59,
        21,
        19,
        45,
        7,
        63,
        28,
        34,
        67,
        68,
        35,
        47,
        14,
        20,
        5,
        10,
        53,
        64,
        54,
        44,
        26,
        17,
        58,
        66,
        1,
        9,
        69,
        41,
        56,
        70,
        27,
        77,
        22,
        24,
        12,
        72,
        78,
        42,
        2,
        71,
        61,
        38,
        13,
        62,
        6,
        52,
        11,
        37,
        15,
        23,
        18,
        65,
        49,
        51,
        30,
        29,
        31,
        46,
        50,
        32,
        60,
        74,
        55,
        79,
        16,
        36,
        39,
        4,
        3,
        25,
        73,
        43,
        75,
        80,
        40
    ],
    "optimal_solver": "lkh",
    "instance_file_path": "c:\\TSP_ND_ML_Project\\instances\\N80_D2_G10000_corr_8.json",
    "concorde_length": 41940,
    "concorde_time_s": 1.1048476999858394,
    "concorde_tour": [
        1,
        66,
        58,
        17,
        26,
        44,
        54,
        64,
        53,
        10,
        5,
        20,
        14,
        47,
        35,
        68,
        67,
        34,
        28,
        63,
        7,
        19,
        45,
        21,
        59,
        57,
        76,
        48,
        33,
        8,
        40,
        80,
        75,
        43,
        73,
        25,
        3,
        4,
        39,
        36,
        16,
        79,
        55,
        74,
        60,
        32,
        50,
        46,
        31,
        29,
        30,
        51,
        49,
        65,
        18,
        23,
        15,
        37,
        11,
        52,
        6,
        62,
        13,
        38,
        61,
        71,
        2,
        42,
        78,
        72,
        12,
        24,
        22,
        77,
        27,
        70,
        56,
        41,
        69,
        9
    ],
    "lkh_length": 41940,
    "lkh_time_s": 0.44052130001364276,
    "lkh_tour": [
        8,
        33,
        48,
        76,
        57,
        59,
        21,
        19,
        45,
        7,
        63,
        28,
        34,
        67,
        68,
        35,
        47,
        14,
        20,
        5,
        10,
        53,
        64,
        54,
        44,
        26,
        17,
        58,
        66,
        1,
        9,
        69,
        41,
        56,
        70,
        27,
        77,
        22,
        24,
        12,
        72,
        78,
        42,
        2,
        71,
        61,
        38,
        13,
        62,
        6,
        52,
        11,
        37,
        15,
        23,
        18,
        65,
        49,
        51,
        30,
        29,
        31,
        46,
        50,
        32,
        60,
        74,
        55,
        79,
        16,
        36,
        39,
        4,
        3,
        25,
        73,
        43,
        75,
        80,
        40
    ],
    "lkh_gap_pct": 0.0
}