{
    "instance_name": "N80_D3_G1000_corn_11",
    "n_customers": 80,
    "dimension": 3,
    "grid_size": 1000,
    "optimal_cost": 8506,
    "optimal_tour": [
        71,
        12,
        40,
        58,
        79,
        20,
        50,
        65,
        77,
        43,
        63,
        1,
        24,
        46,
        34,
        11,
        33,
        67,
        41,
        64,
        10,
        18,
        55,
        69,
        53,
        15,
        13,
        54,
        4,
        68,
        35,
        73,
        49,
        52,
        14,
        30,
        38,
        66,
        59,
        78,
        29,
        7,
        6,
        70,
        72,
        76,
        56,
        45,
        48,
        19,
        57,
        80,
        32,
        31,
        5,
        8,
        47,
        37,
        51,
        25,
        61,
        36,
        60,
        23,
        44,
        74,
        16,
        28,
        21,
        3,
        27,
        9,
        42,
        62,
        22,
        2,
        26,
        75,
        39,
        17
    ],
    "optimal_solver": "lkh",
    "instance_file_path": "c:\\TSP_ND_ML_Project\\instances\\N80_D3_G1000_corn_11.json",
    "concorde_length": 8506,
    "concorde_time_s": 2.326445500017144,
    "concorde_tour": [
        1,
        63,
        43,
        77,
        65,
        50,
        20,
        58,
        79,
        40,
        12,
        71,
        17,
        39,
        75,
        26,
        2,
        22,
        62,
        42,
        9,
        27,
        3,
        21,
        28,
        16,
        74,
        44,
        23,
        60,
        36,
        61,
        51,
        37,
        25,
        47,
        8,
        5,
        31,
        32,
        80,
        57,
        19,
        56,
        45,
        48,
        76,
        72,
        70,
        6,
        7,
        29,
        78,
        59,
        66,
        38,
        30,
        14,
        52,
        49,
        73,
        68,
        35,
        4,
        54,
        13,
        15,
        53,
        69,
        55,
        18,
        10,
        64,
        41,
        67,
        33,
        11,
        34,
        46,
        24
    ],
    "lkh_length": 8506,
    "lkh_time_s": 1.0641378000145778,
    "lkh_tour": [
        71,
        12,
        40,
        58,
        79,
        20,
        50,
        65,
        77,
        43,
        63,
        1,
        24,
        46,
        34,
        11,
        33,
        67,
        41,
        64,
        10,
        18,
        55,
        69,
        53,
        15,
        13,
        54,
        4,
        68,
        35,
        73,
        49,
        52,
        14,
        30,
        38,
        66,
        59,
        78,
        29,
        7,
        6,
        70,
        72,
        76,
        56,
        45,
        48,
        19,
        57,
        80,
        32,
        31,
        5,
        8,
        47,
        37,
        51,
        25,
        61,
        36,
        60,
        23,
        44,
        74,
        16,
        28,
        21,
        3,
        27,
        9,
        42,
        62,
        22,
        2,
        26,
        75,
        39,
        17
    ],
    "lkh_gap_pct": 0.0
}