{
    "instance_name": "N80_D3_G100_corr_18",
    "n_customers": 80,
    "dimension": 3,
    "grid_size": 100,
    "optimal_cost": 764,
    "optimal_tour": [
        42,
        58,
        37,
        7,
        43,
        54,
        25,
        39,
        66,
        72,
        68,
        49,
        15,
        17,
        59,
        1,
        51,
        77,
        34,
        60,
        13,
        29,
        22,
        2,
        76,
        36,
        30,
        41,
        80,
        75,
        65,
        27,
        61,
        19,
        44,
        18,
        47,
        46,
        12,
        53,
        50,
        48,
        33,
        8,
        5,
        78,
        26,
        63,
        6,
        70,
        28,
        45,
        38,
        67,
        11,
        32,
        31,
        4,
        3,
        64,
        40,
        23,
        71,
        55,
        21,
        69,
        35,
        14,
        20,
        74,
        79,
        73,
        62,
        52,
        10,
        24,
        56,
        57,
        9,
        16
    ],
    "optimal_solver": "lkh",
    "instance_file_path": "c:\\TSP_ND_ML_Project\\instances\\N80_D3_G100_corr_18.json",
    "concorde_length": 764,
    "concorde_time_s": 0.8997235000133514,
    "concorde_tour": [
        1,
        59,
        17,
        15,
        49,
        68,
        72,
        66,
        39,
        25,
        54,
        43,
        7,
        37,
        58,
        42,
        16,
        9,
        57,
        56,
        24,
        10,
        52,
        62,
        73,
        79,
        74,
        20,
        14,
        35,
        69,
        21,
        55,
        71,
        23,
        40,
        64,
        3,
        4,
        31,
        32,
        11,
        67,
        38,
        45,
        28,
        70,
        6,
        63,
        26,
        78,
        5,
        8,
        33,
        48,
        50,
        53,
        12,
        46,
        47,
        18,
        44,
        19,
        61,
        27,
        65,
        75,
        80,
        41,
        30,
        36,
        76,
        2,
        22,
        29,
        13,
        60,
        34,
        77,
        51
    ],
    "lkh_length": 764,
    "lkh_time_s": 0.21259079995797947,
    "lkh_tour": [
        42,
        58,
        37,
        7,
        43,
        54,
        25,
        39,
        66,
        72,
        68,
        49,
        15,
        17,
        59,
        1,
        51,
        77,
        34,
        60,
        13,
        29,
        22,
        2,
        76,
        36,
        30,
        41,
        80,
        75,
        65,
        27,
        61,
        19,
        44,
        18,
        47,
        46,
        12,
        53,
        50,
        48,
        33,
        8,
        5,
        78,
        26,
        63,
        6,
        70,
        28,
        45,
        38,
        67,
        11,
        32,
        31,
        4,
        3,
        64,
        40,
        23,
        71,
        55,
        21,
        69,
        35,
        14,
        20,
        74,
        79,
        73,
        62,
        52,
        10,
        24,
        56,
        57,
        9,
        16
    ],
    "lkh_gap_pct": 0.0
}