{
    "instance_name": "N80_D2_G10000_pow_12",
    "n_customers": 80,
    "dimension": 2,
    "grid_size": 10000,
    "optimal_cost": 40000,
    "optimal_tour": [
        71,
        12,
        6,
        68,
        28,
        32,
        79,
        53,
        59,
        15,
        18,
        63,
        5,
        8,
        70,
        14,
        7,
        34,
        9,
        49,
        38,
        43,
        78,
        37,
        46,
        48,
        27,
        3,
        80,
        11,
        66,
        30,
        19,
        35,
        56,
        10,
        26,
        50,
        51,
        75,
        29,
        16,
        61,
        4,
        23,
        55,
        62,
        54,
        13,
        67,
        73,
        69,
        65,
        77,
        45,
        72,
        21,
        20,
        17,
        47,
        40,
        2,
        24,
        41,
        31,
        57,
        25,
        33,
        39,
        74,
        44,
        1,
        36,
        58,
        52,
        60,
        22,
        64,
        76,
        42
    ],
    "optimal_solver": "lkh",
    "instance_file_path": "c:\\TSP_ND_ML_Project\\instances\\N80_D2_G10000_pow_12.json",
    "concorde_length": 40000,
    "concorde_time_s": 4.811715900024865,
    "concorde_tour": [
        1,
        25,
        22,
        36,
        44,
        31,
        39,
        52,
        60,
        74,
        76,
        58,
        64,
        57,
        69,
        73,
        67,
        77,
        21,
        24,
        40,
        45,
        61,
        55,
        62,
        72,
        65,
        54,
        41,
        47,
        29,
        23,
        17,
        13,
        20,
        4,
        16,
        2,
        10,
        26,
        3,
        19,
        11,
        30,
        35,
        46,
        37,
        51,
        75,
        80,
        56,
        48,
        43,
        27,
        38,
        49,
        66,
        50,
        78,
        6,
        71,
        9,
        14,
        7,
        5,
        8,
        15,
        12,
        28,
        53,
        70,
        79,
        63,
        68,
        59,
        32,
        18,
        42,
        34,
        33
    ],
    "lkh_length": 40000,
    "lkh_time_s": 0.596517900004983,
    "lkh_tour": [
        71,
        12,
        6,
        68,
        28,
        32,
        79,
        53,
        59,
        15,
        18,
        63,
        5,
        8,
        70,
        14,
        7,
        34,
        9,
        49,
        38,
        43,
        78,
        37,
        46,
        48,
        27,
        3,
        80,
        11,
        66,
        30,
        19,
        35,
        56,
        10,
        26,
        50,
        51,
        75,
        29,
        16,
        61,
        4,
        23,
        55,
        62,
        54,
        13,
        67,
        73,
        69,
        65,
        77,
        45,
        72,
        21,
        20,
        17,
        47,
        40,
        2,
        24,
        41,
        31,
        57,
        25,
        33,
        39,
        74,
        44,
        1,
        36,
        58,
        52,
        60,
        22,
        64,
        76,
        42
    ],
    "lkh_gap_pct": 0.0
}