{
    "instance_name": "N80_D2_G1000_tria_14",
    "n_customers": 80,
    "dimension": 2,
    "grid_size": 1000,
    "optimal_cost": 6889,
    "optimal_tour": [
        23,
        19,
        11,
        50,
        62,
        16,
        65,
        71,
        76,
        69,
        28,
        44,
        45,
        54,
        33,
        21,
        39,
        74,
        10,
        47,
        5,
        40,
        57,
        78,
        1,
        31,
        9,
        79,
        18,
        68,
        70,
        73,
        41,
        49,
        61,
        2,
        72,
        77,
        17,
        13,
        30,
        7,
        20,
        80,
        6,
        14,
        3,
        43,
        55,
        25,
        75,
        22,
        26,
        51,
        29,
        42,
        34,
        52,
        64,
        4,
        66,
        59,
        24,
        48,
        60,
        35,
        63,
        53,
        56,
        12,
        36,
        37,
        46,
        38,
        15,
        67,
        32,
        58,
        8,
        27
    ],
    "optimal_solver": "lkh",
    "instance_file_path": "c:\\TSP_ND_ML_Project\\instances\\N80_D2_G1000_tria_14.json",
    "concorde_length": 6889,
    "concorde_time_s": 1.080767499981448,
    "concorde_tour": [
        1,
        31,
        9,
        79,
        18,
        68,
        70,
        73,
        41,
        49,
        61,
        2,
        72,
        77,
        17,
        13,
        30,
        7,
        20,
        80,
        6,
        14,
        3,
        43,
        55,
        25,
        75,
        22,
        26,
        51,
        29,
        42,
        34,
        52,
        64,
        4,
        66,
        59,
        24,
        48,
        60,
        35,
        63,
        53,
        56,
        12,
        36,
        37,
        46,
        38,
        15,
        67,
        32,
        58,
        8,
        27,
        23,
        19,
        11,
        50,
        62,
        16,
        65,
        71,
        76,
        69,
        28,
        44,
        45,
        54,
        33,
        21,
        39,
        74,
        10,
        47,
        5,
        40,
        57,
        78
    ],
    "lkh_length": 6889,
    "lkh_time_s": 0.6387258999748155,
    "lkh_tour": [
        23,
        19,
        11,
        50,
        62,
        16,
        65,
        71,
        76,
        69,
        28,
        44,
        45,
        54,
        33,
        21,
        39,
        74,
        10,
        47,
        5,
        40,
        57,
        78,
        1,
        31,
        9,
        79,
        18,
        68,
        70,
        73,
        41,
        49,
        61,
        2,
        72,
        77,
        17,
        13,
        30,
        7,
        20,
        80,
        6,
        14,
        3,
        43,
        55,
        25,
        75,
        22,
        26,
        51,
        29,
        42,
        34,
        52,
        64,
        4,
        66,
        59,
        24,
        48,
        60,
        35,
        63,
        53,
        56,
        12,
        36,
        37,
        46,
        38,
        15,
        67,
        32,
        58,
        8,
        27
    ],
    "lkh_gap_pct": 0.0
}