{
    "instance_name": "N80_D2_G1000_rand_3",
    "n_customers": 80,
    "dimension": 2,
    "grid_size": 1000,
    "optimal_cost": 7321,
    "optimal_tour": [
        57,
        8,
        28,
        79,
        20,
        42,
        78,
        15,
        54,
        50,
        36,
        75,
        24,
        3,
        70,
        76,
        31,
        72,
        25,
        26,
        80,
        7,
        10,
        45,
        29,
        61,
        32,
        65,
        12,
        66,
        16,
        64,
        58,
        49,
        22,
        43,
        69,
        73,
        47,
        6,
        46,
        38,
        41,
        30,
        48,
        17,
        55,
        5,
        59,
        63,
        52,
        35,
        67,
        11,
        14,
        40,
        27,
        23,
        9,
        71,
        68,
        53,
        13,
        21,
        77,
        1,
        74,
        34,
        39,
        4,
        19,
        33,
        2,
        18,
        37,
        60,
        62,
        44,
        51,
        56
    ],
    "optimal_solver": "lkh",
    "instance_file_path": "c:\\TSP_ND_ML_Project\\instances\\N80_D2_G1000_rand_3.json",
    "concorde_length": 7321,
    "concorde_time_s": 0.5231006999965757,
    "concorde_tour": [
        1,
        74,
        34,
        39,
        4,
        19,
        33,
        2,
        18,
        37,
        60,
        62,
        44,
        51,
        56,
        57,
        8,
        28,
        79,
        20,
        42,
        78,
        15,
        54,
        50,
        36,
        75,
        24,
        3,
        70,
        76,
        31,
        72,
        25,
        26,
        80,
        7,
        10,
        45,
        29,
        61,
        32,
        65,
        12,
        66,
        16,
        64,
        58,
        49,
        22,
        43,
        69,
        73,
        47,
        6,
        46,
        38,
        41,
        30,
        48,
        17,
        55,
        5,
        59,
        63,
        52,
        35,
        67,
        11,
        14,
        40,
        27,
        23,
        9,
        71,
        68,
        53,
        13,
        21,
        77
    ],
    "lkh_length": 7321,
    "lkh_time_s": 0.22483520000241697,
    "lkh_tour": [
        57,
        8,
        28,
        79,
        20,
        42,
        78,
        15,
        54,
        50,
        36,
        75,
        24,
        3,
        70,
        76,
        31,
        72,
        25,
        26,
        80,
        7,
        10,
        45,
        29,
        61,
        32,
        65,
        12,
        66,
        16,
        64,
        58,
        49,
        22,
        43,
        69,
        73,
        47,
        6,
        46,
        38,
        41,
        30,
        48,
        17,
        55,
        5,
        59,
        63,
        52,
        35,
        67,
        11,
        14,
        40,
        27,
        23,
        9,
        71,
        68,
        53,
        13,
        21,
        77,
        1,
        74,
        34,
        39,
        4,
        19,
        33,
        2,
        18,
        37,
        60,
        62,
        44,
        51,
        56
    ],
    "lkh_gap_pct": 0.0
}