{
    "instance_name": "N80_D4_G10000_clus_6",
    "n_customers": 80,
    "dimension": 4,
    "grid_size": 10000,
    "optimal_cost": 65738,
    "optimal_tour": [
        74,
        59,
        22,
        54,
        43,
        50,
        31,
        24,
        12,
        80,
        63,
        56,
        19,
        60,
        5,
        52,
        39,
        66,
        44,
        69,
        78,
        58,
        48,
        32,
        1,
        11,
        18,
        75,
        26,
        30,
        17,
        25,
        61,
        37,
        71,
        76,
        35,
        47,
        53,
        21,
        2,
        20,
        6,
        41,
        13,
        55,
        3,
        15,
        79,
        73,
        33,
        9,
        64,
        38,
        8,
        10,
        7,
        42,
        77,
        40,
        46,
        34,
        45,
        51,
        29,
        14,
        70,
        68,
        72,
        65,
        62,
        4,
        36,
        16,
        28,
        67,
        57,
        49,
        23,
        27
    ],
    "optimal_solver": "lkh",
    "instance_file_path": "c:\\TSP_ND_ML_Project\\instances\\N80_D4_G10000_clus_6.json",
    "concorde_length": 65738,
    "concorde_time_s": 5.19927819998702,
    "concorde_tour": [
        1,
        11,
        18,
        75,
        26,
        52,
        5,
        60,
        19,
        56,
        63,
        80,
        12,
        24,
        31,
        50,
        43,
        54,
        22,
        59,
        74,
        27,
        23,
        49,
        57,
        67,
        28,
        16,
        36,
        4,
        62,
        65,
        72,
        68,
        70,
        14,
        29,
        51,
        45,
        34,
        46,
        40,
        77,
        42,
        7,
        10,
        8,
        38,
        64,
        9,
        30,
        17,
        25,
        61,
        37,
        71,
        76,
        35,
        47,
        53,
        21,
        2,
        20,
        6,
        41,
        13,
        55,
        3,
        15,
        79,
        73,
        33,
        39,
        66,
        44,
        69,
        78,
        58,
        48,
        32
    ],
    "lkh_length": 65738,
    "lkh_time_s": 0.5367827999871224,
    "lkh_tour": [
        74,
        59,
        22,
        54,
        43,
        50,
        31,
        24,
        12,
        80,
        63,
        56,
        19,
        60,
        5,
        52,
        39,
        66,
        44,
        69,
        78,
        58,
        48,
        32,
        1,
        11,
        18,
        75,
        26,
        30,
        17,
        25,
        61,
        37,
        71,
        76,
        35,
        47,
        53,
        21,
        2,
        20,
        6,
        41,
        13,
        55,
        3,
        15,
        79,
        73,
        33,
        9,
        64,
        38,
        8,
        10,
        7,
        42,
        77,
        40,
        46,
        34,
        45,
        51,
        29,
        14,
        70,
        68,
        72,
        65,
        62,
        4,
        36,
        16,
        28,
        67,
        57,
        49,
        23,
        27
    ],
    "lkh_gap_pct": 0.0
}