{
    "instance_name": "N80_D3_G10000_corr_13",
    "n_customers": 80,
    "dimension": 3,
    "grid_size": 10000,
    "optimal_cost": 87100,
    "optimal_tour": [
        60,
        79,
        20,
        52,
        68,
        18,
        44,
        62,
        41,
        19,
        29,
        23,
        10,
        40,
        47,
        55,
        8,
        7,
        46,
        34,
        71,
        15,
        17,
        12,
        24,
        51,
        32,
        31,
        50,
        6,
        42,
        43,
        54,
        72,
        16,
        4,
        22,
        45,
        63,
        64,
        11,
        9,
        28,
        75,
        49,
        38,
        26,
        27,
        74,
        69,
        33,
        65,
        78,
        37,
        77,
        67,
        56,
        35,
        3,
        25,
        73,
        59,
        70,
        1,
        36,
        61,
        80,
        30,
        13,
        2,
        66,
        21,
        5,
        53,
        14,
        48,
        57,
        76,
        58,
        39
    ],
    "optimal_solver": "lkh",
    "instance_file_path": "c:\\TSP_ND_ML_Project\\instances\\N80_D3_G10000_corr_13.json",
    "concorde_length": 87100,
    "concorde_time_s": 1.147234199976083,
    "concorde_tour": [
        1,
        36,
        61,
        80,
        30,
        13,
        2,
        66,
        21,
        5,
        53,
        14,
        48,
        57,
        76,
        58,
        39,
        60,
        79,
        20,
        52,
        68,
        18,
        44,
        62,
        41,
        19,
        29,
        23,
        10,
        40,
        47,
        55,
        8,
        7,
        46,
        34,
        71,
        15,
        17,
        12,
        24,
        51,
        32,
        31,
        50,
        6,
        42,
        43,
        54,
        72,
        16,
        4,
        22,
        45,
        63,
        64,
        11,
        9,
        28,
        75,
        49,
        38,
        26,
        27,
        74,
        69,
        33,
        65,
        78,
        37,
        77,
        67,
        56,
        35,
        3,
        25,
        73,
        59,
        70
    ],
    "lkh_length": 87100,
    "lkh_time_s": 0.2843253000173718,
    "lkh_tour": [
        60,
        79,
        20,
        52,
        68,
        18,
        44,
        62,
        41,
        19,
        29,
        23,
        10,
        40,
        47,
        55,
        8,
        7,
        46,
        34,
        71,
        15,
        17,
        12,
        24,
        51,
        32,
        31,
        50,
        6,
        42,
        43,
        54,
        72,
        16,
        4,
        22,
        45,
        63,
        64,
        11,
        9,
        28,
        75,
        49,
        38,
        26,
        27,
        74,
        69,
        33,
        65,
        78,
        37,
        77,
        67,
        56,
        35,
        3,
        25,
        73,
        59,
        70,
        1,
        36,
        61,
        80,
        30,
        13,
        2,
        66,
        21,
        5,
        53,
        14,
        48,
        57,
        76,
        58,
        39
    ],
    "lkh_gap_pct": 0.0
}