{
    "instance_name": "N80_D4_G1000_rand_19",
    "n_customers": 80,
    "dimension": 4,
    "grid_size": 1000,
    "optimal_cost": 22600,
    "optimal_tour": [
        41,
        38,
        42,
        10,
        8,
        50,
        40,
        65,
        14,
        12,
        73,
        1,
        4,
        26,
        58,
        46,
        28,
        2,
        37,
        56,
        45,
        62,
        66,
        13,
        23,
        59,
        75,
        78,
        21,
        20,
        9,
        3,
        35,
        49,
        33,
        19,
        77,
        70,
        60,
        43,
        17,
        34,
        39,
        32,
        16,
        27,
        44,
        53,
        55,
        64,
        6,
        48,
        72,
        68,
        29,
        63,
        18,
        69,
        57,
        31,
        30,
        7,
        61,
        67,
        51,
        71,
        36,
        80,
        79,
        47,
        25,
        15,
        5,
        24,
        74,
        76,
        11,
        54,
        52,
        22
    ],
    "optimal_solver": "lkh",
    "instance_file_path": "c:\\TSP_ND_ML_Project\\instances\\N80_D4_G1000_rand_19.json",
    "concorde_length": 22600,
    "concorde_time_s": 1.2425379999913275,
    "concorde_tour": [
        1,
        73,
        12,
        14,
        65,
        40,
        50,
        8,
        10,
        42,
        38,
        41,
        22,
        52,
        54,
        11,
        76,
        74,
        24,
        5,
        15,
        25,
        47,
        79,
        80,
        36,
        71,
        51,
        67,
        61,
        7,
        30,
        31,
        57,
        69,
        18,
        63,
        29,
        68,
        72,
        48,
        6,
        64,
        55,
        53,
        44,
        27,
        16,
        32,
        39,
        34,
        17,
        43,
        60,
        70,
        77,
        19,
        33,
        49,
        35,
        3,
        9,
        20,
        21,
        78,
        75,
        59,
        23,
        13,
        66,
        62,
        45,
        56,
        37,
        2,
        28,
        46,
        58,
        26,
        4
    ],
    "lkh_length": 22600,
    "lkh_time_s": 0.08231740002520382,
    "lkh_tour": [
        41,
        38,
        42,
        10,
        8,
        50,
        40,
        65,
        14,
        12,
        73,
        1,
        4,
        26,
        58,
        46,
        28,
        2,
        37,
        56,
        45,
        62,
        66,
        13,
        23,
        59,
        75,
        78,
        21,
        20,
        9,
        3,
        35,
        49,
        33,
        19,
        77,
        70,
        60,
        43,
        17,
        34,
        39,
        32,
        16,
        27,
        44,
        53,
        55,
        64,
        6,
        48,
        72,
        68,
        29,
        63,
        18,
        69,
        57,
        31,
        30,
        7,
        61,
        67,
        51,
        71,
        36,
        80,
        79,
        47,
        25,
        15,
        5,
        24,
        74,
        76,
        11,
        54,
        52,
        22
    ],
    "lkh_gap_pct": 0.0
}