{
    "instance_name": "N80_D2_G1000_corr_19",
    "n_customers": 80,
    "dimension": 2,
    "grid_size": 1000,
    "optimal_cost": 4479,
    "optimal_tour": [
        31,
        43,
        79,
        40,
        12,
        52,
        75,
        34,
        37,
        51,
        73,
        48,
        64,
        14,
        66,
        62,
        77,
        2,
        36,
        7,
        65,
        38,
        13,
        46,
        57,
        39,
        71,
        35,
        4,
        5,
        72,
        3,
        33,
        24,
        54,
        30,
        76,
        25,
        69,
        61,
        15,
        67,
        78,
        17,
        59,
        20,
        47,
        32,
        11,
        56,
        27,
        42,
        26,
        1,
        6,
        16,
        22,
        45,
        21,
        8,
        74,
        10,
        41,
        9,
        68,
        44,
        80,
        53,
        58,
        19,
        63,
        55,
        18,
        29,
        49,
        50,
        60,
        28,
        70,
        23
    ],
    "optimal_solver": "lkh",
    "instance_file_path": "c:\\TSP_ND_ML_Project\\instances\\N80_D2_G1000_corr_19.json",
    "concorde_length": 4479,
    "concorde_time_s": 0.8432154999754857,
    "concorde_tour": [
        1,
        6,
        16,
        22,
        45,
        21,
        8,
        74,
        10,
        41,
        9,
        68,
        44,
        80,
        53,
        58,
        19,
        63,
        55,
        18,
        29,
        49,
        50,
        60,
        28,
        70,
        43,
        79,
        40,
        31,
        23,
        12,
        52,
        75,
        34,
        37,
        51,
        73,
        48,
        64,
        14,
        66,
        62,
        77,
        2,
        36,
        7,
        65,
        38,
        13,
        46,
        57,
        39,
        71,
        35,
        4,
        5,
        72,
        3,
        33,
        24,
        54,
        30,
        76,
        25,
        69,
        61,
        15,
        67,
        78,
        17,
        59,
        20,
        47,
        32,
        11,
        56,
        27,
        42,
        26
    ],
    "lkh_length": 4479,
    "lkh_time_s": 0.37717110000085086,
    "lkh_tour": [
        31,
        43,
        79,
        40,
        12,
        52,
        75,
        34,
        37,
        51,
        73,
        48,
        64,
        14,
        66,
        62,
        77,
        2,
        36,
        7,
        65,
        38,
        13,
        46,
        57,
        39,
        71,
        35,
        4,
        5,
        72,
        3,
        33,
        24,
        54,
        30,
        76,
        25,
        69,
        61,
        15,
        67,
        78,
        17,
        59,
        20,
        47,
        32,
        11,
        56,
        27,
        42,
        26,
        1,
        6,
        16,
        22,
        45,
        21,
        8,
        74,
        10,
        41,
        9,
        68,
        44,
        80,
        53,
        58,
        19,
        63,
        55,
        18,
        29,
        49,
        50,
        60,
        28,
        70,
        23
    ],
    "lkh_gap_pct": 0.0
}