{
    "instance_name": "N80_D3_G1000_ring_6",
    "n_customers": 80,
    "dimension": 3,
    "grid_size": 1000,
    "optimal_cost": 7950,
    "optimal_tour": [
        38,
        77,
        1,
        67,
        20,
        69,
        64,
        15,
        9,
        70,
        21,
        33,
        78,
        34,
        39,
        25,
        23,
        19,
        16,
        47,
        75,
        79,
        35,
        58,
        74,
        68,
        11,
        63,
        31,
        55,
        2,
        48,
        46,
        26,
        73,
        32,
        72,
        14,
        60,
        22,
        28,
        27,
        7,
        61,
        53,
        12,
        45,
        10,
        41,
        17,
        24,
        80,
        44,
        4,
        66,
        30,
        76,
        42,
        56,
        18,
        65,
        50,
        8,
        5,
        37,
        6,
        62,
        40,
        57,
        43,
        36,
        54,
        51,
        3,
        49,
        59,
        29,
        71,
        13,
        52
    ],
    "optimal_solver": "lkh",
    "instance_file_path": "c:\\TSP_ND_ML_Project\\instances\\N80_D3_G1000_ring_6.json",
    "concorde_length": 7950,
    "concorde_time_s": 1.2093528999830596,
    "concorde_tour": [
        1,
        67,
        20,
        69,
        64,
        15,
        9,
        70,
        21,
        33,
        78,
        34,
        39,
        25,
        23,
        19,
        16,
        47,
        75,
        79,
        35,
        58,
        74,
        68,
        11,
        63,
        31,
        55,
        2,
        48,
        46,
        26,
        73,
        32,
        72,
        14,
        60,
        22,
        28,
        27,
        7,
        61,
        53,
        12,
        45,
        10,
        41,
        17,
        24,
        80,
        44,
        4,
        66,
        30,
        76,
        42,
        56,
        18,
        65,
        50,
        8,
        5,
        37,
        6,
        62,
        40,
        57,
        43,
        36,
        54,
        51,
        3,
        49,
        59,
        29,
        71,
        13,
        52,
        38,
        77
    ],
    "lkh_length": 7950,
    "lkh_time_s": 0.39044580003246665,
    "lkh_tour": [
        38,
        77,
        1,
        67,
        20,
        69,
        64,
        15,
        9,
        70,
        21,
        33,
        78,
        34,
        39,
        25,
        23,
        19,
        16,
        47,
        75,
        79,
        35,
        58,
        74,
        68,
        11,
        63,
        31,
        55,
        2,
        48,
        46,
        26,
        73,
        32,
        72,
        14,
        60,
        22,
        28,
        27,
        7,
        61,
        53,
        12,
        45,
        10,
        41,
        17,
        24,
        80,
        44,
        4,
        66,
        30,
        76,
        42,
        56,
        18,
        65,
        50,
        8,
        5,
        37,
        6,
        62,
        40,
        57,
        43,
        36,
        54,
        51,
        3,
        49,
        59,
        29,
        71,
        13,
        52
    ],
    "lkh_gap_pct": 0.0
}