{
    "instance_name": "N80_D2_G100_clus_4",
    "n_customers": 80,
    "dimension": 2,
    "grid_size": 100,
    "optimal_cost": 355,
    "optimal_tour": [
        76,
        80,
        29,
        30,
        22,
        3,
        52,
        1,
        19,
        48,
        20,
        63,
        23,
        51,
        11,
        68,
        57,
        2,
        70,
        31,
        7,
        21,
        72,
        69,
        44,
        50,
        47,
        24,
        45,
        75,
        14,
        4,
        62,
        66,
        53,
        15,
        43,
        60,
        32,
        33,
        12,
        41,
        38,
        61,
        56,
        74,
        77,
        37,
        78,
        26,
        73,
        6,
        54,
        40,
        9,
        65,
        67,
        35,
        46,
        42,
        8,
        71,
        79,
        55,
        28,
        34,
        59,
        13,
        10,
        58,
        27,
        5,
        17,
        64,
        18,
        16,
        36,
        39,
        49,
        25
    ],
    "optimal_solver": "lkh",
    "instance_file_path": "c:\\TSP_ND_ML_Project\\instances\\N80_D2_G100_clus_4.json",
    "concorde_length": 355,
    "concorde_time_s": 1.0304729999916162,
    "concorde_tour": [
        1,
        19,
        48,
        20,
        51,
        23,
        63,
        68,
        11,
        57,
        2,
        70,
        31,
        7,
        21,
        72,
        69,
        44,
        50,
        24,
        45,
        75,
        14,
        4,
        47,
        62,
        66,
        53,
        15,
        43,
        60,
        32,
        33,
        12,
        41,
        38,
        61,
        56,
        74,
        77,
        37,
        78,
        26,
        73,
        6,
        54,
        40,
        9,
        65,
        67,
        35,
        46,
        42,
        8,
        71,
        79,
        55,
        28,
        34,
        59,
        13,
        10,
        58,
        27,
        5,
        17,
        64,
        18,
        16,
        36,
        39,
        49,
        25,
        76,
        30,
        80,
        29,
        22,
        3,
        52
    ],
    "lkh_length": 355,
    "lkh_time_s": 3.362743900011992,
    "lkh_tour": [
        76,
        80,
        29,
        30,
        22,
        3,
        52,
        1,
        19,
        48,
        20,
        63,
        23,
        51,
        11,
        68,
        57,
        2,
        70,
        31,
        7,
        21,
        72,
        69,
        44,
        50,
        47,
        24,
        45,
        75,
        14,
        4,
        62,
        66,
        53,
        15,
        43,
        60,
        32,
        33,
        12,
        41,
        38,
        61,
        56,
        74,
        77,
        37,
        78,
        26,
        73,
        6,
        54,
        40,
        9,
        65,
        67,
        35,
        46,
        42,
        8,
        71,
        79,
        55,
        28,
        34,
        59,
        13,
        10,
        58,
        27,
        5,
        17,
        64,
        18,
        16,
        36,
        39,
        49,
        25
    ],
    "lkh_gap_pct": 0.0
}