{
    "instance_name": "N80_D2_G100_grid_20",
    "n_customers": 80,
    "dimension": 2,
    "grid_size": 100,
    "optimal_cost": 689,
    "optimal_tour": [
        13,
        37,
        39,
        47,
        74,
        51,
        34,
        29,
        19,
        1,
        12,
        22,
        67,
        38,
        18,
        6,
        55,
        17,
        32,
        30,
        25,
        52,
        26,
        42,
        46,
        71,
        72,
        36,
        56,
        24,
        77,
        20,
        5,
        62,
        54,
        16,
        27,
        61,
        70,
        53,
        40,
        50,
        44,
        21,
        79,
        41,
        80,
        33,
        7,
        31,
        49,
        76,
        78,
        64,
        9,
        59,
        66,
        68,
        23,
        8,
        57,
        14,
        35,
        75,
        10,
        11,
        4,
        3,
        73,
        48,
        69,
        45,
        63,
        43,
        15,
        60,
        58,
        65,
        28,
        2
    ],
    "optimal_solver": "lkh",
    "instance_file_path": "c:\\TSP_ND_ML_Project\\instances\\N80_D2_G100_grid_20.json",
    "concorde_length": 689,
    "concorde_time_s": 1.133208100014599,
    "concorde_tour": [
        1,
        12,
        22,
        67,
        38,
        18,
        6,
        55,
        17,
        32,
        30,
        25,
        52,
        26,
        42,
        46,
        71,
        72,
        36,
        56,
        24,
        77,
        20,
        5,
        62,
        54,
        16,
        27,
        61,
        70,
        53,
        40,
        50,
        44,
        21,
        79,
        41,
        80,
        33,
        7,
        31,
        49,
        76,
        78,
        64,
        9,
        59,
        66,
        68,
        23,
        8,
        57,
        14,
        35,
        75,
        10,
        11,
        4,
        3,
        73,
        48,
        69,
        45,
        63,
        43,
        60,
        15,
        58,
        65,
        28,
        2,
        13,
        37,
        39,
        47,
        74,
        51,
        34,
        29,
        19
    ],
    "lkh_length": 689,
    "lkh_time_s": 0.22841390001121908,
    "lkh_tour": [
        13,
        37,
        39,
        47,
        74,
        51,
        34,
        29,
        19,
        1,
        12,
        22,
        67,
        38,
        18,
        6,
        55,
        17,
        32,
        30,
        25,
        52,
        26,
        42,
        46,
        71,
        72,
        36,
        56,
        24,
        77,
        20,
        5,
        62,
        54,
        16,
        27,
        61,
        70,
        53,
        40,
        50,
        44,
        21,
        79,
        41,
        80,
        33,
        7,
        31,
        49,
        76,
        78,
        64,
        9,
        59,
        66,
        68,
        23,
        8,
        57,
        14,
        35,
        75,
        10,
        11,
        4,
        3,
        73,
        48,
        69,
        45,
        63,
        43,
        15,
        60,
        58,
        65,
        28,
        2
    ],
    "lkh_gap_pct": 0.0
}