{
    "instance_name": "N80_D2_G100_corr_9",
    "n_customers": 80,
    "dimension": 2,
    "grid_size": 100,
    "optimal_cost": 392,
    "optimal_tour": [
        15,
        43,
        76,
        9,
        29,
        79,
        4,
        34,
        65,
        60,
        59,
        46,
        28,
        47,
        48,
        45,
        70,
        53,
        13,
        72,
        68,
        40,
        17,
        64,
        26,
        12,
        19,
        3,
        49,
        7,
        2,
        54,
        22,
        11,
        75,
        36,
        42,
        73,
        6,
        39,
        78,
        23,
        61,
        63,
        8,
        41,
        52,
        10,
        50,
        5,
        55,
        62,
        77,
        66,
        58,
        25,
        56,
        33,
        32,
        24,
        21,
        51,
        57,
        71,
        20,
        67,
        31,
        35,
        38,
        69,
        74,
        1,
        18,
        27,
        16,
        30,
        44,
        37,
        14,
        80
    ],
    "optimal_solver": "lkh",
    "instance_file_path": "c:\\TSP_ND_ML_Project\\instances\\N80_D2_G100_corr_9.json",
    "concorde_length": 392,
    "concorde_time_s": 0.9787434999889228,
    "concorde_tour": [
        1,
        18,
        27,
        16,
        30,
        44,
        37,
        14,
        80,
        15,
        43,
        76,
        9,
        29,
        79,
        34,
        4,
        65,
        60,
        59,
        46,
        28,
        47,
        48,
        45,
        70,
        53,
        13,
        72,
        68,
        40,
        17,
        26,
        64,
        12,
        19,
        3,
        49,
        7,
        2,
        54,
        22,
        11,
        75,
        36,
        42,
        73,
        6,
        39,
        78,
        23,
        61,
        63,
        8,
        41,
        52,
        10,
        50,
        5,
        55,
        62,
        77,
        66,
        58,
        56,
        25,
        32,
        33,
        24,
        21,
        51,
        57,
        71,
        20,
        67,
        31,
        35,
        38,
        69,
        74
    ],
    "lkh_length": 392,
    "lkh_time_s": 0.19513730000471696,
    "lkh_tour": [
        15,
        43,
        76,
        9,
        29,
        79,
        4,
        34,
        65,
        60,
        59,
        46,
        28,
        47,
        48,
        45,
        70,
        53,
        13,
        72,
        68,
        40,
        17,
        64,
        26,
        12,
        19,
        3,
        49,
        7,
        2,
        54,
        22,
        11,
        75,
        36,
        42,
        73,
        6,
        39,
        78,
        23,
        61,
        63,
        8,
        41,
        52,
        10,
        50,
        5,
        55,
        62,
        77,
        66,
        58,
        25,
        56,
        33,
        32,
        24,
        21,
        51,
        57,
        71,
        20,
        67,
        31,
        35,
        38,
        69,
        74,
        1,
        18,
        27,
        16,
        30,
        44,
        37,
        14,
        80
    ],
    "lkh_gap_pct": 0.0
}