{
    "instance_name": "N80_D2_G1000_corr_11",
    "n_customers": 80,
    "dimension": 2,
    "grid_size": 1000,
    "optimal_cost": 4287,
    "optimal_tour": [
        78,
        76,
        3,
        13,
        77,
        12,
        14,
        57,
        21,
        18,
        41,
        5,
        19,
        7,
        4,
        80,
        60,
        44,
        15,
        33,
        51,
        53,
        68,
        71,
        50,
        64,
        61,
        58,
        38,
        70,
        56,
        23,
        29,
        2,
        37,
        59,
        79,
        43,
        17,
        20,
        65,
        24,
        75,
        1,
        42,
        62,
        69,
        73,
        28,
        67,
        6,
        27,
        39,
        26,
        11,
        9,
        48,
        47,
        63,
        31,
        22,
        30,
        54,
        66,
        36,
        34,
        8,
        16,
        72,
        49,
        52,
        45,
        35,
        32,
        25,
        55,
        74,
        46,
        40,
        10
    ],
    "optimal_solver": "lkh",
    "instance_file_path": "c:\\TSP_ND_ML_Project\\instances\\N80_D2_G1000_corr_11.json",
    "concorde_length": 4287,
    "concorde_time_s": 1.2543299999961164,
    "concorde_tour": [
        1,
        42,
        62,
        69,
        73,
        28,
        67,
        6,
        27,
        39,
        26,
        11,
        9,
        48,
        47,
        63,
        31,
        22,
        30,
        54,
        66,
        36,
        34,
        8,
        16,
        72,
        49,
        52,
        45,
        35,
        32,
        25,
        55,
        74,
        46,
        40,
        10,
        78,
        76,
        3,
        13,
        77,
        12,
        14,
        57,
        21,
        18,
        41,
        5,
        19,
        7,
        4,
        80,
        60,
        44,
        15,
        33,
        51,
        53,
        68,
        71,
        50,
        64,
        61,
        58,
        38,
        70,
        56,
        23,
        29,
        2,
        37,
        59,
        79,
        43,
        17,
        20,
        65,
        24,
        75
    ],
    "lkh_length": 4287,
    "lkh_time_s": 0.3319598000089172,
    "lkh_tour": [
        78,
        76,
        3,
        13,
        77,
        12,
        14,
        57,
        21,
        18,
        41,
        5,
        19,
        7,
        4,
        80,
        60,
        44,
        15,
        33,
        51,
        53,
        68,
        71,
        50,
        64,
        61,
        58,
        38,
        70,
        56,
        23,
        29,
        2,
        37,
        59,
        79,
        43,
        17,
        20,
        65,
        24,
        75,
        1,
        42,
        62,
        69,
        73,
        28,
        67,
        6,
        27,
        39,
        26,
        11,
        9,
        48,
        47,
        63,
        31,
        22,
        30,
        54,
        66,
        36,
        34,
        8,
        16,
        72,
        49,
        52,
        45,
        35,
        32,
        25,
        55,
        74,
        46,
        40,
        10
    ],
    "lkh_gap_pct": 0.0
}