{
    "instance_name": "N80_D5_G1000_norm_7",
    "n_customers": 80,
    "dimension": 5,
    "grid_size": 1000,
    "optimal_cost": 18951,
    "optimal_tour": [
        61,
        2,
        80,
        44,
        15,
        35,
        52,
        23,
        33,
        17,
        58,
        26,
        60,
        67,
        78,
        76,
        42,
        19,
        14,
        49,
        18,
        55,
        24,
        57,
        36,
        6,
        69,
        12,
        74,
        50,
        70,
        8,
        51,
        34,
        72,
        16,
        41,
        13,
        65,
        28,
        31,
        46,
        27,
        25,
        63,
        75,
        48,
        38,
        4,
        77,
        71,
        22,
        5,
        11,
        79,
        54,
        66,
        20,
        9,
        56,
        1,
        47,
        32,
        21,
        7,
        59,
        3,
        68,
        40,
        37,
        30,
        64,
        43,
        39,
        62,
        29,
        10,
        73,
        53,
        45
    ],
    "optimal_solver": "lkh",
    "instance_file_path": "c:\\TSP_ND_ML_Project\\instances\\N80_D5_G1000_norm_7.json",
    "concorde_length": 18951,
    "concorde_time_s": 2.1786601999774575,
    "concorde_tour": [
        1,
        47,
        32,
        21,
        7,
        59,
        3,
        68,
        40,
        37,
        30,
        64,
        43,
        39,
        62,
        29,
        10,
        73,
        53,
        45,
        61,
        2,
        80,
        44,
        15,
        35,
        52,
        23,
        33,
        17,
        58,
        26,
        60,
        67,
        78,
        76,
        42,
        19,
        14,
        49,
        18,
        55,
        24,
        57,
        36,
        6,
        69,
        12,
        74,
        50,
        70,
        8,
        51,
        34,
        72,
        16,
        41,
        13,
        65,
        28,
        31,
        46,
        27,
        25,
        63,
        75,
        48,
        38,
        4,
        77,
        71,
        22,
        5,
        11,
        79,
        54,
        66,
        20,
        9,
        56
    ],
    "lkh_length": 18951,
    "lkh_time_s": 0.6216944999760017,
    "lkh_tour": [
        61,
        2,
        80,
        44,
        15,
        35,
        52,
        23,
        33,
        17,
        58,
        26,
        60,
        67,
        78,
        76,
        42,
        19,
        14,
        49,
        18,
        55,
        24,
        57,
        36,
        6,
        69,
        12,
        74,
        50,
        70,
        8,
        51,
        34,
        72,
        16,
        41,
        13,
        65,
        28,
        31,
        46,
        27,
        25,
        63,
        75,
        48,
        38,
        4,
        77,
        71,
        22,
        5,
        11,
        79,
        54,
        66,
        20,
        9,
        56,
        1,
        47,
        32,
        21,
        7,
        59,
        3,
        68,
        40,
        37,
        30,
        64,
        43,
        39,
        62,
        29,
        10,
        73,
        53,
        45
    ],
    "lkh_gap_pct": 0.0
}