{
    "instance_name": "N80_D5_G10000_ring_6",
    "n_customers": 80,
    "dimension": 5,
    "grid_size": 10000,
    "optimal_cost": 197338,
    "optimal_tour": [
        23,
        27,
        69,
        71,
        56,
        5,
        80,
        55,
        53,
        25,
        4,
        65,
        63,
        78,
        22,
        68,
        6,
        2,
        8,
        52,
        29,
        21,
        43,
        51,
        38,
        49,
        70,
        73,
        66,
        28,
        34,
        59,
        36,
        58,
        13,
        54,
        18,
        39,
        42,
        75,
        57,
        79,
        9,
        67,
        44,
        31,
        50,
        60,
        7,
        16,
        10,
        17,
        64,
        45,
        15,
        37,
        14,
        41,
        77,
        1,
        72,
        26,
        32,
        3,
        12,
        20,
        74,
        40,
        30,
        61,
        47,
        46,
        24,
        33,
        62,
        35,
        19,
        76,
        11,
        48
    ],
    "optimal_solver": "lkh",
    "instance_file_path": "c:\\TSP_ND_ML_Project\\instances\\N80_D5_G10000_ring_6.json",
    "concorde_length": 197338,
    "concorde_time_s": 1.7097823999938555,
    "concorde_tour": [
        1,
        72,
        26,
        32,
        3,
        12,
        20,
        74,
        40,
        30,
        61,
        47,
        46,
        24,
        33,
        62,
        35,
        19,
        76,
        11,
        48,
        23,
        27,
        69,
        71,
        56,
        5,
        80,
        55,
        53,
        25,
        4,
        65,
        63,
        78,
        22,
        68,
        6,
        2,
        8,
        52,
        29,
        21,
        43,
        51,
        38,
        49,
        70,
        73,
        66,
        28,
        34,
        59,
        36,
        58,
        13,
        54,
        18,
        39,
        42,
        75,
        57,
        79,
        9,
        67,
        44,
        31,
        50,
        60,
        7,
        16,
        10,
        17,
        64,
        45,
        15,
        37,
        14,
        41,
        77
    ],
    "lkh_length": 197338,
    "lkh_time_s": 0.2728343000053428,
    "lkh_tour": [
        23,
        27,
        69,
        71,
        56,
        5,
        80,
        55,
        53,
        25,
        4,
        65,
        63,
        78,
        22,
        68,
        6,
        2,
        8,
        52,
        29,
        21,
        43,
        51,
        38,
        49,
        70,
        73,
        66,
        28,
        34,
        59,
        36,
        58,
        13,
        54,
        18,
        39,
        42,
        75,
        57,
        79,
        9,
        67,
        44,
        31,
        50,
        60,
        7,
        16,
        10,
        17,
        64,
        45,
        15,
        37,
        14,
        41,
        77,
        1,
        72,
        26,
        32,
        3,
        12,
        20,
        74,
        40,
        30,
        61,
        47,
        46,
        24,
        33,
        62,
        35,
        19,
        76,
        11,
        48
    ],
    "lkh_gap_pct": 0.0
}