{
    "instance_name": "N80_D4_G10000_ring_19",
    "n_customers": 80,
    "dimension": 4,
    "grid_size": 10000,
    "optimal_cost": 132358,
    "optimal_tour": [
        40,
        47,
        51,
        10,
        33,
        45,
        7,
        12,
        79,
        8,
        80,
        3,
        20,
        19,
        65,
        22,
        72,
        13,
        38,
        15,
        6,
        32,
        55,
        37,
        75,
        59,
        66,
        58,
        1,
        56,
        14,
        25,
        61,
        16,
        34,
        46,
        2,
        5,
        18,
        11,
        71,
        62,
        54,
        57,
        74,
        67,
        77,
        17,
        78,
        73,
        53,
        27,
        39,
        30,
        43,
        29,
        31,
        36,
        28,
        48,
        42,
        21,
        76,
        26,
        64,
        60,
        68,
        50,
        69,
        9,
        63,
        35,
        52,
        23,
        24,
        41,
        49,
        4,
        70,
        44
    ],
    "optimal_solver": "lkh",
    "instance_file_path": "c:\\TSP_ND_ML_Project\\instances\\N80_D4_G10000_ring_19.json",
    "concorde_length": 132358,
    "concorde_time_s": 1.8536595000186935,
    "concorde_tour": [
        1,
        58,
        66,
        59,
        75,
        37,
        55,
        32,
        6,
        15,
        38,
        13,
        72,
        22,
        65,
        19,
        20,
        3,
        80,
        8,
        79,
        12,
        7,
        45,
        33,
        10,
        51,
        47,
        40,
        44,
        70,
        4,
        49,
        41,
        24,
        23,
        52,
        35,
        63,
        9,
        69,
        50,
        68,
        60,
        64,
        26,
        76,
        21,
        42,
        48,
        28,
        36,
        31,
        29,
        43,
        30,
        39,
        27,
        53,
        73,
        78,
        17,
        77,
        67,
        74,
        57,
        54,
        62,
        71,
        11,
        18,
        5,
        2,
        46,
        34,
        16,
        61,
        25,
        14,
        56
    ],
    "lkh_length": 132358,
    "lkh_time_s": 0.20828109997091815,
    "lkh_tour": [
        40,
        47,
        51,
        10,
        33,
        45,
        7,
        12,
        79,
        8,
        80,
        3,
        20,
        19,
        65,
        22,
        72,
        13,
        38,
        15,
        6,
        32,
        55,
        37,
        75,
        59,
        66,
        58,
        1,
        56,
        14,
        25,
        61,
        16,
        34,
        46,
        2,
        5,
        18,
        11,
        71,
        62,
        54,
        57,
        74,
        67,
        77,
        17,
        78,
        73,
        53,
        27,
        39,
        30,
        43,
        29,
        31,
        36,
        28,
        48,
        42,
        21,
        76,
        26,
        64,
        60,
        68,
        50,
        69,
        9,
        63,
        35,
        52,
        23,
        24,
        41,
        49,
        4,
        70,
        44
    ],
    "lkh_gap_pct": 0.0
}