{
    "instance_name": "N80_D4_G1000_corn_16",
    "n_customers": 80,
    "dimension": 4,
    "grid_size": 1000,
    "optimal_cost": 16508,
    "optimal_tour": [
        48,
        36,
        13,
        50,
        2,
        16,
        65,
        55,
        71,
        42,
        17,
        37,
        32,
        35,
        12,
        46,
        80,
        1,
        51,
        56,
        3,
        49,
        9,
        4,
        38,
        64,
        67,
        44,
        6,
        70,
        57,
        41,
        14,
        11,
        40,
        19,
        15,
        59,
        54,
        73,
        7,
        39,
        21,
        47,
        34,
        77,
        26,
        78,
        61,
        10,
        31,
        62,
        72,
        79,
        28,
        60,
        5,
        74,
        33,
        8,
        30,
        27,
        75,
        58,
        25,
        66,
        24,
        63,
        29,
        53,
        20,
        43,
        52,
        76,
        45,
        68,
        69,
        22,
        18,
        23
    ],
    "optimal_solver": "lkh",
    "instance_file_path": "c:\\TSP_ND_ML_Project\\instances\\N80_D4_G1000_corn_16.json",
    "concorde_length": 16508,
    "concorde_time_s": 2.1472787999664433,
    "concorde_tour": [
        1,
        51,
        56,
        3,
        49,
        9,
        4,
        38,
        64,
        67,
        44,
        6,
        70,
        57,
        41,
        14,
        11,
        40,
        19,
        15,
        59,
        54,
        73,
        7,
        39,
        21,
        47,
        34,
        77,
        26,
        78,
        61,
        10,
        31,
        62,
        72,
        79,
        28,
        60,
        5,
        74,
        33,
        8,
        30,
        27,
        75,
        58,
        25,
        66,
        24,
        29,
        63,
        53,
        20,
        43,
        52,
        76,
        45,
        68,
        69,
        22,
        18,
        23,
        48,
        36,
        13,
        50,
        2,
        16,
        65,
        55,
        71,
        42,
        17,
        37,
        32,
        35,
        12,
        46,
        80
    ],
    "lkh_length": 16508,
    "lkh_time_s": 0.5974172999849543,
    "lkh_tour": [
        48,
        36,
        13,
        50,
        2,
        16,
        65,
        55,
        71,
        42,
        17,
        37,
        32,
        35,
        12,
        46,
        80,
        1,
        51,
        56,
        3,
        49,
        9,
        4,
        38,
        64,
        67,
        44,
        6,
        70,
        57,
        41,
        14,
        11,
        40,
        19,
        15,
        59,
        54,
        73,
        7,
        39,
        21,
        47,
        34,
        77,
        26,
        78,
        61,
        10,
        31,
        62,
        72,
        79,
        28,
        60,
        5,
        74,
        33,
        8,
        30,
        27,
        75,
        58,
        25,
        66,
        24,
        63,
        29,
        53,
        20,
        43,
        52,
        76,
        45,
        68,
        69,
        22,
        18,
        23
    ],
    "lkh_gap_pct": 0.0
}