{
    "instance_name": "N80_D4_G100_pow_16",
    "n_customers": 80,
    "dimension": 4,
    "grid_size": 100,
    "optimal_cost": 1600,
    "optimal_tour": [
        36,
        17,
        12,
        13,
        80,
        8,
        40,
        61,
        52,
        15,
        43,
        79,
        44,
        45,
        16,
        35,
        9,
        38,
        30,
        51,
        33,
        18,
        78,
        41,
        29,
        71,
        50,
        72,
        2,
        3,
        74,
        34,
        22,
        19,
        24,
        64,
        37,
        69,
        58,
        60,
        21,
        14,
        1,
        5,
        20,
        25,
        62,
        26,
        76,
        75,
        68,
        27,
        47,
        31,
        53,
        48,
        7,
        6,
        66,
        56,
        4,
        63,
        49,
        46,
        39,
        65,
        57,
        54,
        55,
        59,
        11,
        10,
        77,
        70,
        42,
        23,
        28,
        67,
        73,
        32
    ],
    "optimal_solver": "lkh",
    "instance_file_path": "c:\\TSP_ND_ML_Project\\instances\\N80_D4_G100_pow_16.json",
    "concorde_length": 1600,
    "concorde_time_s": 5.655613200040534,
    "concorde_tour": [
        1,
        20,
        14,
        5,
        25,
        62,
        79,
        43,
        15,
        44,
        40,
        80,
        52,
        8,
        12,
        13,
        61,
        67,
        42,
        73,
        36,
        23,
        32,
        17,
        28,
        38,
        9,
        16,
        35,
        45,
        49,
        63,
        46,
        10,
        55,
        39,
        77,
        65,
        54,
        70,
        59,
        11,
        57,
        6,
        56,
        66,
        7,
        4,
        64,
        69,
        58,
        60,
        37,
        48,
        53,
        47,
        31,
        27,
        75,
        76,
        68,
        71,
        29,
        50,
        72,
        74,
        34,
        2,
        3,
        22,
        19,
        24,
        41,
        18,
        51,
        78,
        30,
        33,
        26,
        21
    ],
    "lkh_length": 1600,
    "lkh_time_s": 6.606205599964596,
    "lkh_tour": [
        36,
        17,
        12,
        13,
        80,
        8,
        40,
        61,
        52,
        15,
        43,
        79,
        44,
        45,
        16,
        35,
        9,
        38,
        30,
        51,
        33,
        18,
        78,
        41,
        29,
        71,
        50,
        72,
        2,
        3,
        74,
        34,
        22,
        19,
        24,
        64,
        37,
        69,
        58,
        60,
        21,
        14,
        1,
        5,
        20,
        25,
        62,
        26,
        76,
        75,
        68,
        27,
        47,
        31,
        53,
        48,
        7,
        6,
        66,
        56,
        4,
        63,
        49,
        46,
        39,
        65,
        57,
        54,
        55,
        59,
        11,
        10,
        77,
        70,
        42,
        23,
        28,
        67,
        73,
        32
    ],
    "lkh_gap_pct": 0.0
}