{
    "instance_name": "N80_D2_G100_corr_14",
    "n_customers": 80,
    "dimension": 2,
    "grid_size": 100,
    "optimal_cost": 448,
    "optimal_tour": [
        19,
        31,
        58,
        42,
        75,
        49,
        33,
        17,
        51,
        32,
        71,
        16,
        80,
        55,
        18,
        34,
        3,
        22,
        40,
        76,
        12,
        38,
        39,
        9,
        27,
        62,
        53,
        10,
        30,
        43,
        54,
        60,
        28,
        47,
        23,
        73,
        7,
        8,
        41,
        25,
        57,
        74,
        24,
        70,
        48,
        52,
        6,
        77,
        72,
        29,
        11,
        44,
        59,
        36,
        13,
        61,
        21,
        45,
        35,
        68,
        4,
        63,
        37,
        67,
        20,
        78,
        65,
        69,
        50,
        64,
        14,
        26,
        79,
        46,
        56,
        66,
        1,
        5,
        15,
        2
    ],
    "optimal_solver": "lkh",
    "instance_file_path": "c:\\TSP_ND_ML_Project\\instances\\N80_D2_G100_corr_14.json",
    "concorde_length": 448,
    "concorde_time_s": 1.3669219000148587,
    "concorde_tour": [
        1,
        66,
        56,
        46,
        79,
        26,
        14,
        64,
        50,
        69,
        65,
        78,
        20,
        67,
        37,
        63,
        4,
        68,
        35,
        45,
        21,
        61,
        13,
        36,
        59,
        44,
        11,
        29,
        72,
        77,
        6,
        52,
        48,
        70,
        24,
        74,
        57,
        25,
        41,
        8,
        7,
        73,
        23,
        47,
        28,
        60,
        54,
        43,
        30,
        10,
        53,
        62,
        27,
        9,
        39,
        38,
        12,
        76,
        40,
        22,
        3,
        34,
        55,
        80,
        18,
        16,
        71,
        32,
        51,
        17,
        33,
        49,
        75,
        42,
        58,
        31,
        19,
        2,
        15,
        5
    ],
    "lkh_length": 448,
    "lkh_time_s": 0.1460038000077475,
    "lkh_tour": [
        19,
        31,
        58,
        42,
        75,
        49,
        33,
        17,
        51,
        32,
        71,
        16,
        80,
        55,
        18,
        34,
        3,
        22,
        40,
        76,
        12,
        38,
        39,
        9,
        27,
        62,
        53,
        10,
        30,
        43,
        54,
        60,
        28,
        47,
        23,
        73,
        7,
        8,
        41,
        25,
        57,
        74,
        24,
        70,
        48,
        52,
        6,
        77,
        72,
        29,
        11,
        44,
        59,
        36,
        13,
        61,
        21,
        45,
        35,
        68,
        4,
        63,
        37,
        67,
        20,
        78,
        65,
        69,
        50,
        64,
        14,
        26,
        79,
        46,
        56,
        66,
        1,
        5,
        15,
        2
    ],
    "lkh_gap_pct": 0.0
}