{
    "instance_name": "N80_D5_G1000_grid_8",
    "n_customers": 80,
    "dimension": 5,
    "grid_size": 1000,
    "optimal_cost": 30967,
    "optimal_tour": [
        42,
        3,
        25,
        29,
        78,
        11,
        18,
        53,
        71,
        1,
        28,
        7,
        24,
        35,
        43,
        27,
        50,
        55,
        56,
        2,
        74,
        15,
        22,
        39,
        45,
        31,
        68,
        62,
        17,
        9,
        60,
        49,
        5,
        61,
        47,
        75,
        40,
        44,
        48,
        23,
        20,
        33,
        30,
        65,
        32,
        41,
        69,
        8,
        4,
        80,
        34,
        46,
        72,
        79,
        13,
        67,
        38,
        70,
        10,
        63,
        57,
        77,
        21,
        76,
        26,
        37,
        14,
        73,
        16,
        59,
        54,
        6,
        52,
        58,
        51,
        19,
        12,
        36,
        66,
        64
    ],
    "optimal_solver": "lkh",
    "instance_file_path": "c:\\TSP_ND_ML_Project\\instances\\N80_D5_G1000_grid_8.json",
    "concorde_length": 30967,
    "concorde_time_s": 1.2644041999592446,
    "concorde_tour": [
        1,
        28,
        7,
        24,
        35,
        43,
        27,
        50,
        55,
        56,
        2,
        74,
        15,
        22,
        39,
        45,
        31,
        68,
        62,
        17,
        9,
        60,
        49,
        5,
        61,
        47,
        75,
        40,
        44,
        48,
        23,
        20,
        33,
        30,
        65,
        32,
        41,
        69,
        8,
        4,
        80,
        34,
        46,
        72,
        79,
        13,
        67,
        38,
        70,
        10,
        63,
        57,
        77,
        21,
        76,
        26,
        37,
        14,
        73,
        16,
        59,
        54,
        6,
        52,
        58,
        51,
        19,
        12,
        36,
        66,
        64,
        42,
        3,
        25,
        29,
        78,
        11,
        18,
        53,
        71
    ],
    "lkh_length": 30967,
    "lkh_time_s": 0.15601229999447241,
    "lkh_tour": [
        42,
        3,
        25,
        29,
        78,
        11,
        18,
        53,
        71,
        1,
        28,
        7,
        24,
        35,
        43,
        27,
        50,
        55,
        56,
        2,
        74,
        15,
        22,
        39,
        45,
        31,
        68,
        62,
        17,
        9,
        60,
        49,
        5,
        61,
        47,
        75,
        40,
        44,
        48,
        23,
        20,
        33,
        30,
        65,
        32,
        41,
        69,
        8,
        4,
        80,
        34,
        46,
        72,
        79,
        13,
        67,
        38,
        70,
        10,
        63,
        57,
        77,
        21,
        76,
        26,
        37,
        14,
        73,
        16,
        59,
        54,
        6,
        52,
        58,
        51,
        19,
        12,
        36,
        66,
        64
    ],
    "lkh_gap_pct": 0.0
}