{
    "instance_name": "N80_D2_G100_pow_3",
    "n_customers": 80,
    "dimension": 2,
    "grid_size": 100,
    "optimal_cost": 400,
    "optimal_tour": [
        40,
        6,
        67,
        59,
        5,
        52,
        3,
        75,
        16,
        26,
        79,
        63,
        33,
        44,
        22,
        4,
        46,
        27,
        77,
        23,
        68,
        10,
        30,
        31,
        17,
        53,
        76,
        78,
        7,
        62,
        80,
        34,
        11,
        18,
        73,
        65,
        32,
        13,
        57,
        28,
        24,
        36,
        64,
        41,
        20,
        38,
        56,
        37,
        47,
        61,
        2,
        58,
        50,
        15,
        71,
        66,
        60,
        43,
        70,
        55,
        42,
        12,
        29,
        14,
        25,
        54,
        45,
        39,
        9,
        69,
        74,
        48,
        1,
        21,
        72,
        51,
        8,
        49,
        35,
        19
    ],
    "optimal_solver": "lkh",
    "instance_file_path": "c:\\TSP_ND_ML_Project\\instances\\N80_D2_G100_pow_3.json",
    "concorde_length": 400,
    "concorde_time_s": 4.388819199986756,
    "concorde_tour": [
        1,
        8,
        54,
        69,
        59,
        2,
        14,
        15,
        25,
        12,
        70,
        58,
        43,
        42,
        29,
        50,
        61,
        66,
        71,
        60,
        55,
        47,
        11,
        13,
        24,
        28,
        80,
        73,
        53,
        64,
        78,
        65,
        56,
        37,
        36,
        31,
        20,
        32,
        34,
        38,
        57,
        18,
        7,
        17,
        76,
        62,
        41,
        79,
        68,
        77,
        46,
        27,
        22,
        10,
        4,
        23,
        16,
        26,
        30,
        63,
        44,
        33,
        75,
        3,
        6,
        9,
        21,
        35,
        48,
        74,
        72,
        51,
        67,
        52,
        45,
        39,
        49,
        40,
        19,
        5
    ],
    "lkh_length": 400,
    "lkh_time_s": 0.5264693000062834,
    "lkh_tour": [
        40,
        6,
        67,
        59,
        5,
        52,
        3,
        75,
        16,
        26,
        79,
        63,
        33,
        44,
        22,
        4,
        46,
        27,
        77,
        23,
        68,
        10,
        30,
        31,
        17,
        53,
        76,
        78,
        7,
        62,
        80,
        34,
        11,
        18,
        73,
        65,
        32,
        13,
        57,
        28,
        24,
        36,
        64,
        41,
        20,
        38,
        56,
        37,
        47,
        61,
        2,
        58,
        50,
        15,
        71,
        66,
        60,
        43,
        70,
        55,
        42,
        12,
        29,
        14,
        25,
        54,
        45,
        39,
        9,
        69,
        74,
        48,
        1,
        21,
        72,
        51,
        8,
        49,
        35,
        19
    ],
    "lkh_gap_pct": 0.0
}