{
    "instance_name": "N80_D5_G10000_tria_20",
    "n_customers": 80,
    "dimension": 5,
    "grid_size": 10000,
    "optimal_cost": 341140,
    "optimal_tour": [
        55,
        7,
        75,
        67,
        21,
        42,
        16,
        29,
        59,
        53,
        70,
        73,
        1,
        54,
        5,
        11,
        38,
        18,
        49,
        2,
        3,
        30,
        23,
        8,
        31,
        58,
        27,
        17,
        65,
        24,
        47,
        14,
        41,
        46,
        9,
        56,
        10,
        43,
        32,
        26,
        22,
        33,
        52,
        57,
        68,
        25,
        77,
        35,
        15,
        60,
        13,
        6,
        69,
        45,
        34,
        44,
        78,
        40,
        76,
        72,
        74,
        51,
        39,
        63,
        61,
        28,
        20,
        36,
        64,
        50,
        62,
        12,
        79,
        37,
        4,
        19,
        80,
        48,
        71,
        66
    ],
    "optimal_solver": "lkh",
    "instance_file_path": "c:\\TSP_ND_ML_Project\\instances\\N80_D5_G10000_tria_20.json",
    "concorde_length": 341140,
    "concorde_time_s": 9.273916999984067,
    "concorde_tour": [
        1,
        54,
        5,
        11,
        38,
        18,
        49,
        2,
        3,
        30,
        23,
        8,
        31,
        58,
        27,
        17,
        65,
        24,
        47,
        14,
        41,
        46,
        9,
        56,
        10,
        43,
        32,
        26,
        22,
        33,
        52,
        57,
        68,
        25,
        77,
        35,
        15,
        60,
        13,
        6,
        69,
        45,
        34,
        44,
        78,
        40,
        76,
        72,
        74,
        51,
        39,
        63,
        61,
        28,
        20,
        36,
        64,
        50,
        62,
        12,
        79,
        37,
        4,
        19,
        80,
        48,
        71,
        66,
        55,
        7,
        75,
        67,
        21,
        42,
        16,
        29,
        59,
        53,
        70,
        73
    ],
    "lkh_length": 341140,
    "lkh_time_s": 0.47177010000450537,
    "lkh_tour": [
        55,
        7,
        75,
        67,
        21,
        42,
        16,
        29,
        59,
        53,
        70,
        73,
        1,
        54,
        5,
        11,
        38,
        18,
        49,
        2,
        3,
        30,
        23,
        8,
        31,
        58,
        27,
        17,
        65,
        24,
        47,
        14,
        41,
        46,
        9,
        56,
        10,
        43,
        32,
        26,
        22,
        33,
        52,
        57,
        68,
        25,
        77,
        35,
        15,
        60,
        13,
        6,
        69,
        45,
        34,
        44,
        78,
        40,
        76,
        72,
        74,
        51,
        39,
        63,
        61,
        28,
        20,
        36,
        64,
        50,
        62,
        12,
        79,
        37,
        4,
        19,
        80,
        48,
        71,
        66
    ],
    "lkh_gap_pct": 0.0
}