{
    "instance_name": "N80_D4_G100_corn_10",
    "n_customers": 80,
    "dimension": 4,
    "grid_size": 100,
    "optimal_cost": 1664,
    "optimal_tour": [
        35,
        51,
        74,
        73,
        10,
        66,
        76,
        36,
        22,
        6,
        60,
        2,
        12,
        23,
        70,
        20,
        57,
        1,
        17,
        38,
        49,
        77,
        68,
        11,
        41,
        32,
        55,
        64,
        78,
        37,
        75,
        3,
        21,
        63,
        14,
        40,
        58,
        62,
        45,
        47,
        39,
        13,
        61,
        67,
        9,
        59,
        30,
        44,
        7,
        16,
        31,
        18,
        80,
        28,
        24,
        26,
        27,
        43,
        5,
        8,
        50,
        34,
        33,
        25,
        4,
        19,
        42,
        79,
        65,
        69,
        54,
        53,
        72,
        71,
        56,
        15,
        48,
        29,
        52,
        46
    ],
    "optimal_solver": "lkh",
    "instance_file_path": "c:\\TSP_ND_ML_Project\\instances\\N80_D4_G100_corn_10.json",
    "concorde_length": 1664,
    "concorde_time_s": 2.385386499983724,
    "concorde_tour": [
        1,
        17,
        20,
        57,
        70,
        23,
        38,
        49,
        77,
        68,
        11,
        41,
        32,
        55,
        33,
        34,
        42,
        19,
        4,
        25,
        65,
        79,
        69,
        54,
        72,
        53,
        71,
        56,
        15,
        48,
        29,
        35,
        46,
        52,
        51,
        10,
        73,
        74,
        66,
        76,
        36,
        22,
        6,
        60,
        2,
        12,
        40,
        58,
        62,
        45,
        47,
        61,
        39,
        13,
        67,
        9,
        59,
        30,
        44,
        7,
        16,
        31,
        18,
        80,
        28,
        24,
        26,
        27,
        5,
        43,
        8,
        50,
        64,
        78,
        37,
        75,
        3,
        21,
        63,
        14
    ],
    "lkh_length": 1664,
    "lkh_time_s": 1.764376099978108,
    "lkh_tour": [
        35,
        51,
        74,
        73,
        10,
        66,
        76,
        36,
        22,
        6,
        60,
        2,
        12,
        23,
        70,
        20,
        57,
        1,
        17,
        38,
        49,
        77,
        68,
        11,
        41,
        32,
        55,
        64,
        78,
        37,
        75,
        3,
        21,
        63,
        14,
        40,
        58,
        62,
        45,
        47,
        39,
        13,
        61,
        67,
        9,
        59,
        30,
        44,
        7,
        16,
        31,
        18,
        80,
        28,
        24,
        26,
        27,
        43,
        5,
        8,
        50,
        34,
        33,
        25,
        4,
        19,
        42,
        79,
        65,
        69,
        54,
        53,
        72,
        71,
        56,
        15,
        48,
        29,
        52,
        46
    ],
    "lkh_gap_pct": 0.0
}