{
    "instance_name": "N80_D5_G1000_corn_10",
    "n_customers": 80,
    "dimension": 5,
    "grid_size": 1000,
    "optimal_cost": 29236,
    "optimal_tour": [
        12,
        77,
        66,
        14,
        3,
        59,
        24,
        5,
        30,
        22,
        4,
        76,
        26,
        79,
        47,
        23,
        8,
        13,
        31,
        72,
        78,
        6,
        35,
        19,
        44,
        53,
        57,
        9,
        68,
        34,
        46,
        71,
        48,
        20,
        33,
        40,
        38,
        54,
        39,
        56,
        65,
        1,
        60,
        73,
        55,
        62,
        2,
        27,
        7,
        75,
        16,
        15,
        28,
        11,
        18,
        67,
        32,
        50,
        42,
        74,
        36,
        70,
        21,
        45,
        58,
        64,
        49,
        80,
        51,
        69,
        41,
        37,
        61,
        17,
        43,
        63,
        10,
        52,
        29,
        25
    ],
    "optimal_solver": "lkh",
    "instance_file_path": "c:\\TSP_ND_ML_Project\\instances\\N80_D5_G1000_corn_10.json",
    "concorde_length": 29236,
    "concorde_time_s": 1.4154451999929734,
    "concorde_tour": [
        1,
        65,
        56,
        39,
        54,
        38,
        40,
        33,
        20,
        48,
        71,
        46,
        34,
        68,
        9,
        57,
        53,
        44,
        19,
        35,
        6,
        78,
        72,
        31,
        13,
        8,
        23,
        47,
        79,
        26,
        76,
        4,
        22,
        30,
        5,
        24,
        59,
        3,
        14,
        66,
        77,
        12,
        25,
        52,
        29,
        10,
        63,
        43,
        37,
        61,
        17,
        41,
        69,
        51,
        80,
        49,
        64,
        58,
        45,
        21,
        70,
        36,
        74,
        42,
        50,
        32,
        67,
        18,
        11,
        28,
        15,
        16,
        75,
        7,
        27,
        2,
        62,
        55,
        73,
        60
    ],
    "lkh_length": 29236,
    "lkh_time_s": 0.13529049995122477,
    "lkh_tour": [
        12,
        77,
        66,
        14,
        3,
        59,
        24,
        5,
        30,
        22,
        4,
        76,
        26,
        79,
        47,
        23,
        8,
        13,
        31,
        72,
        78,
        6,
        35,
        19,
        44,
        53,
        57,
        9,
        68,
        34,
        46,
        71,
        48,
        20,
        33,
        40,
        38,
        54,
        39,
        56,
        65,
        1,
        60,
        73,
        55,
        62,
        2,
        27,
        7,
        75,
        16,
        15,
        28,
        11,
        18,
        67,
        32,
        50,
        42,
        74,
        36,
        70,
        21,
        45,
        58,
        64,
        49,
        80,
        51,
        69,
        41,
        37,
        61,
        17,
        43,
        63,
        10,
        52,
        29,
        25
    ],
    "lkh_gap_pct": 0.0
}