{
    "instance_name": "N80_D5_G1000_corn_4",
    "n_customers": 80,
    "dimension": 5,
    "grid_size": 1000,
    "optimal_cost": 31532,
    "optimal_tour": [
        33,
        53,
        60,
        76,
        69,
        29,
        44,
        42,
        64,
        57,
        6,
        56,
        18,
        47,
        22,
        78,
        25,
        52,
        77,
        54,
        32,
        24,
        11,
        71,
        3,
        10,
        68,
        30,
        55,
        21,
        26,
        14,
        38,
        35,
        7,
        79,
        37,
        23,
        62,
        61,
        46,
        65,
        70,
        5,
        13,
        67,
        17,
        20,
        9,
        43,
        15,
        50,
        49,
        45,
        39,
        1,
        4,
        28,
        8,
        51,
        31,
        80,
        63,
        16,
        72,
        36,
        59,
        34,
        12,
        40,
        73,
        74,
        58,
        2,
        19,
        48,
        66,
        75,
        27,
        41
    ],
    "optimal_solver": "lkh",
    "instance_file_path": "c:\\TSP_ND_ML_Project\\instances\\N80_D5_G1000_corn_4.json",
    "concorde_length": 31532,
    "concorde_time_s": 1.985081499966327,
    "concorde_tour": [
        1,
        39,
        45,
        49,
        50,
        15,
        43,
        9,
        20,
        17,
        67,
        13,
        5,
        70,
        65,
        46,
        61,
        62,
        23,
        37,
        79,
        7,
        35,
        38,
        14,
        26,
        21,
        55,
        30,
        68,
        10,
        3,
        71,
        11,
        24,
        32,
        54,
        77,
        52,
        25,
        78,
        22,
        47,
        18,
        56,
        6,
        57,
        64,
        42,
        44,
        29,
        69,
        76,
        60,
        53,
        33,
        41,
        27,
        75,
        66,
        48,
        19,
        2,
        58,
        74,
        73,
        40,
        12,
        34,
        59,
        36,
        72,
        16,
        63,
        80,
        31,
        51,
        8,
        28,
        4
    ],
    "lkh_length": 31532,
    "lkh_time_s": 0.3525962000130676,
    "lkh_tour": [
        33,
        53,
        60,
        76,
        69,
        29,
        44,
        42,
        64,
        57,
        6,
        56,
        18,
        47,
        22,
        78,
        25,
        52,
        77,
        54,
        32,
        24,
        11,
        71,
        3,
        10,
        68,
        30,
        55,
        21,
        26,
        14,
        38,
        35,
        7,
        79,
        37,
        23,
        62,
        61,
        46,
        65,
        70,
        5,
        13,
        67,
        17,
        20,
        9,
        43,
        15,
        50,
        49,
        45,
        39,
        1,
        4,
        28,
        8,
        51,
        31,
        80,
        63,
        16,
        72,
        36,
        59,
        34,
        12,
        40,
        73,
        74,
        58,
        2,
        19,
        48,
        66,
        75,
        27,
        41
    ],
    "lkh_gap_pct": 0.0
}