{
    "instance_name": "N80_D4_G100_clus_11",
    "n_customers": 80,
    "dimension": 4,
    "grid_size": 100,
    "optimal_cost": 1194,
    "optimal_tour": [
        50,
        76,
        61,
        67,
        77,
        2,
        29,
        70,
        26,
        3,
        56,
        47,
        32,
        15,
        49,
        17,
        55,
        36,
        65,
        72,
        24,
        71,
        52,
        37,
        31,
        5,
        23,
        57,
        33,
        53,
        39,
        34,
        59,
        27,
        60,
        6,
        46,
        79,
        10,
        74,
        35,
        43,
        4,
        25,
        54,
        38,
        11,
        12,
        69,
        21,
        40,
        20,
        64,
        13,
        42,
        19,
        66,
        75,
        8,
        14,
        63,
        1,
        58,
        45,
        80,
        41,
        62,
        48,
        73,
        18,
        22,
        16,
        28,
        68,
        44,
        9,
        78,
        7,
        30,
        51
    ],
    "optimal_solver": "lkh",
    "instance_file_path": "c:\\TSP_ND_ML_Project\\instances\\N80_D4_G100_clus_11.json",
    "concorde_length": 1194,
    "concorde_time_s": 2.5743583000148647,
    "concorde_tour": [
        1,
        58,
        45,
        80,
        41,
        62,
        48,
        73,
        18,
        22,
        16,
        28,
        68,
        44,
        9,
        78,
        7,
        30,
        51,
        50,
        76,
        61,
        67,
        77,
        2,
        29,
        70,
        26,
        3,
        56,
        47,
        32,
        15,
        49,
        17,
        55,
        36,
        65,
        72,
        24,
        71,
        52,
        37,
        31,
        5,
        23,
        57,
        33,
        53,
        39,
        34,
        59,
        27,
        60,
        6,
        46,
        79,
        10,
        74,
        35,
        43,
        4,
        25,
        54,
        38,
        11,
        12,
        69,
        21,
        40,
        20,
        64,
        13,
        42,
        19,
        66,
        75,
        8,
        14,
        63
    ],
    "lkh_length": 1194,
    "lkh_time_s": 0.5174349999870174,
    "lkh_tour": [
        50,
        76,
        61,
        67,
        77,
        2,
        29,
        70,
        26,
        3,
        56,
        47,
        32,
        15,
        49,
        17,
        55,
        36,
        65,
        72,
        24,
        71,
        52,
        37,
        31,
        5,
        23,
        57,
        33,
        53,
        39,
        34,
        59,
        27,
        60,
        6,
        46,
        79,
        10,
        74,
        35,
        43,
        4,
        25,
        54,
        38,
        11,
        12,
        69,
        21,
        40,
        20,
        64,
        13,
        42,
        19,
        66,
        75,
        8,
        14,
        63,
        1,
        58,
        45,
        80,
        41,
        62,
        48,
        73,
        18,
        22,
        16,
        28,
        68,
        44,
        9,
        78,
        7,
        30,
        51
    ],
    "lkh_gap_pct": 0.0
}