{
    "instance_name": "N80_D2_G100_tria_3",
    "n_customers": 80,
    "dimension": 2,
    "grid_size": 100,
    "optimal_cost": 741,
    "optimal_tour": [
        50,
        79,
        41,
        25,
        17,
        6,
        61,
        9,
        76,
        29,
        55,
        21,
        39,
        51,
        34,
        42,
        11,
        47,
        37,
        74,
        13,
        20,
        69,
        2,
        16,
        44,
        35,
        31,
        60,
        72,
        36,
        18,
        65,
        80,
        48,
        28,
        54,
        33,
        24,
        7,
        59,
        68,
        10,
        15,
        43,
        27,
        71,
        1,
        23,
        32,
        66,
        22,
        38,
        63,
        64,
        56,
        45,
        14,
        58,
        12,
        40,
        30,
        19,
        5,
        52,
        75,
        62,
        73,
        78,
        46,
        57,
        4,
        67,
        77,
        3,
        26,
        8,
        53,
        70,
        49
    ],
    "optimal_solver": "lkh",
    "instance_file_path": "c:\\TSP_ND_ML_Project\\instances\\N80_D2_G100_tria_3.json",
    "concorde_length": 741,
    "concorde_time_s": 1.2666110999998637,
    "concorde_tour": [
        1,
        23,
        32,
        66,
        22,
        38,
        63,
        64,
        56,
        45,
        14,
        58,
        12,
        40,
        30,
        19,
        5,
        52,
        75,
        62,
        73,
        78,
        46,
        57,
        4,
        67,
        77,
        3,
        26,
        8,
        53,
        70,
        49,
        50,
        79,
        41,
        25,
        17,
        6,
        61,
        9,
        76,
        29,
        55,
        21,
        39,
        51,
        34,
        42,
        11,
        47,
        37,
        74,
        13,
        20,
        69,
        2,
        16,
        44,
        35,
        31,
        60,
        72,
        36,
        18,
        65,
        80,
        48,
        28,
        54,
        33,
        24,
        7,
        59,
        10,
        68,
        15,
        43,
        27,
        71
    ],
    "lkh_length": 741,
    "lkh_time_s": 0.7736173000012059,
    "lkh_tour": [
        50,
        79,
        41,
        25,
        17,
        6,
        61,
        9,
        76,
        29,
        55,
        21,
        39,
        51,
        34,
        42,
        11,
        47,
        37,
        74,
        13,
        20,
        69,
        2,
        16,
        44,
        35,
        31,
        60,
        72,
        36,
        18,
        65,
        80,
        48,
        28,
        54,
        33,
        24,
        7,
        59,
        68,
        10,
        15,
        43,
        27,
        71,
        1,
        23,
        32,
        66,
        22,
        38,
        63,
        64,
        56,
        45,
        14,
        58,
        12,
        40,
        30,
        19,
        5,
        52,
        75,
        62,
        73,
        78,
        46,
        57,
        4,
        67,
        77,
        3,
        26,
        8,
        53,
        70,
        49
    ],
    "lkh_gap_pct": 0.0
}