{
    "instance_name": "N80_D2_G1000_tria_10",
    "n_customers": 80,
    "dimension": 2,
    "grid_size": 1000,
    "optimal_cost": 6962,
    "optimal_tour": [
        47,
        23,
        21,
        14,
        50,
        38,
        70,
        53,
        46,
        32,
        30,
        52,
        36,
        55,
        71,
        25,
        40,
        20,
        49,
        78,
        26,
        11,
        60,
        41,
        33,
        48,
        80,
        58,
        72,
        12,
        66,
        39,
        57,
        42,
        18,
        63,
        74,
        6,
        9,
        2,
        43,
        29,
        5,
        62,
        10,
        65,
        1,
        54,
        13,
        67,
        44,
        31,
        56,
        73,
        68,
        61,
        75,
        22,
        24,
        15,
        19,
        45,
        7,
        35,
        51,
        28,
        77,
        37,
        76,
        8,
        34,
        79,
        59,
        64,
        17,
        3,
        4,
        27,
        69,
        16
    ],
    "optimal_solver": "lkh",
    "instance_file_path": "c:\\TSP_ND_ML_Project\\instances\\N80_D2_G1000_tria_10.json",
    "concorde_length": 6962,
    "concorde_time_s": 1.0347850000252947,
    "concorde_tour": [
        1,
        65,
        10,
        62,
        5,
        29,
        43,
        2,
        9,
        6,
        74,
        63,
        18,
        42,
        57,
        39,
        66,
        12,
        72,
        58,
        80,
        48,
        33,
        41,
        60,
        11,
        26,
        78,
        49,
        20,
        40,
        25,
        71,
        55,
        36,
        52,
        30,
        32,
        46,
        53,
        70,
        38,
        50,
        14,
        21,
        23,
        47,
        16,
        69,
        27,
        4,
        3,
        17,
        64,
        59,
        79,
        34,
        8,
        76,
        37,
        77,
        28,
        51,
        35,
        7,
        45,
        19,
        15,
        24,
        22,
        75,
        61,
        68,
        73,
        56,
        31,
        44,
        67,
        13,
        54
    ],
    "lkh_length": 6962,
    "lkh_time_s": 0.17394410000997595,
    "lkh_tour": [
        47,
        23,
        21,
        14,
        50,
        38,
        70,
        53,
        46,
        32,
        30,
        52,
        36,
        55,
        71,
        25,
        40,
        20,
        49,
        78,
        26,
        11,
        60,
        41,
        33,
        48,
        80,
        58,
        72,
        12,
        66,
        39,
        57,
        42,
        18,
        63,
        74,
        6,
        9,
        2,
        43,
        29,
        5,
        62,
        10,
        65,
        1,
        54,
        13,
        67,
        44,
        31,
        56,
        73,
        68,
        61,
        75,
        22,
        24,
        15,
        19,
        45,
        7,
        35,
        51,
        28,
        77,
        37,
        76,
        8,
        34,
        79,
        59,
        64,
        17,
        3,
        4,
        27,
        69,
        16
    ],
    "lkh_gap_pct": 0.0
}