{
    "instance_name": "N80_D2_G1000_corr_9",
    "n_customers": 80,
    "dimension": 2,
    "grid_size": 1000,
    "optimal_cost": 4620,
    "optimal_tour": [
        60,
        10,
        4,
        63,
        49,
        72,
        50,
        42,
        39,
        29,
        53,
        41,
        17,
        76,
        78,
        46,
        52,
        66,
        21,
        57,
        26,
        47,
        25,
        13,
        35,
        32,
        56,
        30,
        16,
        14,
        28,
        37,
        6,
        7,
        27,
        75,
        5,
        54,
        34,
        70,
        65,
        61,
        58,
        9,
        40,
        11,
        55,
        74,
        62,
        43,
        18,
        44,
        24,
        20,
        79,
        8,
        64,
        1,
        33,
        38,
        31,
        48,
        71,
        73,
        15,
        45,
        80,
        12,
        22,
        59,
        23,
        2,
        67,
        69,
        36,
        51,
        3,
        19,
        68,
        77
    ],
    "optimal_solver": "lkh",
    "instance_file_path": "c:\\TSP_ND_ML_Project\\instances\\N80_D2_G1000_corr_9.json",
    "concorde_length": 4620,
    "concorde_time_s": 1.0610841999878176,
    "concorde_tour": [
        1,
        33,
        38,
        31,
        48,
        71,
        73,
        15,
        45,
        80,
        12,
        22,
        59,
        23,
        2,
        67,
        69,
        36,
        51,
        3,
        19,
        68,
        77,
        60,
        10,
        4,
        63,
        49,
        72,
        50,
        42,
        39,
        29,
        53,
        41,
        17,
        76,
        78,
        46,
        52,
        66,
        21,
        57,
        26,
        47,
        25,
        13,
        35,
        32,
        56,
        30,
        16,
        14,
        28,
        37,
        6,
        7,
        27,
        75,
        5,
        54,
        34,
        70,
        65,
        61,
        58,
        9,
        40,
        11,
        55,
        74,
        62,
        43,
        18,
        44,
        24,
        20,
        79,
        8,
        64
    ],
    "lkh_length": 4620,
    "lkh_time_s": 0.24509770001168363,
    "lkh_tour": [
        60,
        10,
        4,
        63,
        49,
        72,
        50,
        42,
        39,
        29,
        53,
        41,
        17,
        76,
        78,
        46,
        52,
        66,
        21,
        57,
        26,
        47,
        25,
        13,
        35,
        32,
        56,
        30,
        16,
        14,
        28,
        37,
        6,
        7,
        27,
        75,
        5,
        54,
        34,
        70,
        65,
        61,
        58,
        9,
        40,
        11,
        55,
        74,
        62,
        43,
        18,
        44,
        24,
        20,
        79,
        8,
        64,
        1,
        33,
        38,
        31,
        48,
        71,
        73,
        15,
        45,
        80,
        12,
        22,
        59,
        23,
        2,
        67,
        69,
        36,
        51,
        3,
        19,
        68,
        77
    ],
    "lkh_gap_pct": 0.0
}