{
    "instance_name": "N80_D2_G1000_corn_19",
    "n_customers": 80,
    "dimension": 2,
    "grid_size": 1000,
    "optimal_cost": 4177,
    "optimal_tour": [
        50,
        8,
        49,
        26,
        5,
        30,
        17,
        62,
        67,
        41,
        40,
        22,
        19,
        39,
        44,
        63,
        77,
        36,
        28,
        12,
        61,
        37,
        31,
        35,
        72,
        11,
        18,
        10,
        78,
        52,
        2,
        71,
        57,
        54,
        59,
        75,
        38,
        27,
        24,
        45,
        68,
        25,
        76,
        43,
        29,
        42,
        14,
        56,
        1,
        13,
        55,
        46,
        74,
        48,
        53,
        21,
        69,
        60,
        20,
        9,
        58,
        15,
        34,
        16,
        23,
        47,
        80,
        70,
        33,
        7,
        4,
        65,
        73,
        6,
        32,
        79,
        51,
        3,
        66,
        64
    ],
    "optimal_solver": "lkh",
    "instance_file_path": "c:\\TSP_ND_ML_Project\\instances\\N80_D2_G1000_corn_19.json",
    "concorde_length": 4177,
    "concorde_time_s": 1.5305946999869775,
    "concorde_tour": [
        1,
        56,
        14,
        42,
        29,
        43,
        76,
        68,
        25,
        45,
        24,
        27,
        38,
        75,
        59,
        54,
        57,
        71,
        2,
        52,
        31,
        72,
        11,
        10,
        35,
        18,
        78,
        37,
        61,
        12,
        28,
        36,
        77,
        63,
        44,
        39,
        19,
        22,
        40,
        62,
        67,
        17,
        41,
        30,
        5,
        26,
        49,
        8,
        64,
        50,
        66,
        3,
        51,
        79,
        32,
        6,
        73,
        65,
        4,
        7,
        33,
        70,
        80,
        47,
        23,
        16,
        34,
        15,
        58,
        9,
        20,
        53,
        69,
        60,
        48,
        21,
        74,
        46,
        55,
        13
    ],
    "lkh_length": 4177,
    "lkh_time_s": 1.871058599994285,
    "lkh_tour": [
        50,
        8,
        49,
        26,
        5,
        30,
        17,
        62,
        67,
        41,
        40,
        22,
        19,
        39,
        44,
        63,
        77,
        36,
        28,
        12,
        61,
        37,
        31,
        35,
        72,
        11,
        18,
        10,
        78,
        52,
        2,
        71,
        57,
        54,
        59,
        75,
        38,
        27,
        24,
        45,
        68,
        25,
        76,
        43,
        29,
        42,
        14,
        56,
        1,
        13,
        55,
        46,
        74,
        48,
        53,
        21,
        69,
        60,
        20,
        9,
        58,
        15,
        34,
        16,
        23,
        47,
        80,
        70,
        33,
        7,
        4,
        65,
        73,
        6,
        32,
        79,
        51,
        3,
        66,
        64
    ],
    "lkh_gap_pct": 0.0
}