{
    "instance_name": "N80_D5_G1000_rand_16",
    "n_customers": 80,
    "dimension": 5,
    "grid_size": 1000,
    "optimal_cost": 31246,
    "optimal_tour": [
        11,
        37,
        21,
        76,
        77,
        73,
        26,
        44,
        56,
        59,
        52,
        33,
        1,
        3,
        43,
        65,
        12,
        24,
        30,
        45,
        13,
        62,
        60,
        18,
        29,
        72,
        48,
        5,
        70,
        10,
        53,
        32,
        9,
        19,
        17,
        54,
        63,
        55,
        14,
        27,
        31,
        6,
        41,
        25,
        47,
        51,
        36,
        34,
        75,
        50,
        20,
        42,
        28,
        39,
        4,
        57,
        68,
        80,
        69,
        61,
        38,
        74,
        58,
        40,
        16,
        23,
        2,
        66,
        79,
        67,
        22,
        78,
        8,
        46,
        71,
        15,
        7,
        35,
        49,
        64
    ],
    "optimal_solver": "lkh",
    "instance_file_path": "c:\\TSP_ND_ML_Project\\instances\\N80_D5_G1000_rand_16.json",
    "concorde_length": 31246,
    "concorde_time_s": 4.904992100025993,
    "concorde_tour": [
        1,
        33,
        52,
        59,
        56,
        44,
        26,
        73,
        77,
        76,
        21,
        37,
        11,
        64,
        49,
        35,
        7,
        15,
        71,
        46,
        8,
        78,
        22,
        67,
        79,
        66,
        2,
        23,
        16,
        40,
        58,
        74,
        38,
        61,
        69,
        80,
        68,
        57,
        4,
        39,
        28,
        42,
        20,
        50,
        75,
        34,
        36,
        51,
        47,
        25,
        41,
        6,
        31,
        27,
        14,
        55,
        63,
        54,
        17,
        19,
        9,
        32,
        53,
        10,
        70,
        5,
        48,
        72,
        29,
        18,
        60,
        62,
        13,
        45,
        30,
        24,
        12,
        65,
        43,
        3
    ],
    "lkh_length": 31246,
    "lkh_time_s": 0.25259739998728037,
    "lkh_tour": [
        11,
        37,
        21,
        76,
        77,
        73,
        26,
        44,
        56,
        59,
        52,
        33,
        1,
        3,
        43,
        65,
        12,
        24,
        30,
        45,
        13,
        62,
        60,
        18,
        29,
        72,
        48,
        5,
        70,
        10,
        53,
        32,
        9,
        19,
        17,
        54,
        63,
        55,
        14,
        27,
        31,
        6,
        41,
        25,
        47,
        51,
        36,
        34,
        75,
        50,
        20,
        42,
        28,
        39,
        4,
        57,
        68,
        80,
        69,
        61,
        38,
        74,
        58,
        40,
        16,
        23,
        2,
        66,
        79,
        67,
        22,
        78,
        8,
        46,
        71,
        15,
        7,
        35,
        49,
        64
    ],
    "lkh_gap_pct": 0.0
}