{
    "instance_name": "N80_D2_G1000_rand_12",
    "n_customers": 80,
    "dimension": 2,
    "grid_size": 1000,
    "optimal_cost": 6865,
    "optimal_tour": [
        4,
        32,
        45,
        25,
        47,
        63,
        35,
        52,
        10,
        23,
        24,
        19,
        49,
        26,
        50,
        41,
        18,
        22,
        64,
        44,
        5,
        55,
        74,
        72,
        33,
        78,
        40,
        14,
        69,
        30,
        34,
        28,
        71,
        58,
        6,
        61,
        67,
        80,
        60,
        17,
        59,
        1,
        3,
        48,
        54,
        53,
        36,
        37,
        16,
        68,
        12,
        7,
        57,
        29,
        46,
        8,
        27,
        66,
        79,
        73,
        56,
        70,
        11,
        42,
        43,
        31,
        76,
        2,
        20,
        65,
        15,
        39,
        62,
        13,
        38,
        51,
        77,
        9,
        75,
        21
    ],
    "optimal_solver": "lkh",
    "instance_file_path": "c:\\TSP_ND_ML_Project\\instances\\N80_D2_G1000_rand_12.json",
    "concorde_length": 6865,
    "concorde_time_s": 0.8529893000086304,
    "concorde_tour": [
        1,
        59,
        17,
        60,
        80,
        67,
        61,
        6,
        58,
        71,
        28,
        34,
        30,
        69,
        14,
        40,
        78,
        33,
        72,
        74,
        55,
        5,
        44,
        64,
        22,
        18,
        41,
        50,
        26,
        49,
        19,
        24,
        23,
        10,
        52,
        35,
        63,
        47,
        25,
        45,
        32,
        4,
        21,
        75,
        9,
        77,
        51,
        38,
        13,
        62,
        39,
        15,
        65,
        20,
        2,
        76,
        31,
        43,
        42,
        11,
        70,
        56,
        73,
        79,
        66,
        27,
        8,
        46,
        29,
        57,
        7,
        12,
        68,
        16,
        37,
        36,
        53,
        54,
        48,
        3
    ],
    "lkh_length": 6865,
    "lkh_time_s": 0.30631969997193664,
    "lkh_tour": [
        4,
        32,
        45,
        25,
        47,
        63,
        35,
        52,
        10,
        23,
        24,
        19,
        49,
        26,
        50,
        41,
        18,
        22,
        64,
        44,
        5,
        55,
        74,
        72,
        33,
        78,
        40,
        14,
        69,
        30,
        34,
        28,
        71,
        58,
        6,
        61,
        67,
        80,
        60,
        17,
        59,
        1,
        3,
        48,
        54,
        53,
        36,
        37,
        16,
        68,
        12,
        7,
        57,
        29,
        46,
        8,
        27,
        66,
        79,
        73,
        56,
        70,
        11,
        42,
        43,
        31,
        76,
        2,
        20,
        65,
        15,
        39,
        62,
        13,
        38,
        51,
        77,
        9,
        75,
        21
    ],
    "lkh_gap_pct": 0.0
}