{
    "instance_name": "N80_D2_G10000_pow_16",
    "n_customers": 80,
    "dimension": 2,
    "grid_size": 10000,
    "optimal_cost": 40000,
    "optimal_tour": [
        50,
        71,
        34,
        45,
        66,
        39,
        32,
        60,
        16,
        4,
        14,
        51,
        73,
        57,
        41,
        1,
        17,
        33,
        38,
        2,
        25,
        65,
        29,
        26,
        6,
        56,
        19,
        15,
        11,
        13,
        20,
        36,
        76,
        10,
        40,
        47,
        52,
        22,
        5,
        72,
        58,
        61,
        18,
        75,
        79,
        8,
        42,
        28,
        55,
        63,
        62,
        59,
        74,
        78,
        54,
        70,
        30,
        43,
        80,
        49,
        68,
        46,
        64,
        27,
        44,
        67,
        37,
        12,
        31,
        48,
        69,
        35,
        7,
        77,
        3,
        9,
        24,
        21,
        53,
        23
    ],
    "optimal_solver": "lkh",
    "instance_file_path": "c:\\TSP_ND_ML_Project\\instances\\N80_D2_G10000_pow_16.json",
    "concorde_length": 40000,
    "concorde_time_s": 4.5728311999992,
    "concorde_tour": [
        1,
        39,
        29,
        19,
        15,
        14,
        33,
        32,
        38,
        13,
        16,
        26,
        17,
        25,
        41,
        60,
        51,
        65,
        56,
        71,
        53,
        69,
        50,
        66,
        45,
        77,
        67,
        48,
        35,
        44,
        7,
        9,
        23,
        21,
        3,
        34,
        37,
        24,
        12,
        31,
        8,
        42,
        43,
        27,
        28,
        63,
        68,
        78,
        64,
        79,
        70,
        62,
        80,
        55,
        46,
        54,
        59,
        30,
        49,
        74,
        10,
        36,
        22,
        18,
        5,
        76,
        58,
        40,
        52,
        75,
        61,
        72,
        20,
        47,
        73,
        57,
        11,
        4,
        2,
        6
    ],
    "lkh_length": 40000,
    "lkh_time_s": 0.5698126000061166,
    "lkh_tour": [
        50,
        71,
        34,
        45,
        66,
        39,
        32,
        60,
        16,
        4,
        14,
        51,
        73,
        57,
        41,
        1,
        17,
        33,
        38,
        2,
        25,
        65,
        29,
        26,
        6,
        56,
        19,
        15,
        11,
        13,
        20,
        36,
        76,
        10,
        40,
        47,
        52,
        22,
        5,
        72,
        58,
        61,
        18,
        75,
        79,
        8,
        42,
        28,
        55,
        63,
        62,
        59,
        74,
        78,
        54,
        70,
        30,
        43,
        80,
        49,
        68,
        46,
        64,
        27,
        44,
        67,
        37,
        12,
        31,
        48,
        69,
        35,
        7,
        77,
        3,
        9,
        24,
        21,
        53,
        23
    ],
    "lkh_gap_pct": 0.0
}