{
    "instance_name": "N80_D4_G10000_corn_13",
    "n_customers": 80,
    "dimension": 4,
    "grid_size": 10000,
    "optimal_cost": 166627,
    "optimal_tour": [
        13,
        51,
        67,
        4,
        31,
        57,
        74,
        73,
        15,
        9,
        2,
        37,
        56,
        1,
        6,
        79,
        26,
        14,
        7,
        38,
        39,
        59,
        71,
        66,
        29,
        53,
        34,
        77,
        48,
        46,
        72,
        75,
        12,
        19,
        35,
        21,
        64,
        32,
        16,
        68,
        8,
        40,
        17,
        5,
        52,
        42,
        62,
        25,
        58,
        22,
        61,
        55,
        10,
        69,
        27,
        11,
        70,
        28,
        65,
        76,
        36,
        45,
        41,
        49,
        33,
        20,
        60,
        47,
        3,
        18,
        50,
        24,
        44,
        54,
        30,
        63,
        23,
        80,
        78,
        43
    ],
    "optimal_solver": "lkh",
    "instance_file_path": "c:\\TSP_ND_ML_Project\\instances\\N80_D4_G10000_corn_13.json",
    "concorde_length": 166627,
    "concorde_time_s": 1.57573440001579,
    "concorde_tour": [
        1,
        79,
        26,
        14,
        7,
        38,
        39,
        59,
        71,
        66,
        29,
        53,
        34,
        77,
        48,
        46,
        72,
        75,
        12,
        19,
        35,
        21,
        64,
        32,
        16,
        68,
        8,
        40,
        17,
        5,
        52,
        42,
        62,
        25,
        58,
        22,
        61,
        55,
        10,
        69,
        27,
        11,
        70,
        28,
        65,
        76,
        45,
        36,
        41,
        49,
        33,
        20,
        60,
        47,
        3,
        18,
        50,
        24,
        44,
        54,
        30,
        63,
        23,
        80,
        78,
        43,
        13,
        51,
        67,
        4,
        31,
        57,
        74,
        73,
        15,
        9,
        2,
        37,
        56,
        6
    ],
    "lkh_length": 166627,
    "lkh_time_s": 0.12085770000703633,
    "lkh_tour": [
        13,
        51,
        67,
        4,
        31,
        57,
        74,
        73,
        15,
        9,
        2,
        37,
        56,
        1,
        6,
        79,
        26,
        14,
        7,
        38,
        39,
        59,
        71,
        66,
        29,
        53,
        34,
        77,
        48,
        46,
        72,
        75,
        12,
        19,
        35,
        21,
        64,
        32,
        16,
        68,
        8,
        40,
        17,
        5,
        52,
        42,
        62,
        25,
        58,
        22,
        61,
        55,
        10,
        69,
        27,
        11,
        70,
        28,
        65,
        76,
        36,
        45,
        41,
        49,
        33,
        20,
        60,
        47,
        3,
        18,
        50,
        24,
        44,
        54,
        30,
        63,
        23,
        80,
        78,
        43
    ],
    "lkh_gap_pct": 0.0
}