{
    "instance_name": "N80_D2_G1000_grid_16",
    "n_customers": 80,
    "dimension": 2,
    "grid_size": 1000,
    "optimal_cost": 7236,
    "optimal_tour": [
        72,
        73,
        25,
        14,
        58,
        10,
        70,
        49,
        22,
        37,
        19,
        44,
        67,
        42,
        32,
        38,
        48,
        62,
        2,
        35,
        45,
        15,
        31,
        26,
        6,
        75,
        39,
        55,
        61,
        43,
        52,
        54,
        24,
        30,
        68,
        11,
        9,
        16,
        64,
        33,
        51,
        20,
        4,
        57,
        80,
        23,
        46,
        50,
        74,
        65,
        66,
        69,
        76,
        40,
        60,
        47,
        36,
        29,
        34,
        41,
        18,
        63,
        1,
        5,
        59,
        77,
        71,
        13,
        79,
        78,
        7,
        28,
        56,
        27,
        12,
        21,
        17,
        53,
        3,
        8
    ],
    "optimal_solver": "lkh",
    "instance_file_path": "c:\\TSP_ND_ML_Project\\instances\\N80_D2_G1000_grid_16.json",
    "concorde_length": 7236,
    "concorde_time_s": 1.2439258999947924,
    "concorde_tour": [
        1,
        5,
        59,
        77,
        71,
        13,
        79,
        78,
        7,
        28,
        56,
        27,
        12,
        21,
        17,
        53,
        3,
        8,
        72,
        73,
        25,
        14,
        58,
        10,
        70,
        49,
        22,
        37,
        19,
        44,
        67,
        42,
        32,
        38,
        48,
        62,
        2,
        35,
        45,
        15,
        31,
        26,
        6,
        75,
        39,
        55,
        61,
        43,
        52,
        54,
        24,
        30,
        68,
        11,
        9,
        16,
        64,
        33,
        51,
        20,
        4,
        57,
        80,
        23,
        46,
        50,
        74,
        66,
        65,
        69,
        76,
        40,
        60,
        47,
        36,
        29,
        34,
        41,
        18,
        63
    ],
    "lkh_length": 7236,
    "lkh_time_s": 0.5483784999814816,
    "lkh_tour": [
        72,
        73,
        25,
        14,
        58,
        10,
        70,
        49,
        22,
        37,
        19,
        44,
        67,
        42,
        32,
        38,
        48,
        62,
        2,
        35,
        45,
        15,
        31,
        26,
        6,
        75,
        39,
        55,
        61,
        43,
        52,
        54,
        24,
        30,
        68,
        11,
        9,
        16,
        64,
        33,
        51,
        20,
        4,
        57,
        80,
        23,
        46,
        50,
        74,
        65,
        66,
        69,
        76,
        40,
        60,
        47,
        36,
        29,
        34,
        41,
        18,
        63,
        1,
        5,
        59,
        77,
        71,
        13,
        79,
        78,
        7,
        28,
        56,
        27,
        12,
        21,
        17,
        53,
        3,
        8
    ],
    "lkh_gap_pct": 0.0
}