{
    "instance_name": "N80_D4_G10000_norm_14",
    "n_customers": 80,
    "dimension": 4,
    "grid_size": 10000,
    "optimal_cost": 145119,
    "optimal_tour": [
        48,
        59,
        12,
        76,
        6,
        36,
        63,
        26,
        11,
        42,
        46,
        60,
        41,
        33,
        54,
        79,
        17,
        9,
        23,
        7,
        27,
        70,
        61,
        1,
        21,
        43,
        67,
        69,
        34,
        52,
        71,
        14,
        16,
        19,
        62,
        50,
        3,
        10,
        55,
        64,
        75,
        20,
        44,
        5,
        32,
        31,
        49,
        30,
        56,
        29,
        45,
        24,
        28,
        40,
        77,
        4,
        68,
        57,
        78,
        72,
        39,
        13,
        51,
        53,
        18,
        8,
        66,
        80,
        22,
        38,
        73,
        2,
        58,
        37,
        35,
        25,
        65,
        15,
        47,
        74
    ],
    "optimal_solver": "lkh",
    "instance_file_path": "c:\\TSP_ND_ML_Project\\instances\\N80_D4_G10000_norm_14.json",
    "concorde_length": 145119,
    "concorde_time_s": 1.9186333999969065,
    "concorde_tour": [
        1,
        21,
        43,
        67,
        69,
        34,
        52,
        71,
        14,
        16,
        19,
        62,
        50,
        3,
        10,
        55,
        64,
        75,
        20,
        44,
        5,
        32,
        31,
        49,
        30,
        56,
        29,
        45,
        24,
        28,
        40,
        77,
        4,
        68,
        57,
        78,
        72,
        39,
        13,
        51,
        53,
        18,
        8,
        66,
        80,
        22,
        38,
        73,
        2,
        58,
        37,
        35,
        25,
        65,
        15,
        47,
        74,
        48,
        59,
        12,
        76,
        6,
        36,
        63,
        26,
        11,
        42,
        46,
        60,
        41,
        33,
        54,
        79,
        17,
        9,
        23,
        7,
        27,
        70,
        61
    ],
    "lkh_length": 145119,
    "lkh_time_s": 0.2625736999907531,
    "lkh_tour": [
        48,
        59,
        12,
        76,
        6,
        36,
        63,
        26,
        11,
        42,
        46,
        60,
        41,
        33,
        54,
        79,
        17,
        9,
        23,
        7,
        27,
        70,
        61,
        1,
        21,
        43,
        67,
        69,
        34,
        52,
        71,
        14,
        16,
        19,
        62,
        50,
        3,
        10,
        55,
        64,
        75,
        20,
        44,
        5,
        32,
        31,
        49,
        30,
        56,
        29,
        45,
        24,
        28,
        40,
        77,
        4,
        68,
        57,
        78,
        72,
        39,
        13,
        51,
        53,
        18,
        8,
        66,
        80,
        22,
        38,
        73,
        2,
        58,
        37,
        35,
        25,
        65,
        15,
        47,
        74
    ],
    "lkh_gap_pct": 0.0
}