{
    "instance_name": "N80_D5_G10000_norm_13",
    "n_customers": 80,
    "dimension": 5,
    "grid_size": 10000,
    "optimal_cost": 189776,
    "optimal_tour": [
        56,
        22,
        15,
        65,
        41,
        12,
        36,
        78,
        16,
        77,
        47,
        11,
        67,
        40,
        34,
        37,
        53,
        26,
        44,
        1,
        43,
        8,
        27,
        14,
        10,
        3,
        72,
        5,
        20,
        23,
        48,
        70,
        64,
        80,
        52,
        25,
        63,
        32,
        2,
        4,
        73,
        29,
        24,
        61,
        51,
        18,
        31,
        75,
        69,
        55,
        59,
        62,
        30,
        7,
        13,
        45,
        46,
        42,
        54,
        66,
        60,
        68,
        28,
        38,
        58,
        49,
        74,
        9,
        71,
        39,
        6,
        35,
        33,
        50,
        21,
        17,
        57,
        19,
        76,
        79
    ],
    "optimal_solver": "lkh",
    "instance_file_path": "c:\\TSP_ND_ML_Project\\instances\\N80_D5_G10000_norm_13.json",
    "concorde_length": 189776,
    "concorde_time_s": 3.6767734000459313,
    "concorde_tour": [
        1,
        43,
        8,
        27,
        14,
        10,
        3,
        72,
        5,
        20,
        23,
        48,
        70,
        64,
        80,
        52,
        25,
        63,
        32,
        2,
        4,
        73,
        29,
        24,
        61,
        51,
        18,
        31,
        75,
        69,
        55,
        59,
        62,
        30,
        7,
        13,
        45,
        46,
        42,
        54,
        66,
        60,
        68,
        28,
        38,
        58,
        49,
        74,
        9,
        71,
        39,
        6,
        35,
        33,
        50,
        21,
        17,
        57,
        19,
        76,
        79,
        56,
        22,
        15,
        65,
        41,
        12,
        36,
        78,
        16,
        77,
        47,
        11,
        67,
        40,
        34,
        37,
        53,
        26,
        44
    ],
    "lkh_length": 189776,
    "lkh_time_s": 0.19330409995745867,
    "lkh_tour": [
        56,
        22,
        15,
        65,
        41,
        12,
        36,
        78,
        16,
        77,
        47,
        11,
        67,
        40,
        34,
        37,
        53,
        26,
        44,
        1,
        43,
        8,
        27,
        14,
        10,
        3,
        72,
        5,
        20,
        23,
        48,
        70,
        64,
        80,
        52,
        25,
        63,
        32,
        2,
        4,
        73,
        29,
        24,
        61,
        51,
        18,
        31,
        75,
        69,
        55,
        59,
        62,
        30,
        7,
        13,
        45,
        46,
        42,
        54,
        66,
        60,
        68,
        28,
        38,
        58,
        49,
        74,
        9,
        71,
        39,
        6,
        35,
        33,
        50,
        21,
        17,
        57,
        19,
        76,
        79
    ],
    "lkh_gap_pct": 0.0
}