{
    "instance_name": "N80_D5_G10000_norm_6",
    "n_customers": 80,
    "dimension": 5,
    "grid_size": 10000,
    "optimal_cost": 188255,
    "optimal_tour": [
        35,
        78,
        64,
        56,
        7,
        3,
        73,
        8,
        19,
        41,
        58,
        34,
        48,
        69,
        37,
        47,
        44,
        23,
        4,
        54,
        13,
        31,
        62,
        49,
        17,
        60,
        71,
        29,
        14,
        63,
        55,
        32,
        52,
        38,
        25,
        9,
        68,
        36,
        16,
        57,
        70,
        51,
        46,
        1,
        21,
        22,
        2,
        12,
        50,
        80,
        61,
        43,
        72,
        6,
        26,
        40,
        24,
        18,
        67,
        28,
        15,
        27,
        66,
        11,
        5,
        77,
        53,
        75,
        20,
        79,
        45,
        59,
        42,
        74,
        76,
        39,
        30,
        10,
        33,
        65
    ],
    "optimal_solver": "lkh",
    "instance_file_path": "c:\\TSP_ND_ML_Project\\instances\\N80_D5_G10000_norm_6.json",
    "concorde_length": 188255,
    "concorde_time_s": 4.011579200043343,
    "concorde_tour": [
        1,
        21,
        22,
        2,
        12,
        50,
        80,
        61,
        43,
        72,
        6,
        26,
        40,
        24,
        18,
        67,
        28,
        15,
        27,
        66,
        11,
        5,
        77,
        53,
        75,
        20,
        79,
        45,
        59,
        42,
        74,
        76,
        39,
        30,
        10,
        33,
        65,
        35,
        78,
        64,
        56,
        7,
        3,
        73,
        8,
        19,
        41,
        58,
        34,
        48,
        69,
        37,
        47,
        44,
        23,
        4,
        54,
        13,
        31,
        62,
        49,
        17,
        60,
        71,
        29,
        14,
        63,
        55,
        32,
        52,
        38,
        25,
        9,
        68,
        36,
        16,
        57,
        70,
        51,
        46
    ],
    "lkh_length": 188255,
    "lkh_time_s": 0.25546679995022714,
    "lkh_tour": [
        35,
        78,
        64,
        56,
        7,
        3,
        73,
        8,
        19,
        41,
        58,
        34,
        48,
        69,
        37,
        47,
        44,
        23,
        4,
        54,
        13,
        31,
        62,
        49,
        17,
        60,
        71,
        29,
        14,
        63,
        55,
        32,
        52,
        38,
        25,
        9,
        68,
        36,
        16,
        57,
        70,
        51,
        46,
        1,
        21,
        22,
        2,
        12,
        50,
        80,
        61,
        43,
        72,
        6,
        26,
        40,
        24,
        18,
        67,
        28,
        15,
        27,
        66,
        11,
        5,
        77,
        53,
        75,
        20,
        79,
        45,
        59,
        42,
        74,
        76,
        39,
        30,
        10,
        33,
        65
    ],
    "lkh_gap_pct": 0.0
}