{
    "instance_name": "N80_D5_G1000_grid_13",
    "n_customers": 80,
    "dimension": 5,
    "grid_size": 1000,
    "optimal_cost": 30525,
    "optimal_tour": [
        75,
        25,
        79,
        76,
        21,
        47,
        53,
        2,
        66,
        14,
        39,
        4,
        32,
        12,
        65,
        9,
        49,
        3,
        63,
        54,
        18,
        26,
        8,
        16,
        80,
        1,
        71,
        72,
        42,
        55,
        56,
        58,
        62,
        61,
        57,
        30,
        27,
        67,
        48,
        37,
        6,
        41,
        33,
        20,
        40,
        10,
        36,
        19,
        77,
        68,
        31,
        34,
        69,
        52,
        5,
        13,
        17,
        22,
        59,
        38,
        46,
        24,
        70,
        64,
        60,
        44,
        7,
        35,
        51,
        74,
        28,
        23,
        50,
        78,
        45,
        43,
        15,
        29,
        73,
        11
    ],
    "optimal_solver": "lkh",
    "instance_file_path": "c:\\TSP_ND_ML_Project\\instances\\N80_D5_G1000_grid_13.json",
    "concorde_length": 30525,
    "concorde_time_s": 0.5389976999722421,
    "concorde_tour": [
        1,
        71,
        72,
        42,
        55,
        56,
        58,
        62,
        61,
        57,
        30,
        27,
        67,
        48,
        37,
        6,
        41,
        33,
        20,
        40,
        10,
        36,
        19,
        77,
        68,
        31,
        34,
        69,
        52,
        5,
        13,
        17,
        22,
        59,
        38,
        46,
        24,
        70,
        64,
        60,
        44,
        7,
        35,
        51,
        74,
        28,
        23,
        50,
        78,
        45,
        43,
        15,
        29,
        73,
        11,
        75,
        25,
        79,
        76,
        21,
        47,
        53,
        2,
        66,
        14,
        39,
        4,
        32,
        12,
        65,
        9,
        49,
        3,
        63,
        54,
        18,
        26,
        8,
        16,
        80
    ],
    "lkh_length": 30525,
    "lkh_time_s": 0.13936300005298108,
    "lkh_tour": [
        75,
        25,
        79,
        76,
        21,
        47,
        53,
        2,
        66,
        14,
        39,
        4,
        32,
        12,
        65,
        9,
        49,
        3,
        63,
        54,
        18,
        26,
        8,
        16,
        80,
        1,
        71,
        72,
        42,
        55,
        56,
        58,
        62,
        61,
        57,
        30,
        27,
        67,
        48,
        37,
        6,
        41,
        33,
        20,
        40,
        10,
        36,
        19,
        77,
        68,
        31,
        34,
        69,
        52,
        5,
        13,
        17,
        22,
        59,
        38,
        46,
        24,
        70,
        64,
        60,
        44,
        7,
        35,
        51,
        74,
        28,
        23,
        50,
        78,
        45,
        43,
        15,
        29,
        73,
        11
    ],
    "lkh_gap_pct": 0.0
}