{
    "instance_name": "N80_D4_G10000_tria_4",
    "n_customers": 80,
    "dimension": 4,
    "grid_size": 10000,
    "optimal_cost": 250001,
    "optimal_tour": [
        60,
        14,
        22,
        9,
        66,
        78,
        71,
        38,
        11,
        61,
        1,
        18,
        20,
        54,
        15,
        72,
        23,
        2,
        39,
        29,
        56,
        46,
        32,
        31,
        43,
        79,
        12,
        48,
        10,
        37,
        64,
        16,
        41,
        52,
        45,
        42,
        4,
        34,
        7,
        76,
        77,
        57,
        25,
        47,
        27,
        26,
        40,
        44,
        8,
        68,
        73,
        35,
        17,
        19,
        36,
        75,
        69,
        3,
        55,
        59,
        63,
        58,
        80,
        70,
        33,
        49,
        50,
        65,
        24,
        5,
        6,
        28,
        53,
        62,
        74,
        13,
        51,
        67,
        21,
        30
    ],
    "optimal_solver": "lkh",
    "instance_file_path": "c:\\TSP_ND_ML_Project\\instances\\N80_D4_G10000_tria_4.json",
    "concorde_length": 250001,
    "concorde_time_s": 2.0704625999787822,
    "concorde_tour": [
        1,
        61,
        11,
        38,
        71,
        78,
        66,
        9,
        22,
        14,
        60,
        30,
        21,
        67,
        51,
        13,
        74,
        62,
        53,
        28,
        6,
        5,
        24,
        65,
        50,
        49,
        33,
        70,
        80,
        58,
        63,
        59,
        55,
        3,
        69,
        75,
        36,
        19,
        17,
        35,
        73,
        68,
        8,
        44,
        40,
        26,
        27,
        47,
        25,
        57,
        77,
        76,
        7,
        34,
        4,
        42,
        45,
        52,
        41,
        16,
        64,
        37,
        10,
        48,
        12,
        79,
        43,
        31,
        32,
        46,
        56,
        29,
        39,
        2,
        23,
        72,
        15,
        54,
        20,
        18
    ],
    "lkh_length": 250001,
    "lkh_time_s": 0.17726889997720718,
    "lkh_tour": [
        60,
        14,
        22,
        9,
        66,
        78,
        71,
        38,
        11,
        61,
        1,
        18,
        20,
        54,
        15,
        72,
        23,
        2,
        39,
        29,
        56,
        46,
        32,
        31,
        43,
        79,
        12,
        48,
        10,
        37,
        64,
        16,
        41,
        52,
        45,
        42,
        4,
        34,
        7,
        76,
        77,
        57,
        25,
        47,
        27,
        26,
        40,
        44,
        8,
        68,
        73,
        35,
        17,
        19,
        36,
        75,
        69,
        3,
        55,
        59,
        63,
        58,
        80,
        70,
        33,
        49,
        50,
        65,
        24,
        5,
        6,
        28,
        53,
        62,
        74,
        13,
        51,
        67,
        21,
        30
    ],
    "lkh_gap_pct": 0.0
}