{
    "instance_name": "N80_D4_G1000_pow_12",
    "n_customers": 80,
    "dimension": 4,
    "grid_size": 1000,
    "optimal_cost": 16000,
    "optimal_tour": [
        71,
        55,
        78,
        24,
        48,
        63,
        5,
        49,
        74,
        16,
        80,
        73,
        57,
        58,
        59,
        13,
        53,
        64,
        62,
        51,
        50,
        43,
        2,
        67,
        1,
        6,
        21,
        32,
        20,
        38,
        11,
        8,
        45,
        54,
        36,
        56,
        19,
        23,
        9,
        60,
        47,
        40,
        34,
        31,
        44,
        15,
        29,
        17,
        25,
        61,
        70,
        37,
        69,
        12,
        22,
        4,
        10,
        41,
        7,
        79,
        27,
        33,
        39,
        52,
        46,
        65,
        42,
        66,
        76,
        75,
        77,
        26,
        72,
        28,
        3,
        18,
        68,
        35,
        14,
        30
    ],
    "optimal_solver": "lkh",
    "instance_file_path": "c:\\TSP_ND_ML_Project\\instances\\N80_D4_G1000_pow_12.json",
    "concorde_length": 16000,
    "concorde_time_s": 4.240104099968448,
    "concorde_tour": [
        1,
        50,
        67,
        2,
        43,
        20,
        32,
        21,
        6,
        38,
        74,
        63,
        49,
        5,
        16,
        73,
        80,
        56,
        19,
        23,
        36,
        9,
        11,
        8,
        54,
        45,
        44,
        61,
        25,
        17,
        29,
        15,
        47,
        34,
        40,
        31,
        60,
        27,
        46,
        7,
        39,
        79,
        33,
        52,
        65,
        66,
        42,
        76,
        70,
        37,
        69,
        41,
        12,
        4,
        10,
        22,
        26,
        77,
        72,
        75,
        14,
        24,
        30,
        55,
        78,
        71,
        48,
        68,
        28,
        35,
        3,
        18,
        59,
        64,
        58,
        51,
        13,
        57,
        53,
        62
    ],
    "lkh_length": 16000,
    "lkh_time_s": 1.112316600047052,
    "lkh_tour": [
        71,
        55,
        78,
        24,
        48,
        63,
        5,
        49,
        74,
        16,
        80,
        73,
        57,
        58,
        59,
        13,
        53,
        64,
        62,
        51,
        50,
        43,
        2,
        67,
        1,
        6,
        21,
        32,
        20,
        38,
        11,
        8,
        45,
        54,
        36,
        56,
        19,
        23,
        9,
        60,
        47,
        40,
        34,
        31,
        44,
        15,
        29,
        17,
        25,
        61,
        70,
        37,
        69,
        12,
        22,
        4,
        10,
        41,
        7,
        79,
        27,
        33,
        39,
        52,
        46,
        65,
        42,
        66,
        76,
        75,
        77,
        26,
        72,
        28,
        3,
        18,
        68,
        35,
        14,
        30
    ],
    "lkh_gap_pct": 0.0
}