{
    "instance_name": "N80_D4_G100_norm_17",
    "n_customers": 80,
    "dimension": 4,
    "grid_size": 100,
    "optimal_cost": 1423,
    "optimal_tour": [
        53,
        74,
        44,
        25,
        21,
        47,
        19,
        39,
        30,
        20,
        68,
        28,
        8,
        76,
        45,
        16,
        73,
        37,
        11,
        79,
        17,
        41,
        14,
        52,
        29,
        51,
        1,
        3,
        65,
        72,
        60,
        80,
        55,
        59,
        10,
        26,
        35,
        57,
        61,
        36,
        2,
        46,
        34,
        69,
        67,
        38,
        13,
        42,
        22,
        15,
        31,
        63,
        58,
        33,
        70,
        75,
        66,
        18,
        27,
        56,
        54,
        48,
        32,
        24,
        4,
        12,
        5,
        6,
        71,
        23,
        40,
        64,
        7,
        62,
        78,
        77,
        9,
        49,
        50,
        43
    ],
    "optimal_solver": "lkh",
    "instance_file_path": "c:\\TSP_ND_ML_Project\\instances\\N80_D4_G100_norm_17.json",
    "concorde_length": 1423,
    "concorde_time_s": 2.622604899981525,
    "concorde_tour": [
        1,
        51,
        29,
        52,
        14,
        41,
        30,
        20,
        68,
        28,
        8,
        76,
        45,
        16,
        73,
        37,
        11,
        79,
        17,
        12,
        5,
        6,
        71,
        23,
        40,
        64,
        7,
        62,
        78,
        77,
        9,
        49,
        50,
        43,
        53,
        74,
        44,
        25,
        39,
        19,
        21,
        47,
        4,
        24,
        32,
        48,
        54,
        56,
        27,
        18,
        66,
        75,
        70,
        33,
        58,
        63,
        31,
        15,
        22,
        42,
        13,
        38,
        67,
        69,
        34,
        46,
        2,
        36,
        61,
        57,
        35,
        26,
        10,
        59,
        55,
        80,
        60,
        72,
        65,
        3
    ],
    "lkh_length": 1423,
    "lkh_time_s": 0.27172930003143847,
    "lkh_tour": [
        53,
        74,
        44,
        25,
        21,
        47,
        19,
        39,
        30,
        20,
        68,
        28,
        8,
        76,
        45,
        16,
        73,
        37,
        11,
        79,
        17,
        41,
        14,
        52,
        29,
        51,
        1,
        3,
        65,
        72,
        60,
        80,
        55,
        59,
        10,
        26,
        35,
        57,
        61,
        36,
        2,
        46,
        34,
        69,
        67,
        38,
        13,
        42,
        22,
        15,
        31,
        63,
        58,
        33,
        70,
        75,
        66,
        18,
        27,
        56,
        54,
        48,
        32,
        24,
        4,
        12,
        5,
        6,
        71,
        23,
        40,
        64,
        7,
        62,
        78,
        77,
        9,
        49,
        50,
        43
    ],
    "lkh_gap_pct": 0.0
}