{
    "instance_name": "N80_D5_G1000_norm_9",
    "n_customers": 80,
    "dimension": 5,
    "grid_size": 1000,
    "optimal_cost": 19096,
    "optimal_tour": [
        49,
        22,
        18,
        32,
        53,
        16,
        38,
        44,
        71,
        25,
        36,
        29,
        9,
        7,
        5,
        78,
        1,
        24,
        13,
        76,
        47,
        40,
        14,
        79,
        51,
        64,
        35,
        46,
        23,
        57,
        8,
        75,
        4,
        61,
        34,
        72,
        48,
        60,
        55,
        21,
        74,
        6,
        67,
        30,
        65,
        37,
        20,
        17,
        11,
        12,
        68,
        59,
        43,
        54,
        58,
        27,
        80,
        77,
        56,
        28,
        10,
        70,
        52,
        33,
        39,
        15,
        26,
        69,
        66,
        31,
        41,
        50,
        2,
        42,
        3,
        73,
        63,
        45,
        19,
        62
    ],
    "optimal_solver": "lkh",
    "instance_file_path": "c:\\TSP_ND_ML_Project\\instances\\N80_D5_G1000_norm_9.json",
    "concorde_length": 19096,
    "concorde_time_s": 1.4229090999579057,
    "concorde_tour": [
        1,
        24,
        13,
        76,
        47,
        40,
        14,
        79,
        51,
        64,
        35,
        46,
        23,
        57,
        8,
        75,
        4,
        61,
        34,
        72,
        48,
        60,
        55,
        21,
        74,
        6,
        67,
        30,
        65,
        37,
        20,
        17,
        11,
        12,
        68,
        59,
        43,
        54,
        58,
        27,
        80,
        77,
        56,
        28,
        10,
        70,
        52,
        33,
        39,
        15,
        26,
        69,
        66,
        31,
        41,
        50,
        2,
        42,
        3,
        73,
        63,
        45,
        19,
        62,
        49,
        22,
        18,
        32,
        53,
        16,
        38,
        44,
        71,
        25,
        36,
        29,
        9,
        7,
        5,
        78
    ],
    "lkh_length": 19096,
    "lkh_time_s": 0.2737204000004567,
    "lkh_tour": [
        49,
        22,
        18,
        32,
        53,
        16,
        38,
        44,
        71,
        25,
        36,
        29,
        9,
        7,
        5,
        78,
        1,
        24,
        13,
        76,
        47,
        40,
        14,
        79,
        51,
        64,
        35,
        46,
        23,
        57,
        8,
        75,
        4,
        61,
        34,
        72,
        48,
        60,
        55,
        21,
        74,
        6,
        67,
        30,
        65,
        37,
        20,
        17,
        11,
        12,
        68,
        59,
        43,
        54,
        58,
        27,
        80,
        77,
        56,
        28,
        10,
        70,
        52,
        33,
        39,
        15,
        26,
        69,
        66,
        31,
        41,
        50,
        2,
        42,
        3,
        73,
        63,
        45,
        19,
        62
    ],
    "lkh_gap_pct": 0.0
}