{
    "instance_name": "N80_D3_G10000_clus_2",
    "n_customers": 80,
    "dimension": 3,
    "grid_size": 10000,
    "optimal_cost": 55152,
    "optimal_tour": [
        8,
        52,
        38,
        59,
        21,
        76,
        79,
        78,
        16,
        29,
        77,
        73,
        70,
        31,
        27,
        67,
        19,
        7,
        5,
        68,
        35,
        71,
        37,
        58,
        17,
        11,
        74,
        75,
        49,
        55,
        50,
        64,
        28,
        14,
        24,
        18,
        26,
        6,
        53,
        1,
        46,
        20,
        60,
        34,
        62,
        3,
        48,
        23,
        51,
        56,
        65,
        32,
        57,
        22,
        72,
        80,
        61,
        2,
        45,
        10,
        25,
        54,
        36,
        12,
        44,
        66,
        39,
        13,
        47,
        69,
        41,
        43,
        33,
        9,
        63,
        40,
        4,
        15,
        30,
        42
    ],
    "optimal_solver": "lkh",
    "instance_file_path": "c:\\TSP_ND_ML_Project\\instances\\N80_D3_G10000_clus_2.json",
    "concorde_length": 55152,
    "concorde_time_s": 1.3860861000139266,
    "concorde_tour": [
        1,
        53,
        6,
        26,
        18,
        24,
        14,
        28,
        64,
        50,
        55,
        49,
        75,
        74,
        11,
        17,
        58,
        37,
        71,
        35,
        68,
        5,
        7,
        19,
        67,
        27,
        31,
        70,
        73,
        77,
        29,
        16,
        78,
        79,
        76,
        21,
        59,
        38,
        52,
        8,
        42,
        30,
        15,
        4,
        40,
        63,
        9,
        33,
        43,
        41,
        69,
        47,
        13,
        39,
        66,
        44,
        12,
        36,
        54,
        25,
        10,
        45,
        2,
        61,
        80,
        72,
        22,
        57,
        32,
        65,
        56,
        51,
        23,
        48,
        3,
        62,
        34,
        60,
        20,
        46
    ],
    "lkh_length": 55152,
    "lkh_time_s": 0.2010230000014417,
    "lkh_tour": [
        8,
        52,
        38,
        59,
        21,
        76,
        79,
        78,
        16,
        29,
        77,
        73,
        70,
        31,
        27,
        67,
        19,
        7,
        5,
        68,
        35,
        71,
        37,
        58,
        17,
        11,
        74,
        75,
        49,
        55,
        50,
        64,
        28,
        14,
        24,
        18,
        26,
        6,
        53,
        1,
        46,
        20,
        60,
        34,
        62,
        3,
        48,
        23,
        51,
        56,
        65,
        32,
        57,
        22,
        72,
        80,
        61,
        2,
        45,
        10,
        25,
        54,
        36,
        12,
        44,
        66,
        39,
        13,
        47,
        69,
        41,
        43,
        33,
        9,
        63,
        40,
        4,
        15,
        30,
        42
    ],
    "lkh_gap_pct": 0.0
}