{
    "instance_name": "N80_D5_G10000_corn_6",
    "n_customers": 80,
    "dimension": 5,
    "grid_size": 10000,
    "optimal_cost": 317142,
    "optimal_tour": [
        5,
        19,
        80,
        45,
        37,
        41,
        74,
        38,
        51,
        40,
        71,
        23,
        16,
        69,
        44,
        48,
        31,
        11,
        76,
        56,
        39,
        79,
        17,
        64,
        7,
        9,
        67,
        27,
        60,
        50,
        10,
        6,
        35,
        18,
        8,
        58,
        52,
        33,
        29,
        21,
        28,
        47,
        61,
        34,
        66,
        59,
        24,
        46,
        25,
        63,
        4,
        22,
        68,
        65,
        78,
        73,
        57,
        42,
        2,
        75,
        62,
        13,
        54,
        36,
        43,
        49,
        30,
        12,
        20,
        32,
        3,
        72,
        1,
        15,
        53,
        26,
        55,
        70,
        14,
        77
    ],
    "optimal_solver": "lkh",
    "instance_file_path": "c:\\TSP_ND_ML_Project\\instances\\N80_D5_G10000_corn_6.json",
    "concorde_length": 317142,
    "concorde_time_s": 3.628701900015585,
    "concorde_tour": [
        1,
        15,
        53,
        26,
        55,
        70,
        14,
        77,
        5,
        19,
        80,
        45,
        37,
        41,
        74,
        38,
        51,
        40,
        71,
        23,
        16,
        69,
        44,
        48,
        31,
        11,
        76,
        56,
        39,
        79,
        17,
        64,
        7,
        9,
        67,
        27,
        60,
        50,
        10,
        6,
        35,
        18,
        8,
        58,
        52,
        33,
        29,
        21,
        28,
        47,
        61,
        34,
        66,
        59,
        24,
        46,
        25,
        63,
        4,
        22,
        68,
        65,
        78,
        73,
        57,
        42,
        2,
        75,
        62,
        13,
        54,
        36,
        43,
        49,
        30,
        12,
        20,
        32,
        3,
        72
    ],
    "lkh_length": 317142,
    "lkh_time_s": 0.2722357999882661,
    "lkh_tour": [
        5,
        19,
        80,
        45,
        37,
        41,
        74,
        38,
        51,
        40,
        71,
        23,
        16,
        69,
        44,
        48,
        31,
        11,
        76,
        56,
        39,
        79,
        17,
        64,
        7,
        9,
        67,
        27,
        60,
        50,
        10,
        6,
        35,
        18,
        8,
        58,
        52,
        33,
        29,
        21,
        28,
        47,
        61,
        34,
        66,
        59,
        24,
        46,
        25,
        63,
        4,
        22,
        68,
        65,
        78,
        73,
        57,
        42,
        2,
        75,
        62,
        13,
        54,
        36,
        43,
        49,
        30,
        12,
        20,
        32,
        3,
        72,
        1,
        15,
        53,
        26,
        55,
        70,
        14,
        77
    ],
    "lkh_gap_pct": 0.0
}