{
    "instance_name": "N80_D3_G1000_ring_13",
    "n_customers": 80,
    "dimension": 3,
    "grid_size": 1000,
    "optimal_cost": 7993,
    "optimal_tour": [
        13,
        41,
        27,
        11,
        69,
        67,
        2,
        45,
        61,
        22,
        32,
        43,
        20,
        66,
        8,
        65,
        18,
        16,
        53,
        56,
        47,
        17,
        73,
        50,
        23,
        38,
        55,
        15,
        80,
        68,
        51,
        30,
        79,
        29,
        34,
        36,
        40,
        58,
        71,
        74,
        35,
        52,
        26,
        72,
        39,
        44,
        28,
        31,
        76,
        46,
        70,
        59,
        63,
        4,
        42,
        9,
        75,
        12,
        78,
        48,
        25,
        60,
        54,
        1,
        3,
        33,
        37,
        5,
        10,
        6,
        62,
        64,
        21,
        49,
        24,
        14,
        19,
        7,
        77,
        57
    ],
    "optimal_solver": "lkh",
    "instance_file_path": "c:\\TSP_ND_ML_Project\\instances\\N80_D3_G1000_ring_13.json",
    "concorde_length": 7993,
    "concorde_time_s": 2.0725693000131287,
    "concorde_tour": [
        1,
        54,
        60,
        25,
        48,
        78,
        12,
        75,
        9,
        42,
        4,
        63,
        59,
        70,
        46,
        76,
        31,
        28,
        44,
        39,
        72,
        26,
        52,
        35,
        74,
        71,
        58,
        40,
        36,
        34,
        29,
        79,
        30,
        51,
        68,
        80,
        15,
        55,
        23,
        38,
        73,
        50,
        17,
        47,
        56,
        53,
        16,
        18,
        65,
        8,
        66,
        20,
        43,
        32,
        22,
        61,
        45,
        2,
        67,
        69,
        11,
        27,
        41,
        13,
        57,
        77,
        7,
        19,
        14,
        24,
        49,
        21,
        64,
        62,
        6,
        10,
        5,
        37,
        33,
        3
    ],
    "lkh_length": 7993,
    "lkh_time_s": 0.33225239999592304,
    "lkh_tour": [
        13,
        41,
        27,
        11,
        69,
        67,
        2,
        45,
        61,
        22,
        32,
        43,
        20,
        66,
        8,
        65,
        18,
        16,
        53,
        56,
        47,
        17,
        73,
        50,
        23,
        38,
        55,
        15,
        80,
        68,
        51,
        30,
        79,
        29,
        34,
        36,
        40,
        58,
        71,
        74,
        35,
        52,
        26,
        72,
        39,
        44,
        28,
        31,
        76,
        46,
        70,
        59,
        63,
        4,
        42,
        9,
        75,
        12,
        78,
        48,
        25,
        60,
        54,
        1,
        3,
        33,
        37,
        5,
        10,
        6,
        62,
        64,
        21,
        49,
        24,
        14,
        19,
        7,
        77,
        57
    ],
    "lkh_gap_pct": 0.0
}