{
    "instance_name": "N80_D3_G1000_norm_4",
    "n_customers": 80,
    "dimension": 3,
    "grid_size": 1000,
    "optimal_cost": 9786,
    "optimal_tour": [
        19,
        42,
        69,
        62,
        56,
        29,
        73,
        76,
        43,
        79,
        57,
        28,
        34,
        55,
        66,
        1,
        44,
        21,
        52,
        36,
        32,
        64,
        53,
        75,
        74,
        63,
        27,
        11,
        22,
        30,
        14,
        54,
        12,
        23,
        2,
        68,
        35,
        51,
        4,
        50,
        60,
        65,
        71,
        58,
        18,
        48,
        7,
        41,
        13,
        5,
        25,
        3,
        37,
        70,
        8,
        24,
        67,
        49,
        61,
        26,
        6,
        33,
        72,
        45,
        59,
        9,
        46,
        77,
        15,
        78,
        20,
        31,
        10,
        38,
        80,
        39,
        16,
        40,
        47,
        17
    ],
    "optimal_solver": "lkh",
    "instance_file_path": "c:\\TSP_ND_ML_Project\\instances\\N80_D3_G1000_norm_4.json",
    "concorde_length": 9786,
    "concorde_time_s": 2.3849799999734387,
    "concorde_tour": [
        1,
        44,
        21,
        52,
        36,
        32,
        64,
        53,
        75,
        74,
        63,
        27,
        11,
        22,
        30,
        14,
        54,
        12,
        23,
        2,
        68,
        35,
        51,
        4,
        50,
        60,
        65,
        71,
        58,
        18,
        48,
        7,
        41,
        13,
        5,
        25,
        3,
        37,
        70,
        8,
        24,
        67,
        49,
        61,
        26,
        6,
        33,
        72,
        45,
        59,
        9,
        46,
        77,
        15,
        78,
        20,
        31,
        10,
        38,
        80,
        39,
        16,
        40,
        47,
        17,
        19,
        42,
        69,
        62,
        56,
        29,
        73,
        76,
        43,
        79,
        57,
        28,
        34,
        55,
        66
    ],
    "lkh_length": 9786,
    "lkh_time_s": 0.22587429999839514,
    "lkh_tour": [
        19,
        42,
        69,
        62,
        56,
        29,
        73,
        76,
        43,
        79,
        57,
        28,
        34,
        55,
        66,
        1,
        44,
        21,
        52,
        36,
        32,
        64,
        53,
        75,
        74,
        63,
        27,
        11,
        22,
        30,
        14,
        54,
        12,
        23,
        2,
        68,
        35,
        51,
        4,
        50,
        60,
        65,
        71,
        58,
        18,
        48,
        7,
        41,
        13,
        5,
        25,
        3,
        37,
        70,
        8,
        24,
        67,
        49,
        61,
        26,
        6,
        33,
        72,
        45,
        59,
        9,
        46,
        77,
        15,
        78,
        20,
        31,
        10,
        38,
        80,
        39,
        16,
        40,
        47,
        17
    ],
    "lkh_gap_pct": 0.0
}