{
    "instance_name": "N80_D2_G100_ring_2",
    "n_customers": 80,
    "dimension": 2,
    "grid_size": 100,
    "optimal_cost": 370,
    "optimal_tour": [
        10,
        69,
        53,
        73,
        12,
        29,
        44,
        80,
        25,
        6,
        77,
        58,
        11,
        63,
        48,
        41,
        67,
        4,
        24,
        66,
        22,
        18,
        37,
        3,
        56,
        1,
        36,
        21,
        61,
        42,
        39,
        52,
        78,
        45,
        65,
        33,
        71,
        64,
        55,
        50,
        27,
        15,
        74,
        60,
        75,
        34,
        54,
        17,
        40,
        49,
        76,
        72,
        57,
        19,
        28,
        2,
        46,
        38,
        32,
        8,
        9,
        68,
        13,
        7,
        70,
        23,
        16,
        26,
        14,
        30,
        31,
        5,
        20,
        62,
        59,
        47,
        79,
        35,
        43,
        51
    ],
    "optimal_solver": "lkh",
    "instance_file_path": "c:\\TSP_ND_ML_Project\\instances\\N80_D2_G100_ring_2.json",
    "concorde_length": 370,
    "concorde_time_s": 0.8996366999926977,
    "concorde_tour": [
        1,
        36,
        21,
        61,
        42,
        39,
        52,
        78,
        33,
        65,
        45,
        50,
        55,
        64,
        71,
        54,
        40,
        17,
        49,
        76,
        72,
        57,
        19,
        2,
        28,
        46,
        38,
        32,
        8,
        9,
        68,
        13,
        7,
        70,
        23,
        26,
        16,
        62,
        59,
        47,
        20,
        5,
        30,
        31,
        14,
        10,
        51,
        43,
        79,
        35,
        69,
        53,
        73,
        12,
        29,
        44,
        80,
        25,
        77,
        6,
        58,
        11,
        63,
        48,
        41,
        67,
        4,
        24,
        66,
        22,
        18,
        37,
        3,
        56,
        75,
        34,
        60,
        74,
        15,
        27
    ],
    "lkh_length": 370,
    "lkh_time_s": 2.6954285000101663,
    "lkh_tour": [
        10,
        69,
        53,
        73,
        12,
        29,
        44,
        80,
        25,
        6,
        77,
        58,
        11,
        63,
        48,
        41,
        67,
        4,
        24,
        66,
        22,
        18,
        37,
        3,
        56,
        1,
        36,
        21,
        61,
        42,
        39,
        52,
        78,
        45,
        65,
        33,
        71,
        64,
        55,
        50,
        27,
        15,
        74,
        60,
        75,
        34,
        54,
        17,
        40,
        49,
        76,
        72,
        57,
        19,
        28,
        2,
        46,
        38,
        32,
        8,
        9,
        68,
        13,
        7,
        70,
        23,
        16,
        26,
        14,
        30,
        31,
        5,
        20,
        62,
        59,
        47,
        79,
        35,
        43,
        51
    ],
    "lkh_gap_pct": 0.0
}