{
    "instance_name": "N80_D5_G1000_rand_12",
    "n_customers": 80,
    "dimension": 5,
    "grid_size": 1000,
    "optimal_cost": 30949,
    "optimal_tour": [
        42,
        63,
        75,
        29,
        46,
        61,
        40,
        71,
        2,
        4,
        30,
        10,
        44,
        11,
        50,
        26,
        62,
        15,
        59,
        74,
        13,
        70,
        48,
        16,
        56,
        19,
        43,
        32,
        36,
        6,
        64,
        24,
        80,
        41,
        27,
        5,
        66,
        69,
        65,
        54,
        60,
        35,
        17,
        21,
        47,
        68,
        7,
        57,
        55,
        28,
        45,
        39,
        9,
        33,
        52,
        67,
        51,
        23,
        18,
        58,
        8,
        77,
        12,
        3,
        37,
        22,
        79,
        53,
        76,
        20,
        72,
        14,
        49,
        25,
        78,
        31,
        38,
        1,
        34,
        73
    ],
    "optimal_solver": "lkh",
    "instance_file_path": "c:\\TSP_ND_ML_Project\\instances\\N80_D5_G1000_rand_12.json",
    "concorde_length": 30949,
    "concorde_time_s": 1.3409208999946713,
    "concorde_tour": [
        1,
        38,
        31,
        78,
        25,
        49,
        14,
        72,
        20,
        76,
        53,
        79,
        22,
        37,
        3,
        12,
        77,
        8,
        58,
        18,
        23,
        51,
        67,
        52,
        33,
        9,
        39,
        45,
        28,
        55,
        57,
        7,
        68,
        47,
        21,
        17,
        35,
        60,
        54,
        65,
        69,
        66,
        5,
        27,
        41,
        80,
        24,
        64,
        6,
        36,
        32,
        43,
        19,
        56,
        16,
        48,
        70,
        13,
        74,
        59,
        15,
        62,
        26,
        50,
        11,
        44,
        10,
        30,
        4,
        2,
        71,
        40,
        61,
        46,
        29,
        75,
        63,
        42,
        73,
        34
    ],
    "lkh_length": 30949,
    "lkh_time_s": 0.19631369999842718,
    "lkh_tour": [
        42,
        63,
        75,
        29,
        46,
        61,
        40,
        71,
        2,
        4,
        30,
        10,
        44,
        11,
        50,
        26,
        62,
        15,
        59,
        74,
        13,
        70,
        48,
        16,
        56,
        19,
        43,
        32,
        36,
        6,
        64,
        24,
        80,
        41,
        27,
        5,
        66,
        69,
        65,
        54,
        60,
        35,
        17,
        21,
        47,
        68,
        7,
        57,
        55,
        28,
        45,
        39,
        9,
        33,
        52,
        67,
        51,
        23,
        18,
        58,
        8,
        77,
        12,
        3,
        37,
        22,
        79,
        53,
        76,
        20,
        72,
        14,
        49,
        25,
        78,
        31,
        38,
        1,
        34,
        73
    ],
    "lkh_gap_pct": 0.0
}