{
    "instance_name": "N80_D3_G10000_tria_18",
    "n_customers": 80,
    "dimension": 3,
    "grid_size": 10000,
    "optimal_cost": 145835,
    "optimal_tour": [
        54,
        77,
        43,
        71,
        35,
        21,
        53,
        34,
        14,
        20,
        30,
        51,
        75,
        22,
        25,
        37,
        69,
        18,
        17,
        63,
        42,
        13,
        1,
        3,
        66,
        10,
        23,
        26,
        58,
        16,
        40,
        44,
        2,
        27,
        62,
        47,
        29,
        74,
        50,
        8,
        11,
        9,
        65,
        49,
        7,
        68,
        36,
        12,
        45,
        5,
        38,
        31,
        33,
        78,
        46,
        19,
        39,
        52,
        61,
        64,
        24,
        59,
        57,
        6,
        70,
        60,
        73,
        4,
        28,
        80,
        41,
        32,
        76,
        56,
        55,
        48,
        15,
        67,
        72,
        79
    ],
    "optimal_solver": "lkh",
    "instance_file_path": "c:\\TSP_ND_ML_Project\\instances\\N80_D3_G10000_tria_18.json",
    "concorde_length": 145835,
    "concorde_time_s": 0.48956599994562566,
    "concorde_tour": [
        1,
        3,
        66,
        10,
        23,
        26,
        58,
        16,
        40,
        44,
        2,
        27,
        62,
        47,
        29,
        74,
        50,
        8,
        11,
        9,
        65,
        49,
        7,
        68,
        36,
        12,
        45,
        5,
        38,
        31,
        33,
        78,
        46,
        19,
        39,
        52,
        61,
        64,
        24,
        59,
        57,
        6,
        70,
        60,
        73,
        4,
        28,
        80,
        41,
        32,
        76,
        56,
        55,
        48,
        15,
        67,
        72,
        79,
        54,
        77,
        43,
        71,
        35,
        21,
        53,
        34,
        14,
        20,
        30,
        51,
        75,
        22,
        25,
        37,
        69,
        18,
        17,
        63,
        42,
        13
    ],
    "lkh_length": 145835,
    "lkh_time_s": 0.09759779996238649,
    "lkh_tour": [
        54,
        77,
        43,
        71,
        35,
        21,
        53,
        34,
        14,
        20,
        30,
        51,
        75,
        22,
        25,
        37,
        69,
        18,
        17,
        63,
        42,
        13,
        1,
        3,
        66,
        10,
        23,
        26,
        58,
        16,
        40,
        44,
        2,
        27,
        62,
        47,
        29,
        74,
        50,
        8,
        11,
        9,
        65,
        49,
        7,
        68,
        36,
        12,
        45,
        5,
        38,
        31,
        33,
        78,
        46,
        19,
        39,
        52,
        61,
        64,
        24,
        59,
        57,
        6,
        70,
        60,
        73,
        4,
        28,
        80,
        41,
        32,
        76,
        56,
        55,
        48,
        15,
        67,
        72,
        79
    ],
    "lkh_gap_pct": 0.0
}