{
    "instance_name": "N80_D2_G10000_corr_18",
    "n_customers": 80,
    "dimension": 2,
    "grid_size": 10000,
    "optimal_cost": 40953,
    "optimal_tour": [
        37,
        32,
        14,
        57,
        42,
        77,
        45,
        23,
        10,
        35,
        3,
        12,
        6,
        55,
        74,
        13,
        50,
        53,
        68,
        4,
        41,
        29,
        18,
        66,
        22,
        52,
        54,
        78,
        30,
        76,
        58,
        31,
        64,
        75,
        44,
        26,
        71,
        33,
        70,
        51,
        36,
        67,
        43,
        49,
        61,
        21,
        73,
        69,
        72,
        24,
        28,
        34,
        46,
        15,
        48,
        79,
        47,
        62,
        40,
        19,
        20,
        38,
        59,
        65,
        17,
        8,
        7,
        39,
        2,
        56,
        25,
        60,
        63,
        5,
        27,
        80,
        1,
        9,
        11,
        16
    ],
    "optimal_solver": "lkh",
    "instance_file_path": "c:\\TSP_ND_ML_Project\\instances\\N80_D2_G10000_corr_18.json",
    "concorde_length": 40953,
    "concorde_time_s": 0.7950270999863278,
    "concorde_tour": [
        1,
        80,
        27,
        5,
        63,
        60,
        25,
        56,
        2,
        39,
        7,
        8,
        17,
        65,
        59,
        38,
        20,
        19,
        40,
        62,
        47,
        79,
        48,
        15,
        46,
        34,
        28,
        24,
        72,
        69,
        73,
        21,
        61,
        49,
        43,
        67,
        36,
        51,
        70,
        33,
        71,
        26,
        44,
        75,
        64,
        31,
        58,
        76,
        30,
        78,
        54,
        52,
        22,
        66,
        18,
        29,
        41,
        4,
        68,
        53,
        50,
        13,
        74,
        55,
        6,
        12,
        3,
        35,
        10,
        23,
        45,
        77,
        42,
        57,
        14,
        32,
        37,
        16,
        11,
        9
    ],
    "lkh_length": 40953,
    "lkh_time_s": 0.2899848999804817,
    "lkh_tour": [
        37,
        32,
        14,
        57,
        42,
        77,
        45,
        23,
        10,
        35,
        3,
        12,
        6,
        55,
        74,
        13,
        50,
        53,
        68,
        4,
        41,
        29,
        18,
        66,
        22,
        52,
        54,
        78,
        30,
        76,
        58,
        31,
        64,
        75,
        44,
        26,
        71,
        33,
        70,
        51,
        36,
        67,
        43,
        49,
        61,
        21,
        73,
        69,
        72,
        24,
        28,
        34,
        46,
        15,
        48,
        79,
        47,
        62,
        40,
        19,
        20,
        38,
        59,
        65,
        17,
        8,
        7,
        39,
        2,
        56,
        25,
        60,
        63,
        5,
        27,
        80,
        1,
        9,
        11,
        16
    ],
    "lkh_gap_pct": 0.0
}