{
    "instance_name": "N80_D3_G100_tria_18",
    "n_customers": 80,
    "dimension": 3,
    "grid_size": 100,
    "optimal_cost": 1568,
    "optimal_tour": [
        49,
        42,
        44,
        7,
        80,
        63,
        70,
        24,
        74,
        2,
        59,
        57,
        43,
        45,
        46,
        47,
        32,
        30,
        19,
        54,
        8,
        14,
        40,
        9,
        71,
        15,
        20,
        3,
        28,
        76,
        51,
        21,
        13,
        53,
        29,
        12,
        22,
        75,
        73,
        25,
        65,
        38,
        77,
        4,
        55,
        11,
        10,
        17,
        52,
        48,
        60,
        68,
        78,
        37,
        79,
        6,
        16,
        41,
        23,
        58,
        39,
        36,
        66,
        1,
        33,
        72,
        50,
        67,
        56,
        64,
        26,
        62,
        18,
        27,
        35,
        5,
        69,
        61,
        31,
        34
    ],
    "optimal_solver": "lkh",
    "instance_file_path": "c:\\TSP_ND_ML_Project\\instances\\N80_D3_G100_tria_18.json",
    "concorde_length": 6671,
    "concorde_time_s": 1.1038508999627084,
    "concorde_tour": [
        1,
        3,
        66,
        10,
        23,
        26,
        58,
        16,
        40,
        44,
        2,
        27,
        62,
        47,
        29,
        74,
        50,
        8,
        11,
        9,
        65,
        49,
        7,
        68,
        36,
        12,
        45,
        5,
        38,
        31,
        33,
        78,
        46,
        19,
        39,
        52,
        61,
        64,
        24,
        59,
        57,
        6,
        70,
        60,
        73,
        4,
        28,
        80,
        41,
        32,
        76,
        56,
        55,
        48,
        15,
        67,
        72,
        79,
        54,
        77,
        43,
        71,
        35,
        21,
        53,
        34,
        14,
        20,
        30,
        51,
        75,
        22,
        25,
        37,
        69,
        18,
        17,
        63,
        42,
        13
    ],
    "lkh_length": 1568,
    "lkh_time_s": 0.20875679992605,
    "lkh_tour": [
        49,
        42,
        44,
        7,
        80,
        63,
        70,
        24,
        74,
        2,
        59,
        57,
        43,
        45,
        46,
        47,
        32,
        30,
        19,
        54,
        8,
        14,
        40,
        9,
        71,
        15,
        20,
        3,
        28,
        76,
        51,
        21,
        13,
        53,
        29,
        12,
        22,
        75,
        73,
        25,
        65,
        38,
        77,
        4,
        55,
        11,
        10,
        17,
        52,
        48,
        60,
        68,
        78,
        37,
        79,
        6,
        16,
        41,
        23,
        58,
        39,
        36,
        66,
        1,
        33,
        72,
        50,
        67,
        56,
        64,
        26,
        62,
        18,
        27,
        35,
        5,
        69,
        61,
        31,
        34
    ],
    "lkh_gap_pct": -76.49527806925498
}