{
    "instance_name": "N80_D5_G1000_grid_5",
    "n_customers": 80,
    "dimension": 5,
    "grid_size": 1000,
    "optimal_cost": 29765,
    "optimal_tour": [
        9,
        70,
        4,
        80,
        29,
        45,
        52,
        41,
        37,
        3,
        23,
        10,
        78,
        66,
        11,
        32,
        71,
        60,
        61,
        57,
        59,
        56,
        77,
        18,
        26,
        36,
        72,
        48,
        43,
        15,
        27,
        28,
        35,
        54,
        46,
        47,
        74,
        5,
        73,
        33,
        30,
        44,
        22,
        31,
        1,
        12,
        62,
        6,
        16,
        67,
        55,
        17,
        7,
        79,
        58,
        20,
        2,
        14,
        13,
        51,
        39,
        8,
        40,
        63,
        49,
        42,
        34,
        68,
        64,
        69,
        19,
        65,
        38,
        24,
        53,
        76,
        25,
        21,
        50,
        75
    ],
    "optimal_solver": "lkh",
    "instance_file_path": "c:\\TSP_ND_ML_Project\\instances\\N80_D5_G1000_grid_5.json",
    "concorde_length": 29765,
    "concorde_time_s": 1.9082203999860212,
    "concorde_tour": [
        1,
        31,
        22,
        44,
        30,
        33,
        73,
        5,
        74,
        47,
        46,
        54,
        35,
        28,
        27,
        15,
        43,
        48,
        72,
        36,
        26,
        18,
        77,
        56,
        59,
        57,
        61,
        60,
        71,
        32,
        11,
        66,
        78,
        10,
        23,
        3,
        37,
        41,
        52,
        45,
        29,
        80,
        4,
        70,
        9,
        75,
        50,
        21,
        25,
        76,
        53,
        24,
        38,
        65,
        19,
        69,
        64,
        68,
        34,
        42,
        49,
        63,
        40,
        8,
        39,
        51,
        13,
        14,
        2,
        20,
        58,
        79,
        7,
        17,
        55,
        67,
        16,
        6,
        62,
        12
    ],
    "lkh_length": 29765,
    "lkh_time_s": 0.24442800000542775,
    "lkh_tour": [
        9,
        70,
        4,
        80,
        29,
        45,
        52,
        41,
        37,
        3,
        23,
        10,
        78,
        66,
        11,
        32,
        71,
        60,
        61,
        57,
        59,
        56,
        77,
        18,
        26,
        36,
        72,
        48,
        43,
        15,
        27,
        28,
        35,
        54,
        46,
        47,
        74,
        5,
        73,
        33,
        30,
        44,
        22,
        31,
        1,
        12,
        62,
        6,
        16,
        67,
        55,
        17,
        7,
        79,
        58,
        20,
        2,
        14,
        13,
        51,
        39,
        8,
        40,
        63,
        49,
        42,
        34,
        68,
        64,
        69,
        19,
        65,
        38,
        24,
        53,
        76,
        25,
        21,
        50,
        75
    ],
    "lkh_gap_pct": 0.0
}