{
    "instance_name": "N80_D3_G10000_rand_2",
    "n_customers": 80,
    "dimension": 3,
    "grid_size": 10000,
    "optimal_cost": 144693,
    "optimal_tour": [
        61,
        69,
        38,
        49,
        58,
        30,
        23,
        21,
        48,
        16,
        4,
        80,
        14,
        44,
        67,
        76,
        63,
        28,
        59,
        62,
        24,
        32,
        8,
        55,
        72,
        79,
        47,
        19,
        45,
        31,
        75,
        51,
        70,
        27,
        74,
        46,
        40,
        54,
        12,
        7,
        77,
        71,
        65,
        20,
        64,
        33,
        56,
        18,
        13,
        37,
        50,
        78,
        3,
        66,
        43,
        36,
        29,
        60,
        9,
        17,
        15,
        41,
        1,
        35,
        39,
        42,
        10,
        26,
        73,
        52,
        53,
        11,
        6,
        2,
        25,
        5,
        68,
        22,
        57,
        34
    ],
    "optimal_solver": "lkh",
    "instance_file_path": "c:\\TSP_ND_ML_Project\\instances\\N80_D3_G10000_rand_2.json",
    "concorde_length": 144693,
    "concorde_time_s": 1.5434649999951944,
    "concorde_tour": [
        1,
        41,
        15,
        17,
        9,
        60,
        29,
        36,
        43,
        66,
        3,
        78,
        50,
        37,
        13,
        18,
        56,
        33,
        64,
        20,
        65,
        71,
        77,
        7,
        12,
        54,
        40,
        46,
        74,
        27,
        70,
        51,
        75,
        31,
        45,
        19,
        47,
        79,
        72,
        55,
        8,
        32,
        24,
        62,
        59,
        28,
        63,
        76,
        67,
        44,
        14,
        80,
        4,
        16,
        48,
        21,
        23,
        30,
        58,
        49,
        38,
        69,
        61,
        34,
        57,
        22,
        68,
        5,
        25,
        2,
        6,
        11,
        53,
        52,
        73,
        26,
        10,
        42,
        39,
        35
    ],
    "lkh_length": 144693,
    "lkh_time_s": 0.4176908999797888,
    "lkh_tour": [
        61,
        69,
        38,
        49,
        58,
        30,
        23,
        21,
        48,
        16,
        4,
        80,
        14,
        44,
        67,
        76,
        63,
        28,
        59,
        62,
        24,
        32,
        8,
        55,
        72,
        79,
        47,
        19,
        45,
        31,
        75,
        51,
        70,
        27,
        74,
        46,
        40,
        54,
        12,
        7,
        77,
        71,
        65,
        20,
        64,
        33,
        56,
        18,
        13,
        37,
        50,
        78,
        3,
        66,
        43,
        36,
        29,
        60,
        9,
        17,
        15,
        41,
        1,
        35,
        39,
        42,
        10,
        26,
        73,
        52,
        53,
        11,
        6,
        2,
        25,
        5,
        68,
        22,
        57,
        34
    ],
    "lkh_gap_pct": 0.0
}