{
    "instance_name": "N80_D3_G10000_corr_6",
    "n_customers": 80,
    "dimension": 3,
    "grid_size": 10000,
    "optimal_cost": 79728,
    "optimal_tour": [
        27,
        13,
        40,
        5,
        2,
        31,
        56,
        14,
        39,
        11,
        7,
        50,
        71,
        22,
        53,
        28,
        75,
        18,
        3,
        6,
        59,
        15,
        52,
        20,
        49,
        12,
        79,
        41,
        34,
        19,
        68,
        4,
        77,
        32,
        65,
        10,
        43,
        17,
        69,
        29,
        36,
        35,
        58,
        1,
        48,
        64,
        46,
        57,
        66,
        8,
        54,
        30,
        76,
        38,
        61,
        55,
        72,
        80,
        23,
        25,
        21,
        26,
        42,
        60,
        47,
        16,
        44,
        51,
        73,
        67,
        63,
        78,
        74,
        45,
        37,
        9,
        62,
        70,
        33,
        24
    ],
    "optimal_solver": "lkh",
    "instance_file_path": "c:\\TSP_ND_ML_Project\\instances\\N80_D3_G10000_corr_6.json",
    "concorde_length": 79728,
    "concorde_time_s": 2.1115836999961175,
    "concorde_tour": [
        1,
        58,
        35,
        36,
        29,
        69,
        17,
        43,
        10,
        65,
        32,
        77,
        4,
        68,
        19,
        34,
        41,
        79,
        12,
        49,
        20,
        52,
        15,
        59,
        6,
        3,
        18,
        75,
        28,
        53,
        22,
        71,
        50,
        7,
        11,
        39,
        14,
        56,
        31,
        2,
        5,
        40,
        13,
        27,
        24,
        33,
        70,
        62,
        9,
        37,
        45,
        74,
        78,
        63,
        67,
        73,
        51,
        44,
        16,
        47,
        60,
        42,
        26,
        21,
        25,
        23,
        80,
        72,
        55,
        61,
        38,
        76,
        30,
        54,
        8,
        66,
        57,
        46,
        64,
        48
    ],
    "lkh_length": 79728,
    "lkh_time_s": 0.4088754000258632,
    "lkh_tour": [
        27,
        13,
        40,
        5,
        2,
        31,
        56,
        14,
        39,
        11,
        7,
        50,
        71,
        22,
        53,
        28,
        75,
        18,
        3,
        6,
        59,
        15,
        52,
        20,
        49,
        12,
        79,
        41,
        34,
        19,
        68,
        4,
        77,
        32,
        65,
        10,
        43,
        17,
        69,
        29,
        36,
        35,
        58,
        1,
        48,
        64,
        46,
        57,
        66,
        8,
        54,
        30,
        76,
        38,
        61,
        55,
        72,
        80,
        23,
        25,
        21,
        26,
        42,
        60,
        47,
        16,
        44,
        51,
        73,
        67,
        63,
        78,
        74,
        45,
        37,
        9,
        62,
        70,
        33,
        24
    ],
    "lkh_gap_pct": 0.0
}