{
    "instance_name": "N80_D5_G10000_corr_17",
    "n_customers": 80,
    "dimension": 5,
    "grid_size": 10000,
    "optimal_cost": 131822,
    "optimal_tour": [
        59,
        11,
        37,
        60,
        34,
        49,
        76,
        73,
        61,
        15,
        26,
        17,
        78,
        10,
        33,
        9,
        53,
        20,
        79,
        70,
        22,
        28,
        44,
        13,
        45,
        42,
        23,
        8,
        7,
        68,
        29,
        63,
        35,
        24,
        32,
        62,
        66,
        64,
        57,
        38,
        5,
        19,
        6,
        52,
        16,
        14,
        40,
        12,
        71,
        4,
        65,
        1,
        47,
        41,
        77,
        56,
        36,
        3,
        46,
        18,
        48,
        31,
        50,
        67,
        72,
        2,
        21,
        55,
        75,
        25,
        54,
        30,
        74,
        80,
        39,
        43,
        69,
        58,
        51,
        27
    ],
    "optimal_solver": "lkh",
    "instance_file_path": "c:\\TSP_ND_ML_Project\\instances\\N80_D5_G10000_corr_17.json",
    "concorde_length": 131822,
    "concorde_time_s": 0.9292948000365868,
    "concorde_tour": [
        1,
        65,
        4,
        71,
        12,
        40,
        14,
        16,
        52,
        6,
        19,
        5,
        38,
        57,
        64,
        66,
        62,
        32,
        24,
        35,
        63,
        29,
        68,
        7,
        8,
        23,
        42,
        45,
        13,
        44,
        28,
        22,
        70,
        79,
        20,
        53,
        9,
        33,
        10,
        78,
        17,
        26,
        15,
        61,
        73,
        76,
        49,
        34,
        60,
        37,
        11,
        59,
        27,
        51,
        58,
        69,
        43,
        39,
        80,
        74,
        30,
        54,
        25,
        75,
        55,
        21,
        2,
        72,
        67,
        50,
        31,
        48,
        18,
        46,
        3,
        36,
        56,
        77,
        41,
        47
    ],
    "lkh_length": 131822,
    "lkh_time_s": 0.23121489997720346,
    "lkh_tour": [
        59,
        11,
        37,
        60,
        34,
        49,
        76,
        73,
        61,
        15,
        26,
        17,
        78,
        10,
        33,
        9,
        53,
        20,
        79,
        70,
        22,
        28,
        44,
        13,
        45,
        42,
        23,
        8,
        7,
        68,
        29,
        63,
        35,
        24,
        32,
        62,
        66,
        64,
        57,
        38,
        5,
        19,
        6,
        52,
        16,
        14,
        40,
        12,
        71,
        4,
        65,
        1,
        47,
        41,
        77,
        56,
        36,
        3,
        46,
        18,
        48,
        31,
        50,
        67,
        72,
        2,
        21,
        55,
        75,
        25,
        54,
        30,
        74,
        80,
        39,
        43,
        69,
        58,
        51,
        27
    ],
    "lkh_gap_pct": 0.0
}