{
    "instance_name": "N80_D5_G10000_corn_7",
    "n_customers": 80,
    "dimension": 5,
    "grid_size": 10000,
    "optimal_cost": 302917,
    "optimal_tour": [
        74,
        57,
        41,
        47,
        59,
        20,
        15,
        22,
        51,
        13,
        12,
        76,
        52,
        6,
        44,
        30,
        80,
        25,
        18,
        43,
        14,
        60,
        8,
        23,
        34,
        24,
        79,
        58,
        27,
        29,
        28,
        5,
        69,
        75,
        2,
        33,
        40,
        77,
        31,
        67,
        66,
        19,
        42,
        32,
        35,
        56,
        68,
        11,
        49,
        17,
        70,
        62,
        37,
        26,
        63,
        61,
        46,
        54,
        39,
        78,
        36,
        10,
        45,
        16,
        3,
        9,
        71,
        73,
        65,
        4,
        48,
        53,
        7,
        55,
        64,
        72,
        50,
        1,
        21,
        38
    ],
    "optimal_solver": "lkh",
    "instance_file_path": "c:\\TSP_ND_ML_Project\\instances\\N80_D5_G10000_corn_7.json",
    "concorde_length": 302917,
    "concorde_time_s": 1.699224999989383,
    "concorde_tour": [
        1,
        50,
        72,
        64,
        55,
        7,
        53,
        48,
        4,
        65,
        73,
        71,
        9,
        3,
        16,
        45,
        10,
        36,
        78,
        39,
        54,
        46,
        61,
        63,
        26,
        37,
        62,
        70,
        17,
        49,
        11,
        68,
        56,
        35,
        32,
        42,
        19,
        66,
        67,
        31,
        77,
        40,
        33,
        2,
        75,
        69,
        5,
        28,
        29,
        27,
        58,
        79,
        24,
        34,
        23,
        8,
        60,
        14,
        43,
        18,
        25,
        80,
        30,
        44,
        6,
        52,
        76,
        12,
        13,
        51,
        22,
        15,
        20,
        59,
        47,
        41,
        57,
        74,
        38,
        21
    ],
    "lkh_length": 302917,
    "lkh_time_s": 0.1412205999949947,
    "lkh_tour": [
        74,
        57,
        41,
        47,
        59,
        20,
        15,
        22,
        51,
        13,
        12,
        76,
        52,
        6,
        44,
        30,
        80,
        25,
        18,
        43,
        14,
        60,
        8,
        23,
        34,
        24,
        79,
        58,
        27,
        29,
        28,
        5,
        69,
        75,
        2,
        33,
        40,
        77,
        31,
        67,
        66,
        19,
        42,
        32,
        35,
        56,
        68,
        11,
        49,
        17,
        70,
        62,
        37,
        26,
        63,
        61,
        46,
        54,
        39,
        78,
        36,
        10,
        45,
        16,
        3,
        9,
        71,
        73,
        65,
        4,
        48,
        53,
        7,
        55,
        64,
        72,
        50,
        1,
        21,
        38
    ],
    "lkh_gap_pct": 0.0
}