{
    "instance_name": "N80_D4_G10000_clus_8",
    "n_customers": 80,
    "dimension": 4,
    "grid_size": 10000,
    "optimal_cost": 81646,
    "optimal_tour": [
        63,
        40,
        14,
        31,
        16,
        76,
        1,
        45,
        24,
        74,
        62,
        61,
        48,
        20,
        46,
        23,
        52,
        4,
        3,
        36,
        67,
        2,
        15,
        42,
        17,
        68,
        43,
        12,
        26,
        27,
        8,
        72,
        65,
        44,
        53,
        77,
        28,
        18,
        70,
        13,
        21,
        47,
        30,
        39,
        57,
        33,
        60,
        11,
        7,
        54,
        75,
        58,
        50,
        19,
        51,
        59,
        79,
        5,
        78,
        25,
        6,
        9,
        73,
        32,
        34,
        71,
        38,
        35,
        37,
        10,
        80,
        64,
        22,
        49,
        41,
        29,
        69,
        66,
        56,
        55
    ],
    "optimal_solver": "lkh",
    "instance_file_path": "c:\\TSP_ND_ML_Project\\instances\\N80_D4_G10000_clus_8.json",
    "concorde_length": 81646,
    "concorde_time_s": 3.4371689000399783,
    "concorde_tour": [
        1,
        76,
        16,
        31,
        14,
        40,
        63,
        55,
        56,
        66,
        69,
        29,
        41,
        49,
        22,
        64,
        80,
        10,
        37,
        35,
        38,
        71,
        34,
        32,
        73,
        9,
        6,
        25,
        78,
        5,
        79,
        59,
        51,
        19,
        50,
        58,
        75,
        54,
        7,
        11,
        60,
        33,
        57,
        39,
        30,
        47,
        21,
        13,
        70,
        18,
        28,
        77,
        53,
        44,
        65,
        72,
        8,
        27,
        26,
        68,
        43,
        12,
        17,
        42,
        15,
        2,
        67,
        36,
        3,
        4,
        52,
        23,
        46,
        20,
        48,
        61,
        62,
        74,
        24,
        45
    ],
    "lkh_length": 81646,
    "lkh_time_s": 0.690673400007654,
    "lkh_tour": [
        63,
        40,
        14,
        31,
        16,
        76,
        1,
        45,
        24,
        74,
        62,
        61,
        48,
        20,
        46,
        23,
        52,
        4,
        3,
        36,
        67,
        2,
        15,
        42,
        17,
        68,
        43,
        12,
        26,
        27,
        8,
        72,
        65,
        44,
        53,
        77,
        28,
        18,
        70,
        13,
        21,
        47,
        30,
        39,
        57,
        33,
        60,
        11,
        7,
        54,
        75,
        58,
        50,
        19,
        51,
        59,
        79,
        5,
        78,
        25,
        6,
        9,
        73,
        32,
        34,
        71,
        38,
        35,
        37,
        10,
        80,
        64,
        22,
        49,
        41,
        29,
        69,
        66,
        56,
        55
    ],
    "lkh_gap_pct": 0.0
}