{
    "instance_name": "N80_D2_G1000_corr_18",
    "n_customers": 80,
    "dimension": 2,
    "grid_size": 1000,
    "optimal_cost": 4113,
    "optimal_tour": [
        1,
        45,
        65,
        77,
        38,
        37,
        49,
        9,
        72,
        47,
        71,
        27,
        35,
        30,
        41,
        42,
        16,
        34,
        43,
        23,
        14,
        61,
        13,
        31,
        46,
        64,
        32,
        59,
        74,
        7,
        6,
        55,
        75,
        15,
        48,
        66,
        39,
        5,
        25,
        21,
        36,
        2,
        62,
        79,
        29,
        3,
        52,
        8,
        60,
        4,
        10,
        78,
        26,
        56,
        19,
        22,
        68,
        50,
        44,
        54,
        28,
        58,
        18,
        12,
        17,
        24,
        53,
        70,
        51,
        63,
        57,
        69,
        33,
        11,
        40,
        20,
        76,
        80,
        67,
        73
    ],
    "optimal_solver": "lkh",
    "instance_file_path": "c:\\TSP_ND_ML_Project\\instances\\N80_D2_G1000_corr_18.json",
    "concorde_length": 4113,
    "concorde_time_s": 0.9680326000088826,
    "concorde_tour": [
        1,
        45,
        65,
        77,
        38,
        37,
        49,
        9,
        72,
        47,
        71,
        27,
        35,
        30,
        41,
        42,
        16,
        34,
        43,
        23,
        14,
        61,
        13,
        31,
        46,
        64,
        32,
        59,
        74,
        7,
        6,
        55,
        75,
        15,
        48,
        66,
        39,
        5,
        25,
        21,
        36,
        2,
        62,
        79,
        29,
        3,
        52,
        8,
        60,
        4,
        10,
        78,
        26,
        56,
        19,
        22,
        68,
        50,
        44,
        54,
        28,
        58,
        18,
        12,
        17,
        24,
        53,
        70,
        51,
        63,
        57,
        69,
        33,
        11,
        40,
        20,
        76,
        80,
        67,
        73
    ],
    "lkh_length": 4113,
    "lkh_time_s": 0.20818729998427443,
    "lkh_tour": [
        1,
        45,
        65,
        77,
        38,
        37,
        49,
        9,
        72,
        47,
        71,
        27,
        35,
        30,
        41,
        42,
        16,
        34,
        43,
        23,
        14,
        61,
        13,
        31,
        46,
        64,
        32,
        59,
        74,
        7,
        6,
        55,
        75,
        15,
        48,
        66,
        39,
        5,
        25,
        21,
        36,
        2,
        62,
        79,
        29,
        3,
        52,
        8,
        60,
        4,
        10,
        78,
        26,
        56,
        19,
        22,
        68,
        50,
        44,
        54,
        28,
        58,
        18,
        12,
        17,
        24,
        53,
        70,
        51,
        63,
        57,
        69,
        33,
        11,
        40,
        20,
        76,
        80,
        67,
        73
    ],
    "lkh_gap_pct": 0.0
}