{
    "instance_name": "N80_D2_G10000_tria_3",
    "n_customers": 80,
    "dimension": 2,
    "grid_size": 10000,
    "optimal_cost": 71111,
    "optimal_tour": [
        33,
        21,
        5,
        34,
        70,
        49,
        20,
        43,
        56,
        11,
        4,
        48,
        9,
        38,
        80,
        6,
        72,
        19,
        2,
        74,
        28,
        32,
        29,
        59,
        76,
        52,
        47,
        61,
        15,
        58,
        36,
        24,
        62,
        16,
        53,
        50,
        66,
        71,
        13,
        41,
        31,
        35,
        39,
        65,
        14,
        17,
        45,
        64,
        77,
        68,
        8,
        27,
        3,
        75,
        22,
        55,
        69,
        67,
        46,
        78,
        54,
        18,
        26,
        60,
        23,
        12,
        44,
        42,
        63,
        7,
        51,
        10,
        79,
        57,
        1,
        37,
        73,
        30,
        25,
        40
    ],
    "optimal_solver": "lkh",
    "instance_file_path": "c:\\TSP_ND_ML_Project\\instances\\N80_D2_G10000_tria_3.json",
    "concorde_length": 71111,
    "concorde_time_s": 0.8967622000200208,
    "concorde_tour": [
        1,
        37,
        73,
        30,
        25,
        40,
        33,
        21,
        5,
        34,
        70,
        49,
        20,
        43,
        56,
        11,
        4,
        48,
        9,
        38,
        80,
        6,
        72,
        19,
        2,
        74,
        28,
        32,
        29,
        59,
        76,
        52,
        47,
        61,
        15,
        58,
        36,
        24,
        62,
        16,
        53,
        50,
        66,
        71,
        13,
        41,
        31,
        35,
        39,
        65,
        14,
        17,
        45,
        64,
        77,
        68,
        8,
        27,
        3,
        75,
        22,
        55,
        69,
        67,
        46,
        78,
        54,
        18,
        26,
        60,
        23,
        12,
        44,
        42,
        63,
        7,
        51,
        10,
        79,
        57
    ],
    "lkh_length": 71111,
    "lkh_time_s": 0.2298779000120703,
    "lkh_tour": [
        33,
        21,
        5,
        34,
        70,
        49,
        20,
        43,
        56,
        11,
        4,
        48,
        9,
        38,
        80,
        6,
        72,
        19,
        2,
        74,
        28,
        32,
        29,
        59,
        76,
        52,
        47,
        61,
        15,
        58,
        36,
        24,
        62,
        16,
        53,
        50,
        66,
        71,
        13,
        41,
        31,
        35,
        39,
        65,
        14,
        17,
        45,
        64,
        77,
        68,
        8,
        27,
        3,
        75,
        22,
        55,
        69,
        67,
        46,
        78,
        54,
        18,
        26,
        60,
        23,
        12,
        44,
        42,
        63,
        7,
        51,
        10,
        79,
        57,
        1,
        37,
        73,
        30,
        25,
        40
    ],
    "lkh_gap_pct": 0.0
}