{
    "instance_name": "N80_D2_G10000_ring_10",
    "n_customers": 80,
    "dimension": 2,
    "grid_size": 10000,
    "optimal_cost": 39032,
    "optimal_tour": [
        63,
        60,
        16,
        46,
        50,
        75,
        79,
        78,
        37,
        41,
        38,
        45,
        19,
        24,
        34,
        33,
        69,
        71,
        42,
        22,
        27,
        4,
        68,
        32,
        35,
        5,
        2,
        11,
        20,
        25,
        17,
        58,
        67,
        64,
        30,
        6,
        10,
        36,
        77,
        56,
        80,
        59,
        74,
        3,
        21,
        28,
        29,
        61,
        65,
        1,
        12,
        48,
        13,
        76,
        26,
        8,
        7,
        18,
        43,
        62,
        47,
        9,
        39,
        14,
        40,
        31,
        72,
        53,
        51,
        15,
        70,
        23,
        52,
        44,
        54,
        66,
        55,
        57,
        73,
        49
    ],
    "optimal_solver": "lkh",
    "instance_file_path": "c:\\TSP_ND_ML_Project\\instances\\N80_D2_G10000_ring_10.json",
    "concorde_length": 39032,
    "concorde_time_s": 1.571172399999341,
    "concorde_tour": [
        1,
        12,
        48,
        13,
        76,
        26,
        8,
        7,
        18,
        43,
        62,
        47,
        9,
        39,
        14,
        40,
        31,
        72,
        53,
        51,
        15,
        70,
        23,
        52,
        44,
        54,
        66,
        55,
        57,
        73,
        49,
        63,
        60,
        16,
        46,
        50,
        75,
        79,
        78,
        37,
        41,
        38,
        45,
        19,
        24,
        34,
        33,
        69,
        71,
        42,
        22,
        27,
        4,
        68,
        32,
        35,
        5,
        2,
        11,
        20,
        25,
        17,
        58,
        67,
        64,
        30,
        6,
        10,
        36,
        77,
        56,
        80,
        59,
        74,
        3,
        21,
        28,
        29,
        61,
        65
    ],
    "lkh_length": 39032,
    "lkh_time_s": 0.15049709999584593,
    "lkh_tour": [
        63,
        60,
        16,
        46,
        50,
        75,
        79,
        78,
        37,
        41,
        38,
        45,
        19,
        24,
        34,
        33,
        69,
        71,
        42,
        22,
        27,
        4,
        68,
        32,
        35,
        5,
        2,
        11,
        20,
        25,
        17,
        58,
        67,
        64,
        30,
        6,
        10,
        36,
        77,
        56,
        80,
        59,
        74,
        3,
        21,
        28,
        29,
        61,
        65,
        1,
        12,
        48,
        13,
        76,
        26,
        8,
        7,
        18,
        43,
        62,
        47,
        9,
        39,
        14,
        40,
        31,
        72,
        53,
        51,
        15,
        70,
        23,
        52,
        44,
        54,
        66,
        55,
        57,
        73,
        49
    ],
    "lkh_gap_pct": 0.0
}