{
    "instance_name": "N80_D3_G1000_tria_9",
    "n_customers": 80,
    "dimension": 3,
    "grid_size": 1000,
    "optimal_cost": 15430,
    "optimal_tour": [
        33,
        74,
        34,
        67,
        13,
        47,
        7,
        40,
        32,
        27,
        59,
        50,
        37,
        36,
        35,
        38,
        55,
        56,
        63,
        60,
        18,
        21,
        75,
        4,
        65,
        77,
        15,
        31,
        17,
        43,
        57,
        68,
        61,
        3,
        70,
        54,
        72,
        11,
        64,
        28,
        25,
        19,
        58,
        80,
        71,
        44,
        46,
        76,
        29,
        14,
        1,
        10,
        26,
        12,
        16,
        66,
        48,
        79,
        45,
        9,
        42,
        6,
        2,
        41,
        20,
        30,
        39,
        52,
        22,
        23,
        51,
        53,
        8,
        78,
        49,
        5,
        24,
        69,
        73,
        62
    ],
    "optimal_solver": "lkh",
    "instance_file_path": "c:\\TSP_ND_ML_Project\\instances\\N80_D3_G1000_tria_9.json",
    "concorde_length": 15430,
    "concorde_time_s": 5.164887500053737,
    "concorde_tour": [
        1,
        10,
        26,
        12,
        16,
        66,
        48,
        79,
        45,
        9,
        42,
        6,
        2,
        41,
        20,
        30,
        39,
        52,
        22,
        23,
        51,
        53,
        8,
        78,
        49,
        5,
        24,
        69,
        73,
        62,
        33,
        74,
        34,
        67,
        13,
        47,
        7,
        40,
        32,
        27,
        59,
        50,
        37,
        36,
        35,
        38,
        55,
        56,
        63,
        60,
        18,
        21,
        75,
        4,
        65,
        77,
        15,
        31,
        17,
        43,
        57,
        68,
        61,
        3,
        70,
        54,
        72,
        11,
        64,
        28,
        25,
        19,
        58,
        80,
        71,
        44,
        46,
        76,
        29,
        14
    ],
    "lkh_length": 15430,
    "lkh_time_s": 0.35228819999611005,
    "lkh_tour": [
        33,
        74,
        34,
        67,
        13,
        47,
        7,
        40,
        32,
        27,
        59,
        50,
        37,
        36,
        35,
        38,
        55,
        56,
        63,
        60,
        18,
        21,
        75,
        4,
        65,
        77,
        15,
        31,
        17,
        43,
        57,
        68,
        61,
        3,
        70,
        54,
        72,
        11,
        64,
        28,
        25,
        19,
        58,
        80,
        71,
        44,
        46,
        76,
        29,
        14,
        1,
        10,
        26,
        12,
        16,
        66,
        48,
        79,
        45,
        9,
        42,
        6,
        2,
        41,
        20,
        30,
        39,
        52,
        22,
        23,
        51,
        53,
        8,
        78,
        49,
        5,
        24,
        69,
        73,
        62
    ],
    "lkh_gap_pct": 0.0
}