{
    "instance_name": "N80_D5_G1000_grid_2",
    "n_customers": 80,
    "dimension": 5,
    "grid_size": 1000,
    "optimal_cost": 31681,
    "optimal_tour": [
        59,
        34,
        7,
        36,
        43,
        46,
        48,
        39,
        55,
        54,
        76,
        77,
        80,
        42,
        6,
        71,
        20,
        72,
        24,
        23,
        26,
        12,
        11,
        8,
        33,
        27,
        9,
        38,
        30,
        21,
        17,
        18,
        51,
        50,
        57,
        79,
        69,
        78,
        52,
        32,
        19,
        37,
        49,
        74,
        62,
        44,
        31,
        14,
        29,
        67,
        64,
        15,
        35,
        2,
        58,
        25,
        53,
        66,
        56,
        16,
        70,
        45,
        22,
        28,
        75,
        68,
        65,
        4,
        13,
        41,
        10,
        61,
        1,
        3,
        73,
        63,
        47,
        5,
        60,
        40
    ],
    "optimal_solver": "lkh",
    "instance_file_path": "c:\\TSP_ND_ML_Project\\instances\\N80_D5_G1000_grid_2.json",
    "concorde_length": 31681,
    "concorde_time_s": 2.1633303000126034,
    "concorde_tour": [
        1,
        3,
        73,
        63,
        47,
        5,
        60,
        40,
        59,
        34,
        7,
        36,
        43,
        46,
        48,
        39,
        55,
        54,
        76,
        77,
        80,
        42,
        6,
        71,
        20,
        72,
        24,
        23,
        26,
        12,
        11,
        8,
        33,
        27,
        9,
        38,
        30,
        21,
        17,
        18,
        51,
        50,
        57,
        79,
        69,
        78,
        52,
        32,
        19,
        37,
        49,
        74,
        62,
        44,
        31,
        14,
        29,
        67,
        64,
        15,
        35,
        2,
        58,
        25,
        53,
        66,
        56,
        16,
        70,
        45,
        22,
        28,
        75,
        68,
        65,
        4,
        13,
        41,
        10,
        61
    ],
    "lkh_length": 31681,
    "lkh_time_s": 0.26394420000724494,
    "lkh_tour": [
        59,
        34,
        7,
        36,
        43,
        46,
        48,
        39,
        55,
        54,
        76,
        77,
        80,
        42,
        6,
        71,
        20,
        72,
        24,
        23,
        26,
        12,
        11,
        8,
        33,
        27,
        9,
        38,
        30,
        21,
        17,
        18,
        51,
        50,
        57,
        79,
        69,
        78,
        52,
        32,
        19,
        37,
        49,
        74,
        62,
        44,
        31,
        14,
        29,
        67,
        64,
        15,
        35,
        2,
        58,
        25,
        53,
        66,
        56,
        16,
        70,
        45,
        22,
        28,
        75,
        68,
        65,
        4,
        13,
        41,
        10,
        61,
        1,
        3,
        73,
        63,
        47,
        5,
        60,
        40
    ],
    "lkh_gap_pct": 0.0
}