{
    "instance_name": "N80_D4_G10000_pow_4",
    "n_customers": 80,
    "dimension": 4,
    "grid_size": 10000,
    "optimal_cost": 160000,
    "optimal_tour": [
        60,
        43,
        72,
        22,
        21,
        36,
        6,
        77,
        63,
        45,
        68,
        64,
        7,
        75,
        14,
        62,
        32,
        9,
        31,
        19,
        50,
        79,
        46,
        26,
        33,
        29,
        11,
        8,
        66,
        56,
        78,
        10,
        44,
        37,
        3,
        51,
        74,
        1,
        69,
        48,
        39,
        30,
        25,
        27,
        53,
        71,
        15,
        80,
        70,
        40,
        57,
        23,
        24,
        73,
        61,
        49,
        12,
        55,
        20,
        17,
        65,
        5,
        13,
        67,
        42,
        76,
        28,
        18,
        34,
        58,
        38,
        52,
        16,
        47,
        4,
        2,
        54,
        59,
        41,
        35
    ],
    "optimal_solver": "lkh",
    "instance_file_path": "c:\\TSP_ND_ML_Project\\instances\\N80_D4_G10000_pow_4.json",
    "concorde_length": 160000,
    "concorde_time_s": 2.3421260999748483,
    "concorde_tour": [
        1,
        51,
        3,
        74,
        69,
        39,
        25,
        48,
        30,
        32,
        31,
        9,
        62,
        50,
        26,
        29,
        11,
        33,
        79,
        46,
        19,
        8,
        44,
        66,
        78,
        56,
        10,
        14,
        75,
        71,
        15,
        53,
        70,
        80,
        27,
        37,
        16,
        52,
        58,
        34,
        38,
        18,
        23,
        40,
        57,
        55,
        20,
        61,
        49,
        12,
        24,
        73,
        36,
        6,
        22,
        21,
        77,
        7,
        68,
        63,
        64,
        45,
        4,
        54,
        2,
        41,
        47,
        59,
        72,
        43,
        60,
        35,
        17,
        42,
        13,
        65,
        76,
        67,
        28,
        5
    ],
    "lkh_length": 160000,
    "lkh_time_s": 1.212933000002522,
    "lkh_tour": [
        60,
        43,
        72,
        22,
        21,
        36,
        6,
        77,
        63,
        45,
        68,
        64,
        7,
        75,
        14,
        62,
        32,
        9,
        31,
        19,
        50,
        79,
        46,
        26,
        33,
        29,
        11,
        8,
        66,
        56,
        78,
        10,
        44,
        37,
        3,
        51,
        74,
        1,
        69,
        48,
        39,
        30,
        25,
        27,
        53,
        71,
        15,
        80,
        70,
        40,
        57,
        23,
        24,
        73,
        61,
        49,
        12,
        55,
        20,
        17,
        65,
        5,
        13,
        67,
        42,
        76,
        28,
        18,
        34,
        58,
        38,
        52,
        16,
        47,
        4,
        2,
        54,
        59,
        41,
        35
    ],
    "lkh_gap_pct": 0.0
}