{
    "instance_name": "N80_D5_G100_pow_15",
    "n_customers": 80,
    "dimension": 5,
    "grid_size": 100,
    "optimal_cost": 2882,
    "optimal_tour": [
        5,
        53,
        67,
        11,
        79,
        29,
        12,
        58,
        1,
        42,
        4,
        8,
        35,
        24,
        39,
        2,
        38,
        47,
        65,
        46,
        37,
        69,
        40,
        15,
        32,
        54,
        75,
        80,
        63,
        74,
        66,
        14,
        17,
        21,
        52,
        55,
        77,
        22,
        10,
        28,
        26,
        9,
        3,
        71,
        78,
        20,
        33,
        60,
        73,
        7,
        16,
        49,
        70,
        72,
        36,
        76,
        64,
        18,
        45,
        25,
        62,
        43,
        44,
        30,
        6,
        57,
        50,
        27,
        59,
        51,
        41,
        31,
        13,
        48,
        61,
        19,
        56,
        68,
        34,
        23
    ],
    "optimal_solver": "lkh",
    "instance_file_path": "c:\\TSP_ND_ML_Project\\instances\\N80_D5_G100_pow_15.json",
    "concorde_length": 2882,
    "concorde_time_s": 1.3503434000303969,
    "concorde_tour": [
        1,
        29,
        79,
        12,
        11,
        67,
        68,
        56,
        34,
        42,
        8,
        4,
        35,
        50,
        57,
        59,
        51,
        27,
        37,
        69,
        46,
        61,
        19,
        13,
        48,
        41,
        31,
        40,
        32,
        15,
        23,
        5,
        53,
        26,
        3,
        9,
        71,
        65,
        2,
        47,
        38,
        39,
        24,
        10,
        22,
        28,
        55,
        77,
        52,
        21,
        14,
        17,
        30,
        6,
        44,
        66,
        54,
        63,
        80,
        74,
        75,
        73,
        20,
        78,
        60,
        33,
        7,
        16,
        49,
        45,
        25,
        18,
        64,
        70,
        76,
        72,
        36,
        43,
        62,
        58
    ],
    "lkh_length": 2882,
    "lkh_time_s": 9.48339660000056,
    "lkh_tour": [
        5,
        53,
        67,
        11,
        79,
        29,
        12,
        58,
        1,
        42,
        4,
        8,
        35,
        24,
        39,
        2,
        38,
        47,
        65,
        46,
        37,
        69,
        40,
        15,
        32,
        54,
        75,
        80,
        63,
        74,
        66,
        14,
        17,
        21,
        52,
        55,
        77,
        22,
        10,
        28,
        26,
        9,
        3,
        71,
        78,
        20,
        33,
        60,
        73,
        7,
        16,
        49,
        70,
        72,
        36,
        76,
        64,
        18,
        45,
        25,
        62,
        43,
        44,
        30,
        6,
        57,
        50,
        27,
        59,
        51,
        41,
        31,
        13,
        48,
        61,
        19,
        56,
        68,
        34,
        23
    ],
    "lkh_gap_pct": 0.0
}