{
    "instance_name": "N80_D5_G100_ring_20",
    "n_customers": 80,
    "dimension": 5,
    "grid_size": 100,
    "optimal_cost": 1918,
    "optimal_tour": [
        47,
        14,
        64,
        72,
        31,
        24,
        8,
        17,
        34,
        71,
        26,
        11,
        35,
        75,
        56,
        45,
        2,
        74,
        62,
        29,
        38,
        16,
        23,
        21,
        79,
        20,
        44,
        78,
        19,
        30,
        5,
        50,
        33,
        68,
        12,
        9,
        43,
        69,
        15,
        39,
        40,
        48,
        77,
        57,
        65,
        6,
        22,
        52,
        28,
        27,
        32,
        76,
        73,
        1,
        37,
        54,
        51,
        63,
        67,
        53,
        66,
        49,
        46,
        10,
        41,
        70,
        61,
        80,
        3,
        59,
        13,
        60,
        25,
        18,
        55,
        58,
        42,
        7,
        4,
        36
    ],
    "optimal_solver": "lkh",
    "instance_file_path": "c:\\TSP_ND_ML_Project\\instances\\N80_D5_G100_ring_20.json",
    "concorde_length": 1918,
    "concorde_time_s": 2.1428900999599136,
    "concorde_tour": [
        1,
        32,
        76,
        73,
        16,
        38,
        29,
        74,
        62,
        9,
        12,
        43,
        68,
        33,
        50,
        5,
        30,
        19,
        78,
        44,
        20,
        79,
        23,
        21,
        72,
        31,
        24,
        8,
        64,
        14,
        47,
        36,
        4,
        7,
        42,
        58,
        55,
        18,
        25,
        60,
        13,
        59,
        3,
        80,
        61,
        70,
        41,
        10,
        46,
        49,
        69,
        15,
        39,
        40,
        48,
        2,
        45,
        56,
        75,
        35,
        11,
        34,
        17,
        71,
        26,
        66,
        53,
        67,
        63,
        51,
        54,
        37,
        77,
        57,
        65,
        6,
        22,
        52,
        28,
        27
    ],
    "lkh_length": 1918,
    "lkh_time_s": 0.31403740000678226,
    "lkh_tour": [
        47,
        14,
        64,
        72,
        31,
        24,
        8,
        17,
        34,
        71,
        26,
        11,
        35,
        75,
        56,
        45,
        2,
        74,
        62,
        29,
        38,
        16,
        23,
        21,
        79,
        20,
        44,
        78,
        19,
        30,
        5,
        50,
        33,
        68,
        12,
        9,
        43,
        69,
        15,
        39,
        40,
        48,
        77,
        57,
        65,
        6,
        22,
        52,
        28,
        27,
        32,
        76,
        73,
        1,
        37,
        54,
        51,
        63,
        67,
        53,
        66,
        49,
        46,
        10,
        41,
        70,
        61,
        80,
        3,
        59,
        13,
        60,
        25,
        18,
        55,
        58,
        42,
        7,
        4,
        36
    ],
    "lkh_gap_pct": 0.0
}