{
    "instance_name": "N80_D5_G100_corr_10",
    "n_customers": 80,
    "dimension": 5,
    "grid_size": 100,
    "optimal_cost": 1273,
    "optimal_tour": [
        17,
        60,
        44,
        34,
        14,
        41,
        39,
        65,
        15,
        43,
        9,
        79,
        49,
        22,
        78,
        62,
        31,
        76,
        35,
        7,
        73,
        40,
        75,
        37,
        24,
        59,
        12,
        64,
        20,
        70,
        29,
        71,
        10,
        63,
        16,
        68,
        47,
        66,
        21,
        67,
        80,
        5,
        26,
        57,
        11,
        42,
        48,
        1,
        38,
        58,
        61,
        4,
        53,
        18,
        27,
        6,
        45,
        52,
        32,
        77,
        33,
        3,
        36,
        50,
        19,
        55,
        8,
        46,
        69,
        72,
        28,
        51,
        54,
        25,
        74,
        23,
        2,
        13,
        30,
        56
    ],
    "optimal_solver": "lkh",
    "instance_file_path": "c:\\TSP_ND_ML_Project\\instances\\N80_D5_G100_corr_10.json",
    "concorde_length": 1273,
    "concorde_time_s": 1.4099452000227757,
    "concorde_tour": [
        1,
        38,
        58,
        61,
        4,
        53,
        18,
        27,
        6,
        45,
        52,
        32,
        77,
        33,
        3,
        50,
        36,
        19,
        55,
        8,
        46,
        69,
        72,
        28,
        51,
        54,
        25,
        74,
        23,
        2,
        13,
        30,
        56,
        17,
        60,
        44,
        34,
        14,
        41,
        39,
        65,
        15,
        43,
        9,
        79,
        49,
        22,
        78,
        62,
        31,
        76,
        35,
        7,
        73,
        40,
        75,
        37,
        24,
        59,
        12,
        64,
        20,
        70,
        29,
        71,
        10,
        63,
        16,
        68,
        47,
        66,
        21,
        67,
        80,
        5,
        26,
        57,
        11,
        42,
        48
    ],
    "lkh_length": 1273,
    "lkh_time_s": 0.25534820003667846,
    "lkh_tour": [
        17,
        60,
        44,
        34,
        14,
        41,
        39,
        65,
        15,
        43,
        9,
        79,
        49,
        22,
        78,
        62,
        31,
        76,
        35,
        7,
        73,
        40,
        75,
        37,
        24,
        59,
        12,
        64,
        20,
        70,
        29,
        71,
        10,
        63,
        16,
        68,
        47,
        66,
        21,
        67,
        80,
        5,
        26,
        57,
        11,
        42,
        48,
        1,
        38,
        58,
        61,
        4,
        53,
        18,
        27,
        6,
        45,
        52,
        32,
        77,
        33,
        3,
        36,
        50,
        19,
        55,
        8,
        46,
        69,
        72,
        28,
        51,
        54,
        25,
        74,
        23,
        2,
        13,
        30,
        56
    ],
    "lkh_gap_pct": 0.0
}