{
    "instance_name": "N80_D3_G1000_corr_8",
    "n_customers": 80,
    "dimension": 3,
    "grid_size": 1000,
    "optimal_cost": 7049,
    "optimal_tour": [
        42,
        35,
        2,
        70,
        27,
        10,
        80,
        22,
        44,
        57,
        29,
        63,
        30,
        60,
        24,
        20,
        5,
        51,
        75,
        14,
        11,
        76,
        66,
        45,
        1,
        9,
        78,
        77,
        3,
        61,
        13,
        4,
        32,
        16,
        40,
        47,
        54,
        41,
        62,
        17,
        48,
        52,
        18,
        28,
        25,
        38,
        8,
        58,
        36,
        12,
        15,
        23,
        33,
        72,
        55,
        53,
        71,
        50,
        39,
        7,
        73,
        79,
        31,
        59,
        49,
        21,
        26,
        6,
        69,
        46,
        34,
        64,
        37,
        74,
        67,
        43,
        56,
        68,
        65,
        19
    ],
    "optimal_solver": "lkh",
    "instance_file_path": "c:\\TSP_ND_ML_Project\\instances\\N80_D3_G1000_corr_8.json",
    "concorde_length": 7049,
    "concorde_time_s": 2.215161900036037,
    "concorde_tour": [
        1,
        45,
        66,
        76,
        11,
        14,
        75,
        51,
        5,
        20,
        24,
        60,
        30,
        63,
        29,
        57,
        44,
        22,
        80,
        10,
        27,
        70,
        2,
        35,
        42,
        19,
        65,
        68,
        56,
        43,
        67,
        74,
        37,
        64,
        34,
        46,
        69,
        6,
        26,
        21,
        49,
        59,
        31,
        79,
        7,
        73,
        39,
        50,
        71,
        53,
        55,
        72,
        33,
        23,
        15,
        12,
        36,
        58,
        8,
        38,
        25,
        28,
        18,
        52,
        48,
        17,
        62,
        41,
        54,
        47,
        40,
        16,
        32,
        4,
        13,
        61,
        3,
        77,
        78,
        9
    ],
    "lkh_length": 7049,
    "lkh_time_s": 0.17826510005397722,
    "lkh_tour": [
        42,
        35,
        2,
        70,
        27,
        10,
        80,
        22,
        44,
        57,
        29,
        63,
        30,
        60,
        24,
        20,
        5,
        51,
        75,
        14,
        11,
        76,
        66,
        45,
        1,
        9,
        78,
        77,
        3,
        61,
        13,
        4,
        32,
        16,
        40,
        47,
        54,
        41,
        62,
        17,
        48,
        52,
        18,
        28,
        25,
        38,
        8,
        58,
        36,
        12,
        15,
        23,
        33,
        72,
        55,
        53,
        71,
        50,
        39,
        7,
        73,
        79,
        31,
        59,
        49,
        21,
        26,
        6,
        69,
        46,
        34,
        64,
        37,
        74,
        67,
        43,
        56,
        68,
        65,
        19
    ],
    "lkh_gap_pct": 0.0
}