{
    "instance_name": "N80_D4_G100_grid_15",
    "n_customers": 80,
    "dimension": 4,
    "grid_size": 100,
    "optimal_cost": 2247,
    "optimal_tour": [
        32,
        48,
        44,
        8,
        68,
        27,
        43,
        18,
        75,
        30,
        41,
        12,
        61,
        1,
        36,
        64,
        62,
        35,
        26,
        70,
        34,
        45,
        33,
        66,
        55,
        69,
        79,
        29,
        10,
        7,
        6,
        60,
        72,
        59,
        19,
        16,
        50,
        67,
        2,
        73,
        3,
        37,
        56,
        31,
        22,
        28,
        38,
        24,
        76,
        39,
        15,
        65,
        77,
        47,
        53,
        13,
        23,
        21,
        40,
        52,
        80,
        57,
        63,
        14,
        58,
        42,
        54,
        20,
        4,
        46,
        9,
        78,
        49,
        5,
        71,
        74,
        17,
        11,
        25,
        51
    ],
    "optimal_solver": "lkh",
    "instance_file_path": "c:\\TSP_ND_ML_Project\\instances\\N80_D4_G100_grid_15.json",
    "concorde_length": 2247,
    "concorde_time_s": 2.280992000014521,
    "concorde_tour": [
        1,
        36,
        64,
        62,
        35,
        26,
        70,
        34,
        45,
        33,
        66,
        55,
        69,
        79,
        29,
        10,
        7,
        6,
        60,
        72,
        59,
        19,
        16,
        50,
        67,
        2,
        73,
        3,
        37,
        56,
        31,
        22,
        28,
        38,
        24,
        76,
        39,
        15,
        65,
        77,
        47,
        53,
        13,
        23,
        21,
        40,
        52,
        80,
        57,
        63,
        14,
        58,
        42,
        54,
        20,
        4,
        46,
        9,
        78,
        49,
        5,
        71,
        74,
        17,
        11,
        25,
        51,
        32,
        48,
        44,
        8,
        68,
        27,
        43,
        18,
        75,
        30,
        41,
        12,
        61
    ],
    "lkh_length": 2247,
    "lkh_time_s": 0.22187269997084513,
    "lkh_tour": [
        32,
        48,
        44,
        8,
        68,
        27,
        43,
        18,
        75,
        30,
        41,
        12,
        61,
        1,
        36,
        64,
        62,
        35,
        26,
        70,
        34,
        45,
        33,
        66,
        55,
        69,
        79,
        29,
        10,
        7,
        6,
        60,
        72,
        59,
        19,
        16,
        50,
        67,
        2,
        73,
        3,
        37,
        56,
        31,
        22,
        28,
        38,
        24,
        76,
        39,
        15,
        65,
        77,
        47,
        53,
        13,
        23,
        21,
        40,
        52,
        80,
        57,
        63,
        14,
        58,
        42,
        54,
        20,
        4,
        46,
        9,
        78,
        49,
        5,
        71,
        74,
        17,
        11,
        25,
        51
    ],
    "lkh_gap_pct": 0.0
}