{
    "instance_name": "N80_D4_G1000_grid_5",
    "n_customers": 80,
    "dimension": 4,
    "grid_size": 1000,
    "optimal_cost": 22886,
    "optimal_tour": [
        69,
        75,
        42,
        60,
        36,
        31,
        52,
        22,
        44,
        70,
        18,
        34,
        41,
        16,
        21,
        59,
        1,
        10,
        33,
        54,
        8,
        4,
        17,
        30,
        25,
        47,
        61,
        65,
        29,
        35,
        11,
        48,
        3,
        68,
        66,
        26,
        40,
        27,
        58,
        5,
        57,
        39,
        43,
        38,
        51,
        63,
        32,
        2,
        23,
        76,
        37,
        46,
        49,
        19,
        15,
        67,
        13,
        53,
        78,
        64,
        7,
        12,
        9,
        73,
        77,
        62,
        74,
        24,
        45,
        6,
        55,
        79,
        80,
        56,
        71,
        50,
        14,
        28,
        72,
        20
    ],
    "optimal_solver": "lkh",
    "instance_file_path": "c:\\TSP_ND_ML_Project\\instances\\N80_D4_G1000_grid_5.json",
    "concorde_length": 22886,
    "concorde_time_s": 1.5828688000328839,
    "concorde_tour": [
        1,
        59,
        21,
        16,
        41,
        34,
        18,
        70,
        44,
        22,
        52,
        31,
        36,
        60,
        42,
        75,
        69,
        20,
        72,
        28,
        14,
        50,
        71,
        56,
        80,
        79,
        55,
        6,
        45,
        24,
        74,
        62,
        77,
        73,
        9,
        12,
        7,
        64,
        78,
        53,
        13,
        67,
        15,
        19,
        49,
        46,
        37,
        76,
        23,
        2,
        32,
        63,
        51,
        38,
        43,
        39,
        57,
        5,
        58,
        27,
        40,
        26,
        66,
        68,
        3,
        48,
        11,
        35,
        29,
        65,
        61,
        47,
        25,
        30,
        17,
        4,
        8,
        54,
        33,
        10
    ],
    "lkh_length": 22886,
    "lkh_time_s": 0.141841700009536,
    "lkh_tour": [
        69,
        75,
        42,
        60,
        36,
        31,
        52,
        22,
        44,
        70,
        18,
        34,
        41,
        16,
        21,
        59,
        1,
        10,
        33,
        54,
        8,
        4,
        17,
        30,
        25,
        47,
        61,
        65,
        29,
        35,
        11,
        48,
        3,
        68,
        66,
        26,
        40,
        27,
        58,
        5,
        57,
        39,
        43,
        38,
        51,
        63,
        32,
        2,
        23,
        76,
        37,
        46,
        49,
        19,
        15,
        67,
        13,
        53,
        78,
        64,
        7,
        12,
        9,
        73,
        77,
        62,
        74,
        24,
        45,
        6,
        55,
        79,
        80,
        56,
        71,
        50,
        14,
        28,
        72,
        20
    ],
    "lkh_gap_pct": 0.0
}