{
    "instance_name": "N80_D3_G100_grid_6",
    "n_customers": 80,
    "dimension": 3,
    "grid_size": 100,
    "optimal_cost": 1542,
    "optimal_tour": [
        25,
        7,
        23,
        1,
        17,
        80,
        19,
        3,
        39,
        47,
        60,
        45,
        67,
        14,
        50,
        16,
        11,
        77,
        74,
        61,
        4,
        20,
        62,
        12,
        10,
        35,
        5,
        51,
        32,
        49,
        46,
        42,
        31,
        6,
        68,
        70,
        40,
        66,
        79,
        28,
        53,
        33,
        41,
        24,
        30,
        21,
        37,
        18,
        55,
        29,
        15,
        26,
        13,
        75,
        73,
        52,
        34,
        44,
        78,
        57,
        65,
        48,
        56,
        43,
        2,
        27,
        71,
        64,
        58,
        36,
        38,
        8,
        22,
        76,
        59,
        69,
        63,
        54,
        9,
        72
    ],
    "optimal_solver": "lkh",
    "instance_file_path": "c:\\TSP_ND_ML_Project\\instances\\N80_D3_G100_grid_6.json",
    "concorde_length": 1542,
    "concorde_time_s": 3.704179299995303,
    "concorde_tour": [
        1,
        17,
        80,
        19,
        3,
        39,
        47,
        60,
        45,
        67,
        14,
        50,
        16,
        11,
        77,
        74,
        61,
        4,
        20,
        62,
        12,
        10,
        35,
        5,
        51,
        32,
        49,
        46,
        42,
        31,
        6,
        68,
        70,
        40,
        66,
        79,
        28,
        53,
        33,
        41,
        24,
        30,
        21,
        37,
        18,
        55,
        29,
        15,
        26,
        13,
        75,
        73,
        52,
        34,
        44,
        78,
        57,
        65,
        48,
        56,
        43,
        2,
        27,
        71,
        64,
        58,
        36,
        38,
        8,
        22,
        76,
        59,
        69,
        63,
        54,
        9,
        72,
        25,
        7,
        23
    ],
    "lkh_length": 1542,
    "lkh_time_s": 0.2460408000042662,
    "lkh_tour": [
        25,
        7,
        23,
        1,
        17,
        80,
        19,
        3,
        39,
        47,
        60,
        45,
        67,
        14,
        50,
        16,
        11,
        77,
        74,
        61,
        4,
        20,
        62,
        12,
        10,
        35,
        5,
        51,
        32,
        49,
        46,
        42,
        31,
        6,
        68,
        70,
        40,
        66,
        79,
        28,
        53,
        33,
        41,
        24,
        30,
        21,
        37,
        18,
        55,
        29,
        15,
        26,
        13,
        75,
        73,
        52,
        34,
        44,
        78,
        57,
        65,
        48,
        56,
        43,
        2,
        27,
        71,
        64,
        58,
        36,
        38,
        8,
        22,
        76,
        59,
        69,
        63,
        54,
        9,
        72
    ],
    "lkh_gap_pct": 0.0
}