{
    "instance_name": "N80_D4_G10000_clus_2",
    "n_customers": 80,
    "dimension": 4,
    "grid_size": 10000,
    "optimal_cost": 80670,
    "optimal_tour": [
        1,
        23,
        37,
        74,
        51,
        44,
        10,
        62,
        47,
        20,
        21,
        79,
        11,
        54,
        75,
        3,
        53,
        78,
        40,
        13,
        24,
        76,
        58,
        17,
        55,
        28,
        27,
        69,
        68,
        57,
        36,
        12,
        18,
        63,
        38,
        15,
        41,
        59,
        73,
        52,
        67,
        9,
        77,
        8,
        22,
        33,
        29,
        4,
        31,
        48,
        35,
        39,
        80,
        2,
        32,
        49,
        50,
        65,
        19,
        60,
        46,
        34,
        45,
        43,
        70,
        6,
        56,
        42,
        7,
        64,
        5,
        61,
        14,
        26,
        25,
        66,
        72,
        71,
        16,
        30
    ],
    "optimal_solver": "lkh",
    "instance_file_path": "c:\\TSP_ND_ML_Project\\instances\\N80_D4_G10000_clus_2.json",
    "concorde_length": 80670,
    "concorde_time_s": 2.8990620999829844,
    "concorde_tour": [
        1,
        23,
        37,
        74,
        51,
        44,
        10,
        62,
        47,
        20,
        21,
        79,
        11,
        54,
        75,
        3,
        53,
        78,
        40,
        13,
        24,
        76,
        58,
        17,
        55,
        28,
        27,
        69,
        68,
        57,
        36,
        12,
        18,
        63,
        38,
        15,
        41,
        59,
        73,
        52,
        67,
        9,
        77,
        8,
        22,
        33,
        29,
        4,
        31,
        48,
        35,
        39,
        80,
        2,
        32,
        49,
        50,
        65,
        19,
        60,
        46,
        34,
        45,
        43,
        70,
        6,
        56,
        42,
        7,
        64,
        5,
        61,
        14,
        26,
        25,
        66,
        72,
        71,
        16,
        30
    ],
    "lkh_length": 80670,
    "lkh_time_s": 0.4142621000064537,
    "lkh_tour": [
        1,
        23,
        37,
        74,
        51,
        44,
        10,
        62,
        47,
        20,
        21,
        79,
        11,
        54,
        75,
        3,
        53,
        78,
        40,
        13,
        24,
        76,
        58,
        17,
        55,
        28,
        27,
        69,
        68,
        57,
        36,
        12,
        18,
        63,
        38,
        15,
        41,
        59,
        73,
        52,
        67,
        9,
        77,
        8,
        22,
        33,
        29,
        4,
        31,
        48,
        35,
        39,
        80,
        2,
        32,
        49,
        50,
        65,
        19,
        60,
        46,
        34,
        45,
        43,
        70,
        6,
        56,
        42,
        7,
        64,
        5,
        61,
        14,
        26,
        25,
        66,
        72,
        71,
        16,
        30
    ],
    "lkh_gap_pct": 0.0
}