{
    "instance_name": "N80_D4_G10000_clus_3",
    "n_customers": 80,
    "dimension": 4,
    "grid_size": 10000,
    "optimal_cost": 103429,
    "optimal_tour": [
        30,
        20,
        14,
        37,
        10,
        21,
        18,
        24,
        27,
        43,
        16,
        69,
        64,
        46,
        58,
        19,
        26,
        53,
        54,
        66,
        7,
        60,
        73,
        13,
        71,
        55,
        25,
        11,
        74,
        47,
        76,
        29,
        59,
        2,
        78,
        40,
        61,
        44,
        50,
        65,
        52,
        56,
        36,
        45,
        62,
        33,
        79,
        63,
        51,
        38,
        5,
        9,
        68,
        35,
        49,
        1,
        42,
        4,
        6,
        12,
        17,
        32,
        72,
        8,
        57,
        48,
        70,
        41,
        75,
        80,
        34,
        23,
        28,
        39,
        77,
        22,
        31,
        15,
        67,
        3
    ],
    "optimal_solver": "lkh",
    "instance_file_path": "c:\\TSP_ND_ML_Project\\instances\\N80_D4_G10000_clus_3.json",
    "concorde_length": 103429,
    "concorde_time_s": 2.001454300014302,
    "concorde_tour": [
        1,
        42,
        4,
        6,
        12,
        17,
        32,
        72,
        8,
        57,
        48,
        70,
        41,
        75,
        80,
        34,
        23,
        28,
        39,
        77,
        22,
        31,
        15,
        67,
        3,
        30,
        20,
        14,
        37,
        10,
        21,
        18,
        24,
        27,
        43,
        16,
        69,
        64,
        46,
        58,
        19,
        26,
        53,
        54,
        66,
        7,
        60,
        73,
        13,
        71,
        55,
        25,
        11,
        74,
        47,
        76,
        29,
        59,
        2,
        78,
        40,
        61,
        44,
        50,
        65,
        52,
        56,
        36,
        45,
        62,
        33,
        79,
        63,
        51,
        38,
        5,
        9,
        68,
        35,
        49
    ],
    "lkh_length": 103429,
    "lkh_time_s": 0.3862935000215657,
    "lkh_tour": [
        30,
        20,
        14,
        37,
        10,
        21,
        18,
        24,
        27,
        43,
        16,
        69,
        64,
        46,
        58,
        19,
        26,
        53,
        54,
        66,
        7,
        60,
        73,
        13,
        71,
        55,
        25,
        11,
        74,
        47,
        76,
        29,
        59,
        2,
        78,
        40,
        61,
        44,
        50,
        65,
        52,
        56,
        36,
        45,
        62,
        33,
        79,
        63,
        51,
        38,
        5,
        9,
        68,
        35,
        49,
        1,
        42,
        4,
        6,
        12,
        17,
        32,
        72,
        8,
        57,
        48,
        70,
        41,
        75,
        80,
        34,
        23,
        28,
        39,
        77,
        22,
        31,
        15,
        67,
        3
    ],
    "lkh_gap_pct": 0.0
}