{
    "instance_name": "N80_D2_G10000_grid_15",
    "n_customers": 80,
    "dimension": 2,
    "grid_size": 10000,
    "optimal_cost": 70928,
    "optimal_tour": [
        36,
        51,
        6,
        66,
        1,
        12,
        53,
        55,
        7,
        69,
        38,
        19,
        72,
        68,
        70,
        14,
        71,
        67,
        41,
        31,
        57,
        48,
        8,
        46,
        28,
        79,
        16,
        32,
        10,
        42,
        22,
        77,
        63,
        58,
        17,
        40,
        50,
        80,
        13,
        34,
        39,
        33,
        49,
        75,
        43,
        59,
        5,
        73,
        9,
        64,
        60,
        4,
        62,
        11,
        30,
        78,
        24,
        20,
        65,
        56,
        76,
        52,
        54,
        27,
        3,
        74,
        26,
        37,
        23,
        47,
        29,
        18,
        44,
        15,
        2,
        21,
        61,
        25,
        35,
        45
    ],
    "optimal_solver": "lkh",
    "instance_file_path": "c:\\TSP_ND_ML_Project\\instances\\N80_D2_G10000_grid_15.json",
    "concorde_length": 70928,
    "concorde_time_s": 0.7660921000060625,
    "concorde_tour": [
        1,
        66,
        6,
        51,
        36,
        45,
        35,
        25,
        61,
        21,
        2,
        15,
        44,
        18,
        29,
        47,
        23,
        37,
        26,
        74,
        3,
        27,
        54,
        52,
        76,
        56,
        65,
        20,
        24,
        78,
        30,
        11,
        62,
        4,
        60,
        64,
        9,
        73,
        5,
        59,
        43,
        75,
        49,
        33,
        39,
        34,
        13,
        80,
        50,
        40,
        17,
        58,
        63,
        77,
        22,
        42,
        10,
        32,
        16,
        79,
        28,
        46,
        8,
        48,
        57,
        31,
        41,
        67,
        71,
        14,
        70,
        68,
        72,
        19,
        38,
        69,
        7,
        55,
        53,
        12
    ],
    "lkh_length": 70928,
    "lkh_time_s": 0.6887075999984518,
    "lkh_tour": [
        36,
        51,
        6,
        66,
        1,
        12,
        53,
        55,
        7,
        69,
        38,
        19,
        72,
        68,
        70,
        14,
        71,
        67,
        41,
        31,
        57,
        48,
        8,
        46,
        28,
        79,
        16,
        32,
        10,
        42,
        22,
        77,
        63,
        58,
        17,
        40,
        50,
        80,
        13,
        34,
        39,
        33,
        49,
        75,
        43,
        59,
        5,
        73,
        9,
        64,
        60,
        4,
        62,
        11,
        30,
        78,
        24,
        20,
        65,
        56,
        76,
        52,
        54,
        27,
        3,
        74,
        26,
        37,
        23,
        47,
        29,
        18,
        44,
        15,
        2,
        21,
        61,
        25,
        35,
        45
    ],
    "lkh_gap_pct": 0.0
}