{
    "instance_name": "N80_D4_G100_rand_4",
    "n_customers": 80,
    "dimension": 4,
    "grid_size": 100,
    "optimal_cost": 2242,
    "optimal_tour": [
        56,
        29,
        54,
        65,
        3,
        69,
        10,
        14,
        77,
        50,
        42,
        30,
        16,
        72,
        52,
        26,
        27,
        79,
        41,
        39,
        7,
        15,
        17,
        36,
        18,
        64,
        59,
        71,
        12,
        1,
        6,
        63,
        60,
        46,
        55,
        74,
        20,
        24,
        51,
        73,
        44,
        80,
        66,
        21,
        76,
        11,
        62,
        8,
        31,
        38,
        13,
        53,
        28,
        23,
        40,
        25,
        33,
        4,
        22,
        34,
        35,
        67,
        19,
        9,
        78,
        32,
        5,
        37,
        61,
        70,
        49,
        68,
        58,
        47,
        48,
        2,
        45,
        43,
        57,
        75
    ],
    "optimal_solver": "lkh",
    "instance_file_path": "c:\\TSP_ND_ML_Project\\instances\\N80_D4_G100_rand_4.json",
    "concorde_length": 2242,
    "concorde_time_s": 5.959590599988587,
    "concorde_tour": [
        1,
        6,
        63,
        60,
        46,
        55,
        74,
        20,
        24,
        51,
        73,
        44,
        80,
        66,
        21,
        76,
        11,
        62,
        8,
        31,
        38,
        13,
        53,
        28,
        23,
        40,
        25,
        33,
        4,
        22,
        34,
        35,
        67,
        19,
        9,
        78,
        32,
        5,
        37,
        61,
        70,
        49,
        68,
        58,
        47,
        48,
        2,
        45,
        43,
        57,
        75,
        56,
        29,
        54,
        65,
        3,
        69,
        10,
        14,
        77,
        50,
        42,
        30,
        16,
        72,
        52,
        26,
        27,
        79,
        41,
        39,
        7,
        15,
        17,
        36,
        18,
        64,
        59,
        71,
        12
    ],
    "lkh_length": 2242,
    "lkh_time_s": 0.2284487000433728,
    "lkh_tour": [
        56,
        29,
        54,
        65,
        3,
        69,
        10,
        14,
        77,
        50,
        42,
        30,
        16,
        72,
        52,
        26,
        27,
        79,
        41,
        39,
        7,
        15,
        17,
        36,
        18,
        64,
        59,
        71,
        12,
        1,
        6,
        63,
        60,
        46,
        55,
        74,
        20,
        24,
        51,
        73,
        44,
        80,
        66,
        21,
        76,
        11,
        62,
        8,
        31,
        38,
        13,
        53,
        28,
        23,
        40,
        25,
        33,
        4,
        22,
        34,
        35,
        67,
        19,
        9,
        78,
        32,
        5,
        37,
        61,
        70,
        49,
        68,
        58,
        47,
        48,
        2,
        45,
        43,
        57,
        75
    ],
    "lkh_gap_pct": 0.0
}