{
    "instance_name": "N80_D5_G1000_tria_13",
    "n_customers": 80,
    "dimension": 5,
    "grid_size": 1000,
    "optimal_cost": 32519,
    "optimal_tour": [
        52,
        61,
        47,
        37,
        23,
        58,
        15,
        38,
        56,
        9,
        40,
        46,
        31,
        33,
        2,
        13,
        20,
        39,
        28,
        4,
        14,
        74,
        16,
        17,
        69,
        8,
        12,
        50,
        41,
        75,
        36,
        57,
        24,
        25,
        68,
        10,
        35,
        77,
        27,
        71,
        11,
        49,
        73,
        70,
        67,
        44,
        22,
        78,
        79,
        32,
        43,
        55,
        42,
        59,
        29,
        7,
        80,
        53,
        5,
        19,
        76,
        1,
        63,
        45,
        18,
        66,
        72,
        21,
        54,
        60,
        30,
        48,
        6,
        34,
        26,
        3,
        62,
        64,
        51,
        65
    ],
    "optimal_solver": "lkh",
    "instance_file_path": "c:\\TSP_ND_ML_Project\\instances\\N80_D5_G1000_tria_13.json",
    "concorde_length": 32519,
    "concorde_time_s": 2.1499865999794565,
    "concorde_tour": [
        1,
        63,
        45,
        18,
        66,
        72,
        21,
        54,
        60,
        30,
        48,
        6,
        34,
        26,
        3,
        62,
        64,
        51,
        65,
        52,
        61,
        47,
        37,
        23,
        58,
        15,
        38,
        56,
        9,
        40,
        46,
        31,
        33,
        2,
        13,
        20,
        39,
        28,
        4,
        14,
        74,
        16,
        17,
        69,
        8,
        12,
        50,
        41,
        75,
        36,
        57,
        24,
        25,
        68,
        10,
        35,
        77,
        27,
        71,
        11,
        49,
        73,
        70,
        67,
        44,
        22,
        78,
        79,
        32,
        43,
        55,
        42,
        59,
        29,
        7,
        80,
        53,
        5,
        19,
        76
    ],
    "lkh_length": 32519,
    "lkh_time_s": 0.39290499995695427,
    "lkh_tour": [
        52,
        61,
        47,
        37,
        23,
        58,
        15,
        38,
        56,
        9,
        40,
        46,
        31,
        33,
        2,
        13,
        20,
        39,
        28,
        4,
        14,
        74,
        16,
        17,
        69,
        8,
        12,
        50,
        41,
        75,
        36,
        57,
        24,
        25,
        68,
        10,
        35,
        77,
        27,
        71,
        11,
        49,
        73,
        70,
        67,
        44,
        22,
        78,
        79,
        32,
        43,
        55,
        42,
        59,
        29,
        7,
        80,
        53,
        5,
        19,
        76,
        1,
        63,
        45,
        18,
        66,
        72,
        21,
        54,
        60,
        30,
        48,
        6,
        34,
        26,
        3,
        62,
        64,
        51,
        65
    ],
    "lkh_gap_pct": 0.0
}