{
    "instance_name": "N80_D5_G10000_grid_1",
    "n_customers": 80,
    "dimension": 5,
    "grid_size": 10000,
    "optimal_cost": 309877,
    "optimal_tour": [
        50,
        35,
        72,
        39,
        25,
        63,
        2,
        68,
        31,
        41,
        77,
        71,
        5,
        32,
        43,
        20,
        76,
        51,
        66,
        19,
        65,
        67,
        15,
        59,
        64,
        48,
        6,
        78,
        44,
        11,
        70,
        49,
        37,
        54,
        30,
        13,
        46,
        12,
        17,
        28,
        56,
        52,
        47,
        75,
        29,
        62,
        26,
        40,
        8,
        21,
        69,
        27,
        73,
        74,
        42,
        9,
        22,
        23,
        33,
        34,
        55,
        16,
        45,
        61,
        36,
        14,
        3,
        57,
        24,
        38,
        1,
        10,
        18,
        4,
        79,
        58,
        7,
        53,
        80,
        60
    ],
    "optimal_solver": "lkh",
    "instance_file_path": "c:\\TSP_ND_ML_Project\\instances\\N80_D5_G10000_grid_1.json",
    "concorde_length": 309877,
    "concorde_time_s": 1.548996499972418,
    "concorde_tour": [
        1,
        38,
        24,
        57,
        3,
        14,
        36,
        61,
        45,
        16,
        55,
        34,
        33,
        23,
        22,
        9,
        42,
        74,
        73,
        27,
        69,
        21,
        8,
        40,
        26,
        62,
        29,
        75,
        47,
        52,
        56,
        28,
        17,
        12,
        46,
        13,
        30,
        54,
        37,
        49,
        70,
        11,
        44,
        78,
        6,
        48,
        64,
        59,
        15,
        67,
        65,
        19,
        66,
        51,
        76,
        20,
        43,
        32,
        5,
        71,
        77,
        41,
        31,
        68,
        2,
        63,
        25,
        39,
        72,
        35,
        50,
        60,
        80,
        53,
        7,
        58,
        79,
        4,
        18,
        10
    ],
    "lkh_length": 309877,
    "lkh_time_s": 0.14689939992967993,
    "lkh_tour": [
        50,
        35,
        72,
        39,
        25,
        63,
        2,
        68,
        31,
        41,
        77,
        71,
        5,
        32,
        43,
        20,
        76,
        51,
        66,
        19,
        65,
        67,
        15,
        59,
        64,
        48,
        6,
        78,
        44,
        11,
        70,
        49,
        37,
        54,
        30,
        13,
        46,
        12,
        17,
        28,
        56,
        52,
        47,
        75,
        29,
        62,
        26,
        40,
        8,
        21,
        69,
        27,
        73,
        74,
        42,
        9,
        22,
        23,
        33,
        34,
        55,
        16,
        45,
        61,
        36,
        14,
        3,
        57,
        24,
        38,
        1,
        10,
        18,
        4,
        79,
        58,
        7,
        53,
        80,
        60
    ],
    "lkh_gap_pct": 0.0
}