{
    "instance_name": "N80_D4_G1000_ring_10",
    "n_customers": 80,
    "dimension": 4,
    "grid_size": 1000,
    "optimal_cost": 12618,
    "optimal_tour": [
        40,
        79,
        53,
        46,
        8,
        47,
        68,
        32,
        44,
        77,
        55,
        27,
        19,
        60,
        61,
        51,
        50,
        59,
        72,
        75,
        37,
        26,
        63,
        49,
        22,
        76,
        73,
        57,
        9,
        29,
        45,
        23,
        80,
        31,
        17,
        56,
        5,
        25,
        66,
        33,
        62,
        64,
        15,
        43,
        65,
        2,
        74,
        52,
        30,
        6,
        54,
        20,
        67,
        24,
        16,
        48,
        11,
        35,
        42,
        36,
        38,
        28,
        14,
        7,
        12,
        69,
        41,
        21,
        3,
        4,
        78,
        71,
        70,
        13,
        58,
        10,
        39,
        34,
        1,
        18
    ],
    "optimal_solver": "lkh",
    "instance_file_path": "c:\\TSP_ND_ML_Project\\instances\\N80_D4_G1000_ring_10.json",
    "concorde_length": 12618,
    "concorde_time_s": 4.11180620000232,
    "concorde_tour": [
        1,
        34,
        39,
        10,
        58,
        13,
        70,
        71,
        78,
        4,
        3,
        21,
        41,
        69,
        12,
        7,
        14,
        28,
        38,
        36,
        42,
        35,
        11,
        48,
        16,
        24,
        67,
        20,
        54,
        6,
        30,
        52,
        74,
        2,
        65,
        43,
        15,
        64,
        62,
        33,
        66,
        25,
        5,
        56,
        17,
        31,
        80,
        23,
        45,
        29,
        9,
        57,
        73,
        76,
        22,
        49,
        63,
        26,
        37,
        75,
        72,
        59,
        50,
        51,
        61,
        60,
        19,
        27,
        55,
        77,
        44,
        32,
        68,
        47,
        8,
        46,
        53,
        79,
        40,
        18
    ],
    "lkh_length": 12618,
    "lkh_time_s": 0.6046965999994427,
    "lkh_tour": [
        40,
        79,
        53,
        46,
        8,
        47,
        68,
        32,
        44,
        77,
        55,
        27,
        19,
        60,
        61,
        51,
        50,
        59,
        72,
        75,
        37,
        26,
        63,
        49,
        22,
        76,
        73,
        57,
        9,
        29,
        45,
        23,
        80,
        31,
        17,
        56,
        5,
        25,
        66,
        33,
        62,
        64,
        15,
        43,
        65,
        2,
        74,
        52,
        30,
        6,
        54,
        20,
        67,
        24,
        16,
        48,
        11,
        35,
        42,
        36,
        38,
        28,
        14,
        7,
        12,
        69,
        41,
        21,
        3,
        4,
        78,
        71,
        70,
        13,
        58,
        10,
        39,
        34,
        1,
        18
    ],
    "lkh_gap_pct": 0.0
}