{
    "instance_name": "N80_D4_G100_grid_16",
    "n_customers": 80,
    "dimension": 4,
    "grid_size": 100,
    "optimal_cost": 2371,
    "optimal_tour": [
        47,
        68,
        80,
        62,
        79,
        43,
        76,
        77,
        65,
        9,
        51,
        52,
        20,
        8,
        23,
        17,
        42,
        38,
        71,
        39,
        12,
        57,
        59,
        18,
        5,
        22,
        15,
        11,
        58,
        28,
        72,
        67,
        49,
        37,
        10,
        56,
        48,
        29,
        27,
        61,
        4,
        13,
        35,
        64,
        63,
        40,
        1,
        14,
        66,
        3,
        33,
        60,
        36,
        41,
        16,
        34,
        73,
        6,
        46,
        21,
        53,
        31,
        45,
        25,
        30,
        32,
        74,
        70,
        55,
        19,
        26,
        69,
        7,
        54,
        44,
        78,
        24,
        2,
        75,
        50
    ],
    "optimal_solver": "lkh",
    "instance_file_path": "c:\\TSP_ND_ML_Project\\instances\\N80_D4_G100_grid_16.json",
    "concorde_length": 2371,
    "concorde_time_s": 0.8455461000557989,
    "concorde_tour": [
        1,
        14,
        66,
        3,
        33,
        60,
        36,
        41,
        16,
        34,
        73,
        6,
        46,
        21,
        53,
        31,
        45,
        25,
        30,
        32,
        74,
        70,
        55,
        19,
        26,
        69,
        7,
        54,
        44,
        78,
        24,
        2,
        75,
        50,
        47,
        68,
        80,
        62,
        79,
        43,
        76,
        77,
        65,
        9,
        51,
        52,
        20,
        8,
        23,
        17,
        42,
        38,
        71,
        39,
        12,
        57,
        59,
        18,
        5,
        22,
        15,
        11,
        58,
        28,
        72,
        67,
        49,
        37,
        10,
        56,
        48,
        29,
        27,
        61,
        4,
        13,
        64,
        35,
        63,
        40
    ],
    "lkh_length": 2371,
    "lkh_time_s": 0.19845240004360676,
    "lkh_tour": [
        47,
        68,
        80,
        62,
        79,
        43,
        76,
        77,
        65,
        9,
        51,
        52,
        20,
        8,
        23,
        17,
        42,
        38,
        71,
        39,
        12,
        57,
        59,
        18,
        5,
        22,
        15,
        11,
        58,
        28,
        72,
        67,
        49,
        37,
        10,
        56,
        48,
        29,
        27,
        61,
        4,
        13,
        35,
        64,
        63,
        40,
        1,
        14,
        66,
        3,
        33,
        60,
        36,
        41,
        16,
        34,
        73,
        6,
        46,
        21,
        53,
        31,
        45,
        25,
        30,
        32,
        74,
        70,
        55,
        19,
        26,
        69,
        7,
        54,
        44,
        78,
        24,
        2,
        75,
        50
    ],
    "lkh_gap_pct": 0.0
}