{
    "instance_name": "N80_D3_G100_grid_5",
    "n_customers": 80,
    "dimension": 3,
    "grid_size": 100,
    "optimal_cost": 1517,
    "optimal_tour": [
        36,
        45,
        23,
        8,
        22,
        18,
        3,
        80,
        17,
        41,
        63,
        27,
        64,
        12,
        15,
        30,
        26,
        32,
        34,
        28,
        35,
        5,
        66,
        19,
        20,
        78,
        14,
        47,
        10,
        54,
        38,
        29,
        2,
        50,
        56,
        7,
        16,
        4,
        13,
        33,
        62,
        6,
        31,
        57,
        69,
        21,
        11,
        53,
        77,
        70,
        44,
        58,
        60,
        51,
        65,
        75,
        79,
        74,
        68,
        67,
        1,
        43,
        49,
        71,
        24,
        59,
        72,
        25,
        46,
        76,
        61,
        52,
        37,
        48,
        55,
        42,
        39,
        73,
        9,
        40
    ],
    "optimal_solver": "lkh",
    "instance_file_path": "c:\\TSP_ND_ML_Project\\instances\\N80_D3_G100_grid_5.json",
    "concorde_length": 1517,
    "concorde_time_s": 7.5893685999908485,
    "concorde_tour": [
        1,
        43,
        49,
        71,
        24,
        59,
        72,
        25,
        46,
        76,
        61,
        52,
        37,
        48,
        55,
        42,
        39,
        73,
        9,
        40,
        36,
        45,
        23,
        8,
        22,
        18,
        3,
        80,
        17,
        41,
        63,
        27,
        64,
        12,
        15,
        30,
        26,
        32,
        34,
        28,
        35,
        5,
        66,
        19,
        20,
        78,
        14,
        47,
        10,
        54,
        38,
        29,
        2,
        50,
        56,
        7,
        16,
        4,
        13,
        33,
        62,
        6,
        31,
        57,
        69,
        21,
        11,
        53,
        77,
        70,
        44,
        58,
        60,
        51,
        65,
        75,
        79,
        74,
        68,
        67
    ],
    "lkh_length": 1517,
    "lkh_time_s": 0.6296506999642588,
    "lkh_tour": [
        36,
        45,
        23,
        8,
        22,
        18,
        3,
        80,
        17,
        41,
        63,
        27,
        64,
        12,
        15,
        30,
        26,
        32,
        34,
        28,
        35,
        5,
        66,
        19,
        20,
        78,
        14,
        47,
        10,
        54,
        38,
        29,
        2,
        50,
        56,
        7,
        16,
        4,
        13,
        33,
        62,
        6,
        31,
        57,
        69,
        21,
        11,
        53,
        77,
        70,
        44,
        58,
        60,
        51,
        65,
        75,
        79,
        74,
        68,
        67,
        1,
        43,
        49,
        71,
        24,
        59,
        72,
        25,
        46,
        76,
        61,
        52,
        37,
        48,
        55,
        42,
        39,
        73,
        9,
        40
    ],
    "lkh_gap_pct": 0.0
}