{
    "instance_name": "N80_D3_G10000_corn_9",
    "n_customers": 80,
    "dimension": 3,
    "grid_size": 10000,
    "optimal_cost": 85906,
    "optimal_tour": [
        73,
        22,
        26,
        17,
        45,
        62,
        65,
        10,
        32,
        80,
        18,
        54,
        77,
        1,
        9,
        38,
        16,
        36,
        23,
        41,
        4,
        34,
        75,
        37,
        79,
        30,
        67,
        39,
        60,
        31,
        61,
        43,
        46,
        6,
        28,
        42,
        66,
        8,
        24,
        51,
        40,
        49,
        64,
        69,
        2,
        14,
        76,
        55,
        13,
        47,
        78,
        19,
        50,
        20,
        11,
        68,
        3,
        21,
        71,
        58,
        44,
        74,
        72,
        27,
        25,
        59,
        35,
        15,
        5,
        56,
        63,
        33,
        52,
        12,
        7,
        29,
        57,
        53,
        48,
        70
    ],
    "optimal_solver": "lkh",
    "instance_file_path": "c:\\TSP_ND_ML_Project\\instances\\N80_D3_G10000_corn_9.json",
    "concorde_length": 85906,
    "concorde_time_s": 1.7617265000008047,
    "concorde_tour": [
        1,
        9,
        38,
        16,
        36,
        23,
        4,
        41,
        34,
        75,
        37,
        79,
        30,
        67,
        39,
        60,
        31,
        61,
        43,
        46,
        28,
        6,
        66,
        42,
        8,
        24,
        51,
        40,
        49,
        64,
        69,
        2,
        14,
        76,
        55,
        13,
        47,
        78,
        19,
        50,
        20,
        11,
        68,
        3,
        21,
        71,
        58,
        44,
        74,
        72,
        27,
        25,
        59,
        35,
        15,
        5,
        56,
        63,
        33,
        52,
        12,
        7,
        29,
        48,
        57,
        53,
        70,
        73,
        22,
        26,
        17,
        45,
        62,
        65,
        10,
        32,
        80,
        18,
        54,
        77
    ],
    "lkh_length": 85906,
    "lkh_time_s": 2.049107600003481,
    "lkh_tour": [
        73,
        22,
        26,
        17,
        45,
        62,
        65,
        10,
        32,
        80,
        18,
        54,
        77,
        1,
        9,
        38,
        16,
        36,
        23,
        41,
        4,
        34,
        75,
        37,
        79,
        30,
        67,
        39,
        60,
        31,
        61,
        43,
        46,
        6,
        28,
        42,
        66,
        8,
        24,
        51,
        40,
        49,
        64,
        69,
        2,
        14,
        76,
        55,
        13,
        47,
        78,
        19,
        50,
        20,
        11,
        68,
        3,
        21,
        71,
        58,
        44,
        74,
        72,
        27,
        25,
        59,
        35,
        15,
        5,
        56,
        63,
        33,
        52,
        12,
        7,
        29,
        57,
        53,
        48,
        70
    ],
    "lkh_gap_pct": 0.0
}