{
    "instance_name": "TSP-squeezed_uniform-n70-g10000-3",
    "n_customers": 70,
    "dimension": 2,
    "grid_size": 10000,
    "optimal_cost": 55062,
    "optimal_tour": [
        25,
        45,
        68,
        60,
        57,
        8,
        17,
        53,
        65,
        64,
        30,
        33,
        37,
        40,
        67,
        5,
        18,
        63,
        3,
        42,
        10,
        51,
        12,
        32,
        26,
        59,
        54,
        22,
        62,
        38,
        20,
        15,
        61,
        21,
        28,
        16,
        31,
        58,
        69,
        19,
        13,
        50,
        41,
        49,
        46,
        9,
        7,
        47,
        6,
        55,
        66,
        1,
        24,
        36,
        29,
        56,
        23,
        35,
        11,
        14,
        2,
        27,
        39,
        43,
        52,
        48,
        44,
        34,
        70,
        4
    ],
    "optimal_solver": "lkh",
    "instance_file_path": "C:\\Area-and-Distribution-Free-Estimators-for-TSP\\Generalized_TSP_Analysis\\instances\\TSP-squeezed_uniform-n70-g10000-3.json",
    "concorde_length": 55062,
    "concorde_time_s": 1.8521404000057373,
    "concorde_tour": [
        1,
        24,
        36,
        29,
        56,
        23,
        35,
        11,
        14,
        2,
        27,
        39,
        43,
        52,
        48,
        44,
        34,
        70,
        4,
        25,
        45,
        68,
        60,
        57,
        8,
        17,
        53,
        65,
        64,
        30,
        33,
        37,
        40,
        67,
        5,
        18,
        63,
        3,
        42,
        10,
        51,
        12,
        32,
        26,
        59,
        54,
        22,
        62,
        38,
        20,
        15,
        61,
        21,
        28,
        16,
        31,
        58,
        69,
        19,
        13,
        50,
        41,
        49,
        46,
        9,
        7,
        47,
        6,
        55,
        66
    ],
    "lkh_length": 55062,
    "lkh_time_s": 0.1613389999984065,
    "lkh_tour": [
        25,
        45,
        68,
        60,
        57,
        8,
        17,
        53,
        65,
        64,
        30,
        33,
        37,
        40,
        67,
        5,
        18,
        63,
        3,
        42,
        10,
        51,
        12,
        32,
        26,
        59,
        54,
        22,
        62,
        38,
        20,
        15,
        61,
        21,
        28,
        16,
        31,
        58,
        69,
        19,
        13,
        50,
        41,
        49,
        46,
        9,
        7,
        47,
        6,
        55,
        66,
        1,
        24,
        36,
        29,
        56,
        23,
        35,
        11,
        14,
        2,
        27,
        39,
        43,
        52,
        48,
        44,
        34,
        70,
        4
    ],
    "lkh_gap_pct": 0.0
}