{
    "instance_name": "TSP-squeezed_uniform-n40-g10000-4",
    "n_customers": 40,
    "dimension": 2,
    "grid_size": 10000,
    "optimal_cost": 41170,
    "optimal_tour": [
        33,
        31,
        27,
        15,
        24,
        26,
        4,
        19,
        36,
        25,
        37,
        11,
        1,
        10,
        13,
        23,
        28,
        6,
        39,
        12,
        3,
        14,
        21,
        16,
        20,
        29,
        22,
        5,
        7,
        40,
        9,
        2,
        35,
        30,
        18,
        17,
        34,
        8,
        32,
        38
    ],
    "optimal_solver": "lkh",
    "instance_file_path": "C:\\Area-and-Distribution-Free-Estimators-for-TSP\\Generalized_TSP_Analysis\\instances\\TSP-squeezed_uniform-n40-g10000-4.json",
    "concorde_length": 41170,
    "concorde_time_s": 0.8314200000022538,
    "concorde_tour": [
        1,
        10,
        13,
        23,
        28,
        6,
        39,
        12,
        3,
        14,
        21,
        16,
        20,
        29,
        22,
        5,
        7,
        40,
        9,
        2,
        35,
        30,
        18,
        17,
        34,
        8,
        32,
        38,
        33,
        31,
        27,
        15,
        24,
        26,
        4,
        19,
        36,
        25,
        37,
        11
    ],
    "lkh_length": 41170,
    "lkh_time_s": 0.07844899999327026,
    "lkh_tour": [
        33,
        31,
        27,
        15,
        24,
        26,
        4,
        19,
        36,
        25,
        37,
        11,
        1,
        10,
        13,
        23,
        28,
        6,
        39,
        12,
        3,
        14,
        21,
        16,
        20,
        29,
        22,
        5,
        7,
        40,
        9,
        2,
        35,
        30,
        18,
        17,
        34,
        8,
        32,
        38
    ],
    "lkh_gap_pct": 0.0
}