{
    "instance_name": "TSP-random-n70-g1000-5",
    "n_customers": 70,
    "dimension": 2,
    "grid_size": 1000,
    "optimal_cost": 6505,
    "optimal_tour": [
        60,
        30,
        56,
        52,
        44,
        8,
        65,
        53,
        68,
        3,
        20,
        27,
        24,
        49,
        13,
        41,
        58,
        4,
        45,
        63,
        2,
        11,
        64,
        19,
        38,
        47,
        48,
        34,
        33,
        37,
        16,
        10,
        25,
        15,
        61,
        7,
        62,
        66,
        31,
        55,
        29,
        28,
        22,
        23,
        51,
        40,
        1,
        17,
        18,
        46,
        50,
        14,
        59,
        6,
        9,
        54,
        57,
        35,
        12,
        32,
        42,
        21,
        67,
        5,
        26,
        69,
        39,
        70,
        43,
        36
    ],
    "optimal_solver": "lkh",
    "instance_file_path": "C:\\Area-and-Distribution-Free-Estimators-for-TSP\\Generalized_TSP_Analysis\\instances\\TSP-random-n70-g1000-5.json",
    "concorde_length": 6505,
    "concorde_time_s": 1.3077309999935096,
    "concorde_tour": [
        1,
        17,
        18,
        46,
        50,
        14,
        59,
        6,
        9,
        54,
        57,
        35,
        12,
        32,
        42,
        21,
        67,
        5,
        26,
        69,
        39,
        70,
        43,
        36,
        60,
        30,
        56,
        52,
        44,
        8,
        65,
        53,
        68,
        3,
        20,
        27,
        24,
        49,
        13,
        41,
        58,
        4,
        45,
        63,
        2,
        11,
        64,
        19,
        38,
        47,
        48,
        34,
        33,
        37,
        16,
        10,
        25,
        15,
        61,
        7,
        62,
        66,
        31,
        55,
        29,
        28,
        22,
        23,
        51,
        40
    ],
    "lkh_length": 6505,
    "lkh_time_s": 0.22235450000152923,
    "lkh_tour": [
        60,
        30,
        56,
        52,
        44,
        8,
        65,
        53,
        68,
        3,
        20,
        27,
        24,
        49,
        13,
        41,
        58,
        4,
        45,
        63,
        2,
        11,
        64,
        19,
        38,
        47,
        48,
        34,
        33,
        37,
        16,
        10,
        25,
        15,
        61,
        7,
        62,
        66,
        31,
        55,
        29,
        28,
        22,
        23,
        51,
        40,
        1,
        17,
        18,
        46,
        50,
        14,
        59,
        6,
        9,
        54,
        57,
        35,
        12,
        32,
        42,
        21,
        67,
        5,
        26,
        69,
        39,
        70,
        43,
        36
    ],
    "lkh_gap_pct": 0.0
}