{
    "instance_name": "TSP-grid-n30-g1000-3",
    "n_customers": 30,
    "dimension": 2,
    "grid_size": 1000,
    "optimal_cost": 4965,
    "optimal_tour": [
        11,
        5,
        6,
        12,
        18,
        24,
        30,
        29,
        23,
        22,
        28,
        27,
        26,
        25,
        19,
        13,
        14,
        20,
        21,
        15,
        9,
        8,
        7,
        1,
        2,
        3,
        4,
        10,
        16,
        17
    ],
    "optimal_solver": "lkh",
    "instance_file_path": "C:\\Area-and-Distribution-Free-Estimators-for-TSP\\Generalized_TSP_Analysis\\instances\\TSP-grid-n30-g1000-3.json",
    "concorde_length": 4965,
    "concorde_time_s": 0.7688593999919249,
    "concorde_tour": [
        1,
        7,
        8,
        9,
        15,
        21,
        20,
        14,
        13,
        19,
        25,
        26,
        27,
        28,
        22,
        23,
        29,
        30,
        24,
        18,
        12,
        6,
        5,
        11,
        17,
        16,
        10,
        4,
        3,
        2
    ],
    "lkh_length": 4965,
    "lkh_time_s": 0.05110929999500513,
    "lkh_tour": [
        11,
        5,
        6,
        12,
        18,
        24,
        30,
        29,
        23,
        22,
        28,
        27,
        26,
        25,
        19,
        13,
        14,
        20,
        21,
        15,
        9,
        8,
        7,
        1,
        2,
        3,
        4,
        10,
        16,
        17
    ],
    "lkh_gap_pct": 0.0
}