{
    "instance_name": "TSP-triangular_squeezed-n60-g10000-1",
    "n_customers": 60,
    "dimension": 2,
    "grid_size": 10000,
    "optimal_cost": 54011,
    "optimal_tour": [
        49,
        56,
        36,
        11,
        5,
        12,
        42,
        26,
        18,
        17,
        46,
        9,
        31,
        29,
        40,
        27,
        30,
        58,
        24,
        51,
        37,
        52,
        43,
        16,
        35,
        4,
        13,
        59,
        19,
        45,
        14,
        15,
        55,
        6,
        47,
        60,
        34,
        57,
        44,
        21,
        54,
        33,
        7,
        25,
        3,
        2,
        28,
        22,
        20,
        53,
        1,
        41,
        38,
        10,
        48,
        50,
        32,
        39,
        23,
        8
    ],
    "optimal_solver": "lkh",
    "instance_file_path": "C:\\Area-and-Distribution-Free-Estimators-for-TSP\\Generalized_TSP_Analysis\\instances\\TSP-triangular_squeezed-n60-g10000-1.json",
    "concorde_length": 54011,
    "concorde_time_s": 4.541263499995694,
    "concorde_tour": [
        1,
        41,
        38,
        10,
        48,
        50,
        32,
        39,
        23,
        8,
        49,
        56,
        36,
        11,
        5,
        12,
        42,
        26,
        18,
        17,
        46,
        9,
        31,
        29,
        40,
        27,
        30,
        58,
        24,
        51,
        37,
        52,
        43,
        16,
        35,
        4,
        13,
        59,
        19,
        45,
        14,
        15,
        55,
        6,
        47,
        60,
        34,
        57,
        44,
        21,
        54,
        33,
        7,
        25,
        3,
        2,
        28,
        22,
        20,
        53
    ],
    "lkh_length": 54011,
    "lkh_time_s": 0.5430014999874402,
    "lkh_tour": [
        49,
        56,
        36,
        11,
        5,
        12,
        42,
        26,
        18,
        17,
        46,
        9,
        31,
        29,
        40,
        27,
        30,
        58,
        24,
        51,
        37,
        52,
        43,
        16,
        35,
        4,
        13,
        59,
        19,
        45,
        14,
        15,
        55,
        6,
        47,
        60,
        34,
        57,
        44,
        21,
        54,
        33,
        7,
        25,
        3,
        2,
        28,
        22,
        20,
        53,
        1,
        41,
        38,
        10,
        48,
        50,
        32,
        39,
        23,
        8
    ],
    "lkh_gap_pct": 0.0
}