{
    "instance_name": "TSP-normal-n20-g1000-1",
    "n_customers": 20,
    "dimension": 2,
    "grid_size": 1000,
    "optimal_cost": 2489,
    "optimal_tour": [
        16,
        18,
        10,
        4,
        15,
        1,
        7,
        11,
        9,
        2,
        5,
        17,
        14,
        19,
        12,
        13,
        6,
        3,
        8,
        20
    ],
    "optimal_solver": "lkh",
    "instance_file_path": "C:\\Area-and-Distribution-Free-Estimators-for-TSP\\Generalized_TSP_Analysis\\instances\\TSP-normal-n20-g1000-1.json",
    "concorde_length": 2489,
    "concorde_time_s": 2.462524899994605,
    "concorde_tour": [
        1,
        7,
        11,
        9,
        2,
        5,
        17,
        14,
        19,
        12,
        13,
        6,
        3,
        8,
        20,
        16,
        18,
        10,
        4,
        15
    ],
    "lkh_length": 2489,
    "lkh_time_s": 0.2674762999959057,
    "lkh_tour": [
        16,
        18,
        10,
        4,
        15,
        1,
        7,
        11,
        9,
        2,
        5,
        17,
        14,
        19,
        12,
        13,
        6,
        3,
        8,
        20
    ],
    "lkh_gap_pct": 0.0
}