{
    "instance_name": "TSP-triangular-n60-g1000-3",
    "n_customers": 60,
    "dimension": 2,
    "grid_size": 1000,
    "optimal_cost": 5110,
    "optimal_tour": [
        50,
        2,
        14,
        29,
        17,
        46,
        4,
        35,
        55,
        19,
        8,
        24,
        38,
        51,
        53,
        36,
        47,
        37,
        32,
        1,
        21,
        31,
        42,
        45,
        40,
        49,
        44,
        54,
        27,
        13,
        3,
        26,
        33,
        15,
        34,
        12,
        23,
        6,
        43,
        57,
        16,
        30,
        52,
        25,
        48,
        22,
        39,
        9,
        5,
        56,
        7,
        58,
        11,
        20,
        28,
        18,
        59,
        10,
        60,
        41
    ],
    "optimal_solver": "lkh",
    "instance_file_path": "C:\\Area-and-Distribution-Free-Estimators-for-TSP\\Generalized_TSP_Analysis\\instances\\TSP-triangular-n60-g1000-3.json",
    "concorde_length": 5110,
    "concorde_time_s": 1.735082200000761,
    "concorde_tour": [
        1,
        21,
        31,
        42,
        45,
        40,
        49,
        44,
        54,
        27,
        13,
        3,
        26,
        33,
        15,
        34,
        12,
        23,
        6,
        43,
        57,
        16,
        30,
        52,
        25,
        48,
        22,
        39,
        9,
        5,
        56,
        7,
        58,
        11,
        20,
        28,
        18,
        59,
        10,
        60,
        41,
        50,
        2,
        14,
        29,
        17,
        46,
        4,
        35,
        55,
        19,
        8,
        24,
        38,
        51,
        53,
        36,
        47,
        37,
        32
    ],
    "lkh_length": 5110,
    "lkh_time_s": 0.04806480000843294,
    "lkh_tour": [
        50,
        2,
        14,
        29,
        17,
        46,
        4,
        35,
        55,
        19,
        8,
        24,
        38,
        51,
        53,
        36,
        47,
        37,
        32,
        1,
        21,
        31,
        42,
        45,
        40,
        49,
        44,
        54,
        27,
        13,
        3,
        26,
        33,
        15,
        34,
        12,
        23,
        6,
        43,
        57,
        16,
        30,
        52,
        25,
        48,
        22,
        39,
        9,
        5,
        56,
        7,
        58,
        11,
        20,
        28,
        18,
        59,
        10,
        60,
        41
    ],
    "lkh_gap_pct": 0.0
}