{
    "instance_name": "TSP-triangular_squeezed-n20-g1000-4",
    "n_customers": 20,
    "dimension": 2,
    "grid_size": 1000,
    "optimal_cost": 2613,
    "optimal_tour": [
        5,
        14,
        7,
        3,
        2,
        9,
        15,
        16,
        20,
        6,
        19,
        11,
        4,
        17,
        13,
        8,
        12,
        18,
        10,
        1
    ],
    "optimal_solver": "lkh",
    "instance_file_path": "C:\\Area-and-Distribution-Free-Estimators-for-TSP\\Generalized_TSP_Analysis\\instances\\TSP-triangular_squeezed-n20-g1000-4.json",
    "concorde_length": 2613,
    "concorde_time_s": 0.7629676999931689,
    "concorde_tour": [
        1,
        10,
        18,
        12,
        8,
        13,
        17,
        4,
        11,
        19,
        6,
        20,
        16,
        15,
        9,
        2,
        3,
        7,
        14,
        5
    ],
    "lkh_length": 2613,
    "lkh_time_s": 0.13602070001070388,
    "lkh_tour": [
        5,
        14,
        7,
        3,
        2,
        9,
        15,
        16,
        20,
        6,
        19,
        11,
        4,
        17,
        13,
        8,
        12,
        18,
        10,
        1
    ],
    "lkh_gap_pct": 0.0
}