{
    "instance_name": "TSP-grid-n60-g10000-3",
    "n_customers": 60,
    "dimension": 2,
    "grid_size": 10000,
    "optimal_cost": 74107,
    "optimal_tour": [
        35,
        34,
        42,
        50,
        51,
        52,
        60,
        59,
        58,
        57,
        49,
        41,
        33,
        25,
        17,
        9,
        1,
        2,
        10,
        11,
        3,
        4,
        5,
        6,
        7,
        8,
        16,
        15,
        23,
        24,
        32,
        40,
        48,
        56,
        55,
        54,
        53,
        45,
        46,
        47,
        39,
        31,
        30,
        38,
        37,
        29,
        21,
        22,
        14,
        13,
        12,
        20,
        19,
        18,
        26,
        27,
        28,
        36,
        44,
        43
    ],
    "optimal_solver": "lkh",
    "instance_file_path": "C:\\Area-and-Distribution-Free-Estimators-for-TSP\\Generalized_TSP_Analysis\\instances\\TSP-grid-n60-g10000-3.json",
    "concorde_length": 74107,
    "concorde_time_s": 10.067412599993986,
    "concorde_tour": [
        1,
        9,
        17,
        25,
        33,
        41,
        49,
        57,
        58,
        59,
        60,
        52,
        51,
        50,
        42,
        34,
        35,
        43,
        44,
        36,
        37,
        38,
        39,
        47,
        46,
        45,
        53,
        54,
        55,
        56,
        48,
        40,
        32,
        31,
        30,
        22,
        21,
        29,
        28,
        27,
        26,
        18,
        19,
        20,
        12,
        13,
        14,
        15,
        23,
        24,
        16,
        8,
        7,
        6,
        5,
        4,
        3,
        11,
        10,
        2
    ],
    "lkh_length": 74107,
    "lkh_time_s": 0.19115240000246558,
    "lkh_tour": [
        35,
        34,
        42,
        50,
        51,
        52,
        60,
        59,
        58,
        57,
        49,
        41,
        33,
        25,
        17,
        9,
        1,
        2,
        10,
        11,
        3,
        4,
        5,
        6,
        7,
        8,
        16,
        15,
        23,
        24,
        32,
        40,
        48,
        56,
        55,
        54,
        53,
        45,
        46,
        47,
        39,
        31,
        30,
        38,
        37,
        29,
        21,
        22,
        14,
        13,
        12,
        20,
        19,
        18,
        26,
        27,
        28,
        36,
        44,
        43
    ],
    "lkh_gap_pct": 0.0
}