{
    "instance_name": "TSP-squeezed_uniform-n40-g10000-2",
    "n_customers": 40,
    "dimension": 2,
    "grid_size": 10000,
    "optimal_cost": 41759,
    "optimal_tour": [
        2,
        18,
        9,
        27,
        19,
        8,
        23,
        3,
        20,
        12,
        36,
        30,
        32,
        15,
        13,
        39,
        1,
        21,
        7,
        34,
        5,
        35,
        16,
        37,
        11,
        28,
        17,
        22,
        31,
        38,
        14,
        25,
        10,
        33,
        26,
        4,
        29,
        40,
        6,
        24
    ],
    "optimal_solver": "lkh",
    "instance_file_path": "C:\\Area-and-Distribution-Free-Estimators-for-TSP\\Generalized_TSP_Analysis\\instances\\TSP-squeezed_uniform-n40-g10000-2.json",
    "concorde_length": 41759,
    "concorde_time_s": 1.0020891000021948,
    "concorde_tour": [
        1,
        39,
        13,
        15,
        32,
        30,
        36,
        12,
        20,
        3,
        23,
        8,
        19,
        27,
        9,
        18,
        2,
        24,
        6,
        40,
        29,
        4,
        26,
        33,
        10,
        25,
        14,
        38,
        31,
        22,
        17,
        28,
        11,
        37,
        16,
        35,
        5,
        34,
        7,
        21
    ],
    "lkh_length": 41759,
    "lkh_time_s": 0.08990500000072643,
    "lkh_tour": [
        2,
        18,
        9,
        27,
        19,
        8,
        23,
        3,
        20,
        12,
        36,
        30,
        32,
        15,
        13,
        39,
        1,
        21,
        7,
        34,
        5,
        35,
        16,
        37,
        11,
        28,
        17,
        22,
        31,
        38,
        14,
        25,
        10,
        33,
        26,
        4,
        29,
        40,
        6,
        24
    ],
    "lkh_gap_pct": 0.0
}