{
    "instance_name": "TSP-boundary-n70-g1000-5",
    "n_customers": 70,
    "dimension": 2,
    "grid_size": 1000,
    "optimal_cost": 6053,
    "optimal_tour": [
        23,
        13,
        69,
        19,
        28,
        5,
        21,
        52,
        54,
        18,
        11,
        6,
        61,
        50,
        16,
        8,
        35,
        29,
        26,
        34,
        15,
        48,
        2,
        43,
        66,
        25,
        47,
        36,
        7,
        37,
        9,
        44,
        3,
        33,
        17,
        56,
        12,
        40,
        38,
        22,
        68,
        55,
        46,
        67,
        39,
        4,
        58,
        64,
        14,
        31,
        45,
        53,
        27,
        51,
        62,
        70,
        1,
        41,
        30,
        32,
        60,
        24,
        42,
        10,
        65,
        63,
        20,
        49,
        59,
        57
    ],
    "optimal_solver": "lkh",
    "instance_file_path": "C:\\Area-and-Distribution-Free-Estimators-for-TSP\\Generalized_TSP_Analysis\\instances\\TSP-boundary-n70-g1000-5.json",
    "concorde_length": 6053,
    "concorde_time_s": 1.5679574999958277,
    "concorde_tour": [
        1,
        70,
        62,
        51,
        27,
        53,
        45,
        31,
        14,
        64,
        58,
        4,
        39,
        67,
        46,
        55,
        68,
        22,
        38,
        40,
        12,
        56,
        17,
        33,
        3,
        44,
        9,
        37,
        7,
        36,
        47,
        25,
        66,
        43,
        2,
        48,
        15,
        34,
        26,
        29,
        35,
        8,
        16,
        50,
        61,
        6,
        11,
        18,
        54,
        52,
        21,
        5,
        28,
        19,
        69,
        13,
        23,
        57,
        59,
        49,
        20,
        63,
        65,
        10,
        42,
        24,
        60,
        32,
        30,
        41
    ],
    "lkh_length": 6053,
    "lkh_time_s": 0.09670480000204407,
    "lkh_tour": [
        23,
        13,
        69,
        19,
        28,
        5,
        21,
        52,
        54,
        18,
        11,
        6,
        61,
        50,
        16,
        8,
        35,
        29,
        26,
        34,
        15,
        48,
        2,
        43,
        66,
        25,
        47,
        36,
        7,
        37,
        9,
        44,
        3,
        33,
        17,
        56,
        12,
        40,
        38,
        22,
        68,
        55,
        46,
        67,
        39,
        4,
        58,
        64,
        14,
        31,
        45,
        53,
        27,
        51,
        62,
        70,
        1,
        41,
        30,
        32,
        60,
        24,
        42,
        10,
        65,
        63,
        20,
        49,
        59,
        57
    ],
    "lkh_gap_pct": 0.0
}