{
    "instance_name": "TSP-x_central-n40-g10000-4",
    "n_customers": 40,
    "dimension": 2,
    "grid_size": 10000,
    "optimal_cost": 40391,
    "optimal_tour": [
        27,
        39,
        13,
        19,
        2,
        6,
        25,
        38,
        24,
        20,
        28,
        26,
        12,
        3,
        18,
        30,
        34,
        14,
        32,
        40,
        23,
        10,
        22,
        11,
        37,
        4,
        31,
        35,
        17,
        36,
        7,
        33,
        15,
        8,
        29,
        21,
        1,
        5,
        9,
        16
    ],
    "optimal_solver": "lkh",
    "instance_file_path": "C:\\Area-and-Distribution-Free-Estimators-for-TSP\\Generalized_TSP_Analysis\\instances\\TSP-x_central-n40-g10000-4.json",
    "concorde_length": 40391,
    "concorde_time_s": 1.2801460999908159,
    "concorde_tour": [
        1,
        5,
        9,
        16,
        27,
        39,
        13,
        19,
        2,
        6,
        25,
        38,
        24,
        20,
        28,
        26,
        12,
        3,
        18,
        30,
        34,
        14,
        32,
        40,
        23,
        10,
        22,
        11,
        37,
        4,
        31,
        35,
        17,
        36,
        7,
        33,
        15,
        8,
        29,
        21
    ],
    "lkh_length": 40391,
    "lkh_time_s": 0.15554780000820756,
    "lkh_tour": [
        27,
        39,
        13,
        19,
        2,
        6,
        25,
        38,
        24,
        20,
        28,
        26,
        12,
        3,
        18,
        30,
        34,
        14,
        32,
        40,
        23,
        10,
        22,
        11,
        37,
        4,
        31,
        35,
        17,
        36,
        7,
        33,
        15,
        8,
        29,
        21,
        1,
        5,
        9,
        16
    ],
    "lkh_gap_pct": 0.0
}