{
    "instance_name": "TSP-grid-n80-g1000-1",
    "n_customers": 80,
    "dimension": 2,
    "grid_size": 1000,
    "optimal_cost": 8739,
    "optimal_tour": [
        16,
        25,
        34,
        43,
        52,
        51,
        60,
        61,
        62,
        53,
        44,
        35,
        36,
        45,
        54,
        63,
        72,
        71,
        80,
        79,
        70,
        69,
        78,
        77,
        68,
        67,
        76,
        75,
        66,
        57,
        56,
        65,
        74,
        73,
        64,
        55,
        46,
        47,
        38,
        37,
        28,
        19,
        10,
        1,
        2,
        3,
        12,
        11,
        20,
        29,
        30,
        21,
        22,
        31,
        40,
        39,
        48,
        49,
        58,
        59,
        50,
        41,
        42,
        33,
        32,
        23,
        24,
        15,
        14,
        13,
        4,
        5,
        6,
        7,
        8,
        9,
        18,
        27,
        26,
        17
    ],
    "optimal_solver": "lkh",
    "instance_file_path": "C:\\Area-and-Distribution-Free-Estimators-for-TSP\\Generalized_TSP_Analysis\\instances\\TSP-grid-n80-g1000-1.json",
    "concorde_length": 8739,
    "concorde_time_s": 0.9221165000053588,
    "concorde_tour": [
        1,
        10,
        19,
        28,
        37,
        38,
        47,
        46,
        55,
        64,
        73,
        74,
        65,
        56,
        57,
        66,
        75,
        76,
        67,
        68,
        77,
        78,
        69,
        70,
        79,
        80,
        71,
        72,
        63,
        54,
        45,
        36,
        35,
        44,
        53,
        62,
        61,
        60,
        51,
        52,
        43,
        34,
        25,
        16,
        17,
        26,
        27,
        18,
        9,
        8,
        7,
        6,
        5,
        4,
        13,
        14,
        15,
        24,
        23,
        32,
        33,
        42,
        41,
        50,
        59,
        58,
        49,
        48,
        39,
        40,
        31,
        22,
        21,
        30,
        29,
        20,
        11,
        12,
        3,
        2
    ],
    "lkh_length": 8739,
    "lkh_time_s": 0.174717400004738,
    "lkh_tour": [
        16,
        25,
        34,
        43,
        52,
        51,
        60,
        61,
        62,
        53,
        44,
        35,
        36,
        45,
        54,
        63,
        72,
        71,
        80,
        79,
        70,
        69,
        78,
        77,
        68,
        67,
        76,
        75,
        66,
        57,
        56,
        65,
        74,
        73,
        64,
        55,
        46,
        47,
        38,
        37,
        28,
        19,
        10,
        1,
        2,
        3,
        12,
        11,
        20,
        29,
        30,
        21,
        22,
        31,
        40,
        39,
        48,
        49,
        58,
        59,
        50,
        41,
        42,
        33,
        32,
        23,
        24,
        15,
        14,
        13,
        4,
        5,
        6,
        7,
        8,
        9,
        18,
        27,
        26,
        17
    ],
    "lkh_gap_pct": 0.0
}