{
    "instance_name": "TSP-boundary-n50-g10000-4",
    "n_customers": 50,
    "dimension": 2,
    "grid_size": 10000,
    "optimal_cost": 55788,
    "optimal_tour": [
        50,
        36,
        35,
        14,
        42,
        47,
        11,
        45,
        23,
        28,
        27,
        40,
        17,
        46,
        30,
        39,
        16,
        15,
        29,
        26,
        34,
        19,
        12,
        3,
        41,
        44,
        10,
        21,
        33,
        18,
        9,
        13,
        37,
        1,
        2,
        5,
        4,
        32,
        24,
        22,
        8,
        7,
        6,
        43,
        49,
        25,
        20,
        38,
        48,
        31
    ],
    "optimal_solver": "lkh",
    "instance_file_path": "C:\\Area-and-Distribution-Free-Estimators-for-TSP\\Generalized_TSP_Analysis\\instances\\TSP-boundary-n50-g10000-4.json",
    "concorde_length": 55788,
    "concorde_time_s": 2.397399499997846,
    "concorde_tour": [
        1,
        2,
        5,
        4,
        32,
        24,
        22,
        8,
        7,
        6,
        43,
        49,
        25,
        20,
        38,
        48,
        31,
        50,
        36,
        35,
        14,
        42,
        47,
        11,
        45,
        23,
        28,
        27,
        40,
        17,
        46,
        30,
        39,
        16,
        15,
        29,
        26,
        34,
        19,
        12,
        3,
        41,
        44,
        10,
        21,
        33,
        18,
        9,
        13,
        37
    ],
    "lkh_length": 55788,
    "lkh_time_s": 0.0942776000010781,
    "lkh_tour": [
        50,
        36,
        35,
        14,
        42,
        47,
        11,
        45,
        23,
        28,
        27,
        40,
        17,
        46,
        30,
        39,
        16,
        15,
        29,
        26,
        34,
        19,
        12,
        3,
        41,
        44,
        10,
        21,
        33,
        18,
        9,
        13,
        37,
        1,
        2,
        5,
        4,
        32,
        24,
        22,
        8,
        7,
        6,
        43,
        49,
        25,
        20,
        38,
        48,
        31
    ],
    "lkh_gap_pct": 0.0
}