{
    "instance_name": "TSP-triangular_squeezed-n60-g1000-5",
    "n_customers": 60,
    "dimension": 2,
    "grid_size": 1000,
    "optimal_cost": 4560,
    "optimal_tour": [
        28,
        20,
        50,
        17,
        36,
        6,
        60,
        47,
        57,
        1,
        11,
        21,
        18,
        3,
        31,
        25,
        41,
        39,
        24,
        49,
        29,
        15,
        53,
        5,
        7,
        56,
        33,
        10,
        54,
        51,
        38,
        22,
        35,
        42,
        23,
        26,
        43,
        14,
        59,
        4,
        32,
        48,
        2,
        13,
        44,
        30,
        40,
        37,
        9,
        8,
        16,
        27,
        55,
        19,
        34,
        52,
        46,
        45,
        12,
        58
    ],
    "optimal_solver": "lkh",
    "instance_file_path": "C:\\Area-and-Distribution-Free-Estimators-for-TSP\\Generalized_TSP_Analysis\\instances\\TSP-triangular_squeezed-n60-g1000-5.json",
    "concorde_length": 4560,
    "concorde_time_s": 3.3031522999954177,
    "concorde_tour": [
        1,
        57,
        47,
        60,
        6,
        36,
        17,
        50,
        20,
        28,
        58,
        12,
        45,
        46,
        52,
        34,
        19,
        55,
        27,
        16,
        8,
        9,
        37,
        40,
        30,
        44,
        13,
        2,
        48,
        32,
        4,
        59,
        14,
        43,
        26,
        23,
        42,
        35,
        22,
        38,
        51,
        54,
        10,
        33,
        56,
        7,
        5,
        53,
        15,
        29,
        49,
        24,
        39,
        41,
        25,
        31,
        3,
        18,
        21,
        11
    ],
    "lkh_length": 4560,
    "lkh_time_s": 0.1411740000039572,
    "lkh_tour": [
        28,
        20,
        50,
        17,
        36,
        6,
        60,
        47,
        57,
        1,
        11,
        21,
        18,
        3,
        31,
        25,
        41,
        39,
        24,
        49,
        29,
        15,
        53,
        5,
        7,
        56,
        33,
        10,
        54,
        51,
        38,
        22,
        35,
        42,
        23,
        26,
        43,
        14,
        59,
        4,
        32,
        48,
        2,
        13,
        44,
        30,
        40,
        37,
        9,
        8,
        16,
        27,
        55,
        19,
        34,
        52,
        46,
        45,
        12,
        58
    ],
    "lkh_gap_pct": 0.0
}