{
    "instance_name": "TSP-squeezed_uniform-n50-g1000-3",
    "n_customers": 50,
    "dimension": 2,
    "grid_size": 1000,
    "optimal_cost": 4240,
    "optimal_tour": [
        32,
        26,
        21,
        5,
        19,
        46,
        34,
        33,
        50,
        20,
        14,
        47,
        36,
        48,
        2,
        11,
        28,
        49,
        6,
        42,
        4,
        13,
        40,
        8,
        16,
        37,
        31,
        1,
        24,
        3,
        9,
        44,
        18,
        45,
        35,
        39,
        25,
        41,
        10,
        38,
        30,
        7,
        17,
        22,
        15,
        23,
        29,
        12,
        27,
        43
    ],
    "optimal_solver": "lkh",
    "instance_file_path": "C:\\Area-and-Distribution-Free-Estimators-for-TSP\\Generalized_TSP_Analysis\\instances\\TSP-squeezed_uniform-n50-g1000-3.json",
    "concorde_length": 4240,
    "concorde_time_s": 1.4596626999991713,
    "concorde_tour": [
        1,
        24,
        3,
        9,
        44,
        18,
        45,
        35,
        39,
        25,
        41,
        10,
        38,
        30,
        7,
        17,
        22,
        15,
        23,
        29,
        12,
        27,
        43,
        32,
        26,
        21,
        5,
        19,
        46,
        34,
        33,
        50,
        20,
        14,
        47,
        36,
        48,
        2,
        11,
        28,
        49,
        6,
        42,
        4,
        13,
        40,
        8,
        16,
        37,
        31
    ],
    "lkh_length": 4240,
    "lkh_time_s": 0.11006090001319535,
    "lkh_tour": [
        32,
        26,
        21,
        5,
        19,
        46,
        34,
        33,
        50,
        20,
        14,
        47,
        36,
        48,
        2,
        11,
        28,
        49,
        6,
        42,
        4,
        13,
        40,
        8,
        16,
        37,
        31,
        1,
        24,
        3,
        9,
        44,
        18,
        45,
        35,
        39,
        25,
        41,
        10,
        38,
        30,
        7,
        17,
        22,
        15,
        23,
        29,
        12,
        27,
        43
    ],
    "lkh_gap_pct": 0.0
}