{
    "instance_name": "TSP-triangular_squeezed-n40-g1000-4",
    "n_customers": 40,
    "dimension": 2,
    "grid_size": 1000,
    "optimal_cost": 3546,
    "optimal_tour": [
        30,
        33,
        27,
        4,
        18,
        9,
        24,
        29,
        14,
        34,
        12,
        17,
        36,
        23,
        19,
        21,
        13,
        38,
        1,
        16,
        15,
        8,
        32,
        10,
        26,
        37,
        22,
        7,
        35,
        28,
        3,
        31,
        2,
        39,
        11,
        25,
        5,
        20,
        6,
        40
    ],
    "optimal_solver": "lkh",
    "instance_file_path": "C:\\Area-and-Distribution-Free-Estimators-for-TSP\\Generalized_TSP_Analysis\\instances\\TSP-triangular_squeezed-n40-g1000-4.json",
    "concorde_length": 3546,
    "concorde_time_s": 0.9004393000068376,
    "concorde_tour": [
        1,
        38,
        13,
        21,
        19,
        23,
        36,
        17,
        12,
        34,
        14,
        29,
        24,
        9,
        18,
        4,
        27,
        33,
        30,
        40,
        6,
        20,
        5,
        25,
        11,
        39,
        2,
        31,
        3,
        28,
        35,
        7,
        22,
        37,
        26,
        10,
        32,
        8,
        15,
        16
    ],
    "lkh_length": 3546,
    "lkh_time_s": 0.054134999998495914,
    "lkh_tour": [
        30,
        33,
        27,
        4,
        18,
        9,
        24,
        29,
        14,
        34,
        12,
        17,
        36,
        23,
        19,
        21,
        13,
        38,
        1,
        16,
        15,
        8,
        32,
        10,
        26,
        37,
        22,
        7,
        35,
        28,
        3,
        31,
        2,
        39,
        11,
        25,
        5,
        20,
        6,
        40
    ],
    "lkh_gap_pct": 0.0
}