{
    "instance_name": "TSP-triangular-n40-g10000-3",
    "n_customers": 40,
    "dimension": 2,
    "grid_size": 10000,
    "optimal_cost": 45773,
    "optimal_tour": [
        14,
        12,
        29,
        2,
        34,
        1,
        30,
        38,
        25,
        23,
        8,
        28,
        5,
        20,
        27,
        39,
        11,
        31,
        6,
        19,
        9,
        18,
        24,
        26,
        4,
        32,
        36,
        13,
        7,
        35,
        21,
        40,
        33,
        37,
        3,
        16,
        15,
        22,
        10,
        17
    ],
    "optimal_solver": "lkh",
    "instance_file_path": "C:\\Area-and-Distribution-Free-Estimators-for-TSP\\Generalized_TSP_Analysis\\instances\\TSP-triangular-n40-g10000-3.json",
    "concorde_length": 45773,
    "concorde_time_s": 1.6426742000039667,
    "concorde_tour": [
        1,
        34,
        2,
        29,
        12,
        14,
        17,
        10,
        22,
        15,
        16,
        3,
        37,
        33,
        40,
        21,
        35,
        7,
        13,
        36,
        32,
        4,
        26,
        24,
        18,
        9,
        19,
        6,
        31,
        11,
        39,
        27,
        20,
        5,
        28,
        8,
        23,
        25,
        38,
        30
    ],
    "lkh_length": 45773,
    "lkh_time_s": 0.2046981000021333,
    "lkh_tour": [
        14,
        12,
        29,
        2,
        34,
        1,
        30,
        38,
        25,
        23,
        8,
        28,
        5,
        20,
        27,
        39,
        11,
        31,
        6,
        19,
        9,
        18,
        24,
        26,
        4,
        32,
        36,
        13,
        7,
        35,
        21,
        40,
        33,
        37,
        3,
        16,
        15,
        22,
        10,
        17
    ],
    "lkh_gap_pct": 0.0
}