{
    "instance_name": "TSP-random-n40-g10000-4",
    "n_customers": 40,
    "dimension": 2,
    "grid_size": 10000,
    "optimal_cost": 49715,
    "optimal_tour": [
        30,
        32,
        8,
        11,
        16,
        15,
        7,
        12,
        34,
        28,
        10,
        37,
        1,
        14,
        4,
        27,
        31,
        24,
        20,
        19,
        5,
        35,
        25,
        40,
        17,
        39,
        21,
        36,
        9,
        29,
        13,
        18,
        23,
        26,
        38,
        33,
        3,
        6,
        2,
        22
    ],
    "optimal_solver": "lkh",
    "instance_file_path": "C:\\Area-and-Distribution-Free-Estimators-for-TSP\\Generalized_TSP_Analysis\\instances\\TSP-random-n40-g10000-4.json",
    "concorde_length": 49715,
    "concorde_time_s": 1.1652833999978611,
    "concorde_tour": [
        1,
        37,
        10,
        28,
        34,
        12,
        7,
        15,
        16,
        11,
        8,
        32,
        30,
        22,
        2,
        6,
        3,
        33,
        38,
        26,
        23,
        18,
        13,
        29,
        9,
        36,
        21,
        39,
        17,
        40,
        25,
        35,
        5,
        19,
        20,
        24,
        31,
        27,
        4,
        14
    ],
    "lkh_length": 49715,
    "lkh_time_s": 0.06551069999113679,
    "lkh_tour": [
        30,
        32,
        8,
        11,
        16,
        15,
        7,
        12,
        34,
        28,
        10,
        37,
        1,
        14,
        4,
        27,
        31,
        24,
        20,
        19,
        5,
        35,
        25,
        40,
        17,
        39,
        21,
        36,
        9,
        29,
        13,
        18,
        23,
        26,
        38,
        33,
        3,
        6,
        2,
        22
    ],
    "lkh_gap_pct": 0.0
}