{
    "instance_name": "TSP-correlated-n70-g10000-5",
    "n_customers": 70,
    "dimension": 2,
    "grid_size": 10000,
    "optimal_cost": 38287,
    "optimal_tour": [
        54,
        57,
        18,
        65,
        34,
        61,
        21,
        51,
        1,
        43,
        31,
        11,
        5,
        26,
        23,
        24,
        42,
        4,
        29,
        39,
        28,
        62,
        45,
        12,
        63,
        53,
        20,
        41,
        3,
        69,
        25,
        22,
        52,
        49,
        7,
        16,
        66,
        8,
        37,
        60,
        14,
        48,
        55,
        10,
        46,
        19,
        68,
        56,
        44,
        35,
        40,
        58,
        6,
        17,
        2,
        59,
        30,
        38,
        47,
        67,
        32,
        13,
        50,
        27,
        15,
        64,
        9,
        36,
        70,
        33
    ],
    "optimal_solver": "lkh",
    "instance_file_path": "C:\\Area-and-Distribution-Free-Estimators-for-TSP\\Generalized_TSP_Analysis\\instances\\TSP-correlated-n70-g10000-5.json",
    "concorde_length": 38287,
    "concorde_time_s": 1.6713999999919906,
    "concorde_tour": [
        1,
        51,
        21,
        61,
        34,
        65,
        18,
        57,
        54,
        33,
        70,
        36,
        9,
        64,
        15,
        27,
        50,
        13,
        32,
        67,
        47,
        38,
        30,
        59,
        2,
        17,
        6,
        58,
        40,
        35,
        44,
        56,
        68,
        19,
        46,
        10,
        55,
        48,
        14,
        60,
        37,
        8,
        66,
        16,
        7,
        49,
        52,
        22,
        25,
        69,
        3,
        41,
        20,
        53,
        63,
        12,
        45,
        62,
        28,
        39,
        29,
        4,
        42,
        24,
        23,
        26,
        5,
        11,
        31,
        43
    ],
    "lkh_length": 38287,
    "lkh_time_s": 0.13563040000735782,
    "lkh_tour": [
        54,
        57,
        18,
        65,
        34,
        61,
        21,
        51,
        1,
        43,
        31,
        11,
        5,
        26,
        23,
        24,
        42,
        4,
        29,
        39,
        28,
        62,
        45,
        12,
        63,
        53,
        20,
        41,
        3,
        69,
        25,
        22,
        52,
        49,
        7,
        16,
        66,
        8,
        37,
        60,
        14,
        48,
        55,
        10,
        46,
        19,
        68,
        56,
        44,
        35,
        40,
        58,
        6,
        17,
        2,
        59,
        30,
        38,
        47,
        67,
        32,
        13,
        50,
        27,
        15,
        64,
        9,
        36,
        70,
        33
    ],
    "lkh_gap_pct": 0.0
}