{
    "instance_name": "TSP-random-n30-g10000-4",
    "n_customers": 30,
    "dimension": 2,
    "grid_size": 10000,
    "optimal_cost": 44246,
    "optimal_tour": [
        2,
        11,
        24,
        1,
        20,
        6,
        21,
        5,
        22,
        12,
        25,
        3,
        29,
        8,
        9,
        13,
        18,
        4,
        10,
        14,
        16,
        30,
        19,
        28,
        27,
        26,
        23,
        17,
        7,
        15
    ],
    "optimal_solver": "lkh",
    "instance_file_path": "C:\\Area-and-Distribution-Free-Estimators-for-TSP\\Generalized_TSP_Analysis\\instances\\TSP-random-n30-g10000-4.json",
    "concorde_length": 44246,
    "concorde_time_s": 0.9328345000103582,
    "concorde_tour": [
        1,
        24,
        11,
        2,
        15,
        7,
        17,
        23,
        26,
        27,
        28,
        19,
        30,
        16,
        14,
        10,
        4,
        18,
        13,
        9,
        8,
        29,
        3,
        25,
        12,
        22,
        5,
        21,
        6,
        20
    ],
    "lkh_length": 44246,
    "lkh_time_s": 0.05236980000336189,
    "lkh_tour": [
        2,
        11,
        24,
        1,
        20,
        6,
        21,
        5,
        22,
        12,
        25,
        3,
        29,
        8,
        9,
        13,
        18,
        4,
        10,
        14,
        16,
        30,
        19,
        28,
        27,
        26,
        23,
        17,
        7,
        15
    ],
    "lkh_gap_pct": 0.0
}