{
    "instance_name": "TSP-triangular-n40-g10000-5",
    "n_customers": 40,
    "dimension": 2,
    "grid_size": 10000,
    "optimal_cost": 41802,
    "optimal_tour": [
        34,
        40,
        17,
        37,
        13,
        27,
        35,
        39,
        30,
        29,
        38,
        26,
        19,
        33,
        1,
        21,
        6,
        7,
        36,
        5,
        32,
        24,
        9,
        23,
        31,
        22,
        10,
        28,
        3,
        12,
        4,
        20,
        2,
        18,
        11,
        14,
        25,
        16,
        15,
        8
    ],
    "optimal_solver": "lkh",
    "instance_file_path": "C:\\Area-and-Distribution-Free-Estimators-for-TSP\\Generalized_TSP_Analysis\\instances\\TSP-triangular-n40-g10000-5.json",
    "concorde_length": 41802,
    "concorde_time_s": 1.3593856999941636,
    "concorde_tour": [
        1,
        21,
        6,
        7,
        36,
        5,
        32,
        24,
        9,
        23,
        31,
        22,
        10,
        28,
        3,
        12,
        4,
        20,
        2,
        18,
        11,
        14,
        25,
        16,
        15,
        8,
        34,
        40,
        17,
        37,
        13,
        27,
        35,
        39,
        30,
        29,
        38,
        26,
        19,
        33
    ],
    "lkh_length": 41802,
    "lkh_time_s": 0.08674750001227949,
    "lkh_tour": [
        34,
        40,
        17,
        37,
        13,
        27,
        35,
        39,
        30,
        29,
        38,
        26,
        19,
        33,
        1,
        21,
        6,
        7,
        36,
        5,
        32,
        24,
        9,
        23,
        31,
        22,
        10,
        28,
        3,
        12,
        4,
        20,
        2,
        18,
        11,
        14,
        25,
        16,
        15,
        8
    ],
    "lkh_gap_pct": 0.0
}