{
    "instance_name": "TSP-correlated-n40-g10000-4",
    "n_customers": 40,
    "dimension": 2,
    "grid_size": 10000,
    "optimal_cost": 34842,
    "optimal_tour": [
        3,
        12,
        24,
        33,
        25,
        8,
        17,
        26,
        2,
        38,
        9,
        28,
        18,
        19,
        4,
        16,
        15,
        23,
        35,
        11,
        31,
        14,
        30,
        37,
        27,
        22,
        32,
        6,
        20,
        5,
        10,
        36,
        40,
        1,
        21,
        7,
        13,
        34,
        29,
        39
    ],
    "optimal_solver": "lkh",
    "instance_file_path": "C:\\Area-and-Distribution-Free-Estimators-for-TSP\\Generalized_TSP_Analysis\\instances\\TSP-correlated-n40-g10000-4.json",
    "concorde_length": 34842,
    "concorde_time_s": 1.3358805000025313,
    "concorde_tour": [
        1,
        21,
        7,
        13,
        34,
        29,
        39,
        3,
        12,
        24,
        33,
        25,
        8,
        17,
        26,
        2,
        38,
        9,
        28,
        18,
        19,
        4,
        16,
        15,
        23,
        35,
        11,
        31,
        14,
        30,
        37,
        27,
        22,
        32,
        6,
        20,
        5,
        10,
        36,
        40
    ],
    "lkh_length": 34842,
    "lkh_time_s": 0.11325110000325367,
    "lkh_tour": [
        3,
        12,
        24,
        33,
        25,
        8,
        17,
        26,
        2,
        38,
        9,
        28,
        18,
        19,
        4,
        16,
        15,
        23,
        35,
        11,
        31,
        14,
        30,
        37,
        27,
        22,
        32,
        6,
        20,
        5,
        10,
        36,
        40,
        1,
        21,
        7,
        13,
        34,
        29,
        39
    ],
    "lkh_gap_pct": 0.0
}