{
    "instance_name": "TSP-truncated_exponential-n20-g10000-4",
    "n_customers": 20,
    "dimension": 2,
    "grid_size": 10000,
    "optimal_cost": 36174,
    "optimal_tour": [
        16,
        7,
        20,
        13,
        19,
        4,
        5,
        2,
        18,
        9,
        17,
        8,
        15,
        6,
        12,
        11,
        10,
        14,
        1,
        3
    ],
    "optimal_solver": "lkh",
    "instance_file_path": "C:\\Area-and-Distribution-Free-Estimators-for-TSP\\Generalized_TSP_Analysis\\instances\\TSP-truncated_exponential-n20-g10000-4.json",
    "concorde_length": 36174,
    "concorde_time_s": 1.1477600000071106,
    "concorde_tour": [
        1,
        3,
        16,
        7,
        20,
        13,
        19,
        4,
        5,
        2,
        18,
        9,
        17,
        8,
        15,
        6,
        12,
        11,
        10,
        14
    ],
    "lkh_length": 36174,
    "lkh_time_s": 0.06213170000410173,
    "lkh_tour": [
        16,
        7,
        20,
        13,
        19,
        4,
        5,
        2,
        18,
        9,
        17,
        8,
        15,
        6,
        12,
        11,
        10,
        14,
        1,
        3
    ],
    "lkh_gap_pct": 0.0
}