{
    "instance_name": "TSP-triangular-n70-g10000-1",
    "n_customers": 70,
    "dimension": 2,
    "grid_size": 10000,
    "optimal_cost": 57680,
    "optimal_tour": [
        12,
        10,
        26,
        41,
        16,
        40,
        43,
        30,
        63,
        34,
        49,
        52,
        50,
        31,
        17,
        38,
        2,
        44,
        51,
        15,
        59,
        18,
        22,
        48,
        58,
        61,
        32,
        35,
        5,
        54,
        64,
        70,
        29,
        66,
        6,
        11,
        21,
        67,
        62,
        13,
        39,
        9,
        57,
        46,
        20,
        65,
        37,
        69,
        4,
        7,
        14,
        56,
        24,
        8,
        3,
        60,
        27,
        1,
        19,
        42,
        23,
        25,
        33,
        36,
        68,
        45,
        47,
        55,
        53,
        28
    ],
    "optimal_solver": "lkh",
    "instance_file_path": "C:\\Area-and-Distribution-Free-Estimators-for-TSP\\Generalized_TSP_Analysis\\instances\\TSP-triangular-n70-g10000-1.json",
    "concorde_length": 57680,
    "concorde_time_s": 3.2198047999991104,
    "concorde_tour": [
        1,
        27,
        60,
        3,
        8,
        24,
        56,
        14,
        7,
        4,
        69,
        37,
        65,
        20,
        46,
        57,
        9,
        39,
        13,
        62,
        67,
        21,
        11,
        6,
        66,
        29,
        70,
        64,
        54,
        5,
        35,
        32,
        61,
        58,
        48,
        22,
        18,
        59,
        15,
        51,
        44,
        2,
        38,
        17,
        31,
        50,
        52,
        49,
        34,
        63,
        30,
        43,
        40,
        16,
        41,
        26,
        10,
        12,
        28,
        53,
        55,
        47,
        45,
        68,
        36,
        33,
        25,
        23,
        42,
        19
    ],
    "lkh_length": 57680,
    "lkh_time_s": 0.21034649999637622,
    "lkh_tour": [
        12,
        10,
        26,
        41,
        16,
        40,
        43,
        30,
        63,
        34,
        49,
        52,
        50,
        31,
        17,
        38,
        2,
        44,
        51,
        15,
        59,
        18,
        22,
        48,
        58,
        61,
        32,
        35,
        5,
        54,
        64,
        70,
        29,
        66,
        6,
        11,
        21,
        67,
        62,
        13,
        39,
        9,
        57,
        46,
        20,
        65,
        37,
        69,
        4,
        7,
        14,
        56,
        24,
        8,
        3,
        60,
        27,
        1,
        19,
        42,
        23,
        25,
        33,
        36,
        68,
        45,
        47,
        55,
        53,
        28
    ],
    "lkh_gap_pct": 0.0
}