{
    "instance_name": "TSP-truncated_exponential-n80-g1000-2",
    "n_customers": 80,
    "dimension": 2,
    "grid_size": 1000,
    "optimal_cost": 7210,
    "optimal_tour": [
        72,
        69,
        48,
        57,
        34,
        67,
        58,
        59,
        7,
        10,
        71,
        52,
        47,
        75,
        8,
        3,
        14,
        16,
        13,
        26,
        45,
        53,
        37,
        46,
        78,
        80,
        44,
        2,
        23,
        77,
        70,
        5,
        20,
        56,
        64,
        68,
        39,
        50,
        76,
        36,
        55,
        24,
        27,
        4,
        15,
        29,
        74,
        40,
        51,
        25,
        73,
        28,
        22,
        49,
        35,
        11,
        31,
        19,
        30,
        21,
        41,
        63,
        1,
        60,
        33,
        42,
        38,
        17,
        65,
        12,
        79,
        32,
        18,
        9,
        61,
        6,
        54,
        43,
        62,
        66
    ],
    "optimal_solver": "lkh",
    "instance_file_path": "C:\\Area-and-Distribution-Free-Estimators-for-TSP\\Generalized_TSP_Analysis\\instances\\TSP-truncated_exponential-n80-g1000-2.json",
    "concorde_length": 7210,
    "concorde_time_s": 1.3747514000133378,
    "concorde_tour": [
        1,
        60,
        33,
        42,
        38,
        17,
        65,
        12,
        79,
        32,
        18,
        9,
        61,
        6,
        54,
        43,
        62,
        66,
        72,
        69,
        48,
        57,
        34,
        67,
        58,
        59,
        7,
        10,
        71,
        52,
        47,
        75,
        8,
        3,
        14,
        16,
        13,
        26,
        45,
        53,
        37,
        46,
        78,
        80,
        44,
        2,
        23,
        77,
        70,
        5,
        20,
        56,
        64,
        68,
        39,
        50,
        76,
        36,
        55,
        24,
        27,
        4,
        15,
        29,
        74,
        40,
        51,
        25,
        73,
        28,
        22,
        49,
        35,
        11,
        31,
        19,
        30,
        21,
        41,
        63
    ],
    "lkh_length": 7210,
    "lkh_time_s": 0.5846137999906205,
    "lkh_tour": [
        72,
        69,
        48,
        57,
        34,
        67,
        58,
        59,
        7,
        10,
        71,
        52,
        47,
        75,
        8,
        3,
        14,
        16,
        13,
        26,
        45,
        53,
        37,
        46,
        78,
        80,
        44,
        2,
        23,
        77,
        70,
        5,
        20,
        56,
        64,
        68,
        39,
        50,
        76,
        36,
        55,
        24,
        27,
        4,
        15,
        29,
        74,
        40,
        51,
        25,
        73,
        28,
        22,
        49,
        35,
        11,
        31,
        19,
        30,
        21,
        41,
        63,
        1,
        60,
        33,
        42,
        38,
        17,
        65,
        12,
        79,
        32,
        18,
        9,
        61,
        6,
        54,
        43,
        62,
        66
    ],
    "lkh_gap_pct": 0.0
}