{
    "instance_name": "TSP-correlated-n40-g1000-5",
    "n_customers": 40,
    "dimension": 2,
    "grid_size": 1000,
    "optimal_cost": 3317,
    "optimal_tour": [
        4,
        14,
        13,
        28,
        3,
        39,
        8,
        2,
        7,
        24,
        20,
        30,
        27,
        15,
        29,
        26,
        37,
        36,
        25,
        40,
        33,
        31,
        5,
        11,
        35,
        32,
        38,
        34,
        18,
        19,
        12,
        16,
        23,
        17,
        21,
        9,
        22,
        10,
        1,
        6
    ],
    "optimal_solver": "lkh",
    "instance_file_path": "C:\\Area-and-Distribution-Free-Estimators-for-TSP\\Generalized_TSP_Analysis\\instances\\TSP-correlated-n40-g1000-5.json",
    "concorde_length": 3317,
    "concorde_time_s": 0.8740260999911698,
    "concorde_tour": [
        1,
        10,
        22,
        9,
        21,
        17,
        23,
        16,
        12,
        19,
        18,
        34,
        38,
        32,
        35,
        11,
        5,
        31,
        33,
        40,
        25,
        36,
        37,
        26,
        29,
        15,
        27,
        30,
        20,
        24,
        7,
        2,
        8,
        39,
        3,
        28,
        13,
        14,
        4,
        6
    ],
    "lkh_length": 3317,
    "lkh_time_s": 0.07137550000334159,
    "lkh_tour": [
        4,
        14,
        13,
        28,
        3,
        39,
        8,
        2,
        7,
        24,
        20,
        30,
        27,
        15,
        29,
        26,
        37,
        36,
        25,
        40,
        33,
        31,
        5,
        11,
        35,
        32,
        38,
        34,
        18,
        19,
        12,
        16,
        23,
        17,
        21,
        9,
        22,
        10,
        1,
        6
    ],
    "lkh_gap_pct": 0.0
}