{
    "instance_name": "TSP-x_central-n40-g10000-1",
    "n_customers": 40,
    "dimension": 2,
    "grid_size": 10000,
    "optimal_cost": 46078,
    "optimal_tour": [
        37,
        16,
        26,
        27,
        7,
        17,
        12,
        4,
        40,
        3,
        36,
        8,
        24,
        21,
        2,
        22,
        39,
        38,
        10,
        25,
        23,
        1,
        5,
        29,
        19,
        33,
        15,
        20,
        9,
        6,
        31,
        18,
        13,
        30,
        35,
        11,
        14,
        32,
        34,
        28
    ],
    "optimal_solver": "lkh",
    "instance_file_path": "C:\\Area-and-Distribution-Free-Estimators-for-TSP\\Generalized_TSP_Analysis\\instances\\TSP-x_central-n40-g10000-1.json",
    "concorde_length": 46078,
    "concorde_time_s": 0.8285331999941263,
    "concorde_tour": [
        1,
        23,
        25,
        10,
        38,
        39,
        22,
        2,
        21,
        24,
        8,
        36,
        3,
        40,
        4,
        12,
        17,
        7,
        27,
        26,
        16,
        37,
        28,
        34,
        32,
        14,
        11,
        35,
        30,
        13,
        18,
        31,
        6,
        9,
        20,
        15,
        33,
        19,
        29,
        5
    ],
    "lkh_length": 46078,
    "lkh_time_s": 0.06236860000353772,
    "lkh_tour": [
        37,
        16,
        26,
        27,
        7,
        17,
        12,
        4,
        40,
        3,
        36,
        8,
        24,
        21,
        2,
        22,
        39,
        38,
        10,
        25,
        23,
        1,
        5,
        29,
        19,
        33,
        15,
        20,
        9,
        6,
        31,
        18,
        13,
        30,
        35,
        11,
        14,
        32,
        34,
        28
    ],
    "lkh_gap_pct": 0.0
}