{
    "instance_name": "TSP-squeezed_uniform-n70-g10000-4",
    "n_customers": 70,
    "dimension": 2,
    "grid_size": 10000,
    "optimal_cost": 55339,
    "optimal_tour": [
        40,
        63,
        30,
        22,
        57,
        34,
        13,
        61,
        25,
        27,
        31,
        59,
        33,
        3,
        7,
        55,
        28,
        53,
        67,
        8,
        68,
        43,
        18,
        26,
        15,
        46,
        62,
        20,
        47,
        37,
        56,
        36,
        58,
        2,
        50,
        45,
        19,
        16,
        17,
        41,
        35,
        54,
        44,
        39,
        29,
        10,
        12,
        21,
        1,
        14,
        65,
        32,
        9,
        51,
        69,
        42,
        49,
        24,
        52,
        64,
        11,
        48,
        23,
        6,
        66,
        60,
        38,
        70,
        4,
        5
    ],
    "optimal_solver": "lkh",
    "instance_file_path": "C:\\Area-and-Distribution-Free-Estimators-for-TSP\\Generalized_TSP_Analysis\\instances\\TSP-squeezed_uniform-n70-g10000-4.json",
    "concorde_length": 55339,
    "concorde_time_s": 6.3434230999992,
    "concorde_tour": [
        1,
        21,
        12,
        10,
        29,
        39,
        44,
        54,
        35,
        41,
        17,
        16,
        19,
        45,
        50,
        2,
        58,
        36,
        56,
        37,
        47,
        20,
        62,
        46,
        15,
        26,
        18,
        43,
        68,
        8,
        67,
        53,
        28,
        55,
        7,
        3,
        33,
        59,
        31,
        27,
        25,
        61,
        13,
        34,
        57,
        22,
        30,
        63,
        40,
        5,
        4,
        70,
        38,
        60,
        66,
        6,
        23,
        48,
        11,
        64,
        52,
        24,
        49,
        42,
        69,
        51,
        9,
        32,
        65,
        14
    ],
    "lkh_length": 55339,
    "lkh_time_s": 0.5710421999974642,
    "lkh_tour": [
        40,
        63,
        30,
        22,
        57,
        34,
        13,
        61,
        25,
        27,
        31,
        59,
        33,
        3,
        7,
        55,
        28,
        53,
        67,
        8,
        68,
        43,
        18,
        26,
        15,
        46,
        62,
        20,
        47,
        37,
        56,
        36,
        58,
        2,
        50,
        45,
        19,
        16,
        17,
        41,
        35,
        54,
        44,
        39,
        29,
        10,
        12,
        21,
        1,
        14,
        65,
        32,
        9,
        51,
        69,
        42,
        49,
        24,
        52,
        64,
        11,
        48,
        23,
        6,
        66,
        60,
        38,
        70,
        4,
        5
    ],
    "lkh_gap_pct": 0.0
}