{
    "instance_name": "TSP-correlated-n80-g1000-2",
    "n_customers": 80,
    "dimension": 2,
    "grid_size": 1000,
    "optimal_cost": 4562,
    "optimal_tour": [
        48,
        44,
        17,
        49,
        13,
        60,
        68,
        1,
        55,
        62,
        50,
        42,
        31,
        34,
        25,
        9,
        32,
        36,
        46,
        65,
        14,
        61,
        19,
        77,
        78,
        22,
        63,
        75,
        27,
        5,
        38,
        66,
        20,
        47,
        4,
        59,
        53,
        64,
        15,
        43,
        56,
        51,
        71,
        28,
        7,
        52,
        67,
        23,
        2,
        80,
        16,
        3,
        21,
        37,
        41,
        54,
        79,
        10,
        45,
        24,
        11,
        35,
        26,
        58,
        70,
        72,
        8,
        69,
        6,
        29,
        73,
        57,
        18,
        74,
        12,
        40,
        39,
        76,
        30,
        33
    ],
    "optimal_solver": "lkh",
    "instance_file_path": "C:\\Area-and-Distribution-Free-Estimators-for-TSP\\Generalized_TSP_Analysis\\instances\\TSP-correlated-n80-g1000-2.json",
    "concorde_length": 4562,
    "concorde_time_s": 2.26684130000649,
    "concorde_tour": [
        1,
        55,
        62,
        50,
        42,
        31,
        34,
        25,
        9,
        32,
        36,
        46,
        65,
        14,
        61,
        19,
        77,
        78,
        22,
        63,
        75,
        27,
        5,
        38,
        66,
        20,
        47,
        4,
        59,
        53,
        64,
        15,
        43,
        56,
        51,
        71,
        28,
        7,
        52,
        67,
        23,
        2,
        80,
        16,
        3,
        21,
        37,
        41,
        54,
        79,
        10,
        45,
        24,
        11,
        35,
        26,
        58,
        70,
        72,
        8,
        69,
        6,
        29,
        73,
        57,
        18,
        74,
        12,
        40,
        39,
        76,
        30,
        33,
        48,
        44,
        17,
        49,
        13,
        60,
        68
    ],
    "lkh_length": 4562,
    "lkh_time_s": 0.20416710000426974,
    "lkh_tour": [
        48,
        44,
        17,
        49,
        13,
        60,
        68,
        1,
        55,
        62,
        50,
        42,
        31,
        34,
        25,
        9,
        32,
        36,
        46,
        65,
        14,
        61,
        19,
        77,
        78,
        22,
        63,
        75,
        27,
        5,
        38,
        66,
        20,
        47,
        4,
        59,
        53,
        64,
        15,
        43,
        56,
        51,
        71,
        28,
        7,
        52,
        67,
        23,
        2,
        80,
        16,
        3,
        21,
        37,
        41,
        54,
        79,
        10,
        45,
        24,
        11,
        35,
        26,
        58,
        70,
        72,
        8,
        69,
        6,
        29,
        73,
        57,
        18,
        74,
        12,
        40,
        39,
        76,
        30,
        33
    ],
    "lkh_gap_pct": 0.0
}