{
    "instance_name": "TSP-grid-n50-g10000-3",
    "n_customers": 50,
    "dimension": 2,
    "grid_size": 10000,
    "optimal_cost": 61652,
    "optimal_tour": [
        27,
        28,
        36,
        37,
        38,
        39,
        31,
        32,
        40,
        48,
        47,
        46,
        45,
        44,
        43,
        35,
        34,
        42,
        50,
        49,
        41,
        33,
        25,
        26,
        18,
        17,
        9,
        1,
        2,
        10,
        11,
        3,
        4,
        12,
        13,
        5,
        6,
        7,
        8,
        16,
        24,
        23,
        15,
        14,
        22,
        30,
        29,
        21,
        20,
        19
    ],
    "optimal_solver": "lkh",
    "instance_file_path": "C:\\Area-and-Distribution-Free-Estimators-for-TSP\\Generalized_TSP_Analysis\\instances\\TSP-grid-n50-g10000-3.json",
    "concorde_length": 61652,
    "concorde_time_s": 1.3983601999934763,
    "concorde_tour": [
        1,
        9,
        17,
        18,
        26,
        25,
        33,
        41,
        49,
        50,
        42,
        34,
        35,
        43,
        44,
        45,
        46,
        47,
        48,
        40,
        32,
        31,
        39,
        38,
        37,
        36,
        28,
        27,
        19,
        20,
        21,
        29,
        30,
        22,
        14,
        15,
        23,
        24,
        16,
        8,
        7,
        6,
        5,
        13,
        12,
        4,
        3,
        11,
        10,
        2
    ],
    "lkh_length": 61652,
    "lkh_time_s": 0.04959779999626335,
    "lkh_tour": [
        27,
        28,
        36,
        37,
        38,
        39,
        31,
        32,
        40,
        48,
        47,
        46,
        45,
        44,
        43,
        35,
        34,
        42,
        50,
        49,
        41,
        33,
        25,
        26,
        18,
        17,
        9,
        1,
        2,
        10,
        11,
        3,
        4,
        12,
        13,
        5,
        6,
        7,
        8,
        16,
        24,
        23,
        15,
        14,
        22,
        30,
        29,
        21,
        20,
        19
    ],
    "lkh_gap_pct": 0.0
}