{
    "instance_name": "TSP-correlated-n30-g1000-5",
    "n_customers": 30,
    "dimension": 2,
    "grid_size": 1000,
    "optimal_cost": 2946,
    "optimal_tour": [
        26,
        30,
        13,
        27,
        10,
        7,
        20,
        1,
        14,
        12,
        17,
        21,
        23,
        16,
        11,
        3,
        29,
        15,
        24,
        19,
        22,
        5,
        9,
        28,
        18,
        6,
        2,
        25,
        4,
        8
    ],
    "optimal_solver": "lkh",
    "instance_file_path": "C:\\Area-and-Distribution-Free-Estimators-for-TSP\\Generalized_TSP_Analysis\\instances\\TSP-correlated-n30-g1000-5.json",
    "concorde_length": 2946,
    "concorde_time_s": 1.011856999990414,
    "concorde_tour": [
        1,
        14,
        12,
        17,
        21,
        23,
        16,
        11,
        3,
        29,
        15,
        24,
        19,
        22,
        5,
        9,
        28,
        18,
        6,
        2,
        25,
        4,
        8,
        26,
        30,
        13,
        27,
        10,
        7,
        20
    ],
    "lkh_length": 2946,
    "lkh_time_s": 0.057796099994448014,
    "lkh_tour": [
        26,
        30,
        13,
        27,
        10,
        7,
        20,
        1,
        14,
        12,
        17,
        21,
        23,
        16,
        11,
        3,
        29,
        15,
        24,
        19,
        22,
        5,
        9,
        28,
        18,
        6,
        2,
        25,
        4,
        8
    ],
    "lkh_gap_pct": 0.0
}