{
    "instance_name": "TSP-squeezed_uniform-n60-g1000-4",
    "n_customers": 60,
    "dimension": 2,
    "grid_size": 1000,
    "optimal_cost": 5104,
    "optimal_tour": [
        8,
        24,
        7,
        15,
        31,
        57,
        56,
        11,
        12,
        58,
        23,
        9,
        25,
        16,
        17,
        20,
        42,
        40,
        1,
        13,
        44,
        51,
        39,
        21,
        34,
        19,
        53,
        29,
        45,
        38,
        48,
        50,
        37,
        35,
        60,
        2,
        10,
        54,
        27,
        4,
        41,
        28,
        49,
        59,
        6,
        47,
        33,
        52,
        36,
        32,
        43,
        3,
        26,
        30,
        14,
        5,
        18,
        22,
        46,
        55
    ],
    "optimal_solver": "lkh",
    "instance_file_path": "C:\\Area-and-Distribution-Free-Estimators-for-TSP\\Generalized_TSP_Analysis\\instances\\TSP-squeezed_uniform-n60-g1000-4.json",
    "concorde_length": 5104,
    "concorde_time_s": 1.7241420000063954,
    "concorde_tour": [
        1,
        13,
        44,
        51,
        39,
        21,
        34,
        19,
        53,
        29,
        45,
        38,
        48,
        50,
        37,
        35,
        60,
        2,
        10,
        54,
        27,
        4,
        41,
        28,
        49,
        59,
        6,
        47,
        33,
        52,
        36,
        32,
        43,
        3,
        26,
        30,
        14,
        5,
        18,
        22,
        46,
        55,
        8,
        24,
        7,
        15,
        31,
        57,
        56,
        11,
        12,
        58,
        23,
        9,
        25,
        16,
        17,
        20,
        42,
        40
    ],
    "lkh_length": 5104,
    "lkh_time_s": 0.1329362999967998,
    "lkh_tour": [
        8,
        24,
        7,
        15,
        31,
        57,
        56,
        11,
        12,
        58,
        23,
        9,
        25,
        16,
        17,
        20,
        42,
        40,
        1,
        13,
        44,
        51,
        39,
        21,
        34,
        19,
        53,
        29,
        45,
        38,
        48,
        50,
        37,
        35,
        60,
        2,
        10,
        54,
        27,
        4,
        41,
        28,
        49,
        59,
        6,
        47,
        33,
        52,
        36,
        32,
        43,
        3,
        26,
        30,
        14,
        5,
        18,
        22,
        46,
        55
    ],
    "lkh_gap_pct": 0.0
}