{
    "instance_name": "TSP-truncated_exponential-n40-g1000-3",
    "n_customers": 40,
    "dimension": 2,
    "grid_size": 1000,
    "optimal_cost": 5336,
    "optimal_tour": [
        26,
        11,
        25,
        14,
        17,
        21,
        39,
        15,
        23,
        7,
        5,
        22,
        10,
        16,
        32,
        20,
        34,
        12,
        28,
        27,
        9,
        19,
        35,
        18,
        4,
        3,
        37,
        6,
        31,
        30,
        33,
        36,
        38,
        40,
        2,
        13,
        1,
        8,
        24,
        29
    ],
    "optimal_solver": "lkh",
    "instance_file_path": "C:\\Area-and-Distribution-Free-Estimators-for-TSP\\Generalized_TSP_Analysis\\instances\\TSP-truncated_exponential-n40-g1000-3.json",
    "concorde_length": 5336,
    "concorde_time_s": 2.1991717999917455,
    "concorde_tour": [
        1,
        8,
        24,
        29,
        26,
        11,
        25,
        14,
        17,
        21,
        39,
        15,
        23,
        7,
        5,
        22,
        10,
        16,
        32,
        20,
        34,
        12,
        28,
        27,
        9,
        19,
        35,
        18,
        4,
        3,
        37,
        6,
        31,
        30,
        33,
        36,
        38,
        40,
        2,
        13
    ],
    "lkh_length": 5336,
    "lkh_time_s": 0.10925349999160971,
    "lkh_tour": [
        26,
        11,
        25,
        14,
        17,
        21,
        39,
        15,
        23,
        7,
        5,
        22,
        10,
        16,
        32,
        20,
        34,
        12,
        28,
        27,
        9,
        19,
        35,
        18,
        4,
        3,
        37,
        6,
        31,
        30,
        33,
        36,
        38,
        40,
        2,
        13,
        1,
        8,
        24,
        29
    ],
    "lkh_gap_pct": 0.0
}