{
    "instance_name": "TSP-x_central-n20-g10000-3",
    "n_customers": 20,
    "dimension": 2,
    "grid_size": 10000,
    "optimal_cost": 30141,
    "optimal_tour": [
        7,
        12,
        6,
        9,
        8,
        10,
        13,
        20,
        1,
        16,
        19,
        5,
        15,
        11,
        17,
        4,
        2,
        3,
        14,
        18
    ],
    "optimal_solver": "lkh",
    "instance_file_path": "C:\\Area-and-Distribution-Free-Estimators-for-TSP\\Generalized_TSP_Analysis\\instances\\TSP-x_central-n20-g10000-3.json",
    "concorde_length": 30141,
    "concorde_time_s": 0.9735896000056528,
    "concorde_tour": [
        1,
        16,
        19,
        5,
        15,
        11,
        17,
        4,
        2,
        3,
        14,
        18,
        7,
        12,
        6,
        9,
        8,
        10,
        13,
        20
    ],
    "lkh_length": 30141,
    "lkh_time_s": 0.0960930000001099,
    "lkh_tour": [
        7,
        12,
        6,
        9,
        8,
        10,
        13,
        20,
        1,
        16,
        19,
        5,
        15,
        11,
        17,
        4,
        2,
        3,
        14,
        18
    ],
    "lkh_gap_pct": 0.0
}