{
    "instance_name": "TSP-x_central-n60-g1000-1",
    "n_customers": 60,
    "dimension": 2,
    "grid_size": 1000,
    "optimal_cost": 5527,
    "optimal_tour": [
        44,
        38,
        41,
        26,
        2,
        14,
        43,
        57,
        54,
        6,
        21,
        17,
        25,
        9,
        10,
        7,
        4,
        39,
        52,
        48,
        29,
        3,
        28,
        1,
        13,
        8,
        22,
        46,
        32,
        18,
        5,
        33,
        34,
        53,
        27,
        42,
        19,
        11,
        50,
        45,
        58,
        36,
        35,
        31,
        49,
        12,
        23,
        55,
        37,
        20,
        47,
        40,
        30,
        15,
        56,
        16,
        24,
        59,
        51,
        60
    ],
    "optimal_solver": "lkh",
    "instance_file_path": "C:\\Area-and-Distribution-Free-Estimators-for-TSP\\Generalized_TSP_Analysis\\instances\\TSP-x_central-n60-g1000-1.json",
    "concorde_length": 5527,
    "concorde_time_s": 1.4677068000019062,
    "concorde_tour": [
        1,
        13,
        8,
        22,
        46,
        32,
        18,
        5,
        33,
        34,
        53,
        27,
        42,
        19,
        11,
        50,
        45,
        58,
        36,
        35,
        31,
        49,
        12,
        23,
        55,
        37,
        20,
        47,
        40,
        30,
        15,
        56,
        16,
        24,
        59,
        51,
        60,
        44,
        38,
        41,
        26,
        2,
        14,
        43,
        57,
        54,
        6,
        21,
        17,
        25,
        9,
        10,
        7,
        4,
        39,
        52,
        48,
        29,
        3,
        28
    ],
    "lkh_length": 5527,
    "lkh_time_s": 0.078039500003797,
    "lkh_tour": [
        44,
        38,
        41,
        26,
        2,
        14,
        43,
        57,
        54,
        6,
        21,
        17,
        25,
        9,
        10,
        7,
        4,
        39,
        52,
        48,
        29,
        3,
        28,
        1,
        13,
        8,
        22,
        46,
        32,
        18,
        5,
        33,
        34,
        53,
        27,
        42,
        19,
        11,
        50,
        45,
        58,
        36,
        35,
        31,
        49,
        12,
        23,
        55,
        37,
        20,
        47,
        40,
        30,
        15,
        56,
        16,
        24,
        59,
        51,
        60
    ],
    "lkh_gap_pct": 0.0
}