{
    "instance_name": "TSP-x_central-n80-g10000-1",
    "n_customers": 80,
    "dimension": 2,
    "grid_size": 10000,
    "optimal_cost": 61185,
    "optimal_tour": [
        38,
        45,
        70,
        76,
        41,
        25,
        5,
        51,
        62,
        46,
        19,
        39,
        78,
        79,
        73,
        3,
        11,
        58,
        4,
        66,
        13,
        6,
        7,
        77,
        24,
        60,
        74,
        16,
        72,
        1,
        68,
        57,
        35,
        75,
        21,
        33,
        47,
        55,
        29,
        12,
        53,
        32,
        26,
        15,
        31,
        8,
        34,
        61,
        49,
        54,
        18,
        80,
        22,
        64,
        40,
        2,
        50,
        37,
        56,
        27,
        65,
        43,
        67,
        17,
        63,
        44,
        28,
        71,
        69,
        59,
        20,
        30,
        23,
        52,
        48,
        10,
        42,
        9,
        36,
        14
    ],
    "optimal_solver": "lkh",
    "instance_file_path": "C:\\Area-and-Distribution-Free-Estimators-for-TSP\\Generalized_TSP_Analysis\\instances\\TSP-x_central-n80-g10000-1.json",
    "concorde_length": 61185,
    "concorde_time_s": 2.917248500001733,
    "concorde_tour": [
        1,
        72,
        16,
        74,
        60,
        24,
        77,
        7,
        6,
        13,
        66,
        4,
        58,
        11,
        3,
        73,
        79,
        78,
        39,
        19,
        46,
        62,
        51,
        5,
        25,
        41,
        76,
        70,
        45,
        38,
        14,
        36,
        9,
        42,
        10,
        48,
        52,
        23,
        30,
        20,
        59,
        69,
        71,
        28,
        44,
        63,
        17,
        67,
        43,
        65,
        27,
        56,
        37,
        50,
        2,
        40,
        64,
        22,
        80,
        18,
        54,
        49,
        61,
        34,
        8,
        31,
        15,
        26,
        32,
        53,
        12,
        29,
        55,
        47,
        33,
        21,
        75,
        35,
        57,
        68
    ],
    "lkh_length": 61185,
    "lkh_time_s": 0.26307790000282694,
    "lkh_tour": [
        38,
        45,
        70,
        76,
        41,
        25,
        5,
        51,
        62,
        46,
        19,
        39,
        78,
        79,
        73,
        3,
        11,
        58,
        4,
        66,
        13,
        6,
        7,
        77,
        24,
        60,
        74,
        16,
        72,
        1,
        68,
        57,
        35,
        75,
        21,
        33,
        47,
        55,
        29,
        12,
        53,
        32,
        26,
        15,
        31,
        8,
        34,
        61,
        49,
        54,
        18,
        80,
        22,
        64,
        40,
        2,
        50,
        37,
        56,
        27,
        65,
        43,
        67,
        17,
        63,
        44,
        28,
        71,
        69,
        59,
        20,
        30,
        23,
        52,
        48,
        10,
        42,
        9,
        36,
        14
    ],
    "lkh_gap_pct": 0.0
}